time_key,full_timestamp,hour,day,week,month,year,weekday_or_weekend
2025090108,2025-09-01 08:47:51,8,1,35,9,2025,Weekday
2025090109,2025-09-01 09:28:14,9,1,35,9,2025,Weekday
2025090110,2025-09-01 10:18:03,10,1,35,9,2025,Weekday
2025090111,2025-09-01 11:51:33,11,1,35,9,2025,Weekday
2025090117,2025-09-01 17:41:05,17,1,35,9,2025,Weekday
2025090120,2025-09-01 20:29:51,20,1,35,9,2025,Weekday
2025090123,2025-09-01 23:34:38,23,1,35,9,2025,Weekday
2025090200,2025-09-02 00:06:52,0,2,35,9,2025,Weekday
2025090203,2025-09-02 03:19:02,3,2,35,9,2025,Weekday
2025090205,2025-09-02 05:07:06,5,2,35,9,2025,Weekday
2025090209,2025-09-02 09:06:47,9,2,35,9,2025,Weekday
2025090211,2025-09-02 11:00:45,11,2,35,9,2025,Weekday
2025090212,2025-09-02 12:45:04,12,2,35,9,2025,Weekday
2025090213,2025-09-02 13:54:43,13,2,35,9,2025,Weekday
2025090214,2025-09-02 14:43:32,14,2,35,9,2025,Weekday
2025090215,2025-09-02 15:10:01,15,2,35,9,2025,Weekday
2025090217,2025-09-02 17:33:34,17,2,35,9,2025,Weekday
2025090218,2025-09-02 18:36:46,18,2,35,9,2025,Weekday
2025090219,2025-09-02 19:21:37,19,2,35,9,2025,Weekday
2025090220,2025-09-02 20:52:34,20,2,35,9,2025,Weekday
2025090221,2025-09-02 21:22:14,21,2,35,9,2025,Weekday
2025090302,2025-09-03 02:07:24,2,3,35,9,2025,Weekday
2025090304,2025-09-03 04:55:16,4,3,35,9,2025,Weekday
2025090305,2025-09-03 05:47:15,5,3,35,9,2025,Weekday
2025090306,2025-09-03 06:13:16,6,3,35,9,2025,Weekday
2025090307,2025-09-03 07:26:40,7,3,35,9,2025,Weekday
2025090308,2025-09-03 08:35:32,8,3,35,9,2025,Weekday
2025090311,2025-09-03 11:55:57,11,3,35,9,2025,Weekday
2025090312,2025-09-03 12:32:46,12,3,35,9,2025,Weekday
2025090314,2025-09-03 14:12:26,14,3,35,9,2025,Weekday
2025090315,2025-09-03 15:30:22,15,3,35,9,2025,Weekday
2025090319,2025-09-03 19:39:53,19,3,35,9,2025,Weekday
2025090320,2025-09-03 20:28:07,20,3,35,9,2025,Weekday
2025090321,2025-09-03 21:15:54,21,3,35,9,2025,Weekday
2025090322,2025-09-03 22:38:37,22,3,35,9,2025,Weekday
2025090403,2025-09-04 03:20:46,3,4,35,9,2025,Weekday
2025090405,2025-09-04 05:53:32,5,4,35,9,2025,Weekday
2025090406,2025-09-04 06:54:50,6,4,35,9,2025,Weekday
2025090407,2025-09-04 07:50:26,7,4,35,9,2025,Weekday
2025090408,2025-09-04 08:34:53,8,4,35,9,2025,Weekday
2025090410,2025-09-04 10:52:04,10,4,35,9,2025,Weekday
2025090414,2025-09-04 14:28:01,14,4,35,9,2025,Weekday
2025090418,2025-09-04 18:56:06,18,4,35,9,2025,Weekday
2025090419,2025-09-04 19:01:06,19,4,35,9,2025,Weekday
2025090421,2025-09-04 21:48:17,21,4,35,9,2025,Weekday
2025090501,2025-09-05 01:54:32,1,5,35,9,2025,Weekday
2025090502,2025-09-05 02:08:45,2,5,35,9,2025,Weekday
2025090503,2025-09-05 03:29:44,3,5,35,9,2025,Weekday
2025090505,2025-09-05 05:35:49,5,5,35,9,2025,Weekday
2025090508,2025-09-05 08:06:12,8,5,35,9,2025,Weekday
2025090509,2025-09-05 09:43:38,9,5,35,9,2025,Weekday
2025090511,2025-09-05 11:31:30,11,5,35,9,2025,Weekday
2025090513,2025-09-05 13:43:33,13,5,35,9,2025,Weekday
2025090515,2025-09-05 15:01:57,15,5,35,9,2025,Weekday
2025090516,2025-09-05 16:41:59,16,5,35,9,2025,Weekday
2025090519,2025-09-05 19:56:10,19,5,35,9,2025,Weekday
2025090520,2025-09-05 20:01:10,20,5,35,9,2025,Weekday
2025090521,2025-09-05 21:52:37,21,5,35,9,2025,Weekday
2025090523,2025-09-05 23:14:13,23,5,35,9,2025,Weekday
2025090600,2025-09-06 00:04:43,0,6,35,9,2025,Weekend
2025090603,2025-09-06 03:47:26,3,6,35,9,2025,Weekend
2025090605,2025-09-06 05:49:32,5,6,35,9,2025,Weekend
2025090606,2025-09-06 06:57:08,6,6,35,9,2025,Weekend
2025090607,2025-09-06 07:01:08,7,6,35,9,2025,Weekend
2025090609,2025-09-06 09:35:43,9,6,35,9,2025,Weekend
2025090611,2025-09-06 11:53:14,11,6,35,9,2025,Weekend
2025090612,2025-09-06 12:01:14,12,6,35,9,2025,Weekend
2025090614,2025-09-06 14:51:58,14,6,35,9,2025,Weekend
2025090616,2025-09-06 16:04:39,16,6,35,9,2025,Weekend
2025090617,2025-09-06 17:41:22,17,6,35,9,2025,Weekend
2025090618,2025-09-06 18:20:35,18,6,35,9,2025,Weekend
2025090619,2025-09-06 19:51:29,19,6,35,9,2025,Weekend
2025090621,2025-09-06 21:25:57,21,6,35,9,2025,Weekend
2025090623,2025-09-06 23:40:36,23,6,35,9,2025,Weekend
2025090702,2025-09-07 02:04:28,2,7,36,9,2025,Weekend
2025090703,2025-09-07 03:11:57,3,7,36,9,2025,Weekend
2025090705,2025-09-07 05:17:50,5,7,36,9,2025,Weekend
2025090707,2025-09-07 07:54:00,7,7,36,9,2025,Weekend
2025090714,2025-09-07 14:31:06,14,7,36,9,2025,Weekend
2025090715,2025-09-07 15:17:15,15,7,36,9,2025,Weekend
2025090716,2025-09-07 16:09:16,16,7,36,9,2025,Weekend
2025090717,2025-09-07 17:01:46,17,7,36,9,2025,Weekend
2025090721,2025-09-07 21:22:52,21,7,36,9,2025,Weekend
2025090723,2025-09-07 23:53:34,23,7,36,9,2025,Weekend
2025090805,2025-09-08 05:13:00,5,8,36,9,2025,Weekday
2025090806,2025-09-08 06:34:39,6,8,36,9,2025,Weekday
2025090807,2025-09-08 07:49:32,7,8,36,9,2025,Weekday
2025090808,2025-09-08 08:26:34,8,8,36,9,2025,Weekday
2025090810,2025-09-08 10:02:09,10,8,36,9,2025,Weekday
2025090812,2025-09-08 12:12:31,12,8,36,9,2025,Weekday
2025090815,2025-09-08 15:11:39,15,8,36,9,2025,Weekday
2025090816,2025-09-08 16:27:08,16,8,36,9,2025,Weekday
2025090817,2025-09-08 17:09:06,17,8,36,9,2025,Weekday
2025090819,2025-09-08 19:58:34,19,8,36,9,2025,Weekday
2025090822,2025-09-08 22:06:28,22,8,36,9,2025,Weekday
2025090901,2025-09-09 01:40:01,1,9,36,9,2025,Weekday
2025090902,2025-09-09 02:54:37,2,9,36,9,2025,Weekday
2025090906,2025-09-09 06:01:41,6,9,36,9,2025,Weekday
2025090908,2025-09-09 08:53:05,8,9,36,9,2025,Weekday
2025090910,2025-09-09 10:04:16,10,9,36,9,2025,Weekday
2025090912,2025-09-09 12:40:08,12,9,36,9,2025,Weekday
2025090914,2025-09-09 14:07:31,14,9,36,9,2025,Weekday
2025090917,2025-09-09 17:37:19,17,9,36,9,2025,Weekday
2025090918,2025-09-09 18:13:49,18,9,36,9,2025,Weekday
2025090919,2025-09-09 19:00:47,19,9,36,9,2025,Weekday
2025090922,2025-09-09 22:13:45,22,9,36,9,2025,Weekday
2025091006,2025-09-10 06:10:36,6,10,36,9,2025,Weekday
2025091009,2025-09-10 09:55:36,9,10,36,9,2025,Weekday
2025091012,2025-09-10 12:50:16,12,10,36,9,2025,Weekday
2025091013,2025-09-10 13:05:15,13,10,36,9,2025,Weekday
2025091015,2025-09-10 15:42:15,15,10,36,9,2025,Weekday
2025091018,2025-09-10 18:13:42,18,10,36,9,2025,Weekday
2025091020,2025-09-10 20:25:27,20,10,36,9,2025,Weekday
2025091022,2025-09-10 22:12:47,22,10,36,9,2025,Weekday
2025091023,2025-09-10 23:25:33,23,10,36,9,2025,Weekday
2025091100,2025-09-11 00:00:32,0,11,36,9,2025,Weekday
2025091101,2025-09-11 01:37:42,1,11,36,9,2025,Weekday
2025091102,2025-09-11 02:51:00,2,11,36,9,2025,Weekday
2025091106,2025-09-11 06:54:25,6,11,36,9,2025,Weekday
2025091108,2025-09-11 08:51:30,8,11,36,9,2025,Weekday
2025091111,2025-09-11 11:33:42,11,11,36,9,2025,Weekday
2025091113,2025-09-11 13:34:16,13,11,36,9,2025,Weekday
2025091115,2025-09-11 15:11:08,15,11,36,9,2025,Weekday
2025091117,2025-09-11 17:16:34,17,11,36,9,2025,Weekday
2025091118,2025-09-11 18:35:46,18,11,36,9,2025,Weekday
2025091120,2025-09-11 20:46:57,20,11,36,9,2025,Weekday
2025091122,2025-09-11 22:52:30,22,11,36,9,2025,Weekday
2025091200,2025-09-12 00:17:27,0,12,36,9,2025,Weekday
2025091201,2025-09-12 01:58:29,1,12,36,9,2025,Weekday
2025091207,2025-09-12 07:18:14,7,12,36,9,2025,Weekday
2025091208,2025-09-12 08:31:13,8,12,36,9,2025,Weekday
2025091214,2025-09-12 14:04:05,14,12,36,9,2025,Weekday
2025091215,2025-09-12 15:01:52,15,12,36,9,2025,Weekday
2025091217,2025-09-12 17:11:59,17,12,36,9,2025,Weekday
2025091218,2025-09-12 18:03:20,18,12,36,9,2025,Weekday
2025091219,2025-09-12 19:28:29,19,12,36,9,2025,Weekday
2025091220,2025-09-12 20:51:25,20,12,36,9,2025,Weekday
2025091222,2025-09-12 22:22:10,22,12,36,9,2025,Weekday
2025091300,2025-09-13 00:54:06,0,13,36,9,2025,Weekend
2025091301,2025-09-13 01:34:24,1,13,36,9,2025,Weekend
2025091302,2025-09-13 02:43:55,2,13,36,9,2025,Weekend
2025091303,2025-09-13 03:38:26,3,13,36,9,2025,Weekend
2025091308,2025-09-13 08:28:14,8,13,36,9,2025,Weekend
2025091309,2025-09-13 09:05:48,9,13,36,9,2025,Weekend
2025091310,2025-09-13 10:48:24,10,13,36,9,2025,Weekend
2025091311,2025-09-13 11:39:20,11,13,36,9,2025,Weekend
2025091312,2025-09-13 12:10:16,12,13,36,9,2025,Weekend
2025091314,2025-09-13 14:49:46,14,13,36,9,2025,Weekend
2025091323,2025-09-13 23:07:08,23,13,36,9,2025,Weekend
2025091400,2025-09-14 00:45:19,0,14,37,9,2025,Weekend
2025091403,2025-09-14 03:39:09,3,14,37,9,2025,Weekend
2025091405,2025-09-14 05:52:57,5,14,37,9,2025,Weekend
2025091406,2025-09-14 06:05:45,6,14,37,9,2025,Weekend
2025091408,2025-09-14 08:12:34,8,14,37,9,2025,Weekend
2025091415,2025-09-14 15:54:53,15,14,37,9,2025,Weekend
2025091417,2025-09-14 17:55:19,17,14,37,9,2025,Weekend
2025091419,2025-09-14 19:19:32,19,14,37,9,2025,Weekend
2025091421,2025-09-14 21:53:27,21,14,37,9,2025,Weekend
2025091422,2025-09-14 22:42:21,22,14,37,9,2025,Weekend
2025091423,2025-09-14 23:22:09,23,14,37,9,2025,Weekend
2025091500,2025-09-15 00:15:18,0,15,37,9,2025,Weekday
2025091501,2025-09-15 01:37:54,1,15,37,9,2025,Weekday
2025091504,2025-09-15 04:09:11,4,15,37,9,2025,Weekday
2025091507,2025-09-15 07:34:31,7,15,37,9,2025,Weekday
2025091508,2025-09-15 08:28:46,8,15,37,9,2025,Weekday
2025091511,2025-09-15 11:28:04,11,15,37,9,2025,Weekday
2025091513,2025-09-15 13:35:00,13,15,37,9,2025,Weekday
2025091518,2025-09-15 18:44:44,18,15,37,9,2025,Weekday
2025091519,2025-09-15 19:52:20,19,15,37,9,2025,Weekday
2025091601,2025-09-16 01:14:30,1,16,37,9,2025,Weekday
2025091602,2025-09-16 02:20:38,2,16,37,9,2025,Weekday
2025091612,2025-09-16 12:17:38,12,16,37,9,2025,Weekday
2025091613,2025-09-16 13:15:31,13,16,37,9,2025,Weekday
2025091614,2025-09-16 14:13:00,14,16,37,9,2025,Weekday
2025091615,2025-09-16 15:11:02,15,16,37,9,2025,Weekday
2025091618,2025-09-16 18:20:09,18,16,37,9,2025,Weekday
2025091619,2025-09-16 19:23:17,19,16,37,9,2025,Weekday
2025091621,2025-09-16 21:17:38,21,16,37,9,2025,Weekday
2025091622,2025-09-16 22:02:59,22,16,37,9,2025,Weekday
2025091623,2025-09-16 23:58:22,23,16,37,9,2025,Weekday
2025091700,2025-09-17 00:03:22,0,17,37,9,2025,Weekday
2025091702,2025-09-17 02:03:57,2,17,37,9,2025,Weekday
2025091703,2025-09-17 03:16:43,3,17,37,9,2025,Weekday
2025091704,2025-09-17 04:58:35,4,17,37,9,2025,Weekday
2025091705,2025-09-17 05:03:35,5,17,37,9,2025,Weekday
2025091707,2025-09-17 07:18:45,7,17,37,9,2025,Weekday
2025091708,2025-09-17 08:56:59,8,17,37,9,2025,Weekday
2025091710,2025-09-17 10:01:28,10,17,37,9,2025,Weekday
2025091711,2025-09-17 11:24:30,11,17,37,9,2025,Weekday
2025091715,2025-09-17 15:04:25,15,17,37,9,2025,Weekday
2025091716,2025-09-17 16:25:39,16,17,37,9,2025,Weekday
2025091720,2025-09-17 20:56:33,20,17,37,9,2025,Weekday
2025091721,2025-09-17 21:29:19,21,17,37,9,2025,Weekday
2025091722,2025-09-17 22:24:30,22,17,37,9,2025,Weekday
2025091800,2025-09-18 00:38:02,0,18,37,9,2025,Weekday
2025091801,2025-09-18 01:51:59,1,18,37,9,2025,Weekday
2025091804,2025-09-18 04:58:18,4,18,37,9,2025,Weekday
2025091805,2025-09-18 05:02:18,5,18,37,9,2025,Weekday
2025091807,2025-09-18 07:48:41,7,18,37,9,2025,Weekday
2025091808,2025-09-18 08:47:01,8,18,37,9,2025,Weekday
2025091810,2025-09-18 10:06:08,10,18,37,9,2025,Weekday
2025091811,2025-09-18 11:50:28,11,18,37,9,2025,Weekday
2025091814,2025-09-18 14:25:53,14,18,37,9,2025,Weekday
2025091816,2025-09-18 16:49:37,16,18,37,9,2025,Weekday
2025091817,2025-09-18 17:25:26,17,18,37,9,2025,Weekday
2025091818,2025-09-18 18:31:54,18,18,37,9,2025,Weekday
2025091820,2025-09-18 20:43:43,20,18,37,9,2025,Weekday
2025091822,2025-09-18 22:34:27,22,18,37,9,2025,Weekday
2025091900,2025-09-19 00:12:42,0,19,37,9,2025,Weekday
2025091903,2025-09-19 03:10:14,3,19,37,9,2025,Weekday
2025091904,2025-09-19 04:26:05,4,19,37,9,2025,Weekday
2025091906,2025-09-19 06:27:20,6,19,37,9,2025,Weekday
2025091908,2025-09-19 08:11:36,8,19,37,9,2025,Weekday
2025091910,2025-09-19 10:28:47,10,19,37,9,2025,Weekday
2025091912,2025-09-19 12:32:16,12,19,37,9,2025,Weekday
2025091913,2025-09-19 13:40:26,13,19,37,9,2025,Weekday
2025091914,2025-09-19 14:50:46,14,19,37,9,2025,Weekday
2025091915,2025-09-19 15:16:36,15,19,37,9,2025,Weekday
2025091916,2025-09-19 16:00:22,16,19,37,9,2025,Weekday
2025091918,2025-09-19 18:27:38,18,19,37,9,2025,Weekday
2025091919,2025-09-19 19:51:17,19,19,37,9,2025,Weekday
2025091921,2025-09-19 21:11:25,21,19,37,9,2025,Weekday
2025091922,2025-09-19 22:19:18,22,19,37,9,2025,Weekday
2025091923,2025-09-19 23:28:14,23,19,37,9,2025,Weekday
2025092003,2025-09-20 03:46:54,3,20,37,9,2025,Weekend
2025092007,2025-09-20 07:53:40,7,20,37,9,2025,Weekend
2025092008,2025-09-20 08:17:34,8,20,37,9,2025,Weekend
2025092009,2025-09-20 09:35:41,9,20,37,9,2025,Weekend
2025092011,2025-09-20 11:07:05,11,20,37,9,2025,Weekend
2025092013,2025-09-20 13:15:15,13,20,37,9,2025,Weekend
2025092014,2025-09-20 14:34:49,14,20,37,9,2025,Weekend
2025092018,2025-09-20 18:29:04,18,20,37,9,2025,Weekend
2025092020,2025-09-20 20:53:15,20,20,37,9,2025,Weekend
2025092021,2025-09-20 21:51:44,21,20,37,9,2025,Weekend
2025092022,2025-09-20 22:39:49,22,20,37,9,2025,Weekend
2025092103,2025-09-21 03:53:48,3,21,38,9,2025,Weekend
2025092104,2025-09-21 04:18:18,4,21,38,9,2025,Weekend
2025092105,2025-09-21 05:10:42,5,21,38,9,2025,Weekend
2025092108,2025-09-21 08:03:21,8,21,38,9,2025,Weekend
2025092110,2025-09-21 10:25:45,10,21,38,9,2025,Weekend
2025092112,2025-09-21 12:52:52,12,21,38,9,2025,Weekend
2025092113,2025-09-21 13:39:17,13,21,38,9,2025,Weekend
2025092114,2025-09-21 14:34:06,14,21,38,9,2025,Weekend
2025092115,2025-09-21 15:37:13,15,21,38,9,2025,Weekend
2025092116,2025-09-21 16:20:26,16,21,38,9,2025,Weekend
2025092118,2025-09-21 18:34:17,18,21,38,9,2025,Weekend
2025092119,2025-09-21 19:06:48,19,21,38,9,2025,Weekend
2025092122,2025-09-21 22:44:39,22,21,38,9,2025,Weekend
2025092203,2025-09-22 03:22:56,3,22,38,9,2025,Weekday
2025092206,2025-09-22 06:14:08,6,22,38,9,2025,Weekday
2025092208,2025-09-22 08:05:35,8,22,38,9,2025,Weekday
2025092209,2025-09-22 09:31:18,9,22,38,9,2025,Weekday
2025092212,2025-09-22 12:58:49,12,22,38,9,2025,Weekday
2025092213,2025-09-22 13:26:22,13,22,38,9,2025,Weekday
2025092214,2025-09-22 14:59:41,14,22,38,9,2025,Weekday
2025092215,2025-09-22 15:04:41,15,22,38,9,2025,Weekday
2025092222,2025-09-22 22:07:18,22,22,38,9,2025,Weekday
2025092223,2025-09-22 23:11:32,23,22,38,9,2025,Weekday
2025092300,2025-09-23 00:48:43,0,23,38,9,2025,Weekday
2025092301,2025-09-23 01:55:51,1,23,38,9,2025,Weekday
2025092302,2025-09-23 02:56:18,2,23,38,9,2025,Weekday
2025092303,2025-09-23 03:53:57,3,23,38,9,2025,Weekday
2025092304,2025-09-23 04:10:37,4,23,38,9,2025,Weekday
2025092305,2025-09-23 05:56:27,5,23,38,9,2025,Weekday
2025092306,2025-09-23 06:50:03,6,23,38,9,2025,Weekday
2025092309,2025-09-23 09:10:41,9,23,38,9,2025,Weekday
2025092313,2025-09-23 13:26:59,13,23,38,9,2025,Weekday
2025092316,2025-09-23 16:51:00,16,23,38,9,2025,Weekday
2025092317,2025-09-23 17:39:50,17,23,38,9,2025,Weekday
2025092320,2025-09-23 20:56:35,20,23,38,9,2025,Weekday
2025092321,2025-09-23 21:19:38,21,23,38,9,2025,Weekday
2025092322,2025-09-23 22:00:58,22,23,38,9,2025,Weekday
2025092400,2025-09-24 00:23:09,0,24,38,9,2025,Weekday
2025092401,2025-09-24 01:47:00,1,24,38,9,2025,Weekday
2025092402,2025-09-24 02:44:12,2,24,38,9,2025,Weekday
2025092403,2025-09-24 03:25:05,3,24,38,9,2025,Weekday
2025092404,2025-09-24 04:43:50,4,24,38,9,2025,Weekday
2025092405,2025-09-24 05:20:22,5,24,38,9,2025,Weekday
2025092409,2025-09-24 09:59:05,9,24,38,9,2025,Weekday
2025092410,2025-09-24 10:32:00,10,24,38,9,2025,Weekday
2025092412,2025-09-24 12:17:26,12,24,38,9,2025,Weekday
2025092413,2025-09-24 13:40:59,13,24,38,9,2025,Weekday
2025092414,2025-09-24 14:25:30,14,24,38,9,2025,Weekday
2025092415,2025-09-24 15:39:58,15,24,38,9,2025,Weekday
2025092416,2025-09-24 16:04:29,16,24,38,9,2025,Weekday
2025092417,2025-09-24 17:19:16,17,24,38,9,2025,Weekday
2025092418,2025-09-24 18:36:03,18,24,38,9,2025,Weekday
2025092422,2025-09-24 22:18:18,22,24,38,9,2025,Weekday
2025092423,2025-09-24 23:49:58,23,24,38,9,2025,Weekday
2025092501,2025-09-25 01:33:57,1,25,38,9,2025,Weekday
2025092504,2025-09-25 04:46:04,4,25,38,9,2025,Weekday
2025092506,2025-09-25 06:21:57,6,25,38,9,2025,Weekday
2025092507,2025-09-25 07:22:21,7,25,38,9,2025,Weekday
2025092508,2025-09-25 08:21:25,8,25,38,9,2025,Weekday
2025092509,2025-09-25 09:28:42,9,25,38,9,2025,Weekday
2025092510,2025-09-25 10:31:08,10,25,38,9,2025,Weekday
2025092511,2025-09-25 11:41:35,11,25,38,9,2025,Weekday
2025092513,2025-09-25 13:59:25,13,25,38,9,2025,Weekday
2025092514,2025-09-25 14:36:56,14,25,38,9,2025,Weekday
2025092516,2025-09-25 16:43:46,16,25,38,9,2025,Weekday
2025092519,2025-09-25 19:29:21,19,25,38,9,2025,Weekday
2025092520,2025-09-25 20:52:15,20,25,38,9,2025,Weekday
2025092522,2025-09-25 22:30:52,22,25,38,9,2025,Weekday
2025092523,2025-09-25 23:51:06,23,25,38,9,2025,Weekday
2025092601,2025-09-26 01:53:57,1,26,38,9,2025,Weekday
2025092602,2025-09-26 02:51:38,2,26,38,9,2025,Weekday
2025092604,2025-09-26 04:38:29,4,26,38,9,2025,Weekday
2025092607,2025-09-26 07:19:10,7,26,38,9,2025,Weekday
2025092608,2025-09-26 08:30:29,8,26,38,9,2025,Weekday
2025092612,2025-09-26 12:21:06,12,26,38,9,2025,Weekday
2025092613,2025-09-26 13:27:27,13,26,38,9,2025,Weekday
2025092614,2025-09-26 14:47:21,14,26,38,9,2025,Weekday
2025092616,2025-09-26 16:57:11,16,26,38,9,2025,Weekday
2025092621,2025-09-26 21:58:49,21,26,38,9,2025,Weekday
2025092622,2025-09-26 22:02:06,22,26,38,9,2025,Weekday
2025092701,2025-09-27 01:15:01,1,27,38,9,2025,Weekend
2025092703,2025-09-27 03:43:10,3,27,38,9,2025,Weekend
2025092706,2025-09-27 06:57:54,6,27,38,9,2025,Weekend
2025092707,2025-09-27 07:48:10,7,27,38,9,2025,Weekend
2025092708,2025-09-27 08:35:48,8,27,38,9,2025,Weekend
2025092710,2025-09-27 10:17:40,10,27,38,9,2025,Weekend
2025092711,2025-09-27 11:33:00,11,27,38,9,2025,Weekend
2025092712,2025-09-27 12:09:49,12,27,38,9,2025,Weekend
2025092714,2025-09-27 14:32:30,14,27,38,9,2025,Weekend
2025092715,2025-09-27 15:06:40,15,27,38,9,2025,Weekend
2025092716,2025-09-27 16:07:08,16,27,38,9,2025,Weekend
2025092717,2025-09-27 17:17:25,17,27,38,9,2025,Weekend
2025092719,2025-09-27 19:12:40,19,27,38,9,2025,Weekend
2025092721,2025-09-27 21:36:02,21,27,38,9,2025,Weekend
2025092723,2025-09-27 23:05:31,23,27,38,9,2025,Weekend
2025092801,2025-09-28 01:03:39,1,28,39,9,2025,Weekend
2025092802,2025-09-28 02:08:15,2,28,39,9,2025,Weekend
2025092805,2025-09-28 05:13:35,5,28,39,9,2025,Weekend
2025092807,2025-09-28 07:43:33,7,28,39,9,2025,Weekend
2025092808,2025-09-28 08:39:20,8,28,39,9,2025,Weekend
2025092811,2025-09-28 11:14:33,11,28,39,9,2025,Weekend
2025092812,2025-09-28 12:50:23,12,28,39,9,2025,Weekend
2025092814,2025-09-28 14:06:32,14,28,39,9,2025,Weekend
2025092816,2025-09-28 16:11:06,16,28,39,9,2025,Weekend
2025092819,2025-09-28 19:11:18,19,28,39,9,2025,Weekend
2025092821,2025-09-28 21:07:33,21,28,39,9,2025,Weekend
2025092822,2025-09-28 22:27:28,22,28,39,9,2025,Weekend
2025092900,2025-09-29 00:29:37,0,29,39,9,2025,Weekday
2025092901,2025-09-29 01:39:53,1,29,39,9,2025,Weekday
2025092904,2025-09-29 04:54:00,4,29,39,9,2025,Weekday
2025092908,2025-09-29 08:09:33,8,29,39,9,2025,Weekday
2025092911,2025-09-29 11:17:27,11,29,39,9,2025,Weekday
2025092912,2025-09-29 12:23:01,12,29,39,9,2025,Weekday
2025092913,2025-09-29 13:05:46,13,29,39,9,2025,Weekday
2025092914,2025-09-29 14:54:53,14,29,39,9,2025,Weekday
2025092918,2025-09-29 18:43:16,18,29,39,9,2025,Weekday
2025092919,2025-09-29 19:02:47,19,29,39,9,2025,Weekday
2025092922,2025-09-29 22:51:44,22,29,39,9,2025,Weekday
2025093002,2025-09-30 02:45:43,2,30,39,9,2025,Weekday
2025093003,2025-09-30 03:20:30,3,30,39,9,2025,Weekday
2025093009,2025-09-30 09:24:43,9,30,39,9,2025,Weekday
2025093012,2025-09-30 12:01:40,12,30,39,9,2025,Weekday
2025093013,2025-09-30 13:51:51,13,30,39,9,2025,Weekday
2025093014,2025-09-30 14:28:40,14,30,39,9,2025,Weekday
2025093015,2025-09-30 15:04:45,15,30,39,9,2025,Weekday
2025093019,2025-09-30 19:48:03,19,30,39,9,2025,Weekday
2025093020,2025-09-30 20:17:01,20,30,39,9,2025,Weekday
2025093022,2025-09-30 22:45:52,22,30,39,9,2025,Weekday
2025093023,2025-09-30 23:11:02,23,30,39,9,2025,Weekday
2025100101,2025-10-01 01:59:59,1,1,39,10,2025,Weekday
2025100102,2025-10-01 02:49:57,2,1,39,10,2025,Weekday
2025100103,2025-10-01 03:27:34,3,1,39,10,2025,Weekday
2025100104,2025-10-01 04:22:40,4,1,39,10,2025,Weekday
2025100108,2025-10-01 08:13:13,8,1,39,10,2025,Weekday
2025100109,2025-10-01 09:21:49,9,1,39,10,2025,Weekday
2025100112,2025-10-01 12:45:28,12,1,39,10,2025,Weekday
2025100113,2025-10-01 13:29:52,13,1,39,10,2025,Weekday
2025100118,2025-10-01 18:56:53,18,1,39,10,2025,Weekday
2025100120,2025-10-01 20:45:02,20,1,39,10,2025,Weekday
2025100122,2025-10-01 22:04:37,22,1,39,10,2025,Weekday
2025100123,2025-10-01 23:04:09,23,1,39,10,2025,Weekday
2025100200,2025-10-02 00:56:23,0,2,39,10,2025,Weekday
2025100201,2025-10-02 01:01:23,1,2,39,10,2025,Weekday
2025100202,2025-10-02 02:00:37,2,2,39,10,2025,Weekday
2025100205,2025-10-02 05:09:10,5,2,39,10,2025,Weekday
2025100207,2025-10-02 07:19:15,7,2,39,10,2025,Weekday
2025100208,2025-10-02 08:21:22,8,2,39,10,2025,Weekday
2025100209,2025-10-02 09:48:28,9,2,39,10,2025,Weekday
2025100211,2025-10-02 11:15:54,11,2,39,10,2025,Weekday
2025100213,2025-10-02 13:36:37,13,2,39,10,2025,Weekday
2025100214,2025-10-02 14:28:44,14,2,39,10,2025,Weekday
2025100216,2025-10-02 16:46:32,16,2,39,10,2025,Weekday
2025100217,2025-10-02 17:13:02,17,2,39,10,2025,Weekday
2025100218,2025-10-02 18:44:35,18,2,39,10,2025,Weekday
2025100219,2025-10-02 19:42:05,19,2,39,10,2025,Weekday
2025100221,2025-10-02 21:03:32,21,2,39,10,2025,Weekday
2025100222,2025-10-02 22:44:09,22,2,39,10,2025,Weekday
2025100301,2025-10-03 01:10:09,1,3,39,10,2025,Weekday
2025100303,2025-10-03 03:14:51,3,3,39,10,2025,Weekday
2025100305,2025-10-03 05:21:39,5,3,39,10,2025,Weekday
2025100309,2025-10-03 09:24:15,9,3,39,10,2025,Weekday
2025100310,2025-10-03 10:46:23,10,3,39,10,2025,Weekday
2025100313,2025-10-03 13:04:25,13,3,39,10,2025,Weekday
2025100314,2025-10-03 14:28:24,14,3,39,10,2025,Weekday
2025100317,2025-10-03 17:18:28,17,3,39,10,2025,Weekday
2025100320,2025-10-03 20:39:09,20,3,39,10,2025,Weekday
2025100323,2025-10-03 23:44:59,23,3,39,10,2025,Weekday
2025100403,2025-10-04 03:56:08,3,4,39,10,2025,Weekend
2025100404,2025-10-04 04:06:08,4,4,39,10,2025,Weekend
2025100405,2025-10-04 05:35:59,5,4,39,10,2025,Weekend
2025100407,2025-10-04 07:18:32,7,4,39,10,2025,Weekend
2025100409,2025-10-04 09:46:34,9,4,39,10,2025,Weekend
2025100413,2025-10-04 13:16:25,13,4,39,10,2025,Weekend
2025100414,2025-10-04 14:55:12,14,4,39,10,2025,Weekend
2025100415,2025-10-04 15:53:30,15,4,39,10,2025,Weekend
2025100416,2025-10-04 16:07:33,16,4,39,10,2025,Weekend
2025100417,2025-10-04 17:50:58,17,4,39,10,2025,Weekend
2025100418,2025-10-04 18:18:17,18,4,39,10,2025,Weekend
2025100419,2025-10-04 19:49:16,19,4,39,10,2025,Weekend
2025100421,2025-10-04 21:25:02,21,4,39,10,2025,Weekend
2025100422,2025-10-04 22:14:56,22,4,39,10,2025,Weekend
2025100423,2025-10-04 23:02:42,23,4,39,10,2025,Weekend
2025100500,2025-10-05 00:51:43,0,5,40,10,2025,Weekend
2025100501,2025-10-05 01:27:01,1,5,40,10,2025,Weekend
2025100502,2025-10-05 02:27:57,2,5,40,10,2025,Weekend
2025100503,2025-10-05 03:30:51,3,5,40,10,2025,Weekend
2025100504,2025-10-05 04:27:42,4,5,40,10,2025,Weekend
2025100505,2025-10-05 05:27:00,5,5,40,10,2025,Weekend
2025100506,2025-10-05 06:05:42,6,5,40,10,2025,Weekend
2025100508,2025-10-05 08:51:37,8,5,40,10,2025,Weekend
2025100513,2025-10-05 13:03:55,13,5,40,10,2025,Weekend
2025100514,2025-10-05 14:31:46,14,5,40,10,2025,Weekend
2025100515,2025-10-05 15:02:22,15,5,40,10,2025,Weekend
2025100516,2025-10-05 16:57:32,16,5,40,10,2025,Weekend
2025100517,2025-10-05 17:02:32,17,5,40,10,2025,Weekend
2025100518,2025-10-05 18:55:38,18,5,40,10,2025,Weekend
2025100520,2025-10-05 20:23:42,20,5,40,10,2025,Weekend
2025100522,2025-10-05 22:42:35,22,5,40,10,2025,Weekend
2025100601,2025-10-06 01:57:19,1,6,40,10,2025,Weekday
2025100606,2025-10-06 06:49:41,6,6,40,10,2025,Weekday
2025100607,2025-10-06 07:07:00,7,6,40,10,2025,Weekday
2025100609,2025-10-06 09:33:05,9,6,40,10,2025,Weekday
2025100613,2025-10-06 13:31:37,13,6,40,10,2025,Weekday
2025100614,2025-10-06 14:13:59,14,6,40,10,2025,Weekday
2025100615,2025-10-06 15:12:28,15,6,40,10,2025,Weekday
2025100618,2025-10-06 18:18:48,18,6,40,10,2025,Weekday
2025100619,2025-10-06 19:17:05,19,6,40,10,2025,Weekday
2025100620,2025-10-06 20:02:29,20,6,40,10,2025,Weekday
2025100700,2025-10-07 00:18:22,0,7,40,10,2025,Weekday
2025100702,2025-10-07 02:25:51,2,7,40,10,2025,Weekday
2025100704,2025-10-07 04:27:20,4,7,40,10,2025,Weekday
2025100705,2025-10-07 05:31:50,5,7,40,10,2025,Weekday
2025100706,2025-10-07 06:27:17,6,7,40,10,2025,Weekday
2025100707,2025-10-07 07:36:05,7,7,40,10,2025,Weekday
2025100712,2025-10-07 12:15:16,12,7,40,10,2025,Weekday
2025100713,2025-10-07 13:47:39,13,7,40,10,2025,Weekday
2025100714,2025-10-07 14:50:22,14,7,40,10,2025,Weekday
2025100717,2025-10-07 17:06:23,17,7,40,10,2025,Weekday
2025100719,2025-10-07 19:49:50,19,7,40,10,2025,Weekday
2025100720,2025-10-07 20:11:45,20,7,40,10,2025,Weekday
2025100722,2025-10-07 22:52:55,22,7,40,10,2025,Weekday
2025100723,2025-10-07 23:51:58,23,7,40,10,2025,Weekday
2025100800,2025-10-08 00:48:38,0,8,40,10,2025,Weekday
2025100802,2025-10-08 02:17:14,2,8,40,10,2025,Weekday
2025100803,2025-10-08 03:10:35,3,8,40,10,2025,Weekday
2025100805,2025-10-08 05:42:23,5,8,40,10,2025,Weekday
2025100806,2025-10-08 06:15:25,6,8,40,10,2025,Weekday
2025100807,2025-10-08 07:47:03,7,8,40,10,2025,Weekday
2025100811,2025-10-08 11:38:57,11,8,40,10,2025,Weekday
2025100813,2025-10-08 13:39:16,13,8,40,10,2025,Weekday
2025100814,2025-10-08 14:30:16,14,8,40,10,2025,Weekday
2025100815,2025-10-08 15:15:46,15,8,40,10,2025,Weekday
2025100817,2025-10-08 17:43:07,17,8,40,10,2025,Weekday
2025100820,2025-10-08 20:06:25,20,8,40,10,2025,Weekday
2025100900,2025-10-09 00:47:36,0,9,40,10,2025,Weekday
2025100901,2025-10-09 01:16:37,1,9,40,10,2025,Weekday
2025100902,2025-10-09 02:40:19,2,9,40,10,2025,Weekday
2025100905,2025-10-09 05:37:53,5,9,40,10,2025,Weekday
2025100911,2025-10-09 11:26:59,11,9,40,10,2025,Weekday
2025100912,2025-10-09 12:27:39,12,9,40,10,2025,Weekday
2025100913,2025-10-09 13:30:25,13,9,40,10,2025,Weekday
2025100919,2025-10-09 19:21:48,19,9,40,10,2025,Weekday
2025100921,2025-10-09 21:51:23,21,9,40,10,2025,Weekday
2025100922,2025-10-09 22:55:41,22,9,40,10,2025,Weekday
2025100923,2025-10-09 23:00:41,23,9,40,10,2025,Weekday
2025101001,2025-10-10 01:10:57,1,10,40,10,2025,Weekday
2025101002,2025-10-10 02:33:16,2,10,40,10,2025,Weekday
2025101003,2025-10-10 03:06:18,3,10,40,10,2025,Weekday
2025101004,2025-10-10 04:34:45,4,10,40,10,2025,Weekday
2025101007,2025-10-10 07:10:08,7,10,40,10,2025,Weekday
2025101008,2025-10-10 08:41:32,8,10,40,10,2025,Weekday
2025101010,2025-10-10 10:15:20,10,10,40,10,2025,Weekday
2025101011,2025-10-10 11:10:01,11,10,40,10,2025,Weekday
2025101013,2025-10-10 13:25:20,13,10,40,10,2025,Weekday
2025101014,2025-10-10 14:36:32,14,10,40,10,2025,Weekday
2025101019,2025-10-10 19:12:23,19,10,40,10,2025,Weekday
2025101021,2025-10-10 21:46:46,21,10,40,10,2025,Weekday
2025101023,2025-10-10 23:13:31,23,10,40,10,2025,Weekday
2025101100,2025-10-11 00:24:08,0,11,40,10,2025,Weekend
2025101101,2025-10-11 01:37:04,1,11,40,10,2025,Weekend
2025101103,2025-10-11 03:22:10,3,11,40,10,2025,Weekend
2025101104,2025-10-11 04:14:15,4,11,40,10,2025,Weekend
2025101105,2025-10-11 05:38:23,5,11,40,10,2025,Weekend
2025101108,2025-10-11 08:55:54,8,11,40,10,2025,Weekend
2025101111,2025-10-11 11:06:19,11,11,40,10,2025,Weekend
2025101112,2025-10-11 12:27:32,12,11,40,10,2025,Weekend
2025101114,2025-10-11 14:02:15,14,11,40,10,2025,Weekend
2025101116,2025-10-11 16:37:42,16,11,40,10,2025,Weekend
2025101119,2025-10-11 19:27:16,19,11,40,10,2025,Weekend
2025101201,2025-10-12 01:47:39,1,12,41,10,2025,Weekend
2025101202,2025-10-12 02:38:42,2,12,41,10,2025,Weekend
2025101203,2025-10-12 03:01:40,3,12,41,10,2025,Weekend
2025101205,2025-10-12 05:24:18,5,12,41,10,2025,Weekend
2025101208,2025-10-12 08:50:05,8,12,41,10,2025,Weekend
2025101209,2025-10-12 09:28:11,9,12,41,10,2025,Weekend
2025101210,2025-10-12 10:25:57,10,12,41,10,2025,Weekend
2025101212,2025-10-12 12:58:25,12,12,41,10,2025,Weekend
2025101213,2025-10-12 13:26:15,13,12,41,10,2025,Weekend
2025101216,2025-10-12 16:26:40,16,12,41,10,2025,Weekend
2025101217,2025-10-12 17:40:20,17,12,41,10,2025,Weekend
2025101221,2025-10-12 21:46:28,21,12,41,10,2025,Weekend
2025101222,2025-10-12 22:03:23,22,12,41,10,2025,Weekend
2025101300,2025-10-13 00:50:33,0,13,41,10,2025,Weekday
2025101303,2025-10-13 03:56:33,3,13,41,10,2025,Weekday
2025101304,2025-10-13 04:44:25,4,13,41,10,2025,Weekday
2025101306,2025-10-13 06:53:00,6,13,41,10,2025,Weekday
2025101307,2025-10-13 07:59:46,7,13,41,10,2025,Weekday
2025101308,2025-10-13 08:04:46,8,13,41,10,2025,Weekday
2025101309,2025-10-13 09:56:26,9,13,41,10,2025,Weekday
2025101313,2025-10-13 13:30:52,13,13,41,10,2025,Weekday
2025101317,2025-10-13 17:54:09,17,13,41,10,2025,Weekday
2025101318,2025-10-13 18:29:08,18,13,41,10,2025,Weekday
2025101319,2025-10-13 19:22:53,19,13,41,10,2025,Weekday
2025101320,2025-10-13 20:08:55,20,13,41,10,2025,Weekday
2025101321,2025-10-13 21:57:37,21,13,41,10,2025,Weekday
2025101322,2025-10-13 22:48:59,22,13,41,10,2025,Weekday
2025101402,2025-10-14 02:25:21,2,14,41,10,2025,Weekday
2025101403,2025-10-14 03:09:41,3,14,41,10,2025,Weekday
2025101404,2025-10-14 04:15:02,4,14,41,10,2025,Weekday
2025101408,2025-10-14 08:29:29,8,14,41,10,2025,Weekday
2025101410,2025-10-14 10:26:15,10,14,41,10,2025,Weekday
2025101411,2025-10-14 11:23:45,11,14,41,10,2025,Weekday
2025101414,2025-10-14 14:45:01,14,14,41,10,2025,Weekday
2025101415,2025-10-14 15:24:08,15,14,41,10,2025,Weekday
2025101416,2025-10-14 16:39:56,16,14,41,10,2025,Weekday
2025101419,2025-10-14 19:00:54,19,14,41,10,2025,Weekday
2025101420,2025-10-14 20:31:02,20,14,41,10,2025,Weekday
2025101421,2025-10-14 21:31:18,21,14,41,10,2025,Weekday
2025101422,2025-10-14 22:38:47,22,14,41,10,2025,Weekday
2025101501,2025-10-15 01:59:58,1,15,41,10,2025,Weekday
2025101502,2025-10-15 02:01:21,2,15,41,10,2025,Weekday
2025101504,2025-10-15 04:14:58,4,15,41,10,2025,Weekday
2025101506,2025-10-15 06:22:42,6,15,41,10,2025,Weekday
2025101507,2025-10-15 07:19:24,7,15,41,10,2025,Weekday
2025101510,2025-10-15 10:20:48,10,15,41,10,2025,Weekday
2025101511,2025-10-15 11:13:04,11,15,41,10,2025,Weekday
2025101512,2025-10-15 12:39:33,12,15,41,10,2025,Weekday
2025101513,2025-10-15 13:27:14,13,15,41,10,2025,Weekday
2025101514,2025-10-15 14:35:00,14,15,41,10,2025,Weekday
2025101515,2025-10-15 15:57:38,15,15,41,10,2025,Weekday
2025101518,2025-10-15 18:06:23,18,15,41,10,2025,Weekday
2025101521,2025-10-15 21:01:21,21,15,41,10,2025,Weekday
2025101600,2025-10-16 00:12:18,0,16,41,10,2025,Weekday
2025101601,2025-10-16 01:15:42,1,16,41,10,2025,Weekday
2025101602,2025-10-16 02:31:44,2,16,41,10,2025,Weekday
2025101603,2025-10-16 03:47:13,3,16,41,10,2025,Weekday
2025101604,2025-10-16 04:17:00,4,16,41,10,2025,Weekday
2025101605,2025-10-16 05:58:37,5,16,41,10,2025,Weekday
2025101606,2025-10-16 06:47:49,6,16,41,10,2025,Weekday
2025101607,2025-10-16 07:21:24,7,16,41,10,2025,Weekday
2025101611,2025-10-16 11:41:29,11,16,41,10,2025,Weekday
2025101612,2025-10-16 12:11:57,12,16,41,10,2025,Weekday
2025101614,2025-10-16 14:35:58,14,16,41,10,2025,Weekday
2025101615,2025-10-16 15:58:53,15,16,41,10,2025,Weekday
2025101616,2025-10-16 16:55:08,16,16,41,10,2025,Weekday
2025101618,2025-10-16 18:16:07,18,16,41,10,2025,Weekday
2025101619,2025-10-16 19:01:12,19,16,41,10,2025,Weekday
2025101620,2025-10-16 20:19:15,20,16,41,10,2025,Weekday
2025101621,2025-10-16 21:33:29,21,16,41,10,2025,Weekday
2025101622,2025-10-16 22:31:01,22,16,41,10,2025,Weekday
2025101623,2025-10-16 23:42:38,23,16,41,10,2025,Weekday
2025101700,2025-10-17 00:45:19,0,17,41,10,2025,Weekday
2025101701,2025-10-17 01:10:45,1,17,41,10,2025,Weekday
2025101703,2025-10-17 03:21:26,3,17,41,10,2025,Weekday
2025101704,2025-10-17 04:23:34,4,17,41,10,2025,Weekday
2025101705,2025-10-17 05:51:27,5,17,41,10,2025,Weekday
2025101706,2025-10-17 06:33:57,6,17,41,10,2025,Weekday
2025101708,2025-10-17 08:39:47,8,17,41,10,2025,Weekday
2025101710,2025-10-17 10:29:10,10,17,41,10,2025,Weekday
2025101711,2025-10-17 11:12:04,11,17,41,10,2025,Weekday
2025101713,2025-10-17 13:45:05,13,17,41,10,2025,Weekday
2025101716,2025-10-17 16:32:49,16,17,41,10,2025,Weekday
2025101721,2025-10-17 21:40:21,21,17,41,10,2025,Weekday
2025101723,2025-10-17 23:28:23,23,17,41,10,2025,Weekday
2025101801,2025-10-18 01:07:10,1,18,41,10,2025,Weekend
2025101802,2025-10-18 02:31:12,2,18,41,10,2025,Weekend
2025101803,2025-10-18 03:09:15,3,18,41,10,2025,Weekend
2025101804,2025-10-18 04:12:24,4,18,41,10,2025,Weekend
2025101805,2025-10-18 05:16:05,5,18,41,10,2025,Weekend
2025101807,2025-10-18 07:46:41,7,18,41,10,2025,Weekend
2025101808,2025-10-18 08:24:38,8,18,41,10,2025,Weekend
2025101810,2025-10-18 10:23:02,10,18,41,10,2025,Weekend
2025101813,2025-10-18 13:54:22,13,18,41,10,2025,Weekend
2025101814,2025-10-18 14:59:32,14,18,41,10,2025,Weekend
2025101815,2025-10-18 15:21:52,15,18,41,10,2025,Weekend
2025101816,2025-10-18 16:57:13,16,18,41,10,2025,Weekend
2025101817,2025-10-18 17:02:16,17,18,41,10,2025,Weekend
2025101818,2025-10-18 18:54:49,18,18,41,10,2025,Weekend
2025101819,2025-10-18 19:22:10,19,18,41,10,2025,Weekend
2025101821,2025-10-18 21:12:34,21,18,41,10,2025,Weekend
2025101822,2025-10-18 22:17:34,22,18,41,10,2025,Weekend
2025101901,2025-10-19 01:05:54,1,19,42,10,2025,Weekend
2025101905,2025-10-19 05:03:47,5,19,42,10,2025,Weekend
2025101906,2025-10-19 06:00:26,6,19,42,10,2025,Weekend
2025101909,2025-10-19 09:28:18,9,19,42,10,2025,Weekend
2025101910,2025-10-19 10:53:33,10,19,42,10,2025,Weekend
2025101912,2025-10-19 12:11:21,12,19,42,10,2025,Weekend
2025101913,2025-10-19 13:47:53,13,19,42,10,2025,Weekend
2025101914,2025-10-19 14:38:58,14,19,42,10,2025,Weekend
2025101918,2025-10-19 18:39:18,18,19,42,10,2025,Weekend
2025101919,2025-10-19 19:08:44,19,19,42,10,2025,Weekend
2025101920,2025-10-19 20:52:34,20,19,42,10,2025,Weekend
2025101921,2025-10-19 21:57:19,21,19,42,10,2025,Weekend
2025102001,2025-10-20 01:32:46,1,20,42,10,2025,Weekday
2025102002,2025-10-20 02:14:55,2,20,42,10,2025,Weekday
2025102003,2025-10-20 03:39:14,3,20,42,10,2025,Weekday
2025102005,2025-10-20 05:54:00,5,20,42,10,2025,Weekday
2025102006,2025-10-20 06:49:23,6,20,42,10,2025,Weekday
2025102007,2025-10-20 07:14:26,7,20,42,10,2025,Weekday
2025102009,2025-10-20 09:29:00,9,20,42,10,2025,Weekday
2025102010,2025-10-20 10:01:52,10,20,42,10,2025,Weekday
2025102012,2025-10-20 12:13:33,12,20,42,10,2025,Weekday
2025102013,2025-10-20 13:15:33,13,20,42,10,2025,Weekday
2025102014,2025-10-20 14:16:25,14,20,42,10,2025,Weekday
2025102016,2025-10-20 16:08:41,16,20,42,10,2025,Weekday
2025102017,2025-10-20 17:21:43,17,20,42,10,2025,Weekday
2025102018,2025-10-20 18:44:29,18,20,42,10,2025,Weekday
2025102019,2025-10-20 19:19:58,19,20,42,10,2025,Weekday
2025102020,2025-10-20 20:04:33,20,20,42,10,2025,Weekday
2025102021,2025-10-20 21:47:16,21,20,42,10,2025,Weekday
2025102022,2025-10-20 22:29:26,22,20,42,10,2025,Weekday
2025102023,2025-10-20 23:06:49,23,20,42,10,2025,Weekday
2025102102,2025-10-21 02:00:24,2,21,42,10,2025,Weekday
2025102103,2025-10-21 03:17:23,3,21,42,10,2025,Weekday
2025102105,2025-10-21 05:30:27,5,21,42,10,2025,Weekday
2025102106,2025-10-21 06:00:54,6,21,42,10,2025,Weekday
2025102110,2025-10-21 10:33:50,10,21,42,10,2025,Weekday
2025102111,2025-10-21 11:19:46,11,21,42,10,2025,Weekday
2025102112,2025-10-21 12:07:09,12,21,42,10,2025,Weekday
2025102113,2025-10-21 13:18:33,13,21,42,10,2025,Weekday
2025102114,2025-10-21 14:27:01,14,21,42,10,2025,Weekday
2025102116,2025-10-21 16:10:21,16,21,42,10,2025,Weekday
2025102117,2025-10-21 17:37:23,17,21,42,10,2025,Weekday
2025102119,2025-10-21 19:34:39,19,21,42,10,2025,Weekday
2025102120,2025-10-21 20:15:35,20,21,42,10,2025,Weekday
2025102121,2025-10-21 21:15:34,21,21,42,10,2025,Weekday
2025102122,2025-10-21 22:45:10,22,21,42,10,2025,Weekday
2025102200,2025-10-22 00:16:15,0,22,42,10,2025,Weekday
2025102201,2025-10-22 01:11:21,1,22,42,10,2025,Weekday
2025102203,2025-10-22 03:15:50,3,22,42,10,2025,Weekday
2025102205,2025-10-22 05:23:00,5,22,42,10,2025,Weekday
2025102206,2025-10-22 06:12:56,6,22,42,10,2025,Weekday
2025102207,2025-10-22 07:23:14,7,22,42,10,2025,Weekday
2025102212,2025-10-22 12:08:09,12,22,42,10,2025,Weekday
2025102213,2025-10-22 13:15:11,13,22,42,10,2025,Weekday
2025102215,2025-10-22 15:39:03,15,22,42,10,2025,Weekday
2025102216,2025-10-22 16:04:15,16,22,42,10,2025,Weekday
2025102217,2025-10-22 17:16:52,17,22,42,10,2025,Weekday
2025102221,2025-10-22 21:39:35,21,22,42,10,2025,Weekday
2025102222,2025-10-22 22:49:47,22,22,42,10,2025,Weekday
2025102300,2025-10-23 00:16:22,0,23,42,10,2025,Weekday
2025102301,2025-10-23 01:26:40,1,23,42,10,2025,Weekday
2025102302,2025-10-23 02:21:37,2,23,42,10,2025,Weekday
2025102303,2025-10-23 03:16:07,3,23,42,10,2025,Weekday
2025102304,2025-10-23 04:30:41,4,23,42,10,2025,Weekday
2025102307,2025-10-23 07:18:15,7,23,42,10,2025,Weekday
2025102311,2025-10-23 11:49:15,11,23,42,10,2025,Weekday
2025102313,2025-10-23 13:33:49,13,23,42,10,2025,Weekday
2025102317,2025-10-23 17:27:08,17,23,42,10,2025,Weekday
2025102319,2025-10-23 19:32:10,19,23,42,10,2025,Weekday
2025102320,2025-10-23 20:40:25,20,23,42,10,2025,Weekday
2025102400,2025-10-24 00:24:56,0,24,42,10,2025,Weekday
2025102401,2025-10-24 01:51:52,1,24,42,10,2025,Weekday
2025102404,2025-10-24 04:26:34,4,24,42,10,2025,Weekday
2025102405,2025-10-24 05:27:13,5,24,42,10,2025,Weekday
2025102406,2025-10-24 06:25:32,6,24,42,10,2025,Weekday
2025102407,2025-10-24 07:10:02,7,24,42,10,2025,Weekday
2025102408,2025-10-24 08:01:57,8,24,42,10,2025,Weekday
2025102410,2025-10-24 10:00:26,10,24,42,10,2025,Weekday
2025102412,2025-10-24 12:14:26,12,24,42,10,2025,Weekday
2025102413,2025-10-24 13:27:08,13,24,42,10,2025,Weekday
2025102416,2025-10-24 16:23:22,16,24,42,10,2025,Weekday
2025102417,2025-10-24 17:37:01,17,24,42,10,2025,Weekday
2025102418,2025-10-24 18:09:39,18,24,42,10,2025,Weekday
2025102419,2025-10-24 19:08:50,19,24,42,10,2025,Weekday
2025102423,2025-10-24 23:33:34,23,24,42,10,2025,Weekday
2025102500,2025-10-25 00:28:23,0,25,42,10,2025,Weekend
2025102505,2025-10-25 05:27:42,5,25,42,10,2025,Weekend
2025102506,2025-10-25 06:08:15,6,25,42,10,2025,Weekend
2025102509,2025-10-25 09:54:07,9,25,42,10,2025,Weekend
2025102510,2025-10-25 10:24:01,10,25,42,10,2025,Weekend
2025102512,2025-10-25 12:19:08,12,25,42,10,2025,Weekend
2025102514,2025-10-25 14:13:39,14,25,42,10,2025,Weekend
2025102515,2025-10-25 15:54:01,15,25,42,10,2025,Weekend
2025102516,2025-10-25 16:29:58,16,25,42,10,2025,Weekend
2025102517,2025-10-25 17:01:10,17,25,42,10,2025,Weekend
2025102518,2025-10-25 18:03:58,18,25,42,10,2025,Weekend
2025102521,2025-10-25 21:31:55,21,25,42,10,2025,Weekend
2025102522,2025-10-25 22:08:49,22,25,42,10,2025,Weekend
2025102523,2025-10-25 23:48:19,23,25,42,10,2025,Weekend
2025102600,2025-10-26 00:36:20,0,26,43,10,2025,Weekend
2025102605,2025-10-26 05:41:41,5,26,43,10,2025,Weekend
2025102606,2025-10-26 06:30:41,6,26,43,10,2025,Weekend
2025102607,2025-10-26 07:10:26,7,26,43,10,2025,Weekend
2025102608,2025-10-26 08:30:27,8,26,43,10,2025,Weekend
2025102609,2025-10-26 09:00:38,9,26,43,10,2025,Weekend
2025102610,2025-10-26 10:29:48,10,26,43,10,2025,Weekend
2025102611,2025-10-26 11:42:31,11,26,43,10,2025,Weekend
2025102613,2025-10-26 13:44:44,13,26,43,10,2025,Weekend
2025102614,2025-10-26 14:27:48,14,26,43,10,2025,Weekend
2025102617,2025-10-26 17:46:39,17,26,43,10,2025,Weekend
2025102618,2025-10-26 18:11:09,18,26,43,10,2025,Weekend
2025102619,2025-10-26 19:26:21,19,26,43,10,2025,Weekend
2025102620,2025-10-26 20:28:57,20,26,43,10,2025,Weekend
2025102621,2025-10-26 21:37:02,21,26,43,10,2025,Weekend
2025102622,2025-10-26 22:00:36,22,26,43,10,2025,Weekend
2025102623,2025-10-26 23:07:49,23,26,43,10,2025,Weekend
2025102700,2025-10-27 00:02:26,0,27,43,10,2025,Weekday
2025102701,2025-10-27 01:16:28,1,27,43,10,2025,Weekday
2025102702,2025-10-27 02:58:30,2,27,43,10,2025,Weekday
2025102704,2025-10-27 04:18:04,4,27,43,10,2025,Weekday
2025102707,2025-10-27 07:14:39,7,27,43,10,2025,Weekday
2025102708,2025-10-27 08:09:54,8,27,43,10,2025,Weekday
2025102709,2025-10-27 09:42:50,9,27,43,10,2025,Weekday
2025102710,2025-10-27 10:48:14,10,27,43,10,2025,Weekday
2025102711,2025-10-27 11:27:55,11,27,43,10,2025,Weekday
2025102713,2025-10-27 13:08:58,13,27,43,10,2025,Weekday
2025102714,2025-10-27 14:08:43,14,27,43,10,2025,Weekday
2025102720,2025-10-27 20:33:15,20,27,43,10,2025,Weekday
2025102721,2025-10-27 21:30:20,21,27,43,10,2025,Weekday
2025102722,2025-10-27 22:31:08,22,27,43,10,2025,Weekday
2025102723,2025-10-27 23:23:30,23,27,43,10,2025,Weekday
2025102800,2025-10-28 00:44:19,0,28,43,10,2025,Weekday
2025102804,2025-10-28 04:42:13,4,28,43,10,2025,Weekday
2025102806,2025-10-28 06:44:28,6,28,43,10,2025,Weekday
2025102808,2025-10-28 08:20:39,8,28,43,10,2025,Weekday
2025102812,2025-10-28 12:57:33,12,28,43,10,2025,Weekday
2025102813,2025-10-28 13:05:28,13,28,43,10,2025,Weekday
2025102814,2025-10-28 14:40:28,14,28,43,10,2025,Weekday
2025102816,2025-10-28 16:34:20,16,28,43,10,2025,Weekday
2025102817,2025-10-28 17:12:53,17,28,43,10,2025,Weekday
2025102819,2025-10-28 19:10:40,19,28,43,10,2025,Weekday
2025102820,2025-10-28 20:45:35,20,28,43,10,2025,Weekday
2025102821,2025-10-28 21:01:15,21,28,43,10,2025,Weekday
2025102823,2025-10-28 23:59:07,23,28,43,10,2025,Weekday
2025102900,2025-10-29 00:01:07,0,29,43,10,2025,Weekday
2025102902,2025-10-29 02:56:17,2,29,43,10,2025,Weekday
2025102903,2025-10-29 03:58:29,3,29,43,10,2025,Weekday
2025102904,2025-10-29 04:00:29,4,29,43,10,2025,Weekday
2025102905,2025-10-29 05:44:45,5,29,43,10,2025,Weekday
2025102906,2025-10-29 06:41:48,6,29,43,10,2025,Weekday
2025102907,2025-10-29 07:07:19,7,29,43,10,2025,Weekday
2025102909,2025-10-29 09:10:59,9,29,43,10,2025,Weekday
2025102912,2025-10-29 12:47:09,12,29,43,10,2025,Weekday
2025102915,2025-10-29 15:23:27,15,29,43,10,2025,Weekday
2025102918,2025-10-29 18:30:39,18,29,43,10,2025,Weekday
2025102919,2025-10-29 19:52:50,19,29,43,10,2025,Weekday
2025102920,2025-10-29 20:33:02,20,29,43,10,2025,Weekday
2025102923,2025-10-29 23:32:25,23,29,43,10,2025,Weekday
2025103000,2025-10-30 00:54:08,0,30,43,10,2025,Weekday
2025103002,2025-10-30 02:39:49,2,30,43,10,2025,Weekday
2025103003,2025-10-30 03:08:42,3,30,43,10,2025,Weekday
2025103006,2025-10-30 06:27:06,6,30,43,10,2025,Weekday
2025103007,2025-10-30 07:02:45,7,30,43,10,2025,Weekday
2025103009,2025-10-30 09:27:55,9,30,43,10,2025,Weekday
2025103010,2025-10-30 10:40:37,10,30,43,10,2025,Weekday
2025103011,2025-10-30 11:14:30,11,30,43,10,2025,Weekday
2025103013,2025-10-30 13:16:50,13,30,43,10,2025,Weekday
2025103014,2025-10-30 14:24:52,14,30,43,10,2025,Weekday
2025103015,2025-10-30 15:03:15,15,30,43,10,2025,Weekday
2025103016,2025-10-30 16:04:36,16,30,43,10,2025,Weekday
2025103017,2025-10-30 17:20:31,17,30,43,10,2025,Weekday
2025103019,2025-10-30 19:51:02,19,30,43,10,2025,Weekday
2025103021,2025-10-30 21:33:47,21,30,43,10,2025,Weekday
2025103022,2025-10-30 22:53:52,22,30,43,10,2025,Weekday
2025103023,2025-10-30 23:57:01,23,30,43,10,2025,Weekday
2025103100,2025-10-31 00:01:01,0,31,43,10,2025,Weekday
2025103101,2025-10-31 01:46:35,1,31,43,10,2025,Weekday
2025103104,2025-10-31 04:53:20,4,31,43,10,2025,Weekday
2025103106,2025-10-31 06:10:22,6,31,43,10,2025,Weekday
2025103107,2025-10-31 07:52:37,7,31,43,10,2025,Weekday
2025103110,2025-10-31 10:53:37,10,31,43,10,2025,Weekday
2025103111,2025-10-31 11:13:49,11,31,43,10,2025,Weekday
2025103113,2025-10-31 13:03:09,13,31,43,10,2025,Weekday
2025103114,2025-10-31 14:44:48,14,31,43,10,2025,Weekday
2025103115,2025-10-31 15:00:01,15,31,43,10,2025,Weekday
2025103116,2025-10-31 16:38:30,16,31,43,10,2025,Weekday
2025103117,2025-10-31 17:41:08,17,31,43,10,2025,Weekday
2025103118,2025-10-31 18:28:53,18,31,43,10,2025,Weekday
2025103119,2025-10-31 19:16:12,19,31,43,10,2025,Weekday
2025103123,2025-10-31 23:32:58,23,31,43,10,2025,Weekday
2025110104,2025-11-01 04:04:37,4,1,43,11,2025,Weekend
2025110106,2025-11-01 06:20:03,6,1,43,11,2025,Weekend
2025110107,2025-11-01 07:02:45,7,1,43,11,2025,Weekend
2025110109,2025-11-01 09:59:40,9,1,43,11,2025,Weekend
2025110110,2025-11-01 10:02:40,10,1,43,11,2025,Weekend
2025110111,2025-11-01 11:01:07,11,1,43,11,2025,Weekend
2025110113,2025-11-01 13:00:43,13,1,43,11,2025,Weekend
2025110115,2025-11-01 15:23:23,15,1,43,11,2025,Weekend
2025110117,2025-11-01 17:06:48,17,1,43,11,2025,Weekend
2025110118,2025-11-01 18:18:41,18,1,43,11,2025,Weekend
2025110120,2025-11-01 20:05:52,20,1,43,11,2025,Weekend
2025110121,2025-11-01 21:53:45,21,1,43,11,2025,Weekend
2025110122,2025-11-01 22:01:45,22,1,43,11,2025,Weekend
2025110123,2025-11-01 23:17:22,23,1,43,11,2025,Weekend
2025110201,2025-11-02 01:19:52,1,2,44,11,2025,Weekend
2025110202,2025-11-02 02:33:59,2,2,44,11,2025,Weekend
2025110204,2025-11-02 04:51:31,4,2,44,11,2025,Weekend
2025110206,2025-11-02 06:29:23,6,2,44,11,2025,Weekend
2025110207,2025-11-02 07:14:15,7,2,44,11,2025,Weekend
2025110210,2025-11-02 10:09:07,10,2,44,11,2025,Weekend
2025110211,2025-11-02 11:55:00,11,2,44,11,2025,Weekend
2025110213,2025-11-02 13:39:56,13,2,44,11,2025,Weekend
2025110215,2025-11-02 15:43:07,15,2,44,11,2025,Weekend
2025110217,2025-11-02 17:48:23,17,2,44,11,2025,Weekend
2025110220,2025-11-02 20:01:35,20,2,44,11,2025,Weekend
2025110223,2025-11-02 23:10:27,23,2,44,11,2025,Weekend
2025110300,2025-11-03 00:05:30,0,3,44,11,2025,Weekday
2025110301,2025-11-03 01:04:24,1,3,44,11,2025,Weekday
2025110302,2025-11-03 02:00:46,2,3,44,11,2025,Weekday
2025110304,2025-11-03 04:57:13,4,3,44,11,2025,Weekday
2025110305,2025-11-03 05:29:36,5,3,44,11,2025,Weekday
2025110306,2025-11-03 06:54:57,6,3,44,11,2025,Weekday
2025110308,2025-11-03 08:38:38,8,3,44,11,2025,Weekday
2025110310,2025-11-03 10:08:02,10,3,44,11,2025,Weekday
2025110312,2025-11-03 12:04:19,12,3,44,11,2025,Weekday
2025110313,2025-11-03 13:02:27,13,3,44,11,2025,Weekday
2025110316,2025-11-03 16:03:30,16,3,44,11,2025,Weekday
2025110317,2025-11-03 17:06:27,17,3,44,11,2025,Weekday
2025110318,2025-11-03 18:50:17,18,3,44,11,2025,Weekday
2025110321,2025-11-03 21:44:06,21,3,44,11,2025,Weekday
2025110322,2025-11-03 22:52:54,22,3,44,11,2025,Weekday
2025110400,2025-11-04 00:56:25,0,4,44,11,2025,Weekday
2025110401,2025-11-04 01:01:25,1,4,44,11,2025,Weekday
2025110402,2025-11-04 02:24:37,2,4,44,11,2025,Weekday
2025110405,2025-11-04 05:26:26,5,4,44,11,2025,Weekday
2025110407,2025-11-04 07:30:54,7,4,44,11,2025,Weekday
2025110408,2025-11-04 08:03:56,8,4,44,11,2025,Weekday
2025110410,2025-11-04 10:43:00,10,4,44,11,2025,Weekday
2025110411,2025-11-04 11:52:53,11,4,44,11,2025,Weekday
2025110414,2025-11-04 14:56:55,14,4,44,11,2025,Weekday
2025110415,2025-11-04 15:38:29,15,4,44,11,2025,Weekday
2025110416,2025-11-04 16:21:14,16,4,44,11,2025,Weekday
2025110420,2025-11-04 20:57:44,20,4,44,11,2025,Weekday
2025110422,2025-11-04 22:33:56,22,4,44,11,2025,Weekday
2025110423,2025-11-04 23:59:51,23,4,44,11,2025,Weekday
2025110500,2025-11-05 00:04:51,0,5,44,11,2025,Weekday
2025110501,2025-11-05 01:25:59,1,5,44,11,2025,Weekday
2025110503,2025-11-05 03:36:56,3,5,44,11,2025,Weekday
2025110505,2025-11-05 05:49:10,5,5,44,11,2025,Weekday
2025110508,2025-11-05 08:03:19,8,5,44,11,2025,Weekday
2025110510,2025-11-05 10:14:04,10,5,44,11,2025,Weekday
2025110511,2025-11-05 11:45:18,11,5,44,11,2025,Weekday
2025110512,2025-11-05 12:46:54,12,5,44,11,2025,Weekday
2025110514,2025-11-05 14:25:03,14,5,44,11,2025,Weekday
2025110516,2025-11-05 16:29:58,16,5,44,11,2025,Weekday
2025110518,2025-11-05 18:48:10,18,5,44,11,2025,Weekday
2025110521,2025-11-05 21:21:49,21,5,44,11,2025,Weekday
2025110522,2025-11-05 22:16:46,22,5,44,11,2025,Weekday
2025110523,2025-11-05 23:50:22,23,5,44,11,2025,Weekday
2025110602,2025-11-06 02:37:53,2,6,44,11,2025,Weekday
2025110606,2025-11-06 06:27:26,6,6,44,11,2025,Weekday
2025110607,2025-11-06 07:54:11,7,6,44,11,2025,Weekday
2025110609,2025-11-06 09:41:24,9,6,44,11,2025,Weekday
2025110610,2025-11-06 10:48:36,10,6,44,11,2025,Weekday
2025110612,2025-11-06 12:56:19,12,6,44,11,2025,Weekday
2025110613,2025-11-06 13:17:22,13,6,44,11,2025,Weekday
2025110614,2025-11-06 14:38:58,14,6,44,11,2025,Weekday
2025110617,2025-11-06 17:06:47,17,6,44,11,2025,Weekday
2025110618,2025-11-06 18:42:06,18,6,44,11,2025,Weekday
2025110619,2025-11-06 19:47:36,19,6,44,11,2025,Weekday
2025110620,2025-11-06 20:46:11,20,6,44,11,2025,Weekday
2025110621,2025-11-06 21:02:33,21,6,44,11,2025,Weekday
2025110622,2025-11-06 22:16:39,22,6,44,11,2025,Weekday
2025110700,2025-11-07 00:08:46,0,7,44,11,2025,Weekday
2025110701,2025-11-07 01:00:25,1,7,44,11,2025,Weekday
2025110703,2025-11-07 03:41:48,3,7,44,11,2025,Weekday
2025110704,2025-11-07 04:24:52,4,7,44,11,2025,Weekday
2025110705,2025-11-07 05:29:10,5,7,44,11,2025,Weekday
2025110706,2025-11-07 06:29:19,6,7,44,11,2025,Weekday
2025110707,2025-11-07 07:47:38,7,7,44,11,2025,Weekday
2025110708,2025-11-07 08:06:19,8,7,44,11,2025,Weekday
2025110709,2025-11-07 09:09:13,9,7,44,11,2025,Weekday
2025110711,2025-11-07 11:28:47,11,7,44,11,2025,Weekday
2025110714,2025-11-07 14:38:07,14,7,44,11,2025,Weekday
2025110715,2025-11-07 15:37:07,15,7,44,11,2025,Weekday
2025110716,2025-11-07 16:22:15,16,7,44,11,2025,Weekday
2025110717,2025-11-07 17:02:28,17,7,44,11,2025,Weekday
2025110722,2025-11-07 22:52:36,22,7,44,11,2025,Weekday
2025110723,2025-11-07 23:28:17,23,7,44,11,2025,Weekday
2025110800,2025-11-08 00:14:36,0,8,44,11,2025,Weekend
2025110801,2025-11-08 01:37:56,1,8,44,11,2025,Weekend
2025110802,2025-11-08 02:37:14,2,8,44,11,2025,Weekend
2025110803,2025-11-08 03:17:23,3,8,44,11,2025,Weekend
2025110806,2025-11-08 06:00:15,6,8,44,11,2025,Weekend
2025110807,2025-11-08 07:55:10,7,8,44,11,2025,Weekend
2025110808,2025-11-08 08:55:37,8,8,44,11,2025,Weekend
2025110809,2025-11-08 09:43:35,9,8,44,11,2025,Weekend
2025110811,2025-11-08 11:26:35,11,8,44,11,2025,Weekend
2025110812,2025-11-08 12:58:54,12,8,44,11,2025,Weekend
2025110813,2025-11-08 13:02:54,13,8,44,11,2025,Weekend
2025110815,2025-11-08 15:53:38,15,8,44,11,2025,Weekend
2025110816,2025-11-08 16:53:17,16,8,44,11,2025,Weekend
2025110817,2025-11-08 17:20:48,17,8,44,11,2025,Weekend
2025110818,2025-11-08 18:11:47,18,8,44,11,2025,Weekend
2025110820,2025-11-08 20:19:11,20,8,44,11,2025,Weekend
2025110823,2025-11-08 23:57:15,23,8,44,11,2025,Weekend
2025110900,2025-11-09 00:56:23,0,9,45,11,2025,Weekend
2025110901,2025-11-09 01:30:10,1,9,45,11,2025,Weekend
2025110903,2025-11-09 03:08:07,3,9,45,11,2025,Weekend
2025110905,2025-11-09 05:40:02,5,9,45,11,2025,Weekend
2025110906,2025-11-09 06:29:42,6,9,45,11,2025,Weekend
2025110907,2025-11-09 07:06:03,7,9,45,11,2025,Weekend
2025110908,2025-11-09 08:47:04,8,9,45,11,2025,Weekend
2025110909,2025-11-09 09:15:35,9,9,45,11,2025,Weekend
2025110912,2025-11-09 12:45:10,12,9,45,11,2025,Weekend
2025110914,2025-11-09 14:50:48,14,9,45,11,2025,Weekend
2025110915,2025-11-09 15:16:16,15,9,45,11,2025,Weekend
2025110917,2025-11-09 17:04:14,17,9,45,11,2025,Weekend
2025110919,2025-11-09 19:20:52,19,9,45,11,2025,Weekend
2025110921,2025-11-09 21:53:35,21,9,45,11,2025,Weekend
2025110923,2025-11-09 23:18:19,23,9,45,11,2025,Weekend
2025111001,2025-11-10 01:10:30,1,10,45,11,2025,Weekday
2025111002,2025-11-10 02:01:14,2,10,45,11,2025,Weekday
2025111004,2025-11-10 04:56:09,4,10,45,11,2025,Weekday
2025111005,2025-11-10 05:06:39,5,10,45,11,2025,Weekday
2025111006,2025-11-10 06:28:03,6,10,45,11,2025,Weekday
2025111007,2025-11-10 07:17:08,7,10,45,11,2025,Weekday
2025111009,2025-11-10 09:13:24,9,10,45,11,2025,Weekday
2025111012,2025-11-10 12:18:40,12,10,45,11,2025,Weekday
2025111013,2025-11-10 13:57:45,13,10,45,11,2025,Weekday
2025111014,2025-11-10 14:01:45,14,10,45,11,2025,Weekday
2025111017,2025-11-10 17:28:15,17,10,45,11,2025,Weekday
2025111018,2025-11-10 18:34:43,18,10,45,11,2025,Weekday
2025111019,2025-11-10 19:50:38,19,10,45,11,2025,Weekday
2025111021,2025-11-10 21:23:40,21,10,45,11,2025,Weekday
2025111022,2025-11-10 22:58:51,22,10,45,11,2025,Weekday
2025111023,2025-11-10 23:43:25,23,10,45,11,2025,Weekday
2025111101,2025-11-11 01:45:07,1,11,45,11,2025,Weekday
2025111102,2025-11-11 02:48:07,2,11,45,11,2025,Weekday
2025111103,2025-11-11 03:10:37,3,11,45,11,2025,Weekday
2025111104,2025-11-11 04:04:20,4,11,45,11,2025,Weekday
2025111106,2025-11-11 06:04:14,6,11,45,11,2025,Weekday
2025111107,2025-11-11 07:11:27,7,11,45,11,2025,Weekday
2025111108,2025-11-11 08:32:04,8,11,45,11,2025,Weekday
2025111109,2025-11-11 09:11:30,9,11,45,11,2025,Weekday
2025111110,2025-11-11 10:02:34,10,11,45,11,2025,Weekday
2025111111,2025-11-11 11:27:36,11,11,45,11,2025,Weekday
2025111112,2025-11-11 12:37:39,12,11,45,11,2025,Weekday
2025111115,2025-11-11 15:18:20,15,11,45,11,2025,Weekday
2025111117,2025-11-11 17:53:23,17,11,45,11,2025,Weekday
2025111118,2025-11-11 18:56:10,18,11,45,11,2025,Weekday
2025111119,2025-11-11 19:34:58,19,11,45,11,2025,Weekday
2025111120,2025-11-11 20:09:21,20,11,45,11,2025,Weekday
2025111121,2025-11-11 21:13:14,21,11,45,11,2025,Weekday
2025111122,2025-11-11 22:21:14,22,11,45,11,2025,Weekday
2025111201,2025-11-12 01:58:39,1,12,45,11,2025,Weekday
2025111202,2025-11-12 02:02:39,2,12,45,11,2025,Weekday
2025111203,2025-11-12 03:45:05,3,12,45,11,2025,Weekday
2025111204,2025-11-12 04:03:03,4,12,45,11,2025,Weekday
2025111205,2025-11-12 05:57:07,5,12,45,11,2025,Weekday
2025111206,2025-11-12 06:02:07,6,12,45,11,2025,Weekday
2025111207,2025-11-12 07:56:12,7,12,45,11,2025,Weekday
2025111208,2025-11-12 08:01:12,8,12,45,11,2025,Weekday
2025111210,2025-11-12 10:40:35,10,12,45,11,2025,Weekday
2025111211,2025-11-12 11:03:35,11,12,45,11,2025,Weekday
2025111213,2025-11-12 13:29:15,13,12,45,11,2025,Weekday
2025111214,2025-11-12 14:03:07,14,12,45,11,2025,Weekday
2025111216,2025-11-12 16:54:03,16,12,45,11,2025,Weekday
2025111220,2025-11-12 20:43:40,20,12,45,11,2025,Weekday
2025111221,2025-11-12 21:16:46,21,12,45,11,2025,Weekday
2025111222,2025-11-12 22:21:07,22,12,45,11,2025,Weekday
2025111301,2025-11-13 01:24:06,1,13,45,11,2025,Weekday
2025111304,2025-11-13 04:31:45,4,13,45,11,2025,Weekday
2025111305,2025-11-13 05:53:56,5,13,45,11,2025,Weekday
2025111306,2025-11-13 06:01:56,6,13,45,11,2025,Weekday
2025111309,2025-11-13 09:37:35,9,13,45,11,2025,Weekday
2025111310,2025-11-13 10:17:16,10,13,45,11,2025,Weekday
2025111311,2025-11-13 11:25:38,11,13,45,11,2025,Weekday
2025111313,2025-11-13 13:26:23,13,13,45,11,2025,Weekday
2025111314,2025-11-13 14:04:16,14,13,45,11,2025,Weekday
2025111316,2025-11-13 16:39:36,16,13,45,11,2025,Weekday
2025111317,2025-11-13 17:19:07,17,13,45,11,2025,Weekday
2025111318,2025-11-13 18:28:58,18,13,45,11,2025,Weekday
2025111320,2025-11-13 20:07:37,20,13,45,11,2025,Weekday
2025111321,2025-11-13 21:53:56,21,13,45,11,2025,Weekday
2025111322,2025-11-13 22:42:48,22,13,45,11,2025,Weekday
2025111323,2025-11-13 23:49:27,23,13,45,11,2025,Weekday
2025111400,2025-11-14 00:14:54,0,14,45,11,2025,Weekday
2025111401,2025-11-14 01:36:06,1,14,45,11,2025,Weekday
2025111403,2025-11-14 03:22:29,3,14,45,11,2025,Weekday
2025111405,2025-11-14 05:13:35,5,14,45,11,2025,Weekday
2025111406,2025-11-14 06:43:29,6,14,45,11,2025,Weekday
2025111407,2025-11-14 07:59:56,7,14,45,11,2025,Weekday
2025111408,2025-11-14 08:49:49,8,14,45,11,2025,Weekday
2025111409,2025-11-14 09:36:20,9,14,45,11,2025,Weekday
2025111410,2025-11-14 10:46:07,10,14,45,11,2025,Weekday
2025111411,2025-11-14 11:43:36,11,14,45,11,2025,Weekday
2025111412,2025-11-14 12:16:42,12,14,45,11,2025,Weekday
2025111415,2025-11-14 15:22:50,15,14,45,11,2025,Weekday
2025111416,2025-11-14 16:31:23,16,14,45,11,2025,Weekday
2025111417,2025-11-14 17:28:08,17,14,45,11,2025,Weekday
2025111421,2025-11-14 21:20:21,21,14,45,11,2025,Weekday
2025111422,2025-11-14 22:55:13,22,14,45,11,2025,Weekday
2025111423,2025-11-14 23:13:23,23,14,45,11,2025,Weekday
2025111500,2025-11-15 00:14:49,0,15,45,11,2025,Weekend
2025111501,2025-11-15 01:56:54,1,15,45,11,2025,Weekend
2025111503,2025-11-15 03:38:07,3,15,45,11,2025,Weekend
2025111504,2025-11-15 04:47:38,4,15,45,11,2025,Weekend
2025111507,2025-11-15 07:00:47,7,15,45,11,2025,Weekend
2025111508,2025-11-15 08:46:56,8,15,45,11,2025,Weekend
2025111510,2025-11-15 10:49:00,10,15,45,11,2025,Weekend
2025111513,2025-11-15 13:38:42,13,15,45,11,2025,Weekend
2025111514,2025-11-15 14:07:29,14,15,45,11,2025,Weekend
2025111515,2025-11-15 15:09:25,15,15,45,11,2025,Weekend
2025111517,2025-11-15 17:11:00,17,15,45,11,2025,Weekend
2025111518,2025-11-15 18:20:16,18,15,45,11,2025,Weekend
2025111520,2025-11-15 20:56:14,20,15,45,11,2025,Weekend
2025111521,2025-11-15 21:08:31,21,15,45,11,2025,Weekend
2025111523,2025-11-15 23:14:07,23,15,45,11,2025,Weekend
2025111601,2025-11-16 01:51:40,1,16,46,11,2025,Weekend
2025111602,2025-11-16 02:14:58,2,16,46,11,2025,Weekend
2025111608,2025-11-16 08:10:12,8,16,46,11,2025,Weekend
2025111609,2025-11-16 09:53:38,9,16,46,11,2025,Weekend
2025111611,2025-11-16 11:40:51,11,16,46,11,2025,Weekend
2025111612,2025-11-16 12:11:56,12,16,46,11,2025,Weekend
2025111613,2025-11-16 13:46:24,13,16,46,11,2025,Weekend
2025111614,2025-11-16 14:01:04,14,16,46,11,2025,Weekend
2025111615,2025-11-16 15:51:18,15,16,46,11,2025,Weekend
2025111617,2025-11-16 17:51:01,17,16,46,11,2025,Weekend
2025111618,2025-11-16 18:54:20,18,16,46,11,2025,Weekend
2025111619,2025-11-16 19:52:24,19,16,46,11,2025,Weekend
2025111622,2025-11-16 22:56:45,22,16,46,11,2025,Weekend
2025111623,2025-11-16 23:01:45,23,16,46,11,2025,Weekend
2025111700,2025-11-17 00:45:11,0,17,46,11,2025,Weekday
2025111701,2025-11-17 01:51:24,1,17,46,11,2025,Weekday
2025111702,2025-11-17 02:07:55,2,17,46,11,2025,Weekday
2025111703,2025-11-17 03:51:45,3,17,46,11,2025,Weekday
2025111704,2025-11-17 04:58:45,4,17,46,11,2025,Weekday
2025111705,2025-11-17 05:25:26,5,17,46,11,2025,Weekday
2025111706,2025-11-17 06:22:39,6,17,46,11,2025,Weekday
2025111707,2025-11-17 07:36:20,7,17,46,11,2025,Weekday
2025111708,2025-11-17 08:14:16,8,17,46,11,2025,Weekday
2025111710,2025-11-17 10:18:24,10,17,46,11,2025,Weekday
2025111711,2025-11-17 11:07:23,11,17,46,11,2025,Weekday
2025111712,2025-11-17 12:21:18,12,17,46,11,2025,Weekday
2025111714,2025-11-17 14:13:22,14,17,46,11,2025,Weekday
2025111715,2025-11-17 15:23:27,15,17,46,11,2025,Weekday
2025111716,2025-11-17 16:18:57,16,17,46,11,2025,Weekday
2025111718,2025-11-17 18:40:31,18,17,46,11,2025,Weekday
2025111720,2025-11-17 20:44:09,20,17,46,11,2025,Weekday
2025111721,2025-11-17 21:26:14,21,17,46,11,2025,Weekday
2025111722,2025-11-17 22:33:11,22,17,46,11,2025,Weekday
2025111723,2025-11-17 23:09:41,23,17,46,11,2025,Weekday
2025111801,2025-11-18 01:20:28,1,18,46,11,2025,Weekday
2025111802,2025-11-18 02:29:46,2,18,46,11,2025,Weekday
2025111804,2025-11-18 04:47:22,4,18,46,11,2025,Weekday
2025111805,2025-11-18 05:55:38,5,18,46,11,2025,Weekday
2025111806,2025-11-18 06:42:44,6,18,46,11,2025,Weekday
2025111807,2025-11-18 07:42:08,7,18,46,11,2025,Weekday
2025111808,2025-11-18 08:49:22,8,18,46,11,2025,Weekday
2025111809,2025-11-18 09:14:26,9,18,46,11,2025,Weekday
2025111810,2025-11-18 10:57:48,10,18,46,11,2025,Weekday
2025111811,2025-11-18 11:02:48,11,18,46,11,2025,Weekday
2025111812,2025-11-18 12:44:58,12,18,46,11,2025,Weekday
2025111813,2025-11-18 13:20:51,13,18,46,11,2025,Weekday
2025111816,2025-11-18 16:02:51,16,18,46,11,2025,Weekday
2025111818,2025-11-18 18:03:58,18,18,46,11,2025,Weekday
2025111820,2025-11-18 20:39:25,20,18,46,11,2025,Weekday
2025111822,2025-11-18 22:40:24,22,18,46,11,2025,Weekday
2025111823,2025-11-18 23:29:01,23,18,46,11,2025,Weekday
2025111900,2025-11-19 00:47:37,0,19,46,11,2025,Weekday
2025111901,2025-11-19 01:54:00,1,19,46,11,2025,Weekday
2025111903,2025-11-19 03:16:51,3,19,46,11,2025,Weekday
2025111904,2025-11-19 04:32:57,4,19,46,11,2025,Weekday
2025111905,2025-11-19 05:17:41,5,19,46,11,2025,Weekday
2025111906,2025-11-19 06:06:18,6,19,46,11,2025,Weekday
2025111908,2025-11-19 08:21:20,8,19,46,11,2025,Weekday
2025111909,2025-11-19 09:06:31,9,19,46,11,2025,Weekday
2025111910,2025-11-19 10:57:54,10,19,46,11,2025,Weekday
2025111911,2025-11-19 11:27:47,11,19,46,11,2025,Weekday
2025111912,2025-11-19 12:25:26,12,19,46,11,2025,Weekday
2025111914,2025-11-19 14:12:12,14,19,46,11,2025,Weekday
2025111915,2025-11-19 15:14:31,15,19,46,11,2025,Weekday
2025111917,2025-11-19 17:33:15,17,19,46,11,2025,Weekday
2025111919,2025-11-19 19:29:18,19,19,46,11,2025,Weekday
2025111921,2025-11-19 21:45:42,21,19,46,11,2025,Weekday
2025111922,2025-11-19 22:12:27,22,19,46,11,2025,Weekday
2025112000,2025-11-20 00:04:54,0,20,46,11,2025,Weekday
2025112003,2025-11-20 03:36:12,3,20,46,11,2025,Weekday
2025112004,2025-11-20 04:39:49,4,20,46,11,2025,Weekday
2025112005,2025-11-20 05:00:51,5,20,46,11,2025,Weekday
2025112006,2025-11-20 06:06:17,6,20,46,11,2025,Weekday
2025112007,2025-11-20 07:57:56,7,20,46,11,2025,Weekday
2025112008,2025-11-20 08:16:53,8,20,46,11,2025,Weekday
2025112013,2025-11-20 13:42:25,13,20,46,11,2025,Weekday
2025112014,2025-11-20 14:21:15,14,20,46,11,2025,Weekday
2025112015,2025-11-20 15:36:02,15,20,46,11,2025,Weekday
2025112016,2025-11-20 16:56:13,16,20,46,11,2025,Weekday
2025112017,2025-11-20 17:31:20,17,20,46,11,2025,Weekday
2025112021,2025-11-20 21:18:42,21,20,46,11,2025,Weekday
2025112022,2025-11-20 22:05:51,22,20,46,11,2025,Weekday
2025112023,2025-11-20 23:52:39,23,20,46,11,2025,Weekday
2025112102,2025-11-21 02:41:26,2,21,46,11,2025,Weekday
2025112103,2025-11-21 03:46:41,3,21,46,11,2025,Weekday
2025112104,2025-11-21 04:08:36,4,21,46,11,2025,Weekday
2025112105,2025-11-21 05:46:03,5,21,46,11,2025,Weekday
2025112106,2025-11-21 06:43:53,6,21,46,11,2025,Weekday
2025112107,2025-11-21 07:10:40,7,21,46,11,2025,Weekday
2025112108,2025-11-21 08:51:56,8,21,46,11,2025,Weekday
2025112109,2025-11-21 09:23:37,9,21,46,11,2025,Weekday
2025112110,2025-11-21 10:45:52,10,21,46,11,2025,Weekday
2025112111,2025-11-21 11:35:10,11,21,46,11,2025,Weekday
2025112112,2025-11-21 12:02:23,12,21,46,11,2025,Weekday
2025112113,2025-11-21 13:10:35,13,21,46,11,2025,Weekday
2025112114,2025-11-21 14:01:02,14,21,46,11,2025,Weekday
2025112117,2025-11-21 17:10:15,17,21,46,11,2025,Weekday
2025112118,2025-11-21 18:27:10,18,21,46,11,2025,Weekday
2025112119,2025-11-21 19:08:00,19,21,46,11,2025,Weekday
2025112200,2025-11-22 00:35:50,0,22,46,11,2025,Weekend
2025112202,2025-11-22 02:09:01,2,22,46,11,2025,Weekend
2025112206,2025-11-22 06:43:48,6,22,46,11,2025,Weekend
2025112207,2025-11-22 07:41:52,7,22,46,11,2025,Weekend
2025112209,2025-11-22 09:59:08,9,22,46,11,2025,Weekend
2025112210,2025-11-22 10:12:14,10,22,46,11,2025,Weekend
2025112211,2025-11-22 11:14:21,11,22,46,11,2025,Weekend
2025112212,2025-11-22 12:51:27,12,22,46,11,2025,Weekend
2025112213,2025-11-22 13:10:27,13,22,46,11,2025,Weekend
2025112214,2025-11-22 14:06:59,14,22,46,11,2025,Weekend
2025112215,2025-11-22 15:15:35,15,22,46,11,2025,Weekend
2025112216,2025-11-22 16:27:27,16,22,46,11,2025,Weekend
2025112218,2025-11-22 18:56:31,18,22,46,11,2025,Weekend
2025112219,2025-11-22 19:47:24,19,22,46,11,2025,Weekend
2025112220,2025-11-22 20:00:25,20,22,46,11,2025,Weekend
2025112222,2025-11-22 22:45:25,22,22,46,11,2025,Weekend
2025112223,2025-11-22 23:47:26,23,22,46,11,2025,Weekend
2025112300,2025-11-23 00:02:20,0,23,47,11,2025,Weekend
2025112303,2025-11-23 03:08:37,3,23,47,11,2025,Weekend
2025112305,2025-11-23 05:26:35,5,23,47,11,2025,Weekend
2025112307,2025-11-23 07:02:02,7,23,47,11,2025,Weekend
2025112308,2025-11-23 08:12:44,8,23,47,11,2025,Weekend
2025112309,2025-11-23 09:18:47,9,23,47,11,2025,Weekend
2025112310,2025-11-23 10:56:03,10,23,47,11,2025,Weekend
2025112311,2025-11-23 11:01:03,11,23,47,11,2025,Weekend
2025112312,2025-11-23 12:28:35,12,23,47,11,2025,Weekend
2025112313,2025-11-23 13:11:15,13,23,47,11,2025,Weekend
2025112315,2025-11-23 15:41:57,15,23,47,11,2025,Weekend
2025112316,2025-11-23 16:00:09,16,23,47,11,2025,Weekend
2025112318,2025-11-23 18:29:45,18,23,47,11,2025,Weekend
2025112319,2025-11-23 19:15:16,19,23,47,11,2025,Weekend
2025112320,2025-11-23 20:32:37,20,23,47,11,2025,Weekend
2025112322,2025-11-23 22:27:27,22,23,47,11,2025,Weekend
2025112400,2025-11-24 00:42:24,0,24,47,11,2025,Weekday
2025112401,2025-11-24 01:39:00,1,24,47,11,2025,Weekday
2025112402,2025-11-24 02:05:11,2,24,47,11,2025,Weekday
2025112403,2025-11-24 03:11:50,3,24,47,11,2025,Weekday
2025112404,2025-11-24 04:47:12,4,24,47,11,2025,Weekday
2025112405,2025-11-24 05:38:59,5,24,47,11,2025,Weekday
2025112406,2025-11-24 06:14:18,6,24,47,11,2025,Weekday
2025112409,2025-11-24 09:42:37,9,24,47,11,2025,Weekday
2025112410,2025-11-24 10:51:03,10,24,47,11,2025,Weekday
2025112411,2025-11-24 11:01:03,11,24,47,11,2025,Weekday
2025112412,2025-11-24 12:57:10,12,24,47,11,2025,Weekday
2025112413,2025-11-24 13:11:48,13,24,47,11,2025,Weekday
2025112415,2025-11-24 15:56:10,15,24,47,11,2025,Weekday
2025112416,2025-11-24 16:01:10,16,24,47,11,2025,Weekday
2025112417,2025-11-24 17:21:22,17,24,47,11,2025,Weekday
2025112418,2025-11-24 18:24:08,18,24,47,11,2025,Weekday
2025112419,2025-11-24 19:19:16,19,24,47,11,2025,Weekday
2025112421,2025-11-24 21:02:43,21,24,47,11,2025,Weekday
2025112500,2025-11-25 00:20:54,0,25,47,11,2025,Weekday
2025112501,2025-11-25 01:05:47,1,25,47,11,2025,Weekday
2025112502,2025-11-25 02:51:43,2,25,47,11,2025,Weekday
2025112503,2025-11-25 03:01:43,3,25,47,11,2025,Weekday
2025112505,2025-11-25 05:51:15,5,25,47,11,2025,Weekday
2025112506,2025-11-25 06:32:02,6,25,47,11,2025,Weekday
2025112508,2025-11-25 08:27:55,8,25,47,11,2025,Weekday
2025112509,2025-11-25 09:17:51,9,25,47,11,2025,Weekday
2025112510,2025-11-25 10:51:49,10,25,47,11,2025,Weekday
2025112511,2025-11-25 11:13:00,11,25,47,11,2025,Weekday
2025112512,2025-11-25 12:03:29,12,25,47,11,2025,Weekday
2025112513,2025-11-25 13:07:43,13,25,47,11,2025,Weekday
2025112515,2025-11-25 15:50:34,15,25,47,11,2025,Weekday
2025112517,2025-11-25 17:18:56,17,25,47,11,2025,Weekday
2025112521,2025-11-25 21:50:38,21,25,47,11,2025,Weekday
2025112523,2025-11-25 23:27:18,23,25,47,11,2025,Weekday
2025112600,2025-11-26 00:47:44,0,26,47,11,2025,Weekday
2025112601,2025-11-26 01:08:24,1,26,47,11,2025,Weekday
2025112602,2025-11-26 02:28:44,2,26,47,11,2025,Weekday
2025112604,2025-11-26 04:37:33,4,26,47,11,2025,Weekday
2025112605,2025-11-26 05:08:20,5,26,47,11,2025,Weekday
2025112608,2025-11-26 08:20:42,8,26,47,11,2025,Weekday
2025112609,2025-11-26 09:04:06,9,26,47,11,2025,Weekday
2025112610,2025-11-26 10:39:24,10,26,47,11,2025,Weekday
2025112611,2025-11-26 11:16:11,11,26,47,11,2025,Weekday
2025112612,2025-11-26 12:00:28,12,26,47,11,2025,Weekday
2025112613,2025-11-26 13:00:47,13,26,47,11,2025,Weekday
2025112614,2025-11-26 14:40:44,14,26,47,11,2025,Weekday
2025112615,2025-11-26 15:41:56,15,26,47,11,2025,Weekday
2025112616,2025-11-26 16:52:03,16,26,47,11,2025,Weekday
2025112617,2025-11-26 17:58:19,17,26,47,11,2025,Weekday
2025112618,2025-11-26 18:21:20,18,26,47,11,2025,Weekday
2025112620,2025-11-26 20:40:52,20,26,47,11,2025,Weekday
2025112621,2025-11-26 21:53:19,21,26,47,11,2025,Weekday
2025112622,2025-11-26 22:37:33,22,26,47,11,2025,Weekday
2025112700,2025-11-27 00:22:42,0,27,47,11,2025,Weekday
2025112701,2025-11-27 01:44:50,1,27,47,11,2025,Weekday
2025112702,2025-11-27 02:46:20,2,27,47,11,2025,Weekday
2025112704,2025-11-27 04:04:42,4,27,47,11,2025,Weekday
2025112705,2025-11-27 05:48:57,5,27,47,11,2025,Weekday
2025112709,2025-11-27 09:37:29,9,27,47,11,2025,Weekday
2025112710,2025-11-27 10:41:46,10,27,47,11,2025,Weekday
2025112714,2025-11-27 14:06:48,14,27,47,11,2025,Weekday
2025112716,2025-11-27 16:21:30,16,27,47,11,2025,Weekday
2025112717,2025-11-27 17:39:42,17,27,47,11,2025,Weekday
2025112718,2025-11-27 18:45:37,18,27,47,11,2025,Weekday
2025112719,2025-11-27 19:58:20,19,27,47,11,2025,Weekday
2025112720,2025-11-27 20:37:56,20,27,47,11,2025,Weekday
2025112721,2025-11-27 21:11:43,21,27,47,11,2025,Weekday
2025112723,2025-11-27 23:38:55,23,27,47,11,2025,Weekday
2025112800,2025-11-28 00:53:34,0,28,47,11,2025,Weekday
2025112801,2025-11-28 01:17:34,1,28,47,11,2025,Weekday
2025112802,2025-11-28 02:49:51,2,28,47,11,2025,Weekday
2025112803,2025-11-28 03:55:44,3,28,47,11,2025,Weekday
2025112804,2025-11-28 04:27:00,4,28,47,11,2025,Weekday
2025112806,2025-11-28 06:53:19,6,28,47,11,2025,Weekday
2025112807,2025-11-28 07:03:19,7,28,47,11,2025,Weekday
2025112808,2025-11-28 08:34:13,8,28,47,11,2025,Weekday
2025112809,2025-11-28 09:05:11,9,28,47,11,2025,Weekday
2025112810,2025-11-28 10:41:31,10,28,47,11,2025,Weekday
2025112812,2025-11-28 12:42:50,12,28,47,11,2025,Weekday
2025112814,2025-11-28 14:22:14,14,28,47,11,2025,Weekday
2025112815,2025-11-28 15:42:39,15,28,47,11,2025,Weekday
2025112816,2025-11-28 16:24:12,16,28,47,11,2025,Weekday
2025112818,2025-11-28 18:23:49,18,28,47,11,2025,Weekday
2025112819,2025-11-28 19:54:26,19,28,47,11,2025,Weekday
2025112820,2025-11-28 20:13:01,20,28,47,11,2025,Weekday
2025112821,2025-11-28 21:53:39,21,28,47,11,2025,Weekday
2025112822,2025-11-28 22:11:04,22,28,47,11,2025,Weekday
2025112823,2025-11-28 23:37:22,23,28,47,11,2025,Weekday
2025112900,2025-11-29 00:34:46,0,29,47,11,2025,Weekend
2025112902,2025-11-29 02:17:11,2,29,47,11,2025,Weekend
2025112904,2025-11-29 04:37:46,4,29,47,11,2025,Weekend
2025112905,2025-11-29 05:45:05,5,29,47,11,2025,Weekend
2025112906,2025-11-29 06:14:57,6,29,47,11,2025,Weekend
2025112907,2025-11-29 07:28:35,7,29,47,11,2025,Weekend
2025112910,2025-11-29 10:30:36,10,29,47,11,2025,Weekend
2025112911,2025-11-29 11:53:01,11,29,47,11,2025,Weekend
2025112912,2025-11-29 12:01:01,12,29,47,11,2025,Weekend
2025112913,2025-11-29 13:45:13,13,29,47,11,2025,Weekend
2025112914,2025-11-29 14:34:44,14,29,47,11,2025,Weekend
2025112915,2025-11-29 15:05:53,15,29,47,11,2025,Weekend
2025112916,2025-11-29 16:02:09,16,29,47,11,2025,Weekend
2025112919,2025-11-29 19:28:36,19,29,47,11,2025,Weekend
2025112920,2025-11-29 20:28:58,20,29,47,11,2025,Weekend
2025112921,2025-11-29 21:12:39,21,29,47,11,2025,Weekend
2025112922,2025-11-29 22:48:09,22,29,47,11,2025,Weekend
2025113000,2025-11-30 00:16:45,0,30,48,11,2025,Weekend
2025113001,2025-11-30 01:45:57,1,30,48,11,2025,Weekend
2025113002,2025-11-30 02:38:51,2,30,48,11,2025,Weekend
2025113004,2025-11-30 04:06:35,4,30,48,11,2025,Weekend
2025113006,2025-11-30 06:29:57,6,30,48,11,2025,Weekend
2025113007,2025-11-30 07:24:42,7,30,48,11,2025,Weekend
2025113008,2025-11-30 08:02:18,8,30,48,11,2025,Weekend
2025113009,2025-11-30 09:20:31,9,30,48,11,2025,Weekend
2025113010,2025-11-30 10:05:40,10,30,48,11,2025,Weekend
2025113011,2025-11-30 11:04:06,11,30,48,11,2025,Weekend
2025113012,2025-11-30 12:28:46,12,30,48,11,2025,Weekend
2025113013,2025-11-30 13:25:26,13,30,48,11,2025,Weekend
2025113016,2025-11-30 16:36:03,16,30,48,11,2025,Weekend
2025113017,2025-11-30 17:23:24,17,30,48,11,2025,Weekend
2025113019,2025-11-30 19:35:52,19,30,48,11,2025,Weekend
2025113020,2025-11-30 20:25:04,20,30,48,11,2025,Weekend
2025113021,2025-11-30 21:46:57,21,30,48,11,2025,Weekend
2025113022,2025-11-30 22:58:08,22,30,48,11,2025,Weekend
2025113023,2025-11-30 23:41:44,23,30,48,11,2025,Weekend
2025120101,2025-12-01 01:21:08,1,1,48,12,2025,Weekday
2025120102,2025-12-01 02:03:43,2,1,48,12,2025,Weekday
2025120103,2025-12-01 03:50:52,3,1,48,12,2025,Weekday
2025120104,2025-12-01 04:29:37,4,1,48,12,2025,Weekday
2025120105,2025-12-01 05:38:00,5,1,48,12,2025,Weekday
2025120106,2025-12-01 06:36:33,6,1,48,12,2025,Weekday
2025120109,2025-12-01 09:44:51,9,1,48,12,2025,Weekday
2025120110,2025-12-01 10:19:50,10,1,48,12,2025,Weekday
2025120111,2025-12-01 11:15:45,11,1,48,12,2025,Weekday
2025120112,2025-12-01 12:27:31,12,1,48,12,2025,Weekday
2025120115,2025-12-01 15:09:15,15,1,48,12,2025,Weekday
2025120116,2025-12-01 16:32:32,16,1,48,12,2025,Weekday
2025120117,2025-12-01 17:51:46,17,1,48,12,2025,Weekday
2025120119,2025-12-01 19:52:20,19,1,48,12,2025,Weekday
2025120120,2025-12-01 20:20:34,20,1,48,12,2025,Weekday
2025120123,2025-12-01 23:02:26,23,1,48,12,2025,Weekday
2025120200,2025-12-02 00:41:43,0,2,48,12,2025,Weekday
2025120201,2025-12-02 01:25:50,1,2,48,12,2025,Weekday
2025120202,2025-12-02 02:34:31,2,2,48,12,2025,Weekday
2025120204,2025-12-02 04:20:40,4,2,48,12,2025,Weekday
2025120205,2025-12-02 05:34:48,5,2,48,12,2025,Weekday
2025120206,2025-12-02 06:40:10,6,2,48,12,2025,Weekday
2025120208,2025-12-02 08:42:26,8,2,48,12,2025,Weekday
2025120209,2025-12-02 09:25:33,9,2,48,12,2025,Weekday
2025120210,2025-12-02 10:06:31,10,2,48,12,2025,Weekday
2025120211,2025-12-02 11:39:09,11,2,48,12,2025,Weekday
2025120212,2025-12-02 12:52:20,12,2,48,12,2025,Weekday
2025120213,2025-12-02 13:04:46,13,2,48,12,2025,Weekday
2025120214,2025-12-02 14:59:10,14,2,48,12,2025,Weekday
2025120215,2025-12-02 15:01:10,15,2,48,12,2025,Weekday
2025120219,2025-12-02 19:33:19,19,2,48,12,2025,Weekday
2025120220,2025-12-02 20:26:08,20,2,48,12,2025,Weekday
2025120223,2025-12-02 23:05:52,23,2,48,12,2025,Weekday
2025120300,2025-12-03 00:07:46,0,3,48,12,2025,Weekday
2025120302,2025-12-03 02:35:49,2,3,48,12,2025,Weekday
2025120306,2025-12-03 06:25:20,6,3,48,12,2025,Weekday
2025120307,2025-12-03 07:04:36,7,3,48,12,2025,Weekday
2025120309,2025-12-03 09:04:17,9,3,48,12,2025,Weekday
2025120310,2025-12-03 10:06:12,10,3,48,12,2025,Weekday
2025120312,2025-12-03 12:13:09,12,3,48,12,2025,Weekday
2025120313,2025-12-03 13:02:45,13,3,48,12,2025,Weekday
2025120314,2025-12-03 14:21:34,14,3,48,12,2025,Weekday
2025120316,2025-12-03 16:12:16,16,3,48,12,2025,Weekday
2025120317,2025-12-03 17:00:53,17,3,48,12,2025,Weekday
2025120318,2025-12-03 18:36:26,18,3,48,12,2025,Weekday
2025120320,2025-12-03 20:25:36,20,3,48,12,2025,Weekday
2025120321,2025-12-03 21:59:32,21,3,48,12,2025,Weekday
2025120322,2025-12-03 22:03:32,22,3,48,12,2025,Weekday
2025120323,2025-12-03 23:05:50,23,3,48,12,2025,Weekday
2025120400,2025-12-04 00:30:55,0,4,48,12,2025,Weekday
2025120401,2025-12-04 01:23:39,1,4,48,12,2025,Weekday
2025120402,2025-12-04 02:27:07,2,4,48,12,2025,Weekday
2025120403,2025-12-04 03:00:02,3,4,48,12,2025,Weekday
2025120405,2025-12-04 05:27:14,5,4,48,12,2025,Weekday
2025120406,2025-12-04 06:56:33,6,4,48,12,2025,Weekday
2025120407,2025-12-04 07:11:55,7,4,48,12,2025,Weekday
2025120408,2025-12-04 08:07:48,8,4,48,12,2025,Weekday
2025120409,2025-12-04 09:31:18,9,4,48,12,2025,Weekday
2025120410,2025-12-04 10:53:32,10,4,48,12,2025,Weekday
2025120411,2025-12-04 11:43:06,11,4,48,12,2025,Weekday
2025120412,2025-12-04 12:35:35,12,4,48,12,2025,Weekday
2025120413,2025-12-04 13:09:24,13,4,48,12,2025,Weekday
2025120414,2025-12-04 14:50:55,14,4,48,12,2025,Weekday
2025120415,2025-12-04 15:40:21,15,4,48,12,2025,Weekday
2025120416,2025-12-04 16:13:51,16,4,48,12,2025,Weekday
2025120417,2025-12-04 17:55:47,17,4,48,12,2025,Weekday
2025120418,2025-12-04 18:01:47,18,4,48,12,2025,Weekday
2025120421,2025-12-04 21:07:48,21,4,48,12,2025,Weekday
2025120423,2025-12-04 23:31:39,23,4,48,12,2025,Weekday
2025120500,2025-12-05 00:33:01,0,5,48,12,2025,Weekday
2025120503,2025-12-05 03:43:05,3,5,48,12,2025,Weekday
2025120504,2025-12-05 04:21:12,4,5,48,12,2025,Weekday
2025120507,2025-12-05 07:06:09,7,5,48,12,2025,Weekday
2025120508,2025-12-05 08:52:51,8,5,48,12,2025,Weekday
2025120509,2025-12-05 09:27:30,9,5,48,12,2025,Weekday
2025120510,2025-12-05 10:12:40,10,5,48,12,2025,Weekday
2025120512,2025-12-05 12:53:07,12,5,48,12,2025,Weekday
2025120513,2025-12-05 13:33:59,13,5,48,12,2025,Weekday
2025120515,2025-12-05 15:43:03,15,5,48,12,2025,Weekday
2025120516,2025-12-05 16:56:58,16,5,48,12,2025,Weekday
2025120517,2025-12-05 17:11:17,17,5,48,12,2025,Weekday
2025120519,2025-12-05 19:01:46,19,5,48,12,2025,Weekday
2025120520,2025-12-05 20:54:10,20,5,48,12,2025,Weekday
2025120521,2025-12-05 21:01:43,21,5,48,12,2025,Weekday
2025120600,2025-12-06 00:40:55,0,6,48,12,2025,Weekend
2025120601,2025-12-06 01:45:26,1,6,48,12,2025,Weekend
2025120602,2025-12-06 02:05:33,2,6,48,12,2025,Weekend
2025120605,2025-12-06 05:11:59,5,6,48,12,2025,Weekend
2025120606,2025-12-06 06:23:13,6,6,48,12,2025,Weekend
2025120608,2025-12-06 08:24:07,8,6,48,12,2025,Weekend
2025120609,2025-12-06 09:17:57,9,6,48,12,2025,Weekend
2025120610,2025-12-06 10:56:46,10,6,48,12,2025,Weekend
2025120611,2025-12-06 11:01:46,11,6,48,12,2025,Weekend
2025120612,2025-12-06 12:55:32,12,6,48,12,2025,Weekend
2025120613,2025-12-06 13:00:32,13,6,48,12,2025,Weekend
2025120614,2025-12-06 14:56:57,14,6,48,12,2025,Weekend
2025120615,2025-12-06 15:30:59,15,6,48,12,2025,Weekend
2025120616,2025-12-06 16:52:52,16,6,48,12,2025,Weekend
2025120617,2025-12-06 17:55:42,17,6,48,12,2025,Weekend
2025120618,2025-12-06 18:29:28,18,6,48,12,2025,Weekend
2025120620,2025-12-06 20:46:23,20,6,48,12,2025,Weekend
2025120623,2025-12-06 23:26:31,23,6,48,12,2025,Weekend
2025120700,2025-12-07 00:59:30,0,7,49,12,2025,Weekend
2025120701,2025-12-07 01:04:30,1,7,49,12,2025,Weekend
2025120702,2025-12-07 02:40:21,2,7,49,12,2025,Weekend
2025120704,2025-12-07 04:00:55,4,7,49,12,2025,Weekend
2025120705,2025-12-07 05:44:24,5,7,49,12,2025,Weekend
2025120706,2025-12-07 06:19:29,6,7,49,12,2025,Weekend
2025120707,2025-12-07 07:37:24,7,7,49,12,2025,Weekend
2025120708,2025-12-07 08:09:51,8,7,49,12,2025,Weekend
2025120710,2025-12-07 10:28:33,10,7,49,12,2025,Weekend
2025120711,2025-12-07 11:41:51,11,7,49,12,2025,Weekend
2025120713,2025-12-07 13:43:44,13,7,49,12,2025,Weekend
2025120714,2025-12-07 14:42:42,14,7,49,12,2025,Weekend
2025120716,2025-12-07 16:34:40,16,7,49,12,2025,Weekend
2025120717,2025-12-07 17:15:21,17,7,49,12,2025,Weekend
2025120718,2025-12-07 18:24:06,18,7,49,12,2025,Weekend
2025120720,2025-12-07 20:06:15,20,7,49,12,2025,Weekend
2025120721,2025-12-07 21:43:14,21,7,49,12,2025,Weekend
2025120722,2025-12-07 22:40:08,22,7,49,12,2025,Weekend
2025120803,2025-12-08 03:21:46,3,8,49,12,2025,Weekday
2025120804,2025-12-08 04:40:06,4,8,49,12,2025,Weekday
2025120806,2025-12-08 06:31:21,6,8,49,12,2025,Weekday
2025120807,2025-12-08 07:14:39,7,8,49,12,2025,Weekday
2025120809,2025-12-08 09:35:00,9,8,49,12,2025,Weekday
2025120811,2025-12-08 11:40:46,11,8,49,12,2025,Weekday
2025120812,2025-12-08 12:54:14,12,8,49,12,2025,Weekday
2025120817,2025-12-08 17:43:14,17,8,49,12,2025,Weekday
2025120818,2025-12-08 18:55:25,18,8,49,12,2025,Weekday
2025120820,2025-12-08 20:51:09,20,8,49,12,2025,Weekday
2025120821,2025-12-08 21:13:03,21,8,49,12,2025,Weekday
2025120901,2025-12-09 01:40:50,1,9,49,12,2025,Weekday
2025120902,2025-12-09 02:08:59,2,9,49,12,2025,Weekday
2025120903,2025-12-09 03:35:39,3,9,49,12,2025,Weekday
2025120904,2025-12-09 04:02:22,4,9,49,12,2025,Weekday
2025120905,2025-12-09 05:11:49,5,9,49,12,2025,Weekday
2025120906,2025-12-09 06:13:48,6,9,49,12,2025,Weekday
2025120907,2025-12-09 07:25:44,7,9,49,12,2025,Weekday
2025120908,2025-12-09 08:04:21,8,9,49,12,2025,Weekday
2025120910,2025-12-09 10:07:36,10,9,49,12,2025,Weekday
2025120911,2025-12-09 11:35:55,11,9,49,12,2025,Weekday
2025120913,2025-12-09 13:37:30,13,9,49,12,2025,Weekday
2025120915,2025-12-09 15:10:16,15,9,49,12,2025,Weekday
2025120916,2025-12-09 16:12:11,16,9,49,12,2025,Weekday
2025120920,2025-12-09 20:57:20,20,9,49,12,2025,Weekday
2025120921,2025-12-09 21:07:20,21,9,49,12,2025,Weekday
2025120923,2025-12-09 23:40:26,23,9,49,12,2025,Weekday
2025121002,2025-12-10 02:42:43,2,10,49,12,2025,Weekday
2025121003,2025-12-10 03:49:34,3,10,49,12,2025,Weekday
2025121004,2025-12-10 04:12:18,4,10,49,12,2025,Weekday
2025121005,2025-12-10 05:58:21,5,10,49,12,2025,Weekday
2025121006,2025-12-10 06:07:57,6,10,49,12,2025,Weekday
2025121007,2025-12-10 07:31:01,7,10,49,12,2025,Weekday
2025121008,2025-12-10 08:12:20,8,10,49,12,2025,Weekday
2025121010,2025-12-10 10:02:26,10,10,49,12,2025,Weekday
2025121011,2025-12-10 11:18:15,11,10,49,12,2025,Weekday
2025121014,2025-12-10 14:38:21,14,10,49,12,2025,Weekday
2025121015,2025-12-10 15:24:43,15,10,49,12,2025,Weekday
2025121016,2025-12-10 16:34:34,16,10,49,12,2025,Weekday
2025121017,2025-12-10 17:52:25,17,10,49,12,2025,Weekday
2025121021,2025-12-10 21:55:22,21,10,49,12,2025,Weekday
2025121022,2025-12-10 22:33:54,22,10,49,12,2025,Weekday
2025121101,2025-12-11 01:00:57,1,11,49,12,2025,Weekday
2025121102,2025-12-11 02:36:17,2,11,49,12,2025,Weekday
2025121104,2025-12-11 04:07:28,4,11,49,12,2025,Weekday
2025121105,2025-12-11 05:41:06,5,11,49,12,2025,Weekday
2025121106,2025-12-11 06:13:05,6,11,49,12,2025,Weekday
2025121111,2025-12-11 11:26:35,11,11,49,12,2025,Weekday
2025121112,2025-12-11 12:35:17,12,11,49,12,2025,Weekday
2025121113,2025-12-11 13:28:43,13,11,49,12,2025,Weekday
2025121114,2025-12-11 14:07:32,14,11,49,12,2025,Weekday
2025121115,2025-12-11 15:45:14,15,11,49,12,2025,Weekday
2025121116,2025-12-11 16:51:01,16,11,49,12,2025,Weekday
2025121117,2025-12-11 17:05:39,17,11,49,12,2025,Weekday
2025121118,2025-12-11 18:18:38,18,11,49,12,2025,Weekday
2025121120,2025-12-11 20:51:19,20,11,49,12,2025,Weekday
2025121121,2025-12-11 21:20:56,21,11,49,12,2025,Weekday
2025121122,2025-12-11 22:26:54,22,11,49,12,2025,Weekday
2025121123,2025-12-11 23:27:21,23,11,49,12,2025,Weekday
2025121200,2025-12-12 00:59:38,0,12,49,12,2025,Weekday
2025121201,2025-12-12 01:01:38,1,12,49,12,2025,Weekday
2025121202,2025-12-12 02:32:40,2,12,49,12,2025,Weekday
2025121203,2025-12-12 03:37:40,3,12,49,12,2025,Weekday
2025121204,2025-12-12 04:08:38,4,12,49,12,2025,Weekday
2025121205,2025-12-12 05:52:50,5,12,49,12,2025,Weekday
2025121206,2025-12-12 06:00:08,6,12,49,12,2025,Weekday
2025121208,2025-12-12 08:12:59,8,12,49,12,2025,Weekday
2025121210,2025-12-12 10:55:25,10,12,49,12,2025,Weekday
2025121211,2025-12-12 11:46:30,11,12,49,12,2025,Weekday
2025121212,2025-12-12 12:41:05,12,12,49,12,2025,Weekday
2025121213,2025-12-12 13:51:46,13,12,49,12,2025,Weekday
2025121215,2025-12-12 15:01:35,15,12,49,12,2025,Weekday
2025121216,2025-12-12 16:33:56,16,12,49,12,2025,Weekday
2025121219,2025-12-12 19:08:23,19,12,49,12,2025,Weekday
2025121220,2025-12-12 20:27:17,20,12,49,12,2025,Weekday
2025121221,2025-12-12 21:15:22,21,12,49,12,2025,Weekday
2025121222,2025-12-12 22:48:36,22,12,49,12,2025,Weekday
2025121223,2025-12-12 23:07:48,23,12,49,12,2025,Weekday
2025121300,2025-12-13 00:08:52,0,13,49,12,2025,Weekend
2025121301,2025-12-13 01:46:37,1,13,49,12,2025,Weekend
2025121303,2025-12-13 03:44:34,3,13,49,12,2025,Weekend
2025121305,2025-12-13 05:45:41,5,13,49,12,2025,Weekend
2025121306,2025-12-13 06:34:52,6,13,49,12,2025,Weekend
2025121307,2025-12-13 07:03:43,7,13,49,12,2025,Weekend
2025121308,2025-12-13 08:06:27,8,13,49,12,2025,Weekend
2025121312,2025-12-13 12:30:53,12,13,49,12,2025,Weekend
2025121314,2025-12-13 14:52:55,14,13,49,12,2025,Weekend
2025121315,2025-12-13 15:53:37,15,13,49,12,2025,Weekend
2025121316,2025-12-13 16:27:27,16,13,49,12,2025,Weekend
2025121317,2025-12-13 17:11:28,17,13,49,12,2025,Weekend
2025121319,2025-12-13 19:28:03,19,13,49,12,2025,Weekend
2025121320,2025-12-13 20:26:54,20,13,49,12,2025,Weekend
2025121321,2025-12-13 21:09:33,21,13,49,12,2025,Weekend
2025121322,2025-12-13 22:30:45,22,13,49,12,2025,Weekend
2025121323,2025-12-13 23:35:40,23,13,49,12,2025,Weekend
2025121400,2025-12-14 00:43:41,0,14,50,12,2025,Weekend
2025121401,2025-12-14 01:01:16,1,14,50,12,2025,Weekend
2025121402,2025-12-14 02:28:46,2,14,50,12,2025,Weekend
2025121403,2025-12-14 03:32:25,3,14,50,12,2025,Weekend
2025121404,2025-12-14 04:08:34,4,14,50,12,2025,Weekend
2025121406,2025-12-14 06:17:54,6,14,50,12,2025,Weekend
2025121407,2025-12-14 07:36:56,7,14,50,12,2025,Weekend
2025121409,2025-12-14 09:02:21,9,14,50,12,2025,Weekend
2025121410,2025-12-14 10:33:56,10,14,50,12,2025,Weekend
2025121411,2025-12-14 11:54:48,11,14,50,12,2025,Weekend
2025121413,2025-12-14 13:27:05,13,14,50,12,2025,Weekend
2025121416,2025-12-14 16:57:37,16,14,50,12,2025,Weekend
2025121417,2025-12-14 17:26:49,17,14,50,12,2025,Weekend
2025121418,2025-12-14 18:08:59,18,14,50,12,2025,Weekend
2025121419,2025-12-14 19:27:41,19,14,50,12,2025,Weekend
2025121420,2025-12-14 20:48:29,20,14,50,12,2025,Weekend
2025121421,2025-12-14 21:56:49,21,14,50,12,2025,Weekend
2025121500,2025-12-15 00:28:13,0,15,50,12,2025,Weekday
2025121501,2025-12-15 01:10:26,1,15,50,12,2025,Weekday
2025121502,2025-12-15 02:49:32,2,15,50,12,2025,Weekday
2025121503,2025-12-15 03:06:01,3,15,50,12,2025,Weekday
2025121504,2025-12-15 04:44:05,4,15,50,12,2025,Weekday
2025121505,2025-12-15 05:58:40,5,15,50,12,2025,Weekday
2025121506,2025-12-15 06:24:03,6,15,50,12,2025,Weekday
2025121507,2025-12-15 07:48:51,7,15,50,12,2025,Weekday
2025121512,2025-12-15 12:56:07,12,15,50,12,2025,Weekday
2025121513,2025-12-15 13:26:04,13,15,50,12,2025,Weekday
2025121514,2025-12-15 14:18:26,14,15,50,12,2025,Weekday
2025121515,2025-12-15 15:15:21,15,15,50,12,2025,Weekday
2025121516,2025-12-15 16:04:16,16,15,50,12,2025,Weekday
2025121517,2025-12-15 17:33:50,17,15,50,12,2025,Weekday
2025121518,2025-12-15 18:33:01,18,15,50,12,2025,Weekday
2025121519,2025-12-15 19:16:12,19,15,50,12,2025,Weekday
2025121520,2025-12-15 20:17:06,20,15,50,12,2025,Weekday
2025121521,2025-12-15 21:53:01,21,15,50,12,2025,Weekday
2025121523,2025-12-15 23:52:37,23,15,50,12,2025,Weekday
2025121601,2025-12-16 01:18:21,1,16,50,12,2025,Weekday
2025121602,2025-12-16 02:41:11,2,16,50,12,2025,Weekday
2025121603,2025-12-16 03:20:55,3,16,50,12,2025,Weekday
2025121604,2025-12-16 04:49:48,4,16,50,12,2025,Weekday
2025121605,2025-12-16 05:13:12,5,16,50,12,2025,Weekday
2025121606,2025-12-16 06:04:26,6,16,50,12,2025,Weekday
2025121607,2025-12-16 07:38:29,7,16,50,12,2025,Weekday
2025121608,2025-12-16 08:39:09,8,16,50,12,2025,Weekday
2025121609,2025-12-16 09:00:52,9,16,50,12,2025,Weekday
2025121610,2025-12-16 10:54:09,10,16,50,12,2025,Weekday
2025121612,2025-12-16 12:55:31,12,16,50,12,2025,Weekday
2025121613,2025-12-16 13:00:31,13,16,50,12,2025,Weekday
2025121614,2025-12-16 14:04:34,14,16,50,12,2025,Weekday
2025121615,2025-12-16 15:26:25,15,16,50,12,2025,Weekday
2025121616,2025-12-16 16:00:09,16,16,50,12,2025,Weekday
2025121617,2025-12-16 17:06:31,17,16,50,12,2025,Weekday
2025121618,2025-12-16 18:27:54,18,16,50,12,2025,Weekday
2025121619,2025-12-16 19:17:29,19,16,50,12,2025,Weekday
2025121620,2025-12-16 20:55:19,20,16,50,12,2025,Weekday
2025121621,2025-12-16 21:47:14,21,16,50,12,2025,Weekday
2025121622,2025-12-16 22:50:14,22,16,50,12,2025,Weekday
2025121623,2025-12-16 23:33:19,23,16,50,12,2025,Weekday
2025121700,2025-12-17 00:36:05,0,17,50,12,2025,Weekday
2025121701,2025-12-17 01:39:40,1,17,50,12,2025,Weekday
2025121702,2025-12-17 02:15:45,2,17,50,12,2025,Weekday
2025121703,2025-12-17 03:38:34,3,17,50,12,2025,Weekday
2025121704,2025-12-17 04:39:00,4,17,50,12,2025,Weekday
2025121705,2025-12-17 05:11:57,5,17,50,12,2025,Weekday
2025121706,2025-12-17 06:31:46,6,17,50,12,2025,Weekday
2025121707,2025-12-17 07:28:46,7,17,50,12,2025,Weekday
2025121708,2025-12-17 08:47:06,8,17,50,12,2025,Weekday
2025121710,2025-12-17 10:51:23,10,17,50,12,2025,Weekday
2025121711,2025-12-17 11:44:06,11,17,50,12,2025,Weekday
2025121712,2025-12-17 12:58:49,12,17,50,12,2025,Weekday
2025121713,2025-12-17 13:01:49,13,17,50,12,2025,Weekday
2025121714,2025-12-17 14:10:32,14,17,50,12,2025,Weekday
2025121715,2025-12-17 15:17:19,15,17,50,12,2025,Weekday
2025121716,2025-12-17 16:25:43,16,17,50,12,2025,Weekday
2025121717,2025-12-17 17:50:43,17,17,50,12,2025,Weekday
2025121718,2025-12-17 18:00:43,18,17,50,12,2025,Weekday
2025121719,2025-12-17 19:07:28,19,17,50,12,2025,Weekday
2025121720,2025-12-17 20:00:22,20,17,50,12,2025,Weekday
2025121721,2025-12-17 21:40:41,21,17,50,12,2025,Weekday
2025121800,2025-12-18 00:30:23,0,18,50,12,2025,Weekday
2025121801,2025-12-18 01:52:28,1,18,50,12,2025,Weekday
2025121804,2025-12-18 04:12:45,4,18,50,12,2025,Weekday
2025121807,2025-12-18 07:57:20,7,18,50,12,2025,Weekday
2025121808,2025-12-18 08:19:38,8,18,50,12,2025,Weekday
2025121809,2025-12-18 09:34:51,9,18,50,12,2025,Weekday
2025121810,2025-12-18 10:38:37,10,18,50,12,2025,Weekday
2025121811,2025-12-18 11:43:59,11,18,50,12,2025,Weekday
2025121812,2025-12-18 12:22:05,12,18,50,12,2025,Weekday
2025121813,2025-12-18 13:51:38,13,18,50,12,2025,Weekday
2025121816,2025-12-18 16:32:45,16,18,50,12,2025,Weekday
2025121817,2025-12-18 17:15:23,17,18,50,12,2025,Weekday
2025121818,2025-12-18 18:49:56,18,18,50,12,2025,Weekday
2025121819,2025-12-18 19:26:51,19,18,50,12,2025,Weekday
2025121820,2025-12-18 20:55:04,20,18,50,12,2025,Weekday
2025121821,2025-12-18 21:43:48,21,18,50,12,2025,Weekday
2025121900,2025-12-19 00:54:27,0,19,50,12,2025,Weekday
2025121901,2025-12-19 01:26:19,1,19,50,12,2025,Weekday
2025121902,2025-12-19 02:28:02,2,19,50,12,2025,Weekday
2025121904,2025-12-19 04:18:51,4,19,50,12,2025,Weekday
2025121905,2025-12-19 05:30:43,5,19,50,12,2025,Weekday
2025121906,2025-12-19 06:25:20,6,19,50,12,2025,Weekday
2025121907,2025-12-19 07:11:35,7,19,50,12,2025,Weekday
2025121908,2025-12-19 08:33:35,8,19,50,12,2025,Weekday
2025121913,2025-12-19 13:22:58,13,19,50,12,2025,Weekday
2025121914,2025-12-19 14:00:40,14,19,50,12,2025,Weekday
2025121915,2025-12-19 15:19:14,15,19,50,12,2025,Weekday
2025121918,2025-12-19 18:53:13,18,19,50,12,2025,Weekday
2025121920,2025-12-19 20:11:20,20,19,50,12,2025,Weekday
2025121922,2025-12-19 22:58:39,22,19,50,12,2025,Weekday
2025121923,2025-12-19 23:00:39,23,19,50,12,2025,Weekday
2025122000,2025-12-20 00:11:46,0,20,50,12,2025,Weekend
2025122001,2025-12-20 01:59:07,1,20,50,12,2025,Weekend
2025122002,2025-12-20 02:02:07,2,20,50,12,2025,Weekend
2025122003,2025-12-20 03:27:09,3,20,50,12,2025,Weekend
2025122004,2025-12-20 04:54:08,4,20,50,12,2025,Weekend
2025122005,2025-12-20 05:03:24,5,20,50,12,2025,Weekend
2025122006,2025-12-20 06:20:59,6,20,50,12,2025,Weekend
2025122007,2025-12-20 07:56:31,7,20,50,12,2025,Weekend
2025122009,2025-12-20 09:01:40,9,20,50,12,2025,Weekend
2025122010,2025-12-20 10:44:09,10,20,50,12,2025,Weekend
2025122011,2025-12-20 11:46:15,11,20,50,12,2025,Weekend
2025122015,2025-12-20 15:39:13,15,20,50,12,2025,Weekend
2025122016,2025-12-20 16:42:20,16,20,50,12,2025,Weekend
2025122017,2025-12-20 17:48:27,17,20,50,12,2025,Weekend
2025122019,2025-12-20 19:48:58,19,20,50,12,2025,Weekend
2025122020,2025-12-20 20:09:14,20,20,50,12,2025,Weekend
2025122023,2025-12-20 23:04:57,23,20,50,12,2025,Weekend
2025122101,2025-12-21 01:50:21,1,21,51,12,2025,Weekend
2025122102,2025-12-21 02:19:17,2,21,51,12,2025,Weekend
2025122103,2025-12-21 03:01:24,3,21,51,12,2025,Weekend
2025122104,2025-12-21 04:12:34,4,21,51,12,2025,Weekend
2025122105,2025-12-21 05:14:21,5,21,51,12,2025,Weekend
2025122106,2025-12-21 06:19:46,6,21,51,12,2025,Weekend
2025122109,2025-12-21 09:25:44,9,21,51,12,2025,Weekend
2025122111,2025-12-21 11:36:56,11,21,51,12,2025,Weekend
2025122113,2025-12-21 13:38:50,13,21,51,12,2025,Weekend
2025122114,2025-12-21 14:11:18,14,21,51,12,2025,Weekend
2025122115,2025-12-21 15:20:56,15,21,51,12,2025,Weekend
2025122116,2025-12-21 16:02:03,16,21,51,12,2025,Weekend
2025122118,2025-12-21 18:19:49,18,21,51,12,2025,Weekend
2025122119,2025-12-21 19:19:53,19,21,51,12,2025,Weekend
2025122120,2025-12-21 20:19:38,20,21,51,12,2025,Weekend
2025122121,2025-12-21 21:46:54,21,21,51,12,2025,Weekend
2025122122,2025-12-21 22:49:29,22,21,51,12,2025,Weekend
2025122200,2025-12-22 00:55:00,0,22,51,12,2025,Weekday
2025122201,2025-12-22 01:41:23,1,22,51,12,2025,Weekday
2025122202,2025-12-22 02:30:25,2,22,51,12,2025,Weekday
2025122204,2025-12-22 04:12:15,4,22,51,12,2025,Weekday
2025122205,2025-12-22 05:10:29,5,22,51,12,2025,Weekday
2025122207,2025-12-22 07:25:52,7,22,51,12,2025,Weekday
2025122209,2025-12-22 09:29:11,9,22,51,12,2025,Weekday
2025122210,2025-12-22 10:01:52,10,22,51,12,2025,Weekday
2025122213,2025-12-22 13:23:46,13,22,51,12,2025,Weekday
2025122216,2025-12-22 16:42:27,16,22,51,12,2025,Weekday
2025122217,2025-12-22 17:59:32,17,22,51,12,2025,Weekday
2025122218,2025-12-22 18:02:32,18,22,51,12,2025,Weekday
2025122219,2025-12-22 19:39:34,19,22,51,12,2025,Weekday
2025122220,2025-12-22 20:53:10,20,22,51,12,2025,Weekday
2025122222,2025-12-22 22:56:09,22,22,51,12,2025,Weekday
2025122223,2025-12-22 23:24:33,23,22,51,12,2025,Weekday
2025122300,2025-12-23 00:30:02,0,23,51,12,2025,Weekday
2025122301,2025-12-23 01:04:29,1,23,51,12,2025,Weekday
2025122303,2025-12-23 03:22:46,3,23,51,12,2025,Weekday
2025122304,2025-12-23 04:42:05,4,23,51,12,2025,Weekday
2025122306,2025-12-23 06:26:31,6,23,51,12,2025,Weekday
2025122307,2025-12-23 07:05:35,7,23,51,12,2025,Weekday
2025122308,2025-12-23 08:24:28,8,23,51,12,2025,Weekday
2025122309,2025-12-23 09:19:22,9,23,51,12,2025,Weekday
2025122310,2025-12-23 10:11:07,10,23,51,12,2025,Weekday
2025122313,2025-12-23 13:55:54,13,23,51,12,2025,Weekday
2025122315,2025-12-23 15:31:34,15,23,51,12,2025,Weekday
2025122316,2025-12-23 16:36:29,16,23,51,12,2025,Weekday
2025122317,2025-12-23 17:56:41,17,23,51,12,2025,Weekday
2025122318,2025-12-23 18:53:13,18,23,51,12,2025,Weekday
2025122319,2025-12-23 19:21:23,19,23,51,12,2025,Weekday
2025122320,2025-12-23 20:06:04,20,23,51,12,2025,Weekday
2025122322,2025-12-23 22:27:48,22,23,51,12,2025,Weekday
2025122403,2025-12-24 03:31:34,3,24,51,12,2025,Weekday
2025122404,2025-12-24 04:32:14,4,24,51,12,2025,Weekday
2025122405,2025-12-24 05:02:53,5,24,51,12,2025,Weekday
2025122407,2025-12-24 07:14:37,7,24,51,12,2025,Weekday
2025122408,2025-12-24 08:00:01,8,24,51,12,2025,Weekday
2025122410,2025-12-24 10:35:47,10,24,51,12,2025,Weekday
2025122411,2025-12-24 11:33:11,11,24,51,12,2025,Weekday
2025122412,2025-12-24 12:06:15,12,24,51,12,2025,Weekday
2025122414,2025-12-24 14:33:57,14,24,51,12,2025,Weekday
2025122415,2025-12-24 15:30:00,15,24,51,12,2025,Weekday
2025122416,2025-12-24 16:10:29,16,24,51,12,2025,Weekday
2025122417,2025-12-24 17:34:25,17,24,51,12,2025,Weekday
2025122418,2025-12-24 18:59:30,18,24,51,12,2025,Weekday
2025122419,2025-12-24 19:39:58,19,24,51,12,2025,Weekday
2025122420,2025-12-24 20:30:58,20,24,51,12,2025,Weekday
2025122422,2025-12-24 22:02:48,22,24,51,12,2025,Weekday
2025122500,2025-12-25 00:12:57,0,25,51,12,2025,Weekday
2025122502,2025-12-25 02:06:51,2,25,51,12,2025,Weekday
2025122503,2025-12-25 03:51:25,3,25,51,12,2025,Weekday
2025122504,2025-12-25 04:38:13,4,25,51,12,2025,Weekday
2025122505,2025-12-25 05:34:59,5,25,51,12,2025,Weekday
2025122506,2025-12-25 06:07:56,6,25,51,12,2025,Weekday
2025122507,2025-12-25 07:03:44,7,25,51,12,2025,Weekday
2025122508,2025-12-25 08:27:09,8,25,51,12,2025,Weekday
2025122510,2025-12-25 10:04:32,10,25,51,12,2025,Weekday
2025122511,2025-12-25 11:21:16,11,25,51,12,2025,Weekday
2025122512,2025-12-25 12:41:38,12,25,51,12,2025,Weekday
2025122513,2025-12-25 13:58:50,13,25,51,12,2025,Weekday
2025122514,2025-12-25 14:21:23,14,25,51,12,2025,Weekday
2025122515,2025-12-25 15:03:24,15,25,51,12,2025,Weekday
2025122518,2025-12-25 18:11:52,18,25,51,12,2025,Weekday
2025122519,2025-12-25 19:37:53,19,25,51,12,2025,Weekday
2025122520,2025-12-25 20:58:38,20,25,51,12,2025,Weekday
2025122521,2025-12-25 21:03:38,21,25,51,12,2025,Weekday
2025122522,2025-12-25 22:29:14,22,25,51,12,2025,Weekday
2025122600,2025-12-26 00:57:29,0,26,51,12,2025,Weekday
2025122601,2025-12-26 01:22:01,1,26,51,12,2025,Weekday
2025122603,2025-12-26 03:30:49,3,26,51,12,2025,Weekday
2025122605,2025-12-26 05:33:48,5,26,51,12,2025,Weekday
2025122606,2025-12-26 06:52:24,6,26,51,12,2025,Weekday
2025122607,2025-12-26 07:47:08,7,26,51,12,2025,Weekday
2025122608,2025-12-26 08:04:52,8,26,51,12,2025,Weekday
2025122610,2025-12-26 10:09:07,10,26,51,12,2025,Weekday
2025122612,2025-12-26 12:42:05,12,26,51,12,2025,Weekday
2025122613,2025-12-26 13:42:47,13,26,51,12,2025,Weekday
2025122615,2025-12-26 15:17:24,15,26,51,12,2025,Weekday
2025122616,2025-12-26 16:13:14,16,26,51,12,2025,Weekday
2025122617,2025-12-26 17:14:22,17,26,51,12,2025,Weekday
2025122618,2025-12-26 18:45:54,18,26,51,12,2025,Weekday
2025122619,2025-12-26 19:21:16,19,26,51,12,2025,Weekday
2025122621,2025-12-26 21:01:59,21,26,51,12,2025,Weekday
2025122622,2025-12-26 22:24:31,22,26,51,12,2025,Weekday
2025122623,2025-12-26 23:01:17,23,26,51,12,2025,Weekday
2025122700,2025-12-27 00:00:41,0,27,51,12,2025,Weekend
2025122701,2025-12-27 01:38:03,1,27,51,12,2025,Weekend
2025122702,2025-12-27 02:00:30,2,27,51,12,2025,Weekend
2025122704,2025-12-27 04:36:31,4,27,51,12,2025,Weekend
2025122706,2025-12-27 06:03:06,6,27,51,12,2025,Weekend
2025122707,2025-12-27 07:14:11,7,27,51,12,2025,Weekend
2025122708,2025-12-27 08:52:56,8,27,51,12,2025,Weekend
2025122709,2025-12-27 09:49:14,9,27,51,12,2025,Weekend
2025122710,2025-12-27 10:11:29,10,27,51,12,2025,Weekend
2025122711,2025-12-27 11:36:59,11,27,51,12,2025,Weekend
2025122712,2025-12-27 12:48:04,12,27,51,12,2025,Weekend
2025122713,2025-12-27 13:22:05,13,27,51,12,2025,Weekend
2025122714,2025-12-27 14:32:46,14,27,51,12,2025,Weekend
2025122719,2025-12-27 19:47:27,19,27,51,12,2025,Weekend
2025122721,2025-12-27 21:46:09,21,27,51,12,2025,Weekend
2025122722,2025-12-27 22:41:04,22,27,51,12,2025,Weekend
2025122723,2025-12-27 23:42:54,23,27,51,12,2025,Weekend
2025122800,2025-12-28 00:42:43,0,28,52,12,2025,Weekend
2025122801,2025-12-28 01:05:42,1,28,52,12,2025,Weekend
2025122802,2025-12-28 02:47:17,2,28,52,12,2025,Weekend
2025122803,2025-12-28 03:49:20,3,28,52,12,2025,Weekend
2025122805,2025-12-28 05:45:03,5,28,52,12,2025,Weekend
2025122806,2025-12-28 06:13:09,6,28,52,12,2025,Weekend
2025122807,2025-12-28 07:29:52,7,28,52,12,2025,Weekend
2025122810,2025-12-28 10:28:42,10,28,52,12,2025,Weekend
2025122811,2025-12-28 11:10:33,11,28,52,12,2025,Weekend
2025122814,2025-12-28 14:39:01,14,28,52,12,2025,Weekend
2025122815,2025-12-28 15:15:04,15,28,52,12,2025,Weekend
2025122816,2025-12-28 16:38:36,16,28,52,12,2025,Weekend
2025122817,2025-12-28 17:41:46,17,28,52,12,2025,Weekend
2025122818,2025-12-28 18:11:48,18,28,52,12,2025,Weekend
2025122820,2025-12-28 20:47:01,20,28,52,12,2025,Weekend
2025122823,2025-12-28 23:28:26,23,28,52,12,2025,Weekend
2025122900,2025-12-29 00:24:03,0,29,52,12,2025,Weekday
2025122901,2025-12-29 01:54:29,1,29,52,12,2025,Weekday
2025122902,2025-12-29 02:00:29,2,29,52,12,2025,Weekday
2025122903,2025-12-29 03:45:23,3,29,52,12,2025,Weekday
2025122904,2025-12-29 04:47:42,4,29,52,12,2025,Weekday
2025122905,2025-12-29 05:28:02,5,29,52,12,2025,Weekday
2025122906,2025-12-29 06:51:39,6,29,52,12,2025,Weekday
2025122907,2025-12-29 07:03:42,7,29,52,12,2025,Weekday
2025122913,2025-12-29 13:30:10,13,29,52,12,2025,Weekday
2025122914,2025-12-29 14:42:10,14,29,52,12,2025,Weekday
2025122916,2025-12-29 16:32:54,16,29,52,12,2025,Weekday
2025122917,2025-12-29 17:36:28,17,29,52,12,2025,Weekday
2025122918,2025-12-29 18:30:07,18,29,52,12,2025,Weekday
2025122919,2025-12-29 19:38:41,19,29,52,12,2025,Weekday
2025122920,2025-12-29 20:41:27,20,29,52,12,2025,Weekday
2025122922,2025-12-29 22:58:39,22,29,52,12,2025,Weekday
2025122923,2025-12-29 23:01:39,23,29,52,12,2025,Weekday
2025123000,2025-12-30 00:10:40,0,30,52,12,2025,Weekday
2025123003,2025-12-30 03:18:12,3,30,52,12,2025,Weekday
2025123005,2025-12-30 05:16:33,5,30,52,12,2025,Weekday
2025123007,2025-12-30 07:11:01,7,30,52,12,2025,Weekday
2025123008,2025-12-30 08:14:40,8,30,52,12,2025,Weekday
2025123011,2025-12-30 11:50:39,11,30,52,12,2025,Weekday
2025123012,2025-12-30 12:36:06,12,30,52,12,2025,Weekday
2025123016,2025-12-30 16:07:54,16,30,52,12,2025,Weekday
2025123017,2025-12-30 17:26:59,17,30,52,12,2025,Weekday
2025123019,2025-12-30 19:53:58,19,30,52,12,2025,Weekday
2025123020,2025-12-30 20:35:41,20,30,52,12,2025,Weekday
2025123021,2025-12-30 21:19:11,21,30,52,12,2025,Weekday
2025123022,2025-12-30 22:26:52,22,30,52,12,2025,Weekday
2025123023,2025-12-30 23:06:46,23,30,52,12,2025,Weekday
2025123102,2025-12-31 02:17:10,2,31,52,12,2025,Weekday
2025123105,2025-12-31 05:19:46,5,31,52,12,2025,Weekday
2025123108,2025-12-31 08:27:17,8,31,52,12,2025,Weekday
2025123109,2025-12-31 09:48:41,9,31,52,12,2025,Weekday
2025123111,2025-12-31 11:00:12,11,31,52,12,2025,Weekday
2025123112,2025-12-31 12:01:34,12,31,52,12,2025,Weekday
2025123114,2025-12-31 14:24:12,14,31,52,12,2025,Weekday
2025123117,2025-12-31 17:51:36,17,31,52,12,2025,Weekday
2025123118,2025-12-31 18:03:41,18,31,52,12,2025,Weekday
2025123119,2025-12-31 19:29:23,19,31,52,12,2025,Weekday
2025123120,2025-12-31 20:47:28,20,31,52,12,2025,Weekday
2025123121,2025-12-31 21:57:17,21,31,52,12,2025,Weekday
2025123122,2025-12-31 22:11:34,22,31,52,12,2025,Weekday
2025123123,2025-12-31 23:26:46,23,31,52,12,2025,Weekday
2026010100,2026-01-01 00:17:26,0,1,0,1,2026,Weekday
2026010101,2026-01-01 01:01:31,1,1,0,1,2026,Weekday
2026010102,2026-01-01 02:36:29,2,1,0,1,2026,Weekday
2026010103,2026-01-01 03:52:22,3,1,0,1,2026,Weekday
2026010106,2026-01-01 06:29:02,6,1,0,1,2026,Weekday
2026010107,2026-01-01 07:33:47,7,1,0,1,2026,Weekday
2026010111,2026-01-01 11:17:46,11,1,0,1,2026,Weekday
2026010112,2026-01-01 12:11:10,12,1,0,1,2026,Weekday
2026010115,2026-01-01 15:13:46,15,1,0,1,2026,Weekday
2026010116,2026-01-01 16:56:04,16,1,0,1,2026,Weekday
2026010117,2026-01-01 17:46:17,17,1,0,1,2026,Weekday
2026010118,2026-01-01 18:40:03,18,1,0,1,2026,Weekday
2026010119,2026-01-01 19:55:13,19,1,0,1,2026,Weekday
2026010120,2026-01-01 20:07:09,20,1,0,1,2026,Weekday
2026010121,2026-01-01 21:12:00,21,1,0,1,2026,Weekday
2026010122,2026-01-01 22:07:21,22,1,0,1,2026,Weekday
2026010123,2026-01-01 23:44:37,23,1,0,1,2026,Weekday
2026010200,2026-01-02 00:57:06,0,2,0,1,2026,Weekday
2026010201,2026-01-02 01:36:57,1,2,0,1,2026,Weekday
2026010202,2026-01-02 02:15:16,2,2,0,1,2026,Weekday
2026010203,2026-01-02 03:09:53,3,2,0,1,2026,Weekday
2026010207,2026-01-02 07:37:27,7,2,0,1,2026,Weekday
2026010208,2026-01-02 08:08:26,8,2,0,1,2026,Weekday
2026010209,2026-01-02 09:12:36,9,2,0,1,2026,Weekday
2026010210,2026-01-02 10:50:27,10,2,0,1,2026,Weekday
2026010212,2026-01-02 12:27:41,12,2,0,1,2026,Weekday
2026010213,2026-01-02 13:53:40,13,2,0,1,2026,Weekday
2026010215,2026-01-02 15:34:19,15,2,0,1,2026,Weekday
2026010216,2026-01-02 16:03:23,16,2,0,1,2026,Weekday
2026010217,2026-01-02 17:55:52,17,2,0,1,2026,Weekday
2026010219,2026-01-02 19:40:01,19,2,0,1,2026,Weekday
2026010220,2026-01-02 20:35:35,20,2,0,1,2026,Weekday
2026010221,2026-01-02 21:24:29,21,2,0,1,2026,Weekday
2026010222,2026-01-02 22:32:36,22,2,0,1,2026,Weekday
2026010223,2026-01-02 23:53:13,23,2,0,1,2026,Weekday
2026010300,2026-01-03 00:29:40,0,3,0,1,2026,Weekend
2026010301,2026-01-03 01:25:03,1,3,0,1,2026,Weekend
2026010302,2026-01-03 02:23:39,2,3,0,1,2026,Weekend
2026010305,2026-01-03 05:58:54,5,3,0,1,2026,Weekend
2026010306,2026-01-03 06:35:40,6,3,0,1,2026,Weekend
2026010307,2026-01-03 07:44:01,7,3,0,1,2026,Weekend
2026010308,2026-01-03 08:15:08,8,3,0,1,2026,Weekend
2026010310,2026-01-03 10:59:09,10,3,0,1,2026,Weekend
2026010311,2026-01-03 11:24:09,11,3,0,1,2026,Weekend
2026010313,2026-01-03 13:08:25,13,3,0,1,2026,Weekend
2026010314,2026-01-03 14:55:29,14,3,0,1,2026,Weekend
2026010318,2026-01-03 18:37:53,18,3,0,1,2026,Weekend
2026010321,2026-01-03 21:27:31,21,3,0,1,2026,Weekend
2026010400,2026-01-04 00:07:09,0,4,1,1,2026,Weekend
2026010401,2026-01-04 01:25:15,1,4,1,1,2026,Weekend
2026010402,2026-01-04 02:16:39,2,4,1,1,2026,Weekend
2026010403,2026-01-04 03:16:33,3,4,1,1,2026,Weekend
2026010404,2026-01-04 04:26:01,4,4,1,1,2026,Weekend
2026010405,2026-01-04 05:10:04,5,4,1,1,2026,Weekend
2026010406,2026-01-04 06:26:06,6,4,1,1,2026,Weekend
2026010407,2026-01-04 07:23:44,7,4,1,1,2026,Weekend
2026010408,2026-01-04 08:47:23,8,4,1,1,2026,Weekend
2026010412,2026-01-04 12:01:58,12,4,1,1,2026,Weekend
2026010414,2026-01-04 14:09:15,14,4,1,1,2026,Weekend
2026010415,2026-01-04 15:20:09,15,4,1,1,2026,Weekend
2026010417,2026-01-04 17:15:22,17,4,1,1,2026,Weekend
2026010418,2026-01-04 18:58:08,18,4,1,1,2026,Weekend
2026010419,2026-01-04 19:52:22,19,4,1,1,2026,Weekend
2026010420,2026-01-04 20:05:43,20,4,1,1,2026,Weekend
2026010421,2026-01-04 21:12:40,21,4,1,1,2026,Weekend
2026010422,2026-01-04 22:54:16,22,4,1,1,2026,Weekend
2026010423,2026-01-04 23:32:41,23,4,1,1,2026,Weekend
2026010500,2026-01-05 00:41:22,0,5,1,1,2026,Weekday
2026010501,2026-01-05 01:35:29,1,5,1,1,2026,Weekday
2026010505,2026-01-05 05:22:23,5,5,1,1,2026,Weekday
2026010507,2026-01-05 07:03:42,7,5,1,1,2026,Weekday
2026010508,2026-01-05 08:24:54,8,5,1,1,2026,Weekday
2026010510,2026-01-05 10:49:27,10,5,1,1,2026,Weekday
2026010513,2026-01-05 13:24:16,13,5,1,1,2026,Weekday
2026010514,2026-01-05 14:22:26,14,5,1,1,2026,Weekday
2026010515,2026-01-05 15:14:15,15,5,1,1,2026,Weekday
2026010517,2026-01-05 17:11:27,17,5,1,1,2026,Weekday
2026010518,2026-01-05 18:21:45,18,5,1,1,2026,Weekday
2026010519,2026-01-05 19:25:43,19,5,1,1,2026,Weekday
2026010521,2026-01-05 21:09:21,21,5,1,1,2026,Weekday
2026010522,2026-01-05 22:39:45,22,5,1,1,2026,Weekday
2026010603,2026-01-06 03:27:46,3,6,1,1,2026,Weekday
2026010605,2026-01-06 05:36:58,5,6,1,1,2026,Weekday
2026010608,2026-01-06 08:03:15,8,6,1,1,2026,Weekday
2026010609,2026-01-06 09:29:44,9,6,1,1,2026,Weekday
2026010611,2026-01-06 11:32:13,11,6,1,1,2026,Weekday
2026010612,2026-01-06 12:44:18,12,6,1,1,2026,Weekday
2026010613,2026-01-06 13:59:25,13,6,1,1,2026,Weekday
2026010614,2026-01-06 14:23:59,14,6,1,1,2026,Weekday
2026010615,2026-01-06 15:01:59,15,6,1,1,2026,Weekday
2026010616,2026-01-06 16:23:23,16,6,1,1,2026,Weekday
2026010617,2026-01-06 17:06:01,17,6,1,1,2026,Weekday
2026010618,2026-01-06 18:43:50,18,6,1,1,2026,Weekday
2026010619,2026-01-06 19:47:51,19,6,1,1,2026,Weekday
2026010621,2026-01-06 21:41:26,21,6,1,1,2026,Weekday
2026010622,2026-01-06 22:51:59,22,6,1,1,2026,Weekday
2026010700,2026-01-07 00:40:17,0,7,1,1,2026,Weekday
2026010703,2026-01-07 03:21:53,3,7,1,1,2026,Weekday
2026010705,2026-01-07 05:47:59,5,7,1,1,2026,Weekday
2026010706,2026-01-07 06:08:08,6,7,1,1,2026,Weekday
2026010707,2026-01-07 07:22:28,7,7,1,1,2026,Weekday
2026010708,2026-01-07 08:12:25,8,7,1,1,2026,Weekday
2026010709,2026-01-07 09:03:30,9,7,1,1,2026,Weekday
2026010710,2026-01-07 10:14:47,10,7,1,1,2026,Weekday
2026010713,2026-01-07 13:00:16,13,7,1,1,2026,Weekday
2026010717,2026-01-07 17:39:26,17,7,1,1,2026,Weekday
2026010718,2026-01-07 18:10:52,18,7,1,1,2026,Weekday
2026010719,2026-01-07 19:45:47,19,7,1,1,2026,Weekday
2026010721,2026-01-07 21:55:40,21,7,1,1,2026,Weekday
2026010722,2026-01-07 22:15:00,22,7,1,1,2026,Weekday
2026010723,2026-01-07 23:07:48,23,7,1,1,2026,Weekday
2026010800,2026-01-08 00:56:28,0,8,1,1,2026,Weekday
2026010801,2026-01-08 01:06:28,1,8,1,1,2026,Weekday
2026010803,2026-01-08 03:00:14,3,8,1,1,2026,Weekday
2026010804,2026-01-08 04:43:38,4,8,1,1,2026,Weekday
2026010806,2026-01-08 06:59:30,6,8,1,1,2026,Weekday
2026010807,2026-01-08 07:45:45,7,8,1,1,2026,Weekday
2026010808,2026-01-08 08:56:25,8,8,1,1,2026,Weekday
2026010809,2026-01-08 09:38:22,9,8,1,1,2026,Weekday
2026010810,2026-01-08 10:03:41,10,8,1,1,2026,Weekday
2026010813,2026-01-08 13:40:36,13,8,1,1,2026,Weekday
2026010816,2026-01-08 16:38:45,16,8,1,1,2026,Weekday
2026010818,2026-01-08 18:35:11,18,8,1,1,2026,Weekday
2026010820,2026-01-08 20:38:29,20,8,1,1,2026,Weekday
2026010821,2026-01-08 21:31:06,21,8,1,1,2026,Weekday
2026010822,2026-01-08 22:47:57,22,8,1,1,2026,Weekday
2026010823,2026-01-08 23:38:12,23,8,1,1,2026,Weekday
2026010902,2026-01-09 02:48:21,2,9,1,1,2026,Weekday
2026010903,2026-01-09 03:02:08,3,9,1,1,2026,Weekday
2026010904,2026-01-09 04:44:14,4,9,1,1,2026,Weekday
2026010905,2026-01-09 05:05:44,5,9,1,1,2026,Weekday
2026010906,2026-01-09 06:45:36,6,9,1,1,2026,Weekday
2026010907,2026-01-09 07:41:03,7,9,1,1,2026,Weekday
2026010908,2026-01-09 08:25:34,8,9,1,1,2026,Weekday
2026010909,2026-01-09 09:41:31,9,9,1,1,2026,Weekday
2026010910,2026-01-09 10:24:43,10,9,1,1,2026,Weekday
2026010911,2026-01-09 11:15:52,11,9,1,1,2026,Weekday
2026010912,2026-01-09 12:12:01,12,9,1,1,2026,Weekday
2026010913,2026-01-09 13:09:09,13,9,1,1,2026,Weekday
2026010915,2026-01-09 15:16:40,15,9,1,1,2026,Weekday
2026010916,2026-01-09 16:25:04,16,9,1,1,2026,Weekday
2026010917,2026-01-09 17:18:56,17,9,1,1,2026,Weekday
2026010918,2026-01-09 18:07:16,18,9,1,1,2026,Weekday
2026010920,2026-01-09 20:04:30,20,9,1,1,2026,Weekday
2026010921,2026-01-09 21:49:14,21,9,1,1,2026,Weekday
2026010922,2026-01-09 22:41:29,22,9,1,1,2026,Weekday
2026010923,2026-01-09 23:19:02,23,9,1,1,2026,Weekday
2026011000,2026-01-10 00:57:38,0,10,1,1,2026,Weekend
2026011001,2026-01-10 01:02:38,1,10,1,1,2026,Weekend
2026011002,2026-01-10 02:02:26,2,10,1,1,2026,Weekend
2026011004,2026-01-10 04:28:23,4,10,1,1,2026,Weekend
2026011005,2026-01-10 05:05:46,5,10,1,1,2026,Weekend
2026011007,2026-01-10 07:57:43,7,10,1,1,2026,Weekend
2026011008,2026-01-10 08:38:46,8,10,1,1,2026,Weekend
2026011009,2026-01-10 09:55:49,9,10,1,1,2026,Weekend
2026011010,2026-01-10 10:59:09,10,10,1,1,2026,Weekend
2026011011,2026-01-10 11:21:29,11,10,1,1,2026,Weekend
2026011012,2026-01-10 12:44:27,12,10,1,1,2026,Weekend
2026011013,2026-01-10 13:06:08,13,10,1,1,2026,Weekend
2026011014,2026-01-10 14:13:34,14,10,1,1,2026,Weekend
2026011018,2026-01-10 18:13:47,18,10,1,1,2026,Weekend
2026011022,2026-01-10 22:05:43,22,10,1,1,2026,Weekend
2026011101,2026-01-11 01:30:55,1,11,2,1,2026,Weekend
2026011102,2026-01-11 02:21:19,2,11,2,1,2026,Weekend
2026011103,2026-01-11 03:57:20,3,11,2,1,2026,Weekend
2026011104,2026-01-11 04:24:15,4,11,2,1,2026,Weekend
2026011106,2026-01-11 06:45:55,6,11,2,1,2026,Weekend
2026011108,2026-01-11 08:26:13,8,11,2,1,2026,Weekend
2026011109,2026-01-11 09:52:27,9,11,2,1,2026,Weekend
2026011110,2026-01-11 10:30:46,10,11,2,1,2026,Weekend
2026011111,2026-01-11 11:49:38,11,11,2,1,2026,Weekend
2026011113,2026-01-11 13:45:36,13,11,2,1,2026,Weekend
2026011115,2026-01-11 15:35:06,15,11,2,1,2026,Weekend
2026011118,2026-01-11 18:16:50,18,11,2,1,2026,Weekend
2026011119,2026-01-11 19:55:42,19,11,2,1,2026,Weekend
2026011120,2026-01-11 20:55:47,20,11,2,1,2026,Weekend
2026011121,2026-01-11 21:51:57,21,11,2,1,2026,Weekend
2026011122,2026-01-11 22:01:00,22,11,2,1,2026,Weekend
2026011123,2026-01-11 23:48:17,23,11,2,1,2026,Weekend
2026011200,2026-01-12 00:26:58,0,12,2,1,2026,Weekday
2026011201,2026-01-12 01:27:42,1,12,2,1,2026,Weekday
2026011203,2026-01-12 03:54:39,3,12,2,1,2026,Weekday
2026011204,2026-01-12 04:54:03,4,12,2,1,2026,Weekday
2026011206,2026-01-12 06:11:11,6,12,2,1,2026,Weekday
2026011207,2026-01-12 07:42:36,7,12,2,1,2026,Weekday
2026011208,2026-01-12 08:36:37,8,12,2,1,2026,Weekday
2026011209,2026-01-12 09:51:40,9,12,2,1,2026,Weekday
2026011214,2026-01-12 14:34:20,14,12,2,1,2026,Weekday
2026011217,2026-01-12 17:27:20,17,12,2,1,2026,Weekday
2026011220,2026-01-12 20:22:04,20,12,2,1,2026,Weekday
2026011222,2026-01-12 22:01:37,22,12,2,1,2026,Weekday
2026011223,2026-01-12 23:58:28,23,12,2,1,2026,Weekday
2026011301,2026-01-13 01:23:47,1,13,2,1,2026,Weekday
2026011302,2026-01-13 02:48:17,2,13,2,1,2026,Weekday
2026011304,2026-01-13 04:58:00,4,13,2,1,2026,Weekday
2026011307,2026-01-13 07:54:17,7,13,2,1,2026,Weekday
2026011308,2026-01-13 08:57:58,8,13,2,1,2026,Weekday
2026011309,2026-01-13 09:19:04,9,13,2,1,2026,Weekday
2026011313,2026-01-13 13:52:08,13,13,2,1,2026,Weekday
2026011314,2026-01-13 14:05:35,14,13,2,1,2026,Weekday
2026011315,2026-01-13 15:01:13,15,13,2,1,2026,Weekday
2026011318,2026-01-13 18:04:57,18,13,2,1,2026,Weekday
2026011319,2026-01-13 19:25:47,19,13,2,1,2026,Weekday
2026011320,2026-01-13 20:38:53,20,13,2,1,2026,Weekday
2026011323,2026-01-13 23:39:57,23,13,2,1,2026,Weekday
2026011401,2026-01-14 01:49:18,1,14,2,1,2026,Weekday
2026011402,2026-01-14 02:59:04,2,14,2,1,2026,Weekday
2026011403,2026-01-14 03:11:53,3,14,2,1,2026,Weekday
2026011404,2026-01-14 04:55:14,4,14,2,1,2026,Weekday
2026011405,2026-01-14 05:05:14,5,14,2,1,2026,Weekday
2026011406,2026-01-14 06:34:46,6,14,2,1,2026,Weekday
2026011407,2026-01-14 07:13:33,7,14,2,1,2026,Weekday
2026011408,2026-01-14 08:35:24,8,14,2,1,2026,Weekday
2026011409,2026-01-14 09:21:07,9,14,2,1,2026,Weekday
2026011410,2026-01-14 10:06:44,10,14,2,1,2026,Weekday
2026011412,2026-01-14 12:28:57,12,14,2,1,2026,Weekday
2026011413,2026-01-14 13:58:47,13,14,2,1,2026,Weekday
2026011414,2026-01-14 14:03:47,14,14,2,1,2026,Weekday
2026011415,2026-01-14 15:52:27,15,14,2,1,2026,Weekday
2026011416,2026-01-14 16:31:48,16,14,2,1,2026,Weekday
2026011417,2026-01-14 17:18:26,17,14,2,1,2026,Weekday
2026011418,2026-01-14 18:43:46,18,14,2,1,2026,Weekday
2026011419,2026-01-14 19:38:50,19,14,2,1,2026,Weekday
2026011420,2026-01-14 20:27:00,20,14,2,1,2026,Weekday
2026011422,2026-01-14 22:17:33,22,14,2,1,2026,Weekday
2026011500,2026-01-15 00:37:19,0,15,2,1,2026,Weekday
2026011501,2026-01-15 01:47:37,1,15,2,1,2026,Weekday
2026011502,2026-01-15 02:25:38,2,15,2,1,2026,Weekday
2026011506,2026-01-15 06:00:23,6,15,2,1,2026,Weekday
2026011508,2026-01-15 08:25:59,8,15,2,1,2026,Weekday
2026011510,2026-01-15 10:40:26,10,15,2,1,2026,Weekday
2026011511,2026-01-15 11:04:20,11,15,2,1,2026,Weekday
2026011512,2026-01-15 12:45:58,12,15,2,1,2026,Weekday
2026011513,2026-01-15 13:18:33,13,15,2,1,2026,Weekday
2026011516,2026-01-15 16:47:11,16,15,2,1,2026,Weekday
2026011518,2026-01-15 18:10:00,18,15,2,1,2026,Weekday
2026011519,2026-01-15 19:07:23,19,15,2,1,2026,Weekday
2026011520,2026-01-15 20:40:34,20,15,2,1,2026,Weekday
2026011521,2026-01-15 21:51:03,21,15,2,1,2026,Weekday
2026011522,2026-01-15 22:02:07,22,15,2,1,2026,Weekday
2026011523,2026-01-15 23:04:09,23,15,2,1,2026,Weekday
2026011600,2026-01-16 00:00:16,0,16,2,1,2026,Weekday
2026011601,2026-01-16 01:44:14,1,16,2,1,2026,Weekday
2026011602,2026-01-16 02:03:34,2,16,2,1,2026,Weekday
2026011604,2026-01-16 04:10:22,4,16,2,1,2026,Weekday
2026011605,2026-01-16 05:08:54,5,16,2,1,2026,Weekday
2026011607,2026-01-16 07:48:36,7,16,2,1,2026,Weekday
2026011608,2026-01-16 08:45:57,8,16,2,1,2026,Weekday
2026011609,2026-01-16 09:24:39,9,16,2,1,2026,Weekday
2026011610,2026-01-16 10:35:36,10,16,2,1,2026,Weekday
2026011611,2026-01-16 11:36:42,11,16,2,1,2026,Weekday
2026011612,2026-01-16 12:20:27,12,16,2,1,2026,Weekday
2026011613,2026-01-16 13:01:51,13,16,2,1,2026,Weekday
2026011614,2026-01-16 14:19:36,14,16,2,1,2026,Weekday
2026011616,2026-01-16 16:52:49,16,16,2,1,2026,Weekday
2026011617,2026-01-16 17:13:34,17,16,2,1,2026,Weekday
2026011618,2026-01-16 18:36:16,18,16,2,1,2026,Weekday
2026011619,2026-01-16 19:03:02,19,16,2,1,2026,Weekday
2026011622,2026-01-16 22:04:43,22,16,2,1,2026,Weekday
2026011700,2026-01-17 00:43:21,0,17,2,1,2026,Weekend
2026011701,2026-01-17 01:32:01,1,17,2,1,2026,Weekend
2026011702,2026-01-17 02:56:43,2,17,2,1,2026,Weekend
2026011703,2026-01-17 03:25:10,3,17,2,1,2026,Weekend
2026011704,2026-01-17 04:32:23,4,17,2,1,2026,Weekend
2026011705,2026-01-17 05:51:22,5,17,2,1,2026,Weekend
2026011709,2026-01-17 09:10:26,9,17,2,1,2026,Weekend
2026011710,2026-01-17 10:20:26,10,17,2,1,2026,Weekend
2026011712,2026-01-17 12:49:38,12,17,2,1,2026,Weekend
2026011713,2026-01-17 13:56:05,13,17,2,1,2026,Weekend
2026011714,2026-01-17 14:06:05,14,17,2,1,2026,Weekend
2026011715,2026-01-17 15:42:16,15,17,2,1,2026,Weekend
2026011716,2026-01-17 16:02:48,16,17,2,1,2026,Weekend
2026011717,2026-01-17 17:43:00,17,17,2,1,2026,Weekend
2026011718,2026-01-17 18:27:43,18,17,2,1,2026,Weekend
2026011720,2026-01-17 20:39:03,20,17,2,1,2026,Weekend
2026011721,2026-01-17 21:13:10,21,17,2,1,2026,Weekend
2026011722,2026-01-17 22:01:55,22,17,2,1,2026,Weekend
2026011802,2026-01-18 02:41:23,2,18,3,1,2026,Weekend
2026011803,2026-01-18 03:55:13,3,18,3,1,2026,Weekend
2026011805,2026-01-18 05:36:32,5,18,3,1,2026,Weekend
2026011806,2026-01-18 06:58:57,6,18,3,1,2026,Weekend
2026011807,2026-01-18 07:00:57,7,18,3,1,2026,Weekend
2026011808,2026-01-18 08:04:36,8,18,3,1,2026,Weekend
2026011809,2026-01-18 09:45:09,9,18,3,1,2026,Weekend
2026011811,2026-01-18 11:51:01,11,18,3,1,2026,Weekend
2026011812,2026-01-18 12:03:34,12,18,3,1,2026,Weekend
2026011813,2026-01-18 13:27:05,13,18,3,1,2026,Weekend
2026011814,2026-01-18 14:16:55,14,18,3,1,2026,Weekend
2026011815,2026-01-18 15:48:36,15,18,3,1,2026,Weekend
2026011816,2026-01-18 16:13:00,16,18,3,1,2026,Weekend
2026011817,2026-01-18 17:37:32,17,18,3,1,2026,Weekend
2026011818,2026-01-18 18:32:06,18,18,3,1,2026,Weekend
2026011819,2026-01-18 19:17:27,19,18,3,1,2026,Weekend
2026011820,2026-01-18 20:24:09,20,18,3,1,2026,Weekend
2026011821,2026-01-18 21:00:24,21,18,3,1,2026,Weekend
2026011822,2026-01-18 22:35:05,22,18,3,1,2026,Weekend
2026011823,2026-01-18 23:46:35,23,18,3,1,2026,Weekend
2026011900,2026-01-19 00:47:43,0,19,3,1,2026,Weekday
2026011901,2026-01-19 01:43:49,1,19,3,1,2026,Weekday
2026011902,2026-01-19 02:07:21,2,19,3,1,2026,Weekday
2026011905,2026-01-19 05:16:15,5,19,3,1,2026,Weekday
2026011906,2026-01-19 06:55:42,6,19,3,1,2026,Weekday
2026011907,2026-01-19 07:16:01,7,19,3,1,2026,Weekday
2026011910,2026-01-19 10:04:24,10,19,3,1,2026,Weekday
2026011911,2026-01-19 11:04:52,11,19,3,1,2026,Weekday
2026011913,2026-01-19 13:02:32,13,19,3,1,2026,Weekday
2026011914,2026-01-19 14:38:29,14,19,3,1,2026,Weekday
2026011915,2026-01-19 15:03:26,15,19,3,1,2026,Weekday
2026011919,2026-01-19 19:50:34,19,19,3,1,2026,Weekday
2026011921,2026-01-19 21:05:10,21,19,3,1,2026,Weekday
2026011922,2026-01-19 22:53:56,22,19,3,1,2026,Weekday
2026011923,2026-01-19 23:57:08,23,19,3,1,2026,Weekday
2026012000,2026-01-20 00:21:07,0,20,3,1,2026,Weekday
2026012001,2026-01-20 01:26:03,1,20,3,1,2026,Weekday
2026012002,2026-01-20 02:50:15,2,20,3,1,2026,Weekday
2026012003,2026-01-20 03:58:16,3,20,3,1,2026,Weekday
2026012004,2026-01-20 04:03:16,4,20,3,1,2026,Weekday
2026012006,2026-01-20 06:12:57,6,20,3,1,2026,Weekday
2026012007,2026-01-20 07:56:08,7,20,3,1,2026,Weekday
2026012008,2026-01-20 08:53:26,8,20,3,1,2026,Weekday
2026012009,2026-01-20 09:23:39,9,20,3,1,2026,Weekday
2026012010,2026-01-20 10:12:18,10,20,3,1,2026,Weekday
2026012011,2026-01-20 11:50:37,11,20,3,1,2026,Weekday
2026012012,2026-01-20 12:14:01,12,20,3,1,2026,Weekday
2026012013,2026-01-20 13:10:37,13,20,3,1,2026,Weekday
2026012014,2026-01-20 14:01:36,14,20,3,1,2026,Weekday
2026012015,2026-01-20 15:39:46,15,20,3,1,2026,Weekday
2026012017,2026-01-20 17:21:52,17,20,3,1,2026,Weekday
2026012019,2026-01-20 19:28:55,19,20,3,1,2026,Weekday
2026012020,2026-01-20 20:30:52,20,20,3,1,2026,Weekday
2026012021,2026-01-20 21:03:48,21,20,3,1,2026,Weekday
2026012022,2026-01-20 22:49:50,22,20,3,1,2026,Weekday
2026012023,2026-01-20 23:02:13,23,20,3,1,2026,Weekday
2026012100,2026-01-21 00:41:27,0,21,3,1,2026,Weekday
2026012101,2026-01-21 01:07:18,1,21,3,1,2026,Weekday
2026012103,2026-01-21 03:01:36,3,21,3,1,2026,Weekday
2026012104,2026-01-21 04:36:25,4,21,3,1,2026,Weekday
2026012105,2026-01-21 05:58:46,5,21,3,1,2026,Weekday
2026012106,2026-01-21 06:03:23,6,21,3,1,2026,Weekday
2026012108,2026-01-21 08:44:22,8,21,3,1,2026,Weekday
2026012109,2026-01-21 09:32:32,9,21,3,1,2026,Weekday
2026012111,2026-01-21 11:18:38,11,21,3,1,2026,Weekday
2026012113,2026-01-21 13:16:23,13,21,3,1,2026,Weekday
2026012115,2026-01-21 15:27:50,15,21,3,1,2026,Weekday
2026012117,2026-01-21 17:27:29,17,21,3,1,2026,Weekday
2026012118,2026-01-21 18:43:34,18,21,3,1,2026,Weekday
2026012120,2026-01-21 20:04:09,20,21,3,1,2026,Weekday
2026012121,2026-01-21 21:08:44,21,21,3,1,2026,Weekday
2026012123,2026-01-21 23:01:48,23,21,3,1,2026,Weekday
2026012200,2026-01-22 00:51:36,0,22,3,1,2026,Weekday
2026012201,2026-01-22 01:39:54,1,22,3,1,2026,Weekday
2026012202,2026-01-22 02:59:10,2,22,3,1,2026,Weekday
2026012203,2026-01-22 03:01:10,3,22,3,1,2026,Weekday
2026012204,2026-01-22 04:49:52,4,22,3,1,2026,Weekday
2026012205,2026-01-22 05:48:17,5,22,3,1,2026,Weekday
2026012206,2026-01-22 06:28:20,6,22,3,1,2026,Weekday
2026012207,2026-01-22 07:00:51,7,22,3,1,2026,Weekday
2026012208,2026-01-22 08:42:00,8,22,3,1,2026,Weekday
2026012209,2026-01-22 09:43:05,9,22,3,1,2026,Weekday
2026012210,2026-01-22 10:47:28,10,22,3,1,2026,Weekday
2026012211,2026-01-22 11:17:06,11,22,3,1,2026,Weekday
2026012212,2026-01-22 12:42:48,12,22,3,1,2026,Weekday
2026012213,2026-01-22 13:19:54,13,22,3,1,2026,Weekday
2026012214,2026-01-22 14:40:56,14,22,3,1,2026,Weekday
2026012215,2026-01-22 15:03:48,15,22,3,1,2026,Weekday
2026012216,2026-01-22 16:46:31,16,22,3,1,2026,Weekday
2026012217,2026-01-22 17:56:43,17,22,3,1,2026,Weekday
2026012219,2026-01-22 19:29:13,19,22,3,1,2026,Weekday
2026012220,2026-01-22 20:32:04,20,22,3,1,2026,Weekday
2026012221,2026-01-22 21:00:07,21,22,3,1,2026,Weekday
2026012222,2026-01-22 22:33:24,22,22,3,1,2026,Weekday
2026012301,2026-01-23 01:50:03,1,23,3,1,2026,Weekday
2026012302,2026-01-23 02:30:30,2,23,3,1,2026,Weekday
2026012303,2026-01-23 03:00:15,3,23,3,1,2026,Weekday
2026012304,2026-01-23 04:40:25,4,23,3,1,2026,Weekday
2026012306,2026-01-23 06:25:27,6,23,3,1,2026,Weekday
2026012307,2026-01-23 07:05:27,7,23,3,1,2026,Weekday
2026012309,2026-01-23 09:09:32,9,23,3,1,2026,Weekday
2026012310,2026-01-23 10:05:21,10,23,3,1,2026,Weekday
2026012311,2026-01-23 11:26:06,11,23,3,1,2026,Weekday
2026012312,2026-01-23 12:30:30,12,23,3,1,2026,Weekday
2026012313,2026-01-23 13:36:12,13,23,3,1,2026,Weekday
2026012314,2026-01-23 14:54:24,14,23,3,1,2026,Weekday
2026012315,2026-01-23 15:42:22,15,23,3,1,2026,Weekday
2026012316,2026-01-23 16:41:12,16,23,3,1,2026,Weekday
2026012317,2026-01-23 17:35:48,17,23,3,1,2026,Weekday
2026012318,2026-01-23 18:51:45,18,23,3,1,2026,Weekday
2026012319,2026-01-23 19:26:40,19,23,3,1,2026,Weekday
2026012320,2026-01-23 20:56:48,20,23,3,1,2026,Weekday
2026012321,2026-01-23 21:04:48,21,23,3,1,2026,Weekday
2026012322,2026-01-23 22:43:12,22,23,3,1,2026,Weekday
2026012323,2026-01-23 23:15:57,23,23,3,1,2026,Weekday
2026012400,2026-01-24 00:59:59,0,24,3,1,2026,Weekend
2026012401,2026-01-24 01:56:24,1,24,3,1,2026,Weekend
2026012402,2026-01-24 02:39:54,2,24,3,1,2026,Weekend
2026012404,2026-01-24 04:22:53,4,24,3,1,2026,Weekend
2026012405,2026-01-24 05:54:13,5,24,3,1,2026,Weekend
2026012406,2026-01-24 06:52:13,6,24,3,1,2026,Weekend
2026012408,2026-01-24 08:59:43,8,24,3,1,2026,Weekend
2026012409,2026-01-24 09:02:43,9,24,3,1,2026,Weekend
2026012410,2026-01-24 10:58:15,10,24,3,1,2026,Weekend
2026012411,2026-01-24 11:02:15,11,24,3,1,2026,Weekend
2026012413,2026-01-24 13:19:36,13,24,3,1,2026,Weekend
2026012414,2026-01-24 14:05:22,14,24,3,1,2026,Weekend
2026012415,2026-01-24 15:06:13,15,24,3,1,2026,Weekend
2026012416,2026-01-24 16:08:21,16,24,3,1,2026,Weekend
2026012417,2026-01-24 17:04:34,17,24,3,1,2026,Weekend
2026012419,2026-01-24 19:56:30,19,24,3,1,2026,Weekend
2026012422,2026-01-24 22:32:48,22,24,3,1,2026,Weekend
2026012423,2026-01-24 23:59:10,23,24,3,1,2026,Weekend
2026012500,2026-01-25 00:49:40,0,25,4,1,2026,Weekend
2026012501,2026-01-25 01:02:26,1,25,4,1,2026,Weekend
2026012503,2026-01-25 03:54:54,3,25,4,1,2026,Weekend
2026012504,2026-01-25 04:02:10,4,25,4,1,2026,Weekend
2026012506,2026-01-25 06:55:05,6,25,4,1,2026,Weekend
2026012507,2026-01-25 07:49:53,7,25,4,1,2026,Weekend
2026012508,2026-01-25 08:04:08,8,25,4,1,2026,Weekend
2026012509,2026-01-25 09:05:38,9,25,4,1,2026,Weekend
2026012511,2026-01-25 11:59:59,11,25,4,1,2026,Weekend
2026012512,2026-01-25 12:04:53,12,25,4,1,2026,Weekend
2026012514,2026-01-25 14:30:25,14,25,4,1,2026,Weekend
2026012515,2026-01-25 15:19:22,15,25,4,1,2026,Weekend
2026012516,2026-01-25 16:59:38,16,25,4,1,2026,Weekend
2026012517,2026-01-25 17:01:38,17,25,4,1,2026,Weekend
2026012519,2026-01-25 19:26:52,19,25,4,1,2026,Weekend
2026012520,2026-01-25 20:56:40,20,25,4,1,2026,Weekend
2026012521,2026-01-25 21:58:34,21,25,4,1,2026,Weekend
2026012522,2026-01-25 22:01:34,22,25,4,1,2026,Weekend
2026012523,2026-01-25 23:07:00,23,25,4,1,2026,Weekend
2026012600,2026-01-26 00:05:10,0,26,4,1,2026,Weekday
2026012601,2026-01-26 01:06:02,1,26,4,1,2026,Weekday
2026012604,2026-01-26 04:15:52,4,26,4,1,2026,Weekday
2026012607,2026-01-26 07:39:01,7,26,4,1,2026,Weekday
2026012608,2026-01-26 08:31:51,8,26,4,1,2026,Weekday
2026012609,2026-01-26 09:01:14,9,26,4,1,2026,Weekday
2026012611,2026-01-26 11:14:30,11,26,4,1,2026,Weekday
2026012613,2026-01-26 13:30:19,13,26,4,1,2026,Weekday
2026012614,2026-01-26 14:47:16,14,26,4,1,2026,Weekday
2026012615,2026-01-26 15:40:37,15,26,4,1,2026,Weekday
2026012617,2026-01-26 17:55:26,17,26,4,1,2026,Weekday
2026012618,2026-01-26 18:57:17,18,26,4,1,2026,Weekday
2026012619,2026-01-26 19:37:19,19,26,4,1,2026,Weekday
2026012620,2026-01-26 20:40:01,20,26,4,1,2026,Weekday
2026012621,2026-01-26 21:41:53,21,26,4,1,2026,Weekday
2026012622,2026-01-26 22:10:36,22,26,4,1,2026,Weekday
2026012623,2026-01-26 23:20:17,23,26,4,1,2026,Weekday
2026012700,2026-01-27 00:02:06,0,27,4,1,2026,Weekday
2026012701,2026-01-27 01:43:52,1,27,4,1,2026,Weekday
2026012702,2026-01-27 02:58:23,2,27,4,1,2026,Weekday
2026012703,2026-01-27 03:00:23,3,27,4,1,2026,Weekday
2026012706,2026-01-27 06:45:14,6,27,4,1,2026,Weekday
2026012709,2026-01-27 09:18:56,9,27,4,1,2026,Weekday
2026012710,2026-01-27 10:18:27,10,27,4,1,2026,Weekday
2026012711,2026-01-27 11:40:28,11,27,4,1,2026,Weekday
2026012712,2026-01-27 12:48:48,12,27,4,1,2026,Weekday
2026012713,2026-01-27 13:00:39,13,27,4,1,2026,Weekday
2026012714,2026-01-27 14:48:29,14,27,4,1,2026,Weekday
2026012715,2026-01-27 15:35:07,15,27,4,1,2026,Weekday
2026012716,2026-01-27 16:56:12,16,27,4,1,2026,Weekday
2026012717,2026-01-27 17:58:00,17,27,4,1,2026,Weekday
2026012718,2026-01-27 18:58:02,18,27,4,1,2026,Weekday
2026012719,2026-01-27 19:03:02,19,27,4,1,2026,Weekday
2026012720,2026-01-27 20:17:19,20,27,4,1,2026,Weekday
2026012722,2026-01-27 22:20:32,22,27,4,1,2026,Weekday
2026012800,2026-01-28 00:39:11,0,28,4,1,2026,Weekday
2026012802,2026-01-28 02:46:02,2,28,4,1,2026,Weekday
2026012803,2026-01-28 03:50:49,3,28,4,1,2026,Weekday
2026012805,2026-01-28 05:39:01,5,28,4,1,2026,Weekday
2026012807,2026-01-28 07:51:58,7,28,4,1,2026,Weekday
2026012808,2026-01-28 08:01:58,8,28,4,1,2026,Weekday
2026012809,2026-01-28 09:36:15,9,28,4,1,2026,Weekday
2026012810,2026-01-28 10:27:55,10,28,4,1,2026,Weekday
2026012811,2026-01-28 11:51:07,11,28,4,1,2026,Weekday
2026012814,2026-01-28 14:53:54,14,28,4,1,2026,Weekday
2026012815,2026-01-28 15:21:05,15,28,4,1,2026,Weekday
2026012816,2026-01-28 16:02:50,16,28,4,1,2026,Weekday
2026012817,2026-01-28 17:01:38,17,28,4,1,2026,Weekday
2026012818,2026-01-28 18:47:15,18,28,4,1,2026,Weekday
2026012820,2026-01-28 20:12:57,20,28,4,1,2026,Weekday
2026012821,2026-01-28 21:40:12,21,28,4,1,2026,Weekday
2026012822,2026-01-28 22:17:50,22,28,4,1,2026,Weekday
2026012900,2026-01-29 00:41:01,0,29,4,1,2026,Weekday
2026012902,2026-01-29 02:00:31,2,29,4,1,2026,Weekday
2026012903,2026-01-29 03:08:00,3,29,4,1,2026,Weekday
2026012904,2026-01-29 04:38:27,4,29,4,1,2026,Weekday
2026012905,2026-01-29 05:44:55,5,29,4,1,2026,Weekday
2026012907,2026-01-29 07:25:07,7,29,4,1,2026,Weekday
2026012908,2026-01-29 08:35:02,8,29,4,1,2026,Weekday
2026012909,2026-01-29 09:42:39,9,29,4,1,2026,Weekday
2026012911,2026-01-29 11:30:45,11,29,4,1,2026,Weekday
2026012912,2026-01-29 12:02:58,12,29,4,1,2026,Weekday
2026012913,2026-01-29 13:56:06,13,29,4,1,2026,Weekday
2026012915,2026-01-29 15:10:22,15,29,4,1,2026,Weekday
2026012916,2026-01-29 16:50:54,16,29,4,1,2026,Weekday
2026012917,2026-01-29 17:21:39,17,29,4,1,2026,Weekday
2026012918,2026-01-29 18:25:03,18,29,4,1,2026,Weekday
2026012920,2026-01-29 20:37:41,20,29,4,1,2026,Weekday
2026012921,2026-01-29 21:35:54,21,29,4,1,2026,Weekday
2026012922,2026-01-29 22:29:08,22,29,4,1,2026,Weekday
2026012923,2026-01-29 23:59:27,23,29,4,1,2026,Weekday
2026013000,2026-01-30 00:07:15,0,30,4,1,2026,Weekday
2026013003,2026-01-30 03:50:57,3,30,4,1,2026,Weekday
2026013004,2026-01-30 04:15:51,4,30,4,1,2026,Weekday
2026013007,2026-01-30 07:51:57,7,30,4,1,2026,Weekday
2026013008,2026-01-30 08:31:47,8,30,4,1,2026,Weekday
2026013009,2026-01-30 09:40:07,9,30,4,1,2026,Weekday
2026013010,2026-01-30 10:16:52,10,30,4,1,2026,Weekday
2026013013,2026-01-30 13:36:22,13,30,4,1,2026,Weekday
2026013014,2026-01-30 14:10:16,14,30,4,1,2026,Weekday
2026013015,2026-01-30 15:27:18,15,30,4,1,2026,Weekday
2026013016,2026-01-30 16:09:05,16,30,4,1,2026,Weekday
2026013017,2026-01-30 17:57:10,17,30,4,1,2026,Weekday
2026013018,2026-01-30 18:36:13,18,30,4,1,2026,Weekday
2026013019,2026-01-30 19:33:56,19,30,4,1,2026,Weekday
2026013020,2026-01-30 20:28:18,20,30,4,1,2026,Weekday
2026013021,2026-01-30 21:41:03,21,30,4,1,2026,Weekday
2026013022,2026-01-30 22:31:24,22,30,4,1,2026,Weekday
2026013023,2026-01-30 23:21:56,23,30,4,1,2026,Weekday
2026013100,2026-01-31 00:59:34,0,31,4,1,2026,Weekend
2026013101,2026-01-31 01:02:34,1,31,4,1,2026,Weekend
2026013102,2026-01-31 02:33:55,2,31,4,1,2026,Weekend
2026013105,2026-01-31 05:45:31,5,31,4,1,2026,Weekend
2026013106,2026-01-31 06:18:49,6,31,4,1,2026,Weekend
2026013107,2026-01-31 07:54:44,7,31,4,1,2026,Weekend
2026013109,2026-01-31 09:37:56,9,31,4,1,2026,Weekend
2026013110,2026-01-31 10:15:09,10,31,4,1,2026,Weekend
2026013111,2026-01-31 11:43:36,11,31,4,1,2026,Weekend
2026013113,2026-01-31 13:31:14,13,31,4,1,2026,Weekend
2026013114,2026-01-31 14:14:12,14,31,4,1,2026,Weekend
2026013115,2026-01-31 15:36:46,15,31,4,1,2026,Weekend
2026013118,2026-01-31 18:03:06,18,31,4,1,2026,Weekend
2026013119,2026-01-31 19:49:23,19,31,4,1,2026,Weekend
2026013120,2026-01-31 20:33:44,20,31,4,1,2026,Weekend
2026013121,2026-01-31 21:49:23,21,31,4,1,2026,Weekend
2026013123,2026-01-31 23:45:25,23,31,4,1,2026,Weekend
2026020100,2026-02-01 00:49:41,0,1,5,2,2026,Weekend
2026020102,2026-02-01 02:25:01,2,1,5,2,2026,Weekend
2026020103,2026-02-01 03:06:10,3,1,5,2,2026,Weekend
2026020105,2026-02-01 05:24:00,5,1,5,2,2026,Weekend
2026020106,2026-02-01 06:52:14,6,1,5,2,2026,Weekend
2026020107,2026-02-01 07:21:17,7,1,5,2,2026,Weekend
2026020111,2026-02-01 11:03:51,11,1,5,2,2026,Weekend
2026020112,2026-02-01 12:43:08,12,1,5,2,2026,Weekend
2026020113,2026-02-01 13:15:53,13,1,5,2,2026,Weekend
2026020114,2026-02-01 14:50:12,14,1,5,2,2026,Weekend
2026020115,2026-02-01 15:21:21,15,1,5,2,2026,Weekend
2026020116,2026-02-01 16:39:28,16,1,5,2,2026,Weekend
2026020117,2026-02-01 17:58:20,17,1,5,2,2026,Weekend
2026020118,2026-02-01 18:39:26,18,1,5,2,2026,Weekend
2026020119,2026-02-01 19:58:31,19,1,5,2,2026,Weekend
2026020121,2026-02-01 21:16:09,21,1,5,2,2026,Weekend
2026020122,2026-02-01 22:04:39,22,1,5,2,2026,Weekend
2026020202,2026-02-02 02:49:32,2,2,5,2,2026,Weekday
2026020205,2026-02-02 05:03:13,5,2,5,2,2026,Weekday
2026020208,2026-02-02 08:22:10,8,2,5,2,2026,Weekday
2026020210,2026-02-02 10:26:10,10,2,5,2,2026,Weekday
2026020214,2026-02-02 14:16:26,14,2,5,2,2026,Weekday
2026020215,2026-02-02 15:12:38,15,2,5,2,2026,Weekday
2026020219,2026-02-02 19:24:13,19,2,5,2,2026,Weekday
2026020220,2026-02-02 20:28:05,20,2,5,2,2026,Weekday
2026020221,2026-02-02 21:08:36,21,2,5,2,2026,Weekday
2026020223,2026-02-02 23:21:58,23,2,5,2,2026,Weekday
2026020301,2026-02-03 01:30:45,1,3,5,2,2026,Weekday
2026020302,2026-02-03 02:01:30,2,3,5,2,2026,Weekday
2026020305,2026-02-03 05:37:50,5,3,5,2,2026,Weekday
2026020306,2026-02-03 06:00:37,6,3,5,2,2026,Weekday
2026020308,2026-02-03 08:19:48,8,3,5,2,2026,Weekday
2026020309,2026-02-03 09:33:47,9,3,5,2,2026,Weekday
2026020310,2026-02-03 10:33:02,10,3,5,2,2026,Weekday
2026020312,2026-02-03 12:21:12,12,3,5,2,2026,Weekday
2026020313,2026-02-03 13:26:02,13,3,5,2,2026,Weekday
2026020315,2026-02-03 15:15:13,15,3,5,2,2026,Weekday
2026020316,2026-02-03 16:59:21,16,3,5,2,2026,Weekday
2026020317,2026-02-03 17:16:30,17,3,5,2,2026,Weekday
2026020318,2026-02-03 18:18:03,18,3,5,2,2026,Weekday
2026020320,2026-02-03 20:43:50,20,3,5,2,2026,Weekday
2026020321,2026-02-03 21:58:21,21,3,5,2,2026,Weekday
2026020322,2026-02-03 22:01:21,22,3,5,2,2026,Weekday
2026020323,2026-02-03 23:34:40,23,3,5,2,2026,Weekday
2026020400,2026-02-04 00:56:29,0,4,5,2,2026,Weekday
2026020402,2026-02-04 02:42:01,2,4,5,2,2026,Weekday
2026020404,2026-02-04 04:06:23,4,4,5,2,2026,Weekday
2026020405,2026-02-04 05:46:19,5,4,5,2,2026,Weekday
2026020406,2026-02-04 06:26:42,6,4,5,2,2026,Weekday
2026020407,2026-02-04 07:02:21,7,4,5,2,2026,Weekday
2026020408,2026-02-04 08:18:03,8,4,5,2,2026,Weekday
2026020409,2026-02-04 09:21:55,9,4,5,2,2026,Weekday
2026020410,2026-02-04 10:47:18,10,4,5,2,2026,Weekday
2026020411,2026-02-04 11:22:05,11,4,5,2,2026,Weekday
2026020412,2026-02-04 12:35:42,12,4,5,2,2026,Weekday
2026020413,2026-02-04 13:50:14,13,4,5,2,2026,Weekday
2026020414,2026-02-04 14:38:07,14,4,5,2,2026,Weekday
2026020416,2026-02-04 16:04:15,16,4,5,2,2026,Weekday
2026020417,2026-02-04 17:13:41,17,4,5,2,2026,Weekday
2026020418,2026-02-04 18:08:07,18,4,5,2,2026,Weekday
2026020419,2026-02-04 19:47:26,19,4,5,2,2026,Weekday
2026020420,2026-02-04 20:06:37,20,4,5,2,2026,Weekday
2026020421,2026-02-04 21:36:25,21,4,5,2,2026,Weekday
2026020422,2026-02-04 22:36:40,22,4,5,2,2026,Weekday
2026020500,2026-02-05 00:38:20,0,5,5,2,2026,Weekday
2026020501,2026-02-05 01:52:29,1,5,5,2,2026,Weekday
2026020503,2026-02-05 03:40:16,3,5,5,2,2026,Weekday
2026020504,2026-02-05 04:59:17,4,5,5,2,2026,Weekday
2026020505,2026-02-05 05:01:17,5,5,5,2,2026,Weekday
2026020506,2026-02-05 06:54:53,6,5,5,2,2026,Weekday
2026020508,2026-02-05 08:26:33,8,5,5,2,2026,Weekday
2026020509,2026-02-05 09:58:00,9,5,5,2,2026,Weekday
2026020510,2026-02-05 10:15:59,10,5,5,2,2026,Weekday
2026020511,2026-02-05 11:17:43,11,5,5,2,2026,Weekday
2026020513,2026-02-05 13:16:34,13,5,5,2,2026,Weekday
2026020515,2026-02-05 15:25:41,15,5,5,2,2026,Weekday
2026020517,2026-02-05 17:29:07,17,5,5,2,2026,Weekday
2026020520,2026-02-05 20:12:14,20,5,5,2,2026,Weekday
2026020521,2026-02-05 21:57:52,21,5,5,2,2026,Weekday
2026020522,2026-02-05 22:37:35,22,5,5,2,2026,Weekday
2026020523,2026-02-05 23:07:09,23,5,5,2,2026,Weekday
2026020600,2026-02-06 00:42:59,0,6,5,2,2026,Weekday
2026020601,2026-02-06 01:15:37,1,6,5,2,2026,Weekday
2026020603,2026-02-06 03:25:32,3,6,5,2,2026,Weekday
2026020604,2026-02-06 04:05:22,4,6,5,2,2026,Weekday
2026020606,2026-02-06 06:27:59,6,6,5,2,2026,Weekday
2026020608,2026-02-06 08:31:52,8,6,5,2,2026,Weekday
2026020609,2026-02-06 09:52:12,9,6,5,2,2026,Weekday
2026020610,2026-02-06 10:16:58,10,6,5,2,2026,Weekday
2026020612,2026-02-06 12:38:58,12,6,5,2,2026,Weekday
2026020613,2026-02-06 13:54:57,13,6,5,2,2026,Weekday
2026020614,2026-02-06 14:03:36,14,6,5,2,2026,Weekday
2026020615,2026-02-06 15:32:44,15,6,5,2,2026,Weekday
2026020616,2026-02-06 16:10:43,16,6,5,2,2026,Weekday
2026020617,2026-02-06 17:37:40,17,6,5,2,2026,Weekday
2026020618,2026-02-06 18:19:37,18,6,5,2,2026,Weekday
2026020619,2026-02-06 19:47:05,19,6,5,2,2026,Weekday
2026020620,2026-02-06 20:39:49,20,6,5,2,2026,Weekday
2026020621,2026-02-06 21:34:39,21,6,5,2,2026,Weekday
2026020622,2026-02-06 22:47:54,22,6,5,2,2026,Weekday
2026020623,2026-02-06 23:02:51,23,6,5,2,2026,Weekday
2026020701,2026-02-07 01:47:19,1,7,5,2,2026,Weekend
2026020702,2026-02-07 02:02:07,2,7,5,2,2026,Weekend
2026020704,2026-02-07 04:54:47,4,7,5,2,2026,Weekend
2026020705,2026-02-07 05:50:37,5,7,5,2,2026,Weekend
2026020707,2026-02-07 07:13:39,7,7,5,2,2026,Weekend
2026020708,2026-02-07 08:04:24,8,7,5,2,2026,Weekend
2026020709,2026-02-07 09:56:01,9,7,5,2,2026,Weekend
2026020710,2026-02-07 10:29:36,10,7,5,2,2026,Weekend
2026020711,2026-02-07 11:45:18,11,7,5,2,2026,Weekend
2026020712,2026-02-07 12:46:12,12,7,5,2,2026,Weekend
2026020714,2026-02-07 14:13:04,14,7,5,2,2026,Weekend
2026020718,2026-02-07 18:48:54,18,7,5,2,2026,Weekend
2026020720,2026-02-07 20:49:39,20,7,5,2,2026,Weekend
2026020721,2026-02-07 21:45:18,21,7,5,2,2026,Weekend
2026020723,2026-02-07 23:38:43,23,7,5,2,2026,Weekend
2026020800,2026-02-08 00:36:37,0,8,6,2,2026,Weekend
2026020802,2026-02-08 02:22:27,2,8,6,2,2026,Weekend
2026020803,2026-02-08 03:08:30,3,8,6,2,2026,Weekend
2026020804,2026-02-08 04:36:17,4,8,6,2,2026,Weekend
2026020805,2026-02-08 05:21:11,5,8,6,2,2026,Weekend
2026020806,2026-02-08 06:43:57,6,8,6,2,2026,Weekend
2026020807,2026-02-08 07:40:37,7,8,6,2,2026,Weekend
2026020809,2026-02-08 09:13:00,9,8,6,2,2026,Weekend
2026020811,2026-02-08 11:09:07,11,8,6,2,2026,Weekend
2026020812,2026-02-08 12:28:53,12,8,6,2,2026,Weekend
2026020815,2026-02-08 15:49:30,15,8,6,2,2026,Weekend
2026020816,2026-02-08 16:49:50,16,8,6,2,2026,Weekend
2026020817,2026-02-08 17:06:36,17,8,6,2,2026,Weekend
2026020818,2026-02-08 18:51:10,18,8,6,2,2026,Weekend
2026020819,2026-02-08 19:36:59,19,8,6,2,2026,Weekend
2026020820,2026-02-08 20:26:51,20,8,6,2,2026,Weekend
2026020821,2026-02-08 21:22:04,21,8,6,2,2026,Weekend
2026020822,2026-02-08 22:10:46,22,8,6,2,2026,Weekend
2026020823,2026-02-08 23:04:19,23,8,6,2,2026,Weekend
2026020902,2026-02-09 02:59:34,2,9,6,2,2026,Weekday
2026020903,2026-02-09 03:11:30,3,9,6,2,2026,Weekday
2026020904,2026-02-09 04:15:44,4,9,6,2,2026,Weekday
2026020905,2026-02-09 05:22:32,5,9,6,2,2026,Weekday
2026020906,2026-02-09 06:49:41,6,9,6,2,2026,Weekday
2026020907,2026-02-09 07:49:19,7,9,6,2,2026,Weekday
2026020908,2026-02-09 08:39:04,8,9,6,2,2026,Weekday
2026020911,2026-02-09 11:30:32,11,9,6,2,2026,Weekday
2026020914,2026-02-09 14:55:35,14,9,6,2,2026,Weekday
2026020915,2026-02-09 15:43:20,15,9,6,2,2026,Weekday
2026020918,2026-02-09 18:21:26,18,9,6,2,2026,Weekday
2026020921,2026-02-09 21:00:09,21,9,6,2,2026,Weekday
2026020923,2026-02-09 23:52:26,23,9,6,2,2026,Weekday
2026021000,2026-02-10 00:00:15,0,10,6,2,2026,Weekday
2026021001,2026-02-10 01:40:24,1,10,6,2,2026,Weekday
2026021003,2026-02-10 03:16:02,3,10,6,2,2026,Weekday
2026021005,2026-02-10 05:00:16,5,10,6,2,2026,Weekday
2026021007,2026-02-10 07:27:58,7,10,6,2,2026,Weekday
2026021008,2026-02-10 08:52:58,8,10,6,2,2026,Weekday
2026021010,2026-02-10 10:45:59,10,10,6,2,2026,Weekday
2026021012,2026-02-10 12:29:43,12,10,6,2,2026,Weekday
2026021013,2026-02-10 13:51:29,13,10,6,2,2026,Weekday
2026021015,2026-02-10 15:06:17,15,10,6,2,2026,Weekday
2026021016,2026-02-10 16:09:50,16,10,6,2,2026,Weekday
2026021017,2026-02-10 17:43:02,17,10,6,2,2026,Weekday
2026021018,2026-02-10 18:33:18,18,10,6,2,2026,Weekday
2026021022,2026-02-10 22:35:27,22,10,6,2,2026,Weekday
2026021023,2026-02-10 23:08:30,23,10,6,2,2026,Weekday
2026021100,2026-02-11 00:12:01,0,11,6,2,2026,Weekday
2026021101,2026-02-11 01:26:17,1,11,6,2,2026,Weekday
2026021102,2026-02-11 02:18:18,2,11,6,2,2026,Weekday
2026021103,2026-02-11 03:27:47,3,11,6,2,2026,Weekday
2026021105,2026-02-11 05:47:02,5,11,6,2,2026,Weekday
2026021106,2026-02-11 06:09:14,6,11,6,2,2026,Weekday
2026021107,2026-02-11 07:45:40,7,11,6,2,2026,Weekday
2026021108,2026-02-11 08:57:33,8,11,6,2,2026,Weekday
2026021109,2026-02-11 09:00:20,9,11,6,2,2026,Weekday
2026021110,2026-02-11 10:22:15,10,11,6,2,2026,Weekday
2026021111,2026-02-11 11:51:05,11,11,6,2,2026,Weekday
2026021112,2026-02-11 12:46:23,12,11,6,2,2026,Weekday
2026021113,2026-02-11 13:29:38,13,11,6,2,2026,Weekday
2026021114,2026-02-11 14:00:28,14,11,6,2,2026,Weekday
2026021115,2026-02-11 15:42:50,15,11,6,2,2026,Weekday
2026021117,2026-02-11 17:17:51,17,11,6,2,2026,Weekday
2026021118,2026-02-11 18:13:14,18,11,6,2,2026,Weekday
2026021120,2026-02-11 20:18:51,20,11,6,2,2026,Weekday
2026021121,2026-02-11 21:57:55,21,11,6,2,2026,Weekday
2026021122,2026-02-11 22:02:55,22,11,6,2,2026,Weekday
2026021123,2026-02-11 23:44:38,23,11,6,2,2026,Weekday
2026021200,2026-02-12 00:01:19,0,12,6,2,2026,Weekday
2026021201,2026-02-12 01:53:59,1,12,6,2,2026,Weekday
2026021203,2026-02-12 03:55:00,3,12,6,2,2026,Weekday
2026021204,2026-02-12 04:35:05,4,12,6,2,2026,Weekday
2026021205,2026-02-12 05:13:49,5,12,6,2,2026,Weekday
2026021206,2026-02-12 06:38:40,6,12,6,2,2026,Weekday
2026021208,2026-02-12 08:33:17,8,12,6,2,2026,Weekday
2026021209,2026-02-12 09:35:45,9,12,6,2,2026,Weekday
2026021210,2026-02-12 10:19:05,10,12,6,2,2026,Weekday
2026021211,2026-02-12 11:04:25,11,12,6,2,2026,Weekday
2026021212,2026-02-12 12:55:07,12,12,6,2,2026,Weekday
2026021213,2026-02-12 13:05:07,13,12,6,2,2026,Weekday
2026021214,2026-02-12 14:03:23,14,12,6,2,2026,Weekday
2026021215,2026-02-12 15:14:22,15,12,6,2,2026,Weekday
2026021216,2026-02-12 16:28:51,16,12,6,2,2026,Weekday
2026021217,2026-02-12 17:06:23,17,12,6,2,2026,Weekday
2026021219,2026-02-12 19:57:04,19,12,6,2,2026,Weekday
2026021220,2026-02-12 20:02:04,20,12,6,2,2026,Weekday
2026021223,2026-02-12 23:57:32,23,12,6,2,2026,Weekday
2026021300,2026-02-13 00:49:21,0,13,6,2,2026,Weekday
2026021301,2026-02-13 01:03:01,1,13,6,2,2026,Weekday
2026021302,2026-02-13 02:36:12,2,13,6,2,2026,Weekday
2026021303,2026-02-13 03:20:34,3,13,6,2,2026,Weekday
2026021304,2026-02-13 04:45:33,4,13,6,2,2026,Weekday
2026021305,2026-02-13 05:38:01,5,13,6,2,2026,Weekday
2026021306,2026-02-13 06:19:10,6,13,6,2,2026,Weekday
2026021308,2026-02-13 08:20:46,8,13,6,2,2026,Weekday
2026021309,2026-02-13 09:06:42,9,13,6,2,2026,Weekday
2026021310,2026-02-13 10:02:49,10,13,6,2,2026,Weekday
2026021311,2026-02-13 11:30:21,11,13,6,2,2026,Weekday
2026021312,2026-02-13 12:19:21,12,13,6,2,2026,Weekday
2026021313,2026-02-13 13:44:52,13,13,6,2,2026,Weekday
2026021315,2026-02-13 15:46:45,15,13,6,2,2026,Weekday
2026021316,2026-02-13 16:44:57,16,13,6,2,2026,Weekday
2026021317,2026-02-13 17:18:26,17,13,6,2,2026,Weekday
2026021319,2026-02-13 19:38:36,19,13,6,2,2026,Weekday
2026021320,2026-02-13 20:09:06,20,13,6,2,2026,Weekday
2026021322,2026-02-13 22:37:28,22,13,6,2,2026,Weekday
2026021323,2026-02-13 23:41:35,23,13,6,2,2026,Weekday
2026021400,2026-02-14 00:48:56,0,14,6,2,2026,Weekend
2026021401,2026-02-14 01:02:04,1,14,6,2,2026,Weekend
2026021402,2026-02-14 02:46:52,2,14,6,2,2026,Weekend
2026021403,2026-02-14 03:00:17,3,14,6,2,2026,Weekend
2026021404,2026-02-14 04:51:39,4,14,6,2,2026,Weekend
2026021405,2026-02-14 05:28:51,5,14,6,2,2026,Weekend
2026021406,2026-02-14 06:52:19,6,14,6,2,2026,Weekend
2026021407,2026-02-14 07:00:19,7,14,6,2,2026,Weekend
2026021409,2026-02-14 09:06:28,9,14,6,2,2026,Weekend
2026021410,2026-02-14 10:33:42,10,14,6,2,2026,Weekend
2026021411,2026-02-14 11:48:52,11,14,6,2,2026,Weekend
2026021412,2026-02-14 12:50:29,12,14,6,2,2026,Weekend
2026021413,2026-02-14 13:28:30,13,14,6,2,2026,Weekend
2026021414,2026-02-14 14:40:02,14,14,6,2,2026,Weekend
2026021415,2026-02-14 15:06:36,15,14,6,2,2026,Weekend
2026021416,2026-02-14 16:44:12,16,14,6,2,2026,Weekend
2026021417,2026-02-14 17:23:40,17,14,6,2,2026,Weekend
2026021418,2026-02-14 18:48:45,18,14,6,2,2026,Weekend
2026021419,2026-02-14 19:29:22,19,14,6,2,2026,Weekend
2026021420,2026-02-14 20:16:47,20,14,6,2,2026,Weekend
2026021421,2026-02-14 21:49:09,21,14,6,2,2026,Weekend
2026021422,2026-02-14 22:29:03,22,14,6,2,2026,Weekend
2026021423,2026-02-14 23:57:19,23,14,6,2,2026,Weekend
2026021500,2026-02-15 00:08:43,0,15,7,2,2026,Weekend
2026021501,2026-02-15 01:03:09,1,15,7,2,2026,Weekend
2026021504,2026-02-15 04:00:58,4,15,7,2,2026,Weekend
2026021505,2026-02-15 05:05:12,5,15,7,2,2026,Weekend
2026021506,2026-02-15 06:25:35,6,15,7,2,2026,Weekend
2026021507,2026-02-15 07:24:27,7,15,7,2,2026,Weekend
2026021508,2026-02-15 08:47:53,8,15,7,2,2026,Weekend
2026021509,2026-02-15 09:34:30,9,15,7,2,2026,Weekend
2026021510,2026-02-15 10:13:11,10,15,7,2,2026,Weekend
2026021511,2026-02-15 11:39:29,11,15,7,2,2026,Weekend
2026021513,2026-02-15 13:06:04,13,15,7,2,2026,Weekend
2026021514,2026-02-15 14:41:30,14,15,7,2,2026,Weekend
2026021515,2026-02-15 15:01:44,15,15,7,2,2026,Weekend
2026021517,2026-02-15 17:05:32,17,15,7,2,2026,Weekend
2026021518,2026-02-15 18:08:53,18,15,7,2,2026,Weekend
2026021519,2026-02-15 19:47:08,19,15,7,2,2026,Weekend
2026021520,2026-02-15 20:43:50,20,15,7,2,2026,Weekend
2026021521,2026-02-15 21:04:51,21,15,7,2,2026,Weekend
2026021522,2026-02-15 22:37:25,22,15,7,2,2026,Weekend
2026021523,2026-02-15 23:42:11,23,15,7,2,2026,Weekend
2026021600,2026-02-16 00:38:34,0,16,7,2,2026,Weekday
2026021601,2026-02-16 01:41:13,1,16,7,2,2026,Weekday
2026021602,2026-02-16 02:59:29,2,16,7,2,2026,Weekday
2026021603,2026-02-16 03:02:29,3,16,7,2,2026,Weekday
2026021605,2026-02-16 05:49:43,5,16,7,2,2026,Weekday
2026021606,2026-02-16 06:48:29,6,16,7,2,2026,Weekday
2026021607,2026-02-16 07:41:20,7,16,7,2,2026,Weekday
2026021608,2026-02-16 08:01:00,8,16,7,2,2026,Weekday
2026021609,2026-02-16 09:01:21,9,16,7,2,2026,Weekday
2026021610,2026-02-16 10:37:17,10,16,7,2,2026,Weekday
2026021612,2026-02-16 12:39:19,12,16,7,2,2026,Weekday
2026021615,2026-02-16 15:14:10,15,16,7,2,2026,Weekday
2026021616,2026-02-16 16:06:11,16,16,7,2,2026,Weekday
2026021617,2026-02-16 17:33:38,17,16,7,2,2026,Weekday
2026021618,2026-02-16 18:48:44,18,16,7,2,2026,Weekday
2026021619,2026-02-16 19:07:34,19,16,7,2,2026,Weekday
2026021620,2026-02-16 20:08:26,20,16,7,2,2026,Weekday
2026021621,2026-02-16 21:03:48,21,16,7,2,2026,Weekday
2026021622,2026-02-16 22:02:55,22,16,7,2,2026,Weekday
2026021700,2026-02-17 00:14:40,0,17,7,2,2026,Weekday
2026021701,2026-02-17 01:25:36,1,17,7,2,2026,Weekday
2026021702,2026-02-17 02:48:22,2,17,7,2,2026,Weekday
2026021703,2026-02-17 03:04:40,3,17,7,2,2026,Weekday
2026021704,2026-02-17 04:05:14,4,17,7,2,2026,Weekday
2026021705,2026-02-17 05:59:32,5,17,7,2,2026,Weekday
2026021706,2026-02-17 06:16:58,6,17,7,2,2026,Weekday
2026021708,2026-02-17 08:21:51,8,17,7,2,2026,Weekday
2026021709,2026-02-17 09:26:48,9,17,7,2,2026,Weekday
2026021711,2026-02-17 11:03:41,11,17,7,2,2026,Weekday
2026021712,2026-02-17 12:02:13,12,17,7,2,2026,Weekday
2026021714,2026-02-17 14:59:48,14,17,7,2,2026,Weekday
2026021715,2026-02-17 15:03:48,15,17,7,2,2026,Weekday
2026021716,2026-02-17 16:04:54,16,17,7,2,2026,Weekday
2026021717,2026-02-17 17:43:04,17,17,7,2,2026,Weekday
2026021718,2026-02-17 18:44:46,18,17,7,2,2026,Weekday
2026021719,2026-02-17 19:28:20,19,17,7,2,2026,Weekday
2026021720,2026-02-17 20:10:56,20,17,7,2,2026,Weekday
2026021722,2026-02-17 22:36:56,22,17,7,2,2026,Weekday
2026021723,2026-02-17 23:55:48,23,17,7,2,2026,Weekday
2026021801,2026-02-18 01:25:13,1,18,7,2,2026,Weekday
2026021802,2026-02-18 02:06:46,2,18,7,2,2026,Weekday
2026021803,2026-02-18 03:35:59,3,18,7,2,2026,Weekday
2026021804,2026-02-18 04:49:35,4,18,7,2,2026,Weekday
2026021805,2026-02-18 05:01:13,5,18,7,2,2026,Weekday
2026021806,2026-02-18 06:43:21,6,18,7,2,2026,Weekday
2026021807,2026-02-18 07:52:58,7,18,7,2,2026,Weekday
2026021808,2026-02-18 08:51:48,8,18,7,2,2026,Weekday
2026021809,2026-02-18 09:20:52,9,18,7,2,2026,Weekday
2026021811,2026-02-18 11:37:47,11,18,7,2,2026,Weekday
2026021812,2026-02-18 12:49:22,12,18,7,2,2026,Weekday
2026021814,2026-02-18 14:34:50,14,18,7,2,2026,Weekday
2026021815,2026-02-18 15:08:35,15,18,7,2,2026,Weekday
2026021816,2026-02-18 16:30:02,16,18,7,2,2026,Weekday
2026021817,2026-02-18 17:07:01,17,18,7,2,2026,Weekday
2026021818,2026-02-18 18:38:24,18,18,7,2,2026,Weekday
2026021819,2026-02-18 19:18:34,19,18,7,2,2026,Weekday
2026021823,2026-02-18 23:37:12,23,18,7,2,2026,Weekday
2026021901,2026-02-19 01:10:44,1,19,7,2,2026,Weekday
2026021902,2026-02-19 02:43:52,2,19,7,2,2026,Weekday
2026021904,2026-02-19 04:50:37,4,19,7,2,2026,Weekday
2026021905,2026-02-19 05:00:01,5,19,7,2,2026,Weekday
2026021906,2026-02-19 06:24:04,6,19,7,2,2026,Weekday
2026021907,2026-02-19 07:49:16,7,19,7,2,2026,Weekday
2026021908,2026-02-19 08:22:22,8,19,7,2,2026,Weekday
2026021909,2026-02-19 09:28:28,9,19,7,2,2026,Weekday
2026021910,2026-02-19 10:41:13,10,19,7,2,2026,Weekday
2026021911,2026-02-19 11:59:45,11,19,7,2,2026,Weekday
2026021912,2026-02-19 12:45:58,12,19,7,2,2026,Weekday
2026021913,2026-02-19 13:12:10,13,19,7,2,2026,Weekday
2026021914,2026-02-19 14:12:51,14,19,7,2,2026,Weekday
2026021915,2026-02-19 15:00:46,15,19,7,2,2026,Weekday
2026021916,2026-02-19 16:00:14,16,19,7,2,2026,Weekday
2026021917,2026-02-19 17:57:16,17,19,7,2,2026,Weekday
2026021918,2026-02-19 18:01:16,18,19,7,2,2026,Weekday
2026021920,2026-02-19 20:54:58,20,19,7,2,2026,Weekday
2026021921,2026-02-19 21:15:42,21,19,7,2,2026,Weekday
2026021923,2026-02-19 23:38:21,23,19,7,2,2026,Weekday
2026022000,2026-02-20 00:43:20,0,20,7,2,2026,Weekday
2026022002,2026-02-20 02:27:55,2,20,7,2,2026,Weekday
2026022003,2026-02-20 03:44:36,3,20,7,2,2026,Weekday
2026022005,2026-02-20 05:52:25,5,20,7,2,2026,Weekday
2026022006,2026-02-20 06:09:37,6,20,7,2,2026,Weekday
2026022007,2026-02-20 07:36:08,7,20,7,2,2026,Weekday
2026022009,2026-02-20 09:01:45,9,20,7,2,2026,Weekday
2026022010,2026-02-20 10:36:09,10,20,7,2,2026,Weekday
2026022011,2026-02-20 11:52:47,11,20,7,2,2026,Weekday
2026022015,2026-02-20 15:19:31,15,20,7,2,2026,Weekday
2026022017,2026-02-20 17:32:25,17,20,7,2,2026,Weekday
2026022019,2026-02-20 19:48:51,19,20,7,2,2026,Weekday
2026022023,2026-02-20 23:36:17,23,20,7,2,2026,Weekday
2026022100,2026-02-21 00:16:40,0,21,7,2,2026,Weekend
2026022101,2026-02-21 01:01:26,1,21,7,2,2026,Weekend
2026022103,2026-02-21 03:03:09,3,21,7,2,2026,Weekend
2026022104,2026-02-21 04:24:04,4,21,7,2,2026,Weekend
2026022105,2026-02-21 05:38:25,5,21,7,2,2026,Weekend
2026022106,2026-02-21 06:29:20,6,21,7,2,2026,Weekend
2026022107,2026-02-21 07:53:16,7,21,7,2,2026,Weekend
2026022108,2026-02-21 08:58:41,8,21,7,2,2026,Weekend
2026022109,2026-02-21 09:04:10,9,21,7,2,2026,Weekend
2026022111,2026-02-21 11:44:45,11,21,7,2,2026,Weekend
2026022112,2026-02-21 12:04:46,12,21,7,2,2026,Weekend
2026022113,2026-02-21 13:07:58,13,21,7,2,2026,Weekend
2026022115,2026-02-21 15:53:24,15,21,7,2,2026,Weekend
2026022118,2026-02-21 18:36:34,18,21,7,2,2026,Weekend
2026022119,2026-02-21 19:59:54,19,21,7,2,2026,Weekend
2026022120,2026-02-21 20:39:13,20,21,7,2,2026,Weekend
2026022121,2026-02-21 21:08:09,21,21,7,2,2026,Weekend
2026022122,2026-02-21 22:02:12,22,21,7,2,2026,Weekend
2026022123,2026-02-21 23:24:22,23,21,7,2,2026,Weekend
2026022200,2026-02-22 00:21:36,0,22,8,2,2026,Weekend
2026022201,2026-02-22 01:00:36,1,22,8,2,2026,Weekend
2026022202,2026-02-22 02:23:29,2,22,8,2,2026,Weekend
2026022203,2026-02-22 03:10:34,3,22,8,2,2026,Weekend
2026022205,2026-02-22 05:59:27,5,22,8,2,2026,Weekend
2026022206,2026-02-22 06:41:59,6,22,8,2,2026,Weekend
2026022207,2026-02-22 07:06:47,7,22,8,2,2026,Weekend
2026022211,2026-02-22 11:00:20,11,22,8,2,2026,Weekend
2026022213,2026-02-22 13:15:11,13,22,8,2,2026,Weekend
2026022214,2026-02-22 14:29:16,14,22,8,2,2026,Weekend
2026022215,2026-02-22 15:49:13,15,22,8,2,2026,Weekend
2026022217,2026-02-22 17:26:30,17,22,8,2,2026,Weekend
2026022218,2026-02-22 18:01:13,18,22,8,2,2026,Weekend
2026022219,2026-02-22 19:48:29,19,22,8,2,2026,Weekend
2026022220,2026-02-22 20:37:50,20,22,8,2,2026,Weekend
2026022221,2026-02-22 21:54:17,21,22,8,2,2026,Weekend
2026022223,2026-02-22 23:49:15,23,22,8,2,2026,Weekend
2026022300,2026-02-23 00:22:05,0,23,8,2,2026,Weekday
2026022303,2026-02-23 03:39:35,3,23,8,2,2026,Weekday
2026022304,2026-02-23 04:15:49,4,23,8,2,2026,Weekday
2026022305,2026-02-23 05:17:46,5,23,8,2,2026,Weekday
2026022306,2026-02-23 06:52:26,6,23,8,2,2026,Weekday
2026022309,2026-02-23 09:24:31,9,23,8,2,2026,Weekday
2026022310,2026-02-23 10:46:55,10,23,8,2,2026,Weekday
2026022311,2026-02-23 11:03:49,11,23,8,2,2026,Weekday
2026022312,2026-02-23 12:39:35,12,23,8,2,2026,Weekday
2026022313,2026-02-23 13:23:02,13,23,8,2,2026,Weekday
2026022314,2026-02-23 14:20:33,14,23,8,2,2026,Weekday
2026022316,2026-02-23 16:48:38,16,23,8,2,2026,Weekday
2026022317,2026-02-23 17:26:21,17,23,8,2,2026,Weekday
2026022318,2026-02-23 18:42:19,18,23,8,2,2026,Weekday
2026022319,2026-02-23 19:02:25,19,23,8,2,2026,Weekday
2026022320,2026-02-23 20:11:28,20,23,8,2,2026,Weekday
2026022321,2026-02-23 21:38:49,21,23,8,2,2026,Weekday
2026022323,2026-02-23 23:24:48,23,23,8,2,2026,Weekday
2026022400,2026-02-24 00:12:54,0,24,8,2,2026,Weekday
2026022403,2026-02-24 03:05:02,3,24,8,2,2026,Weekday
2026022404,2026-02-24 04:42:51,4,24,8,2,2026,Weekday
2026022406,2026-02-24 06:29:18,6,24,8,2,2026,Weekday
2026022407,2026-02-24 07:29:12,7,24,8,2,2026,Weekday
2026022408,2026-02-24 08:08:12,8,24,8,2,2026,Weekday
2026022409,2026-02-24 09:22:27,9,24,8,2,2026,Weekday
2026022410,2026-02-24 10:07:03,10,24,8,2,2026,Weekday
2026022411,2026-02-24 11:06:30,11,24,8,2,2026,Weekday
2026022412,2026-02-24 12:50:55,12,24,8,2,2026,Weekday
2026022416,2026-02-24 16:03:09,16,24,8,2,2026,Weekday
2026022417,2026-02-24 17:26:49,17,24,8,2,2026,Weekday
2026022418,2026-02-24 18:34:47,18,24,8,2,2026,Weekday
2026022419,2026-02-24 19:20:51,19,24,8,2,2026,Weekday
2026022420,2026-02-24 20:45:06,20,24,8,2,2026,Weekday
2026022422,2026-02-24 22:39:40,22,24,8,2,2026,Weekday
2026022500,2026-02-25 00:09:22,0,25,8,2,2026,Weekday
2026022501,2026-02-25 01:40:05,1,25,8,2,2026,Weekday
2026022502,2026-02-25 02:55:25,2,25,8,2,2026,Weekday
2026022503,2026-02-25 03:00:25,3,25,8,2,2026,Weekday
2026022504,2026-02-25 04:06:16,4,25,8,2,2026,Weekday
2026022505,2026-02-25 05:57:50,5,25,8,2,2026,Weekday
2026022507,2026-02-25 07:31:08,7,25,8,2,2026,Weekday
2026022509,2026-02-25 09:17:59,9,25,8,2,2026,Weekday
2026022510,2026-02-25 10:56:08,10,25,8,2,2026,Weekday
2026022512,2026-02-25 12:10:41,12,25,8,2,2026,Weekday
2026022513,2026-02-25 13:46:38,13,25,8,2,2026,Weekday
2026022514,2026-02-25 14:53:13,14,25,8,2,2026,Weekday
2026022515,2026-02-25 15:14:51,15,25,8,2,2026,Weekday
2026022516,2026-02-25 16:18:59,16,25,8,2,2026,Weekday
2026022517,2026-02-25 17:35:32,17,25,8,2,2026,Weekday
2026022518,2026-02-25 18:18:22,18,25,8,2,2026,Weekday
2026022519,2026-02-25 19:00:13,19,25,8,2,2026,Weekday
2026022520,2026-02-25 20:48:46,20,25,8,2,2026,Weekday
2026022521,2026-02-25 21:14:22,21,25,8,2,2026,Weekday
2026022601,2026-02-26 01:22:32,1,26,8,2,2026,Weekday
2026022602,2026-02-26 02:54:45,2,26,8,2,2026,Weekday
2026022603,2026-02-26 03:42:49,3,26,8,2,2026,Weekday
2026022604,2026-02-26 04:19:53,4,26,8,2,2026,Weekday
2026022605,2026-02-26 05:28:32,5,26,8,2,2026,Weekday
2026022606,2026-02-26 06:03:22,6,26,8,2,2026,Weekday
2026022607,2026-02-26 07:19:58,7,26,8,2,2026,Weekday
2026022608,2026-02-26 08:30:09,8,26,8,2,2026,Weekday
2026022609,2026-02-26 09:08:24,9,26,8,2,2026,Weekday
2026022610,2026-02-26 10:49:00,10,26,8,2,2026,Weekday
2026022611,2026-02-26 11:57:29,11,26,8,2,2026,Weekday
2026022612,2026-02-26 12:07:29,12,26,8,2,2026,Weekday
2026022613,2026-02-26 13:18:38,13,26,8,2,2026,Weekday
2026022614,2026-02-26 14:55:42,14,26,8,2,2026,Weekday
2026022616,2026-02-26 16:03:19,16,26,8,2,2026,Weekday
2026022617,2026-02-26 17:36:40,17,26,8,2,2026,Weekday
2026022618,2026-02-26 18:45:40,18,26,8,2,2026,Weekday
2026022619,2026-02-26 19:57:51,19,26,8,2,2026,Weekday
2026022620,2026-02-26 20:58:47,20,26,8,2,2026,Weekday
2026022621,2026-02-26 21:02:47,21,26,8,2,2026,Weekday
2026022622,2026-02-26 22:26:53,22,26,8,2,2026,Weekday
2026022623,2026-02-26 23:19:32,23,26,8,2,2026,Weekday
2026022701,2026-02-27 01:00:20,1,27,8,2,2026,Weekday
2026022703,2026-02-27 03:32:16,3,27,8,2,2026,Weekday
2026022704,2026-02-27 04:11:23,4,27,8,2,2026,Weekday
2026022705,2026-02-27 05:26:41,5,27,8,2,2026,Weekday
2026022706,2026-02-27 06:35:01,6,27,8,2,2026,Weekday
2026022707,2026-02-27 07:17:24,7,27,8,2,2026,Weekday
2026022708,2026-02-27 08:00:52,8,27,8,2,2026,Weekday
2026022709,2026-02-27 09:40:16,9,27,8,2,2026,Weekday
2026022710,2026-02-27 10:09:48,10,27,8,2,2026,Weekday
2026022711,2026-02-27 11:25:53,11,27,8,2,2026,Weekday
2026022712,2026-02-27 12:41:23,12,27,8,2,2026,Weekday
2026022713,2026-02-27 13:37:19,13,27,8,2,2026,Weekday
2026022714,2026-02-27 14:14:04,14,27,8,2,2026,Weekday
2026022715,2026-02-27 15:31:08,15,27,8,2,2026,Weekday
2026022716,2026-02-27 16:48:48,16,27,8,2,2026,Weekday
2026022717,2026-02-27 17:54:40,17,27,8,2,2026,Weekday
2026022718,2026-02-27 18:46:56,18,27,8,2,2026,Weekday
2026022719,2026-02-27 19:42:53,19,27,8,2,2026,Weekday
2026022721,2026-02-27 21:35:50,21,27,8,2,2026,Weekday
2026022722,2026-02-27 22:08:35,22,27,8,2,2026,Weekday
2026022723,2026-02-27 23:02:08,23,27,8,2,2026,Weekday
2026022800,2026-02-28 00:54:11,0,28,8,2,2026,Weekend
2026022801,2026-02-28 01:40:53,1,28,8,2,2026,Weekend
2026022802,2026-02-28 02:37:09,2,28,8,2,2026,Weekend
2026022803,2026-02-28 03:53:01,3,28,8,2,2026,Weekend
2026022804,2026-02-28 04:03:01,4,28,8,2,2026,Weekend
2026022805,2026-02-28 05:09:01,5,28,8,2,2026,Weekend
2026022806,2026-02-28 06:34:37,6,28,8,2,2026,Weekend
2026022808,2026-02-28 08:14:37,8,28,8,2,2026,Weekend
2026022809,2026-02-28 09:36:15,9,28,8,2,2026,Weekend
2026022810,2026-02-28 10:02:50,10,28,8,2,2026,Weekend
2026022811,2026-02-28 11:32:38,11,28,8,2,2026,Weekend
2026022812,2026-02-28 12:53:36,12,28,8,2,2026,Weekend
2026022813,2026-02-28 13:50:11,13,28,8,2,2026,Weekend
2026022816,2026-02-28 16:00:50,16,28,8,2,2026,Weekend
2026022817,2026-02-28 17:31:53,17,28,8,2,2026,Weekend
2026022818,2026-02-28 18:54:50,18,28,8,2,2026,Weekend
2026022819,2026-02-28 19:45:09,19,28,8,2,2026,Weekend
2026022820,2026-02-28 20:08:01,20,28,8,2,2026,Weekend
2026022821,2026-02-28 21:40:19,21,28,8,2,2026,Weekend
2026022823,2026-02-28 23:56:31,23,28,8,2,2026,Weekend
2026030101,2026-03-01 01:22:30,1,1,9,3,2026,Weekend
2026030103,2026-03-01 03:51:23,3,1,9,3,2026,Weekend
2026030104,2026-03-01 04:20:34,4,1,9,3,2026,Weekend
2026030106,2026-03-01 06:15:50,6,1,9,3,2026,Weekend
2026030107,2026-03-01 07:02:45,7,1,9,3,2026,Weekend
2026030108,2026-03-01 08:34:17,8,1,9,3,2026,Weekend
2026030109,2026-03-01 09:05:59,9,1,9,3,2026,Weekend
2026030111,2026-03-01 11:08:35,11,1,9,3,2026,Weekend
2026030112,2026-03-01 12:51:47,12,1,9,3,2026,Weekend
2026030114,2026-03-01 14:11:54,14,1,9,3,2026,Weekend
2026030115,2026-03-01 15:16:32,15,1,9,3,2026,Weekend
2026030116,2026-03-01 16:09:30,16,1,9,3,2026,Weekend
2026030117,2026-03-01 17:50:59,17,1,9,3,2026,Weekend
2026030121,2026-03-01 21:41:58,21,1,9,3,2026,Weekend
2026030122,2026-03-01 22:25:49,22,1,9,3,2026,Weekend
2026030123,2026-03-01 23:47:42,23,1,9,3,2026,Weekend
2026030201,2026-03-02 01:50:51,1,2,9,3,2026,Weekday
2026030202,2026-03-02 02:58:46,2,2,9,3,2026,Weekday
2026030203,2026-03-02 03:11:50,3,2,9,3,2026,Weekday
2026030204,2026-03-02 04:38:52,4,2,9,3,2026,Weekday
2026030206,2026-03-02 06:08:27,6,2,9,3,2026,Weekday
2026030207,2026-03-02 07:19:23,7,2,9,3,2026,Weekday
2026030208,2026-03-02 08:04:37,8,2,9,3,2026,Weekday
2026030209,2026-03-02 09:11:32,9,2,9,3,2026,Weekday
2026030210,2026-03-02 10:34:31,10,2,9,3,2026,Weekday
2026030211,2026-03-02 11:21:39,11,2,9,3,2026,Weekday
2026030212,2026-03-02 12:04:08,12,2,9,3,2026,Weekday
2026030216,2026-03-02 16:24:10,16,2,9,3,2026,Weekday
2026030217,2026-03-02 17:27:56,17,2,9,3,2026,Weekday
2026030219,2026-03-02 19:09:40,19,2,9,3,2026,Weekday
2026030220,2026-03-02 20:30:04,20,2,9,3,2026,Weekday
2026030221,2026-03-02 21:49:54,21,2,9,3,2026,Weekday
2026030222,2026-03-02 22:38:55,22,2,9,3,2026,Weekday
2026030223,2026-03-02 23:02:00,23,2,9,3,2026,Weekday
2026030302,2026-03-03 02:02:32,2,3,9,3,2026,Weekday
2026030303,2026-03-03 03:50:20,3,3,9,3,2026,Weekday
2026030304,2026-03-03 04:00:20,4,3,9,3,2026,Weekday
2026030306,2026-03-03 06:53:20,6,3,9,3,2026,Weekday
2026030307,2026-03-03 07:50:14,7,3,9,3,2026,Weekday
2026030308,2026-03-03 08:50:42,8,3,9,3,2026,Weekday
2026030309,2026-03-03 09:18:10,9,3,9,3,2026,Weekday
2026030312,2026-03-03 12:35:33,12,3,9,3,2026,Weekday
2026030313,2026-03-03 13:39:04,13,3,9,3,2026,Weekday
2026030314,2026-03-03 14:51:17,14,3,9,3,2026,Weekday
2026030315,2026-03-03 15:05:22,15,3,9,3,2026,Weekday
2026030316,2026-03-03 16:55:58,16,3,9,3,2026,Weekday
2026030318,2026-03-03 18:02:43,18,3,9,3,2026,Weekday
2026030320,2026-03-03 20:50:20,20,3,9,3,2026,Weekday
2026030322,2026-03-03 22:23:08,22,3,9,3,2026,Weekday
2026030400,2026-03-04 00:04:25,0,4,9,3,2026,Weekday
2026030401,2026-03-04 01:55:31,1,4,9,3,2026,Weekday
2026030403,2026-03-04 03:08:16,3,4,9,3,2026,Weekday
2026030405,2026-03-04 05:45:46,5,4,9,3,2026,Weekday
2026030407,2026-03-04 07:01:50,7,4,9,3,2026,Weekday
2026030408,2026-03-04 08:33:27,8,4,9,3,2026,Weekday
2026030411,2026-03-04 11:35:05,11,4,9,3,2026,Weekday
2026030412,2026-03-04 12:42:13,12,4,9,3,2026,Weekday
2026030413,2026-03-04 13:41:29,13,4,9,3,2026,Weekday
2026030414,2026-03-04 14:46:14,14,4,9,3,2026,Weekday
2026030416,2026-03-04 16:33:29,16,4,9,3,2026,Weekday
2026030417,2026-03-04 17:41:52,17,4,9,3,2026,Weekday
2026030418,2026-03-04 18:56:48,18,4,9,3,2026,Weekday
2026030420,2026-03-04 20:12:36,20,4,9,3,2026,Weekday
2026030421,2026-03-04 21:50:37,21,4,9,3,2026,Weekday
2026030422,2026-03-04 22:26:14,22,4,9,3,2026,Weekday
2026030423,2026-03-04 23:54:24,23,4,9,3,2026,Weekday
2026030501,2026-03-05 01:47:58,1,5,9,3,2026,Weekday
2026030504,2026-03-05 04:26:49,4,5,9,3,2026,Weekday
2026030506,2026-03-05 06:29:20,6,5,9,3,2026,Weekday
2026030509,2026-03-05 09:34:18,9,5,9,3,2026,Weekday
2026030510,2026-03-05 10:25:00,10,5,9,3,2026,Weekday
2026030511,2026-03-05 11:50:15,11,5,9,3,2026,Weekday
2026030512,2026-03-05 12:40:29,12,5,9,3,2026,Weekday
2026030513,2026-03-05 13:24:13,13,5,9,3,2026,Weekday
2026030514,2026-03-05 14:33:51,14,5,9,3,2026,Weekday
2026030516,2026-03-05 16:25:00,16,5,9,3,2026,Weekday
2026030517,2026-03-05 17:18:29,17,5,9,3,2026,Weekday
2026030519,2026-03-05 19:13:46,19,5,9,3,2026,Weekday
2026030522,2026-03-05 22:37:55,22,5,9,3,2026,Weekday
2026030523,2026-03-05 23:37:12,23,5,9,3,2026,Weekday
2026030601,2026-03-06 01:05:55,1,6,9,3,2026,Weekday
2026030602,2026-03-06 02:11:15,2,6,9,3,2026,Weekday
2026030603,2026-03-06 03:32:48,3,6,9,3,2026,Weekday
2026030607,2026-03-06 07:48:43,7,6,9,3,2026,Weekday
2026030608,2026-03-06 08:37:49,8,6,9,3,2026,Weekday
2026030609,2026-03-06 09:28:25,9,6,9,3,2026,Weekday
2026030610,2026-03-06 10:08:08,10,6,9,3,2026,Weekday
2026030611,2026-03-06 11:47:04,11,6,9,3,2026,Weekday
2026030612,2026-03-06 12:57:37,12,6,9,3,2026,Weekday
2026030613,2026-03-06 13:14:55,13,6,9,3,2026,Weekday
2026030614,2026-03-06 14:47:07,14,6,9,3,2026,Weekday
2026030615,2026-03-06 15:23:18,15,6,9,3,2026,Weekday
2026030618,2026-03-06 18:45:07,18,6,9,3,2026,Weekday
2026030619,2026-03-06 19:19:27,19,6,9,3,2026,Weekday
2026030620,2026-03-06 20:27:16,20,6,9,3,2026,Weekday
2026030623,2026-03-06 23:13:04,23,6,9,3,2026,Weekday
2026030701,2026-03-07 01:48:49,1,7,9,3,2026,Weekend
2026030704,2026-03-07 04:38:33,4,7,9,3,2026,Weekend
2026030705,2026-03-07 05:17:07,5,7,9,3,2026,Weekend
2026030707,2026-03-07 07:36:21,7,7,9,3,2026,Weekend
2026030708,2026-03-07 08:36:56,8,7,9,3,2026,Weekend
2026030709,2026-03-07 09:21:30,9,7,9,3,2026,Weekend
2026030710,2026-03-07 10:15:32,10,7,9,3,2026,Weekend
2026030711,2026-03-07 11:54:35,11,7,9,3,2026,Weekend
2026030712,2026-03-07 12:30:14,12,7,9,3,2026,Weekend
2026030713,2026-03-07 13:11:02,13,7,9,3,2026,Weekend
2026030714,2026-03-07 14:27:29,14,7,9,3,2026,Weekend
2026030715,2026-03-07 15:19:58,15,7,9,3,2026,Weekend
2026030717,2026-03-07 17:09:12,17,7,9,3,2026,Weekend
2026030718,2026-03-07 18:45:35,18,7,9,3,2026,Weekend
2026030719,2026-03-07 19:29:34,19,7,9,3,2026,Weekend
2026030720,2026-03-07 20:51:31,20,7,9,3,2026,Weekend
2026030722,2026-03-07 22:57:45,22,7,9,3,2026,Weekend
2026030723,2026-03-07 23:00:45,23,7,9,3,2026,Weekend
2026030800,2026-03-08 00:42:32,0,8,10,3,2026,Weekend
2026030802,2026-03-08 02:08:08,2,8,10,3,2026,Weekend
2026030803,2026-03-08 03:07:38,3,8,10,3,2026,Weekend
2026030806,2026-03-08 06:15:06,6,8,10,3,2026,Weekend
2026030807,2026-03-08 07:32:38,7,8,10,3,2026,Weekend
2026030808,2026-03-08 08:05:03,8,8,10,3,2026,Weekend
2026030812,2026-03-08 12:22:25,12,8,10,3,2026,Weekend
2026030813,2026-03-08 13:15:20,13,8,10,3,2026,Weekend
2026030814,2026-03-08 14:26:47,14,8,10,3,2026,Weekend
2026030816,2026-03-08 16:17:16,16,8,10,3,2026,Weekend
2026030817,2026-03-08 17:38:16,17,8,10,3,2026,Weekend
2026030818,2026-03-08 18:23:33,18,8,10,3,2026,Weekend
2026030819,2026-03-08 19:02:41,19,8,10,3,2026,Weekend
2026030820,2026-03-08 20:30:12,20,8,10,3,2026,Weekend
2026030823,2026-03-08 23:18:12,23,8,10,3,2026,Weekend
2026030900,2026-03-09 00:22:54,0,9,10,3,2026,Weekday
2026030901,2026-03-09 01:54:11,1,9,10,3,2026,Weekday
2026030902,2026-03-09 02:08:05,2,9,10,3,2026,Weekday
2026030903,2026-03-09 03:28:32,3,9,10,3,2026,Weekday
2026030904,2026-03-09 04:59:39,4,9,10,3,2026,Weekday
2026030905,2026-03-09 05:02:39,5,9,10,3,2026,Weekday
2026030906,2026-03-09 06:14:26,6,9,10,3,2026,Weekday
2026030907,2026-03-09 07:46:51,7,9,10,3,2026,Weekday
2026030908,2026-03-09 08:05:09,8,9,10,3,2026,Weekday
2026030909,2026-03-09 09:54:19,9,9,10,3,2026,Weekday
2026030910,2026-03-09 10:10:10,10,9,10,3,2026,Weekday
2026030911,2026-03-09 11:41:33,11,9,10,3,2026,Weekday
2026030912,2026-03-09 12:36:27,12,9,10,3,2026,Weekday
2026030916,2026-03-09 16:28:26,16,9,10,3,2026,Weekday
2026030917,2026-03-09 17:55:38,17,9,10,3,2026,Weekday
2026030918,2026-03-09 18:18:42,18,9,10,3,2026,Weekday
2026030919,2026-03-09 19:25:24,19,9,10,3,2026,Weekday
2026030920,2026-03-09 20:31:22,20,9,10,3,2026,Weekday
2026030921,2026-03-09 21:45:50,21,9,10,3,2026,Weekday
2026030922,2026-03-09 22:36:06,22,9,10,3,2026,Weekday
2026030923,2026-03-09 23:57:19,23,9,10,3,2026,Weekday
2026031000,2026-03-10 00:01:19,0,10,10,3,2026,Weekday
2026031001,2026-03-10 01:40:48,1,10,10,3,2026,Weekday
2026031002,2026-03-10 02:33:10,2,10,10,3,2026,Weekday
2026031003,2026-03-10 03:49:23,3,10,10,3,2026,Weekday
2026031005,2026-03-10 05:18:06,5,10,10,3,2026,Weekday
2026031008,2026-03-10 08:45:54,8,10,10,3,2026,Weekday
2026031010,2026-03-10 10:49:24,10,10,10,3,2026,Weekday
2026031011,2026-03-10 11:36:08,11,10,10,3,2026,Weekday
2026031012,2026-03-10 12:34:00,12,10,10,3,2026,Weekday
2026031013,2026-03-10 13:50:07,13,10,10,3,2026,Weekday
2026031014,2026-03-10 14:00:07,14,10,10,3,2026,Weekday
2026031015,2026-03-10 15:24:14,15,10,10,3,2026,Weekday
2026031016,2026-03-10 16:02:03,16,10,10,3,2026,Weekday
2026031018,2026-03-10 18:28:23,18,10,10,3,2026,Weekday
2026031020,2026-03-10 20:35:23,20,10,10,3,2026,Weekday
2026031021,2026-03-10 21:07:44,21,10,10,3,2026,Weekday
2026031022,2026-03-10 22:17:26,22,10,10,3,2026,Weekday
2026031023,2026-03-10 23:19:40,23,10,10,3,2026,Weekday
2026031101,2026-03-11 01:30:59,1,11,10,3,2026,Weekday
2026031102,2026-03-11 02:59:59,2,11,10,3,2026,Weekday
2026031103,2026-03-11 03:01:49,3,11,10,3,2026,Weekday
2026031106,2026-03-11 06:02:20,6,11,10,3,2026,Weekday
2026031107,2026-03-11 07:12:37,7,11,10,3,2026,Weekday
2026031108,2026-03-11 08:08:18,8,11,10,3,2026,Weekday
2026031109,2026-03-11 09:08:07,9,11,10,3,2026,Weekday
2026031110,2026-03-11 10:18:23,10,11,10,3,2026,Weekday
2026031116,2026-03-11 16:23:00,16,11,10,3,2026,Weekday
2026031117,2026-03-11 17:37:05,17,11,10,3,2026,Weekday
2026031118,2026-03-11 18:48:18,18,11,10,3,2026,Weekday
2026031119,2026-03-11 19:00:40,19,11,10,3,2026,Weekday
2026031120,2026-03-11 20:29:00,20,11,10,3,2026,Weekday
2026031121,2026-03-11 21:46:36,21,11,10,3,2026,Weekday
2026031200,2026-03-12 00:33:34,0,12,10,3,2026,Weekday
2026031202,2026-03-12 02:07:05,2,12,10,3,2026,Weekday
2026031204,2026-03-12 04:04:29,4,12,10,3,2026,Weekday
2026031205,2026-03-12 05:19:43,5,12,10,3,2026,Weekday
2026031207,2026-03-12 07:10:15,7,12,10,3,2026,Weekday
2026031208,2026-03-12 08:05:32,8,12,10,3,2026,Weekday
2026031209,2026-03-12 09:10:24,9,12,10,3,2026,Weekday
2026031210,2026-03-12 10:21:17,10,12,10,3,2026,Weekday
2026031211,2026-03-12 11:29:12,11,12,10,3,2026,Weekday
2026031212,2026-03-12 12:23:04,12,12,10,3,2026,Weekday
2026031213,2026-03-12 13:46:33,13,12,10,3,2026,Weekday
2026031214,2026-03-12 14:26:39,14,12,10,3,2026,Weekday
2026031215,2026-03-12 15:14:29,15,12,10,3,2026,Weekday
2026031216,2026-03-12 16:01:35,16,12,10,3,2026,Weekday
2026031217,2026-03-12 17:03:59,17,12,10,3,2026,Weekday
2026031218,2026-03-12 18:54:30,18,12,10,3,2026,Weekday
2026031219,2026-03-12 19:06:44,19,12,10,3,2026,Weekday
2026031220,2026-03-12 20:51:17,20,12,10,3,2026,Weekday
2026031222,2026-03-12 22:50:58,22,12,10,3,2026,Weekday
2026031300,2026-03-13 00:42:45,0,13,10,3,2026,Weekday
2026031304,2026-03-13 04:59:01,4,13,10,3,2026,Weekday
2026031305,2026-03-13 05:52:19,5,13,10,3,2026,Weekday
2026031306,2026-03-13 06:40:16,6,13,10,3,2026,Weekday
2026031308,2026-03-13 08:25:15,8,13,10,3,2026,Weekday
2026031310,2026-03-13 10:28:58,10,13,10,3,2026,Weekday
2026031311,2026-03-13 11:51:38,11,13,10,3,2026,Weekday
2026031312,2026-03-13 12:19:20,12,13,10,3,2026,Weekday
2026031313,2026-03-13 13:00:10,13,13,10,3,2026,Weekday
2026031314,2026-03-13 14:05:29,14,13,10,3,2026,Weekday
2026031316,2026-03-13 16:56:13,16,13,10,3,2026,Weekday
2026031318,2026-03-13 18:40:58,18,13,10,3,2026,Weekday
2026031319,2026-03-13 19:22:29,19,13,10,3,2026,Weekday
2026031320,2026-03-13 20:47:57,20,13,10,3,2026,Weekday
2026031321,2026-03-13 21:09:47,21,13,10,3,2026,Weekday
2026031323,2026-03-13 23:39:36,23,13,10,3,2026,Weekday
2026031401,2026-03-14 01:20:00,1,14,10,3,2026,Weekend
2026031402,2026-03-14 02:37:42,2,14,10,3,2026,Weekend
2026031403,2026-03-14 03:43:17,3,14,10,3,2026,Weekend
2026031405,2026-03-14 05:54:22,5,14,10,3,2026,Weekend
2026031406,2026-03-14 06:39:24,6,14,10,3,2026,Weekend
2026031407,2026-03-14 07:40:05,7,14,10,3,2026,Weekend
2026031408,2026-03-14 08:15:58,8,14,10,3,2026,Weekend
2026031409,2026-03-14 09:18:01,9,14,10,3,2026,Weekend
2026031410,2026-03-14 10:37:15,10,14,10,3,2026,Weekend
2026031412,2026-03-14 12:08:47,12,14,10,3,2026,Weekend
2026031414,2026-03-14 14:26:04,14,14,10,3,2026,Weekend
2026031415,2026-03-14 15:17:33,15,14,10,3,2026,Weekend
2026031416,2026-03-14 16:39:56,16,14,10,3,2026,Weekend
2026031417,2026-03-14 17:44:06,17,14,10,3,2026,Weekend
2026031418,2026-03-14 18:28:07,18,14,10,3,2026,Weekend
2026031419,2026-03-14 19:06:52,19,14,10,3,2026,Weekend
2026031420,2026-03-14 20:06:22,20,14,10,3,2026,Weekend
2026031421,2026-03-14 21:03:47,21,14,10,3,2026,Weekend
2026031422,2026-03-14 22:22:30,22,14,10,3,2026,Weekend
2026031423,2026-03-14 23:16:56,23,14,10,3,2026,Weekend
2026031500,2026-03-15 00:37:05,0,15,11,3,2026,Weekend
2026031501,2026-03-15 01:13:39,1,15,11,3,2026,Weekend
2026031502,2026-03-15 02:09:28,2,15,11,3,2026,Weekend
2026031503,2026-03-15 03:44:10,3,15,11,3,2026,Weekend
2026031504,2026-03-15 04:47:16,4,15,11,3,2026,Weekend
2026031505,2026-03-15 05:27:03,5,15,11,3,2026,Weekend
2026031509,2026-03-15 09:39:11,9,15,11,3,2026,Weekend
2026031510,2026-03-15 10:00:45,10,15,11,3,2026,Weekend
2026031511,2026-03-15 11:47:38,11,15,11,3,2026,Weekend
2026031512,2026-03-15 12:46:18,12,15,11,3,2026,Weekend
2026031513,2026-03-15 13:17:02,13,15,11,3,2026,Weekend
2026031514,2026-03-15 14:18:51,14,15,11,3,2026,Weekend
2026031518,2026-03-15 18:20:25,18,15,11,3,2026,Weekend
2026031519,2026-03-15 19:50:45,19,15,11,3,2026,Weekend
2026031521,2026-03-15 21:41:27,21,15,11,3,2026,Weekend
2026031522,2026-03-15 22:04:32,22,15,11,3,2026,Weekend
2026031600,2026-03-16 00:40:57,0,16,11,3,2026,Weekday
2026031601,2026-03-16 01:48:27,1,16,11,3,2026,Weekday
2026031603,2026-03-16 03:28:19,3,16,11,3,2026,Weekday
2026031604,2026-03-16 04:58:17,4,16,11,3,2026,Weekday
2026031605,2026-03-16 05:34:29,5,16,11,3,2026,Weekday
2026031606,2026-03-16 06:01:08,6,16,11,3,2026,Weekday
2026031607,2026-03-16 07:18:13,7,16,11,3,2026,Weekday
2026031608,2026-03-16 08:01:57,8,16,11,3,2026,Weekday
2026031609,2026-03-16 09:56:23,9,16,11,3,2026,Weekday
2026031610,2026-03-16 10:00:23,10,16,11,3,2026,Weekday
2026031611,2026-03-16 11:34:59,11,16,11,3,2026,Weekday
2026031613,2026-03-16 13:03:57,13,16,11,3,2026,Weekday
2026031615,2026-03-16 15:07:33,15,16,11,3,2026,Weekday
2026031616,2026-03-16 16:56:33,16,16,11,3,2026,Weekday
2026031617,2026-03-16 17:00:33,17,16,11,3,2026,Weekday
2026031618,2026-03-16 18:51:42,18,16,11,3,2026,Weekday
2026031619,2026-03-16 19:56:28,19,16,11,3,2026,Weekday
2026031620,2026-03-16 20:27:32,20,16,11,3,2026,Weekday
2026031621,2026-03-16 21:49:14,21,16,11,3,2026,Weekday
2026031700,2026-03-17 00:21:27,0,17,11,3,2026,Weekday
2026031701,2026-03-17 01:18:31,1,17,11,3,2026,Weekday
2026031702,2026-03-17 02:38:49,2,17,11,3,2026,Weekday
2026031705,2026-03-17 05:33:39,5,17,11,3,2026,Weekday
2026031706,2026-03-17 06:41:28,6,17,11,3,2026,Weekday
2026031707,2026-03-17 07:25:44,7,17,11,3,2026,Weekday
2026031708,2026-03-17 08:03:57,8,17,11,3,2026,Weekday
2026031709,2026-03-17 09:41:22,9,17,11,3,2026,Weekday
2026031712,2026-03-17 12:23:57,12,17,11,3,2026,Weekday
2026031716,2026-03-17 16:03:57,16,17,11,3,2026,Weekday
2026031718,2026-03-17 18:07:28,18,17,11,3,2026,Weekday
2026031721,2026-03-17 21:07:18,21,17,11,3,2026,Weekday
2026031723,2026-03-17 23:02:40,23,17,11,3,2026,Weekday
2026031801,2026-03-18 01:54:01,1,18,11,3,2026,Weekday
2026031802,2026-03-18 02:18:43,2,18,11,3,2026,Weekday
2026031803,2026-03-18 03:10:33,3,18,11,3,2026,Weekday
2026031806,2026-03-18 06:56:02,6,18,11,3,2026,Weekday
2026031808,2026-03-18 08:17:25,8,18,11,3,2026,Weekday
2026031809,2026-03-18 09:39:15,9,18,11,3,2026,Weekday
2026031810,2026-03-18 10:30:35,10,18,11,3,2026,Weekday
2026031812,2026-03-18 12:19:28,12,18,11,3,2026,Weekday
2026031813,2026-03-18 13:26:13,13,18,11,3,2026,Weekday
2026031814,2026-03-18 14:11:57,14,18,11,3,2026,Weekday
2026031816,2026-03-18 16:44:13,16,18,11,3,2026,Weekday
2026031817,2026-03-18 17:53:14,17,18,11,3,2026,Weekday
2026031818,2026-03-18 18:37:43,18,18,11,3,2026,Weekday
2026031820,2026-03-18 20:58:31,20,18,11,3,2026,Weekday
2026031821,2026-03-18 21:01:31,21,18,11,3,2026,Weekday
2026031901,2026-03-19 01:11:24,1,19,11,3,2026,Weekday
2026031902,2026-03-19 02:27:12,2,19,11,3,2026,Weekday
2026031903,2026-03-19 03:48:24,3,19,11,3,2026,Weekday
2026031906,2026-03-19 06:57:33,6,19,11,3,2026,Weekday
2026031907,2026-03-19 07:15:42,7,19,11,3,2026,Weekday
2026031909,2026-03-19 09:32:39,9,19,11,3,2026,Weekday
2026031910,2026-03-19 10:12:23,10,19,11,3,2026,Weekday
2026031911,2026-03-19 11:44:10,11,19,11,3,2026,Weekday
2026031912,2026-03-19 12:10:57,12,19,11,3,2026,Weekday
2026031913,2026-03-19 13:55:31,13,19,11,3,2026,Weekday
2026031914,2026-03-19 14:05:31,14,19,11,3,2026,Weekday
2026031915,2026-03-19 15:46:58,15,19,11,3,2026,Weekday
2026031917,2026-03-19 17:28:50,17,19,11,3,2026,Weekday
2026031918,2026-03-19 18:36:41,18,19,11,3,2026,Weekday
2026032000,2026-03-20 00:17:14,0,20,11,3,2026,Weekday
2026032001,2026-03-20 01:26:08,1,20,11,3,2026,Weekday
2026032002,2026-03-20 02:53:04,2,20,11,3,2026,Weekday
2026032003,2026-03-20 03:06:57,3,20,11,3,2026,Weekday
2026032004,2026-03-20 04:25:12,4,20,11,3,2026,Weekday
2026032005,2026-03-20 05:11:08,5,20,11,3,2026,Weekday
2026032006,2026-03-20 06:01:49,6,20,11,3,2026,Weekday
2026032007,2026-03-20 07:17:26,7,20,11,3,2026,Weekday
2026032009,2026-03-20 09:23:19,9,20,11,3,2026,Weekday
2026032010,2026-03-20 10:04:40,10,20,11,3,2026,Weekday
2026032011,2026-03-20 11:34:17,11,20,11,3,2026,Weekday
2026032012,2026-03-20 12:17:51,12,20,11,3,2026,Weekday
2026032013,2026-03-20 13:14:19,13,20,11,3,2026,Weekday
2026032014,2026-03-20 14:16:03,14,20,11,3,2026,Weekday
2026032015,2026-03-20 15:49:55,15,20,11,3,2026,Weekday
2026032016,2026-03-20 16:16:41,16,20,11,3,2026,Weekday
2026032017,2026-03-20 17:02:21,17,20,11,3,2026,Weekday
2026032018,2026-03-20 18:07:57,18,20,11,3,2026,Weekday
2026032019,2026-03-20 19:08:56,19,20,11,3,2026,Weekday
2026032020,2026-03-20 20:48:23,20,20,11,3,2026,Weekday
2026032022,2026-03-20 22:58:09,22,20,11,3,2026,Weekday
2026032023,2026-03-20 23:03:09,23,20,11,3,2026,Weekday
2026032100,2026-03-21 00:34:56,0,21,11,3,2026,Weekend
2026032101,2026-03-21 01:35:07,1,21,11,3,2026,Weekend
2026032102,2026-03-21 02:44:03,2,21,11,3,2026,Weekend
2026032104,2026-03-21 04:08:05,4,21,11,3,2026,Weekend
2026032106,2026-03-21 06:12:00,6,21,11,3,2026,Weekend
2026032107,2026-03-21 07:12:39,7,21,11,3,2026,Weekend
2026032109,2026-03-21 09:34:56,9,21,11,3,2026,Weekend
2026032111,2026-03-21 11:19:42,11,21,11,3,2026,Weekend
2026032112,2026-03-21 12:02:19,12,21,11,3,2026,Weekend
2026032113,2026-03-21 13:53:04,13,21,11,3,2026,Weekend
2026032115,2026-03-21 15:57:22,15,21,11,3,2026,Weekend
2026032116,2026-03-21 16:02:22,16,21,11,3,2026,Weekend
2026032117,2026-03-21 17:06:15,17,21,11,3,2026,Weekend
2026032118,2026-03-21 18:12:40,18,21,11,3,2026,Weekend
2026032119,2026-03-21 19:24:04,19,21,11,3,2026,Weekend
2026032121,2026-03-21 21:34:26,21,21,11,3,2026,Weekend
2026032122,2026-03-21 22:49:36,22,21,11,3,2026,Weekend
2026032123,2026-03-21 23:26:55,23,21,11,3,2026,Weekend
2026032201,2026-03-22 01:20:54,1,22,12,3,2026,Weekend
2026032203,2026-03-22 03:38:22,3,22,12,3,2026,Weekend
2026032204,2026-03-22 04:38:59,4,22,12,3,2026,Weekend
2026032205,2026-03-22 05:16:17,5,22,12,3,2026,Weekend
2026032206,2026-03-22 06:46:21,6,22,12,3,2026,Weekend
2026032208,2026-03-22 08:29:43,8,22,12,3,2026,Weekend
2026032210,2026-03-22 10:29:09,10,22,12,3,2026,Weekend
2026032212,2026-03-22 12:34:28,12,22,12,3,2026,Weekend
2026032214,2026-03-22 14:03:13,14,22,12,3,2026,Weekend
2026032215,2026-03-22 15:09:58,15,22,12,3,2026,Weekend
2026032216,2026-03-22 16:13:10,16,22,12,3,2026,Weekend
2026032217,2026-03-22 17:36:56,17,22,12,3,2026,Weekend
2026032219,2026-03-22 19:03:31,19,22,12,3,2026,Weekend
2026032220,2026-03-22 20:55:58,20,22,12,3,2026,Weekend
2026032222,2026-03-22 22:55:48,22,22,12,3,2026,Weekend
2026032223,2026-03-22 23:00:48,23,22,12,3,2026,Weekend
2026032300,2026-03-23 00:59:49,0,23,12,3,2026,Weekday
2026032301,2026-03-23 01:15:13,1,23,12,3,2026,Weekday
2026032302,2026-03-23 02:37:13,2,23,12,3,2026,Weekday
2026032303,2026-03-23 03:30:29,3,23,12,3,2026,Weekday
2026032304,2026-03-23 04:03:18,4,23,12,3,2026,Weekday
2026032305,2026-03-23 05:04:00,5,23,12,3,2026,Weekday
2026032306,2026-03-23 06:28:51,6,23,12,3,2026,Weekday
2026032307,2026-03-23 07:19:21,7,23,12,3,2026,Weekday
2026032309,2026-03-23 09:55:22,9,23,12,3,2026,Weekday
2026032310,2026-03-23 10:12:30,10,23,12,3,2026,Weekday
2026032311,2026-03-23 11:17:20,11,23,12,3,2026,Weekday
2026032312,2026-03-23 12:48:49,12,23,12,3,2026,Weekday
2026032313,2026-03-23 13:17:08,13,23,12,3,2026,Weekday
2026032314,2026-03-23 14:41:04,14,23,12,3,2026,Weekday
2026032315,2026-03-23 15:38:13,15,23,12,3,2026,Weekday
2026032316,2026-03-23 16:27:09,16,23,12,3,2026,Weekday
2026032318,2026-03-23 18:58:04,18,23,12,3,2026,Weekday
2026032319,2026-03-23 19:17:08,19,23,12,3,2026,Weekday
2026032321,2026-03-23 21:28:45,21,23,12,3,2026,Weekday
2026032400,2026-03-24 00:19:22,0,24,12,3,2026,Weekday
2026032401,2026-03-24 01:35:27,1,24,12,3,2026,Weekday
2026032403,2026-03-24 03:47:14,3,24,12,3,2026,Weekday
2026032405,2026-03-24 05:21:16,5,24,12,3,2026,Weekday
2026032406,2026-03-24 06:47:14,6,24,12,3,2026,Weekday
2026032407,2026-03-24 07:15:42,7,24,12,3,2026,Weekday
2026032408,2026-03-24 08:42:50,8,24,12,3,2026,Weekday
2026032409,2026-03-24 09:47:17,9,24,12,3,2026,Weekday
2026032410,2026-03-24 10:41:10,10,24,12,3,2026,Weekday
2026032411,2026-03-24 11:02:04,11,24,12,3,2026,Weekday
2026032412,2026-03-24 12:22:55,12,24,12,3,2026,Weekday
2026032413,2026-03-24 13:56:26,13,24,12,3,2026,Weekday
2026032414,2026-03-24 14:31:05,14,24,12,3,2026,Weekday
2026032415,2026-03-24 15:32:25,15,24,12,3,2026,Weekday
2026032416,2026-03-24 16:14:55,16,24,12,3,2026,Weekday
2026032417,2026-03-24 17:59:19,17,24,12,3,2026,Weekday
2026032418,2026-03-24 18:04:19,18,24,12,3,2026,Weekday
2026032419,2026-03-24 19:42:54,19,24,12,3,2026,Weekday
2026032421,2026-03-24 21:34:16,21,24,12,3,2026,Weekday
2026032422,2026-03-24 22:12:59,22,24,12,3,2026,Weekday
2026032500,2026-03-25 00:31:07,0,25,12,3,2026,Weekday
2026032501,2026-03-25 01:38:21,1,25,12,3,2026,Weekday
2026032502,2026-03-25 02:39:57,2,25,12,3,2026,Weekday
2026032503,2026-03-25 03:24:23,3,25,12,3,2026,Weekday
2026032504,2026-03-25 04:18:07,4,25,12,3,2026,Weekday
2026032506,2026-03-25 06:03:38,6,25,12,3,2026,Weekday
2026032507,2026-03-25 07:34:14,7,25,12,3,2026,Weekday
2026032508,2026-03-25 08:50:01,8,25,12,3,2026,Weekday
2026032511,2026-03-25 11:50:34,11,25,12,3,2026,Weekday
2026032512,2026-03-25 12:09:28,12,25,12,3,2026,Weekday
2026032514,2026-03-25 14:03:24,14,25,12,3,2026,Weekday
2026032516,2026-03-25 16:55:31,16,25,12,3,2026,Weekday
2026032518,2026-03-25 18:02:59,18,25,12,3,2026,Weekday
2026032519,2026-03-25 19:57:09,19,25,12,3,2026,Weekday
2026032520,2026-03-25 20:45:56,20,25,12,3,2026,Weekday
2026032521,2026-03-25 21:20:12,21,25,12,3,2026,Weekday
2026032522,2026-03-25 22:16:21,22,25,12,3,2026,Weekday
2026032600,2026-03-26 00:45:06,0,26,12,3,2026,Weekday
2026032601,2026-03-26 01:09:35,1,26,12,3,2026,Weekday
2026032602,2026-03-26 02:17:30,2,26,12,3,2026,Weekday
2026032603,2026-03-26 03:03:29,3,26,12,3,2026,Weekday
2026032605,2026-03-26 05:34:39,5,26,12,3,2026,Weekday
2026032607,2026-03-26 07:42:46,7,26,12,3,2026,Weekday
2026032609,2026-03-26 09:06:00,9,26,12,3,2026,Weekday
2026032610,2026-03-26 10:21:48,10,26,12,3,2026,Weekday
2026032612,2026-03-26 12:32:23,12,26,12,3,2026,Weekday
2026032614,2026-03-26 14:23:09,14,26,12,3,2026,Weekday
2026032616,2026-03-26 16:55:08,16,26,12,3,2026,Weekday
2026032618,2026-03-26 18:05:54,18,26,12,3,2026,Weekday
2026032619,2026-03-26 19:48:13,19,26,12,3,2026,Weekday
2026032702,2026-03-27 02:31:44,2,27,12,3,2026,Weekday
2026032704,2026-03-27 04:58:11,4,27,12,3,2026,Weekday
2026032705,2026-03-27 05:10:27,5,27,12,3,2026,Weekday
2026032706,2026-03-27 06:00:50,6,27,12,3,2026,Weekday
2026032707,2026-03-27 07:06:14,7,27,12,3,2026,Weekday
2026032709,2026-03-27 09:35:05,9,27,12,3,2026,Weekday
2026032710,2026-03-27 10:38:26,10,27,12,3,2026,Weekday
2026032712,2026-03-27 12:28:05,12,27,12,3,2026,Weekday
2026032713,2026-03-27 13:02:52,13,27,12,3,2026,Weekday
2026032715,2026-03-27 15:19:16,15,27,12,3,2026,Weekday
2026032716,2026-03-27 16:11:18,16,27,12,3,2026,Weekday
2026032717,2026-03-27 17:15:46,17,27,12,3,2026,Weekday
2026032718,2026-03-27 18:36:13,18,27,12,3,2026,Weekday
2026032719,2026-03-27 19:59:22,19,27,12,3,2026,Weekday
2026032720,2026-03-27 20:11:40,20,27,12,3,2026,Weekday
2026032722,2026-03-27 22:07:43,22,27,12,3,2026,Weekday
2026032723,2026-03-27 23:13:33,23,27,12,3,2026,Weekday
2026032800,2026-03-28 00:52:22,0,28,12,3,2026,Weekend
2026032801,2026-03-28 01:35:13,1,28,12,3,2026,Weekend
2026032804,2026-03-28 04:19:10,4,28,12,3,2026,Weekend
2026032805,2026-03-28 05:29:04,5,28,12,3,2026,Weekend
2026032806,2026-03-28 06:44:04,6,28,12,3,2026,Weekend
2026032807,2026-03-28 07:05:08,7,28,12,3,2026,Weekend
2026032808,2026-03-28 08:22:01,8,28,12,3,2026,Weekend
2026032809,2026-03-28 09:48:16,9,28,12,3,2026,Weekend
2026032811,2026-03-28 11:04:34,11,28,12,3,2026,Weekend
2026032812,2026-03-28 12:31:58,12,28,12,3,2026,Weekend
2026032813,2026-03-28 13:26:49,13,28,12,3,2026,Weekend
2026032814,2026-03-28 14:50:32,14,28,12,3,2026,Weekend
2026032815,2026-03-28 15:31:41,15,28,12,3,2026,Weekend
2026032816,2026-03-28 16:58:50,16,28,12,3,2026,Weekend
2026032817,2026-03-28 17:25:50,17,28,12,3,2026,Weekend
2026032818,2026-03-28 18:37:01,18,28,12,3,2026,Weekend
2026032819,2026-03-28 19:09:31,19,28,12,3,2026,Weekend
2026032820,2026-03-28 20:05:34,20,28,12,3,2026,Weekend
2026032821,2026-03-28 21:32:29,21,28,12,3,2026,Weekend
2026032822,2026-03-28 22:07:29,22,28,12,3,2026,Weekend
2026032900,2026-03-29 00:21:07,0,29,13,3,2026,Weekend
2026032901,2026-03-29 01:26:46,1,29,13,3,2026,Weekend
2026032902,2026-03-29 02:43:38,2,29,13,3,2026,Weekend
2026032903,2026-03-29 03:08:43,3,29,13,3,2026,Weekend
2026032904,2026-03-29 04:01:50,4,29,13,3,2026,Weekend
2026032905,2026-03-29 05:01:11,5,29,13,3,2026,Weekend
2026032907,2026-03-29 07:59:23,7,29,13,3,2026,Weekend
2026032908,2026-03-29 08:10:27,8,29,13,3,2026,Weekend
2026032910,2026-03-29 10:12:41,10,29,13,3,2026,Weekend
2026032911,2026-03-29 11:57:11,11,29,13,3,2026,Weekend
2026032912,2026-03-29 12:02:11,12,29,13,3,2026,Weekend
2026032913,2026-03-29 13:52:43,13,29,13,3,2026,Weekend
2026032915,2026-03-29 15:21:24,15,29,13,3,2026,Weekend
2026032917,2026-03-29 17:15:29,17,29,13,3,2026,Weekend
2026032919,2026-03-29 19:52:55,19,29,13,3,2026,Weekend
2026032921,2026-03-29 21:03:53,21,29,13,3,2026,Weekend
2026032922,2026-03-29 22:31:39,22,29,13,3,2026,Weekend
2026032923,2026-03-29 23:42:16,23,29,13,3,2026,Weekend
2026033002,2026-03-30 02:58:57,2,30,13,3,2026,Weekday
2026033003,2026-03-30 03:00:57,3,30,13,3,2026,Weekday
2026033004,2026-03-30 04:02:53,4,30,13,3,2026,Weekday
2026033005,2026-03-30 05:58:04,5,30,13,3,2026,Weekday
2026033006,2026-03-30 06:47:28,6,30,13,3,2026,Weekday
2026033008,2026-03-30 08:10:33,8,30,13,3,2026,Weekday
2026033009,2026-03-30 09:26:36,9,30,13,3,2026,Weekday
2026033011,2026-03-30 11:30:24,11,30,13,3,2026,Weekday
2026033012,2026-03-30 12:02:42,12,30,13,3,2026,Weekday
2026033013,2026-03-30 13:47:00,13,30,13,3,2026,Weekday
2026033014,2026-03-30 14:47:54,14,30,13,3,2026,Weekday
2026033015,2026-03-30 15:00:20,15,30,13,3,2026,Weekday
2026033016,2026-03-30 16:59:27,16,30,13,3,2026,Weekday
2026033017,2026-03-30 17:38:54,17,30,13,3,2026,Weekday
2026033020,2026-03-30 20:05:27,20,30,13,3,2026,Weekday
2026033021,2026-03-30 21:55:00,21,30,13,3,2026,Weekday
2026033022,2026-03-30 22:47:04,22,30,13,3,2026,Weekday
2026033023,2026-03-30 23:30:02,23,30,13,3,2026,Weekday
2026033100,2026-03-31 00:01:32,0,31,13,3,2026,Weekday
2026033102,2026-03-31 02:21:16,2,31,13,3,2026,Weekday
2026033104,2026-03-31 04:10:01,4,31,13,3,2026,Weekday
2026033105,2026-03-31 05:04:33,5,31,13,3,2026,Weekday
2026033108,2026-03-31 08:42:01,8,31,13,3,2026,Weekday
2026033109,2026-03-31 09:21:17,9,31,13,3,2026,Weekday
2026033113,2026-03-31 13:22:17,13,31,13,3,2026,Weekday
2026033114,2026-03-31 14:20:13,14,31,13,3,2026,Weekday
2026033115,2026-03-31 15:48:02,15,31,13,3,2026,Weekday
2026033116,2026-03-31 16:54:53,16,31,13,3,2026,Weekday
2026033117,2026-03-31 17:02:53,17,31,13,3,2026,Weekday
2026033118,2026-03-31 18:15:01,18,31,13,3,2026,Weekday
2026033119,2026-03-31 19:27:55,19,31,13,3,2026,Weekday
2026033121,2026-03-31 21:51:27,21,31,13,3,2026,Weekday
