tryon_id,job_id,user_key,product_key,time_key,device_key,outcome_key,processing_time_ms,quality_score,user_rating,retry_count,saved_after_tryon,created_at
1,1,26,14,2026011220,6,1,12473,0.95,5,0,True,2026-01-12 20:22:04
2,2,1010,2,2025120120,1,1,13862,0.96,5,0,False,2025-12-01 20:20:34
3,3,1010,5,2025120120,1,1,5767,0.98,,1,False,2025-12-01 20:25:34
4,4,1010,9,2025120120,1,1,14749,0.89,,0,False,2025-12-01 20:24:34
5,5,933,20,2025092708,2,1,13326,0.97,3,0,False,2025-09-27 08:35:48
6,6,933,5,2025092708,2,1,5341,0.84,5,0,False,2025-09-27 08:40:48
7,7,273,18,2025110614,4,1,6521,0.92,5,0,False,2025-11-06 14:38:58
8,8,44,17,2026020408,2,1,8665,0.97,5,0,True,2026-02-04 08:18:03
9,9,44,16,2026020408,2,1,8623,0.93,,0,True,2026-02-04 08:23:03
10,10,183,20,2026030708,2,1,12162,0.85,5,0,False,2026-03-07 08:36:56
11,11,183,5,2026030708,2,1,5922,0.85,4,0,False,2026-03-07 08:38:56
12,12,244,4,2026012010,4,1,8262,0.86,4,0,False,2026-01-20 10:12:18
13,13,244,10,2026012010,4,1,11102,0.92,4,0,True,2026-01-20 10:17:18
14,14,185,17,2026022603,1,1,6369,0.93,4,0,False,2026-02-26 03:42:49
15,15,185,16,2026022603,1,1,10409,0.92,5,0,True,2026-02-26 03:45:49
16,16,794,6,2025090418,2,1,8211,0.92,,0,False,2025-09-04 18:56:06
17,17,794,15,2025090419,2,1,12230,0.89,4,0,False,2025-09-04 19:01:06
18,18,148,17,2025101101,2,1,14195,0.84,3,0,False,2025-10-11 01:37:04
19,19,148,16,2025101101,2,1,6156,0.93,5,0,True,2025-10-11 01:41:04
20,20,73,20,2025092309,1,1,7950,0.94,5,0,False,2025-09-23 09:10:41
21,21,154,4,2026021801,1,1,10873,0.92,4,0,False,2026-02-18 01:25:13
22,22,154,10,2026021801,1,1,7096,0.96,4,0,True,2026-02-18 01:28:13
23,23,394,6,2026020513,5,1,10589,0.86,4,0,False,2026-02-05 13:16:34
24,24,100,19,2025121112,3,4,12736,0.2,2,1,False,2025-12-11 12:35:17
25,25,100,23,2025121112,3,1,6170,0.88,4,0,True,2025-12-11 12:37:17
26,26,100,8,2025121112,3,1,6046,0.98,5,0,False,2025-12-11 12:41:17
27,27,387,6,2025100217,1,2,6295,0.27,1,0,False,2025-10-02 17:13:02
28,28,387,15,2025100217,1,3,11521,0.15,2,0,False,2025-10-02 17:15:02
29,29,12,1,2025111718,4,2,10641,0.26,1,0,False,2025-11-17 18:40:31
30,30,31,6,2026021717,1,1,9235,0.87,5,0,False,2026-02-17 17:43:04
31,31,31,15,2026021717,1,1,10309,0.96,4,1,True,2026-02-17 17:46:04
32,32,68,1,2025111911,2,1,15491,0.93,5,0,True,2025-11-19 11:27:47
33,33,68,3,2025111911,2,1,4490,0.83,4,0,False,2025-11-19 11:29:47
34,34,68,8,2025111911,2,1,7066,0.84,4,0,False,2025-11-19 11:37:47
35,35,323,2,2025121011,2,1,12081,0.93,4,0,False,2025-12-10 11:18:15
36,36,323,5,2025121011,2,1,8008,0.95,4,0,False,2025-12-10 11:20:15
37,37,323,9,2025121011,2,1,8402,0.89,4,0,False,2025-12-10 11:24:15
38,38,211,2,2025120109,4,1,5359,0.83,4,0,False,2025-12-01 09:44:51
39,39,211,5,2025120109,4,1,6562,0.98,4,0,True,2025-12-01 09:47:51
40,40,211,9,2025120109,4,1,5751,0.93,4,1,True,2025-12-01 09:52:51
41,41,42,19,2025110613,5,1,11566,0.83,5,0,True,2025-11-06 13:17:22
42,42,42,23,2025110613,5,1,6432,0.88,5,0,False,2025-11-06 13:22:22
43,43,42,8,2025110613,5,1,11608,0.96,4,0,False,2025-11-06 13:21:22
44,44,359,25,2025111017,1,1,11614,0.96,5,0,False,2025-11-10 17:28:15
45,45,34,2,2026022417,1,6,13147,0.0,2,0,False,2026-02-24 17:26:49
46,46,34,5,2026022417,1,1,13829,0.93,4,0,False,2026-02-24 17:29:49
47,47,34,9,2026022417,1,1,14147,0.93,5,0,True,2026-02-24 17:32:49
48,48,310,6,2025091912,2,1,7646,0.96,3,0,False,2025-09-19 12:32:16
49,49,84,20,2025121211,1,3,11866,0.2,1,0,False,2025-12-12 11:46:30
50,50,84,5,2025121211,1,1,4287,0.94,3,0,False,2025-12-12 11:48:30
51,51,1,20,2025100615,2,1,7352,0.89,4,0,False,2025-10-06 15:12:28
52,52,100,12,2026030401,2,1,14081,0.93,3,0,False,2026-03-04 01:55:31
53,53,88,2,2026032301,1,1,7866,0.95,5,0,True,2026-03-23 01:15:13
54,54,88,5,2026032301,1,6,6822,0.0,1,0,False,2026-03-23 01:18:13
55,55,88,9,2026032301,1,1,7018,0.83,5,0,False,2026-03-23 01:19:13
56,56,188,6,2026022220,6,1,11612,0.83,,0,False,2026-02-22 20:37:50
57,57,188,15,2026022220,6,1,13539,0.85,5,0,True,2026-02-22 20:40:50
58,58,97,4,2026020116,1,1,13393,0.89,4,0,False,2026-02-01 16:39:28
59,59,97,10,2026020116,1,1,15226,0.97,5,0,True,2026-02-01 16:43:28
60,60,365,23,2026032921,2,1,9471,0.93,4,0,True,2026-03-29 21:03:53
61,61,288,18,2026022203,1,1,4627,0.9,3,0,True,2026-02-22 03:10:34
62,62,451,22,2025110220,1,1,12415,0.87,5,0,True,2025-11-02 20:01:35
63,63,805,18,2025112710,1,1,8822,0.83,4,0,False,2025-11-27 10:41:46
64,64,17,19,2025120722,3,1,8170,0.91,5,0,False,2025-12-07 22:40:08
65,65,17,23,2025120722,3,1,5655,0.83,,0,False,2025-12-07 22:43:08
66,66,17,8,2025120722,3,1,3792,0.86,4,0,False,2025-12-07 22:50:08
67,67,383,17,2025103110,2,1,8907,0.91,4,0,False,2025-10-31 10:53:37
68,68,383,16,2025103110,2,1,10309,0.95,4,0,False,2025-10-31 10:56:37
69,69,67,11,2025112710,1,1,3844,0.92,4,0,False,2025-11-27 10:18:02
70,70,110,20,2025120316,5,1,5557,0.93,4,0,False,2025-12-03 16:12:16
71,71,256,17,2026011622,2,1,5049,0.87,5,0,True,2026-01-16 22:04:43
72,72,256,16,2026011622,2,1,7153,0.94,4,0,False,2026-01-16 22:07:43
73,73,521,7,2026021108,2,1,11223,0.97,5,0,True,2026-02-11 08:57:33
74,74,12,13,2025092918,2,1,8883,0.89,4,1,False,2025-09-29 18:43:16
75,75,12,14,2025092918,2,1,13294,0.92,5,1,False,2025-09-29 18:45:16
76,76,745,4,2025123111,1,1,5504,0.87,,0,False,2025-12-31 11:00:12
77,77,251,18,2025102407,1,1,9813,0.96,,0,False,2025-10-24 07:10:02
78,78,4,1,2026021418,1,1,10633,0.97,4,0,False,2026-02-14 18:48:45
79,79,4,3,2026021418,1,2,6671,0.29,1,0,False,2026-02-14 18:51:45
80,80,4,8,2026021418,1,1,12705,0.97,,1,False,2026-02-14 18:52:45
81,81,354,19,2025120716,5,1,8170,0.92,4,0,False,2025-12-07 16:34:40
82,82,354,23,2025120716,5,1,12987,0.93,5,0,True,2025-12-07 16:39:40
83,83,354,8,2025120716,5,1,14199,0.85,4,0,False,2025-12-07 16:42:40
84,84,721,11,2025102311,4,1,13638,0.94,4,0,True,2025-10-23 11:49:15
85,85,85,4,2026033011,1,1,14533,0.96,5,0,False,2026-03-30 11:30:24
86,86,85,10,2026033011,1,1,12734,0.91,4,0,False,2026-03-30 11:33:24
87,87,45,13,2025122205,1,1,13760,0.9,5,0,False,2025-12-22 05:10:29
88,88,45,14,2025122205,1,1,6095,0.85,,0,False,2025-12-22 05:13:29
89,89,213,19,2026011816,1,1,10918,0.83,4,0,False,2026-01-18 16:13:00
90,90,213,23,2026011816,1,1,12242,0.83,5,0,True,2026-01-18 16:18:00
91,91,213,8,2026011816,1,1,9901,0.86,4,0,True,2026-01-18 16:21:00
92,92,341,20,2025100113,6,1,11598,0.88,5,0,False,2025-10-01 13:29:52
93,93,341,5,2025100113,6,1,8300,0.84,4,0,True,2025-10-01 13:31:52
94,94,57,4,2025122608,2,1,8452,0.94,4,0,False,2025-12-26 08:04:52
95,95,336,1,2026021013,1,3,7725,0.31,1,0,False,2026-02-10 13:51:29
96,96,336,3,2026021013,1,1,8344,0.88,,0,False,2026-02-10 13:54:29
97,97,336,8,2026021013,1,1,10430,0.98,5,0,True,2026-02-10 13:57:29
98,98,584,17,2025121607,1,1,5866,0.92,3,0,False,2025-12-16 07:38:29
99,99,61,5,2026031604,2,1,11946,0.92,3,0,False,2026-03-16 04:58:17
100,100,28,18,2025102122,3,1,7459,0.88,3,0,False,2025-10-21 22:45:10
101,101,212,2,2026012100,1,1,12608,0.86,5,0,True,2026-01-21 00:41:27
102,102,212,5,2026012100,1,5,12215,0.0,2,0,False,2026-01-21 00:44:27
103,103,212,9,2026012100,1,1,14590,0.87,4,0,True,2026-01-21 00:47:27
104,104,765,13,2026022011,6,1,9765,0.89,5,0,False,2026-02-20 11:52:47
105,105,765,14,2026022011,6,1,5962,0.87,4,0,False,2026-02-20 11:57:47
106,106,345,6,2026032305,1,1,4552,0.95,5,0,False,2026-03-23 05:04:00
107,107,345,15,2026032305,1,1,5144,0.95,4,1,False,2026-03-23 05:06:00
108,108,67,24,2025110113,1,1,7871,0.9,5,0,False,2025-11-01 13:00:43
109,109,180,17,2025111816,1,1,4290,0.9,5,0,False,2025-11-18 16:02:51
110,110,342,13,2025102613,3,1,4824,0.88,4,0,True,2025-10-26 13:44:44
111,111,342,14,2025102613,3,1,8230,0.91,5,0,True,2025-10-26 13:48:44
112,112,1090,19,2026022422,1,1,6917,0.84,3,0,False,2026-02-24 22:39:40
113,113,1071,13,2026033002,2,1,11217,0.94,5,0,False,2026-03-30 02:58:57
114,114,1071,14,2026033003,2,1,7310,0.86,4,0,False,2026-03-30 03:00:57
115,115,69,17,2025113007,2,1,9303,0.86,4,1,False,2025-11-30 07:24:42
116,116,69,16,2025113007,2,1,6815,0.88,5,0,True,2025-11-30 07:27:42
117,117,60,7,2025120408,1,1,4985,0.88,5,0,True,2025-12-04 08:07:48
118,118,348,1,2026012904,3,1,9501,0.9,,0,False,2026-01-29 04:38:27
119,119,348,3,2026012904,3,1,10633,0.94,4,0,False,2026-01-29 04:42:27
120,120,348,8,2026012904,3,1,5672,0.88,5,0,True,2026-01-29 04:42:27
121,121,196,4,2025090414,1,1,8885,0.92,4,0,False,2025-09-04 14:28:01
122,122,196,10,2025090414,1,1,11099,0.9,4,0,False,2025-09-04 14:32:01
123,123,151,6,2026030601,6,1,9940,0.94,5,0,False,2026-03-06 01:05:55
124,124,151,15,2026030601,6,1,14032,0.82,4,0,True,2026-03-06 01:08:55
125,125,391,1,2026021411,1,5,12370,0.17,2,0,False,2026-02-14 11:48:52
126,126,391,3,2026021411,1,1,4024,0.91,,0,False,2026-02-14 11:52:52
127,127,391,8,2026021411,1,1,12521,0.97,4,0,False,2026-02-14 11:56:52
128,128,541,19,2026011705,3,1,7373,0.88,4,0,False,2026-01-17 05:51:22
129,129,541,23,2026011705,3,1,4996,0.92,4,0,False,2026-01-17 05:55:22
130,130,541,8,2026011705,3,1,10179,0.92,5,0,False,2026-01-17 05:57:22
131,131,184,17,2026020400,6,1,7822,0.96,4,0,True,2026-02-04 00:56:29
132,132,376,20,2025112513,1,1,12284,0.9,3,0,False,2025-11-25 13:07:43
133,133,376,5,2025112513,1,4,10087,0.03,,0,False,2025-11-25 13:09:43
134,134,75,6,2025122016,1,4,11501,0.3,1,0,False,2025-12-20 16:42:20
135,135,75,15,2025122016,1,1,13380,0.84,,0,False,2025-12-20 16:46:20
136,136,324,13,2026021706,4,1,7956,0.95,4,0,False,2026-02-17 06:16:58
137,137,324,14,2026021706,4,5,11387,0.3,1,0,False,2026-02-17 06:18:58
138,138,366,16,2026031109,1,1,6789,0.92,5,0,False,2026-03-11 09:08:07
139,139,271,20,2026020115,3,1,13746,0.89,4,0,False,2026-02-01 15:21:21
140,140,271,5,2026020115,3,1,4821,0.94,5,0,True,2026-02-01 15:25:21
141,141,87,9,2026022504,2,1,8046,0.82,3,0,False,2026-02-25 04:06:16
142,142,85,24,2025111406,1,3,13165,0.12,1,2,False,2025-11-14 06:43:29
143,143,198,6,2025091807,1,3,9951,0.07,,0,False,2025-09-18 07:48:41
144,144,198,15,2025091807,1,1,7749,0.93,4,0,False,2025-09-18 07:50:41
145,145,11,4,2026022707,2,1,15308,0.93,4,0,False,2026-02-27 07:17:24
146,146,435,13,2026020417,2,1,5550,0.96,5,0,True,2026-02-04 17:13:41
147,147,435,14,2026020417,2,1,7682,0.85,4,1,True,2026-02-04 17:18:41
148,148,13,5,2026030421,1,1,13942,0.9,5,1,True,2026-03-04 21:50:37
149,149,117,4,2025112021,1,1,12187,0.91,5,0,True,2025-11-20 21:18:42
150,150,7,6,2026012608,1,1,6809,0.89,4,0,False,2026-01-26 08:31:51
151,151,7,15,2026012608,1,1,12785,0.89,5,0,False,2026-01-26 08:35:51
152,152,249,13,2026022220,2,4,4006,0.13,1,0,False,2026-02-22 20:33:51
153,153,249,14,2026022220,2,1,12530,0.86,5,0,False,2026-02-22 20:37:51
154,154,57,6,2026022616,2,1,4417,0.87,3,0,False,2026-02-26 16:03:19
155,155,57,15,2026022616,2,1,4221,0.83,4,0,True,2026-02-26 16:06:19
156,156,709,13,2026020418,1,1,11751,0.83,,0,True,2026-02-04 18:08:07
157,157,709,14,2026020418,1,1,10514,0.92,4,0,False,2026-02-04 18:10:07
158,158,583,9,2025112207,2,1,6658,0.83,4,0,False,2025-11-22 07:41:52
159,159,249,4,2025111321,2,1,14446,0.91,5,0,False,2025-11-13 21:53:56
160,160,249,10,2025111321,2,1,14010,0.89,4,0,False,2025-11-13 21:58:56
161,161,104,19,2025110118,5,1,15375,0.98,5,0,True,2025-11-01 18:18:41
162,162,104,23,2025110118,5,1,7862,0.91,4,0,False,2025-11-01 18:22:41
163,163,104,8,2025110118,5,1,13460,0.88,5,1,False,2025-11-01 18:28:41
164,164,41,4,2025122713,1,5,14071,0.24,1,0,False,2025-12-27 13:22:05
165,165,41,10,2025122713,1,3,14538,0.05,1,0,False,2025-12-27 13:25:05
166,166,77,20,2025122623,2,1,13140,0.94,5,0,True,2025-12-26 23:01:17
167,167,77,5,2025122623,2,1,4985,0.87,5,0,False,2025-12-26 23:03:17
168,168,966,20,2026010904,1,1,3887,0.86,5,0,False,2026-01-09 04:44:14
169,169,966,5,2026010904,1,3,9054,0.11,2,0,False,2026-01-09 04:49:14
170,170,67,13,2025102619,6,1,5052,0.87,4,0,True,2025-10-26 19:26:21
171,171,436,2,2026030210,1,1,11693,0.84,4,0,False,2026-03-02 10:34:31
172,172,436,5,2026030210,1,1,8062,0.98,4,0,True,2026-03-02 10:37:31
173,173,436,9,2026030210,1,1,10984,0.91,4,0,False,2026-03-02 10:42:31
174,174,97,25,2026031407,1,1,4435,0.98,4,0,True,2026-03-14 07:40:05
175,175,71,2,2026020904,1,1,8413,0.92,4,1,False,2026-02-09 04:15:44
176,176,71,5,2026020904,1,1,7171,0.9,4,0,False,2026-02-09 04:17:44
177,177,71,9,2026020904,1,1,5301,0.92,,0,False,2026-02-09 04:23:44
178,178,919,6,2026010507,1,1,3836,0.92,3,1,False,2026-01-05 07:03:42
179,179,919,15,2026010507,1,1,8492,0.97,4,0,True,2026-01-05 07:07:42
180,180,338,17,2025113002,6,1,6958,0.9,5,0,True,2025-11-30 02:38:51
181,181,194,13,2025112104,1,1,8653,0.82,5,0,True,2025-11-21 04:08:36
182,182,194,14,2025112104,1,1,4182,0.92,5,0,False,2025-11-21 04:12:36
183,183,1048,20,2025121619,2,1,7426,0.9,5,0,False,2025-12-16 19:17:29
184,184,1048,5,2025121619,2,1,5858,0.87,5,0,True,2025-12-16 19:20:29
185,185,42,7,2026033013,4,1,6078,0.96,,0,False,2026-03-30 13:47:00
186,186,274,2,2025110117,1,1,10437,0.94,5,0,True,2025-11-01 17:06:48
187,187,274,5,2025110117,1,2,13726,0.05,1,0,False,2025-11-01 17:10:48
188,188,274,9,2025110117,1,1,12808,0.86,3,0,True,2025-11-01 17:12:48
189,189,739,12,2026030209,1,1,3945,0.84,4,0,True,2026-03-02 09:11:32
190,190,1051,7,2025112618,3,1,9023,0.97,4,0,False,2025-11-26 18:21:20
191,191,863,1,2026021409,2,1,13784,0.88,,0,False,2026-02-14 09:06:28
192,192,863,3,2026021409,2,1,7725,0.89,5,0,True,2026-02-14 09:08:28
193,193,863,8,2026021409,2,1,4507,0.83,4,0,False,2026-02-14 09:16:28
194,194,180,10,2025122814,1,1,12595,0.97,5,0,False,2025-12-28 14:39:01
195,195,189,6,2026031418,1,1,7008,0.85,5,0,False,2026-03-14 18:28:07
196,196,189,15,2026031418,1,1,5724,0.93,,0,False,2026-03-14 18:30:07
197,197,380,20,2026021602,2,1,12965,0.88,5,0,False,2026-02-16 02:59:29
198,198,380,5,2026021603,2,1,8747,0.84,5,0,True,2026-02-16 03:02:29
199,199,506,6,2026021115,1,1,11853,0.82,5,0,True,2026-02-11 15:42:50
200,200,506,15,2026021115,1,1,11134,0.9,4,0,False,2026-02-11 15:44:50
201,201,24,13,2025090321,2,2,4231,0.23,1,0,False,2025-09-03 21:15:54
202,202,24,14,2025090321,2,1,6343,0.83,4,0,False,2025-09-03 21:19:54
203,203,309,24,2025110905,2,1,6108,0.87,4,0,False,2025-11-09 05:40:02
204,204,730,6,2025100205,1,1,4653,0.89,4,0,True,2025-10-02 05:09:10
205,205,730,15,2025100205,1,1,8405,0.93,,0,False,2025-10-02 05:11:10
206,206,744,17,2025120310,5,1,13684,0.92,4,0,True,2025-12-03 10:06:12
207,207,744,16,2025120310,5,1,5632,0.82,3,0,False,2025-12-03 10:10:12
208,208,63,17,2026020908,1,2,8742,0.1,,0,False,2026-02-09 08:39:04
209,209,63,16,2026020908,1,1,13021,0.84,4,0,False,2026-02-09 08:43:04
210,210,9,17,2025110812,5,1,13976,0.95,5,0,False,2025-11-08 12:58:54
211,211,9,16,2025110813,5,1,12237,0.95,,0,True,2025-11-08 13:02:54
212,212,394,1,2025122006,1,1,9595,0.96,4,0,False,2025-12-20 06:20:59
213,213,394,3,2025122006,1,1,10082,0.92,5,0,False,2025-12-20 06:24:59
214,214,394,8,2025122006,1,1,4218,0.94,5,0,True,2025-12-20 06:24:59
215,215,27,13,2025120214,1,1,5217,0.88,3,0,True,2025-12-02 14:59:10
216,216,27,14,2025120215,1,1,11621,0.96,4,0,False,2025-12-02 15:01:10
217,217,243,2,2026012613,3,1,5597,0.83,4,1,False,2026-01-26 13:30:19
218,218,243,5,2026012613,3,1,4455,0.92,3,0,False,2026-01-26 13:32:19
219,219,243,9,2026012613,3,5,8285,0.22,1,0,False,2026-01-26 13:38:19
220,220,83,22,2026010922,1,2,6677,0.34,2,0,False,2026-01-09 22:41:29
221,221,113,13,2026010300,2,4,5831,0.12,2,0,False,2026-01-03 00:29:40
222,222,113,14,2026010300,2,1,13466,0.83,4,0,True,2026-01-03 00:31:40
223,223,323,20,2026022400,1,1,11329,0.93,5,0,False,2026-02-24 00:12:54
224,224,28,13,2026030204,2,1,7927,0.97,4,0,False,2026-03-02 04:38:52
225,225,28,14,2026030204,2,1,9020,0.97,4,0,False,2026-03-02 04:43:52
226,226,10,19,2026030422,1,1,11646,0.88,5,0,False,2026-03-04 22:26:14
227,227,10,23,2026030422,1,1,10266,0.92,5,0,False,2026-03-04 22:28:14
228,228,10,8,2026030422,1,1,9282,0.91,,0,False,2026-03-04 22:32:14
229,229,371,14,2026021117,2,1,13107,0.86,5,0,True,2026-02-11 17:17:51
230,230,35,2,2026022802,3,1,13471,0.88,5,0,False,2026-02-28 02:37:09
231,231,35,5,2026022802,3,1,5976,0.92,3,0,True,2026-02-28 02:42:09
232,232,35,9,2026022802,3,1,15085,0.93,4,0,False,2026-02-28 02:41:09
233,233,59,13,2026010422,5,1,13718,0.97,,0,False,2026-01-04 22:54:16
234,234,59,14,2026010422,5,1,4570,0.96,3,1,False,2026-01-04 22:59:16
235,235,271,13,2026011820,4,1,10352,0.91,5,0,False,2026-01-18 20:24:09
236,236,271,14,2026011820,4,1,9602,0.9,4,0,False,2026-01-18 20:27:09
237,237,47,1,2026032102,1,6,7224,0.0,2,0,False,2026-03-21 02:44:03
238,238,47,3,2026032102,1,1,13911,0.96,5,0,False,2026-03-21 02:49:03
239,239,47,8,2026032102,1,1,13605,0.89,4,1,True,2026-03-21 02:54:03
240,240,224,9,2025120206,1,2,14507,0.17,1,0,False,2025-12-02 06:40:10
241,241,368,17,2025121714,6,1,11440,0.83,5,0,True,2025-12-17 14:10:32
242,242,348,13,2026020820,2,1,13103,0.82,4,0,False,2026-02-08 20:26:51
243,243,348,14,2026020820,2,1,13491,0.98,4,0,True,2026-02-08 20:31:51
244,244,396,19,2026021711,2,1,12942,0.87,5,0,True,2026-02-17 11:03:41
245,245,396,23,2026021711,2,1,7909,0.86,4,1,False,2026-02-17 11:05:41
246,246,396,8,2026021711,2,1,9758,0.97,5,0,False,2026-02-17 11:07:41
247,247,79,6,2026030201,3,1,6225,0.83,4,0,False,2026-03-02 01:50:51
248,248,79,15,2026030201,3,1,7154,0.86,4,0,False,2026-03-02 01:55:51
249,249,726,25,2025112113,3,1,12424,0.88,4,0,False,2025-11-21 13:10:35
250,250,363,6,2025123117,2,6,8872,0.0,2,1,False,2025-12-31 17:51:36
251,251,363,15,2025123117,2,1,13702,0.91,4,0,False,2025-12-31 17:53:36
252,252,776,2,2026011902,1,1,6893,0.93,4,0,False,2026-01-19 02:07:21
253,253,776,5,2026011902,1,1,10437,0.82,3,0,True,2026-01-19 02:10:21
254,254,776,9,2026011902,1,1,5557,0.88,5,1,True,2026-01-19 02:11:21
255,255,28,21,2025112412,1,4,14274,0.13,,0,False,2025-11-24 12:57:10
256,256,56,9,2025112412,1,1,10298,0.97,4,0,False,2025-11-24 12:34:31
257,257,543,13,2025121800,1,1,6987,0.95,4,0,True,2025-12-18 00:30:23
258,258,54,20,2026031110,1,1,13060,0.93,4,0,True,2026-03-11 10:18:23
259,259,54,5,2026031110,1,3,4319,0.23,1,0,False,2026-03-11 10:23:23
260,260,80,19,2026010710,1,1,6148,0.88,5,0,False,2026-01-07 10:14:47
261,261,1,17,2026030713,1,1,12459,0.92,,0,True,2026-03-07 13:11:02
262,262,1,16,2026030713,1,3,6593,0.27,2,0,False,2026-03-07 13:15:02
263,263,1103,20,2025111412,4,1,4284,0.96,4,0,True,2025-11-14 12:16:42
264,264,1103,5,2025111412,4,1,12448,0.83,4,0,False,2025-11-14 12:19:42
265,265,636,1,2025090717,1,1,13791,0.85,5,0,False,2025-09-07 17:01:46
266,266,636,3,2025090717,1,1,11420,0.83,4,0,False,2025-09-07 17:04:46
267,267,636,8,2025090717,1,1,8735,0.92,3,0,False,2025-09-07 17:05:46
268,268,30,3,2025110614,3,1,7020,0.92,5,0,True,2025-11-06 14:56:25
269,269,635,11,2026021706,1,1,6541,0.97,4,0,True,2026-02-17 06:59:44
270,270,37,6,2025120510,2,1,14057,0.97,3,0,True,2025-12-05 10:12:40
271,271,533,3,2025101300,1,1,11498,0.93,5,0,True,2025-10-13 00:50:33
272,272,62,20,2025121513,1,1,5142,0.83,4,0,False,2025-12-15 13:26:04
273,273,62,5,2025121513,1,1,12386,0.82,4,0,True,2025-12-15 13:30:04
274,274,315,17,2026031419,1,1,11472,0.85,5,0,False,2026-03-14 19:06:52
275,275,48,17,2025091801,1,1,5410,0.92,5,0,False,2025-09-18 01:51:59
276,276,48,16,2025091801,1,2,7555,0.18,1,0,False,2025-09-18 01:54:59
277,277,295,17,2026011814,1,1,9852,0.84,5,0,False,2026-01-18 14:16:55
278,278,295,16,2026011814,1,1,13684,0.9,5,0,True,2026-01-18 14:18:55
279,279,141,4,2025101611,2,1,7236,0.84,5,0,True,2025-10-16 11:41:29
280,280,141,10,2025101611,2,1,14889,0.85,4,0,False,2025-10-16 11:46:29
281,281,584,19,2026030917,6,1,14692,0.96,4,0,False,2026-03-09 17:55:38
282,282,198,24,2025091115,4,1,7440,0.91,5,0,False,2025-09-11 15:11:08
283,283,895,2,2026021013,6,1,5305,0.88,5,0,False,2026-02-10 13:54:57
284,284,73,14,2025090603,5,1,8694,0.86,,0,True,2025-09-06 03:47:26
285,285,195,15,2025092711,3,1,3722,0.96,5,0,False,2025-09-27 11:33:00
286,286,22,13,2026013015,1,1,5026,0.92,5,0,True,2026-01-30 15:27:18
287,287,22,14,2026013015,1,1,4544,0.83,,0,False,2026-01-30 15:31:18
288,288,125,6,2025091704,2,1,12541,0.94,4,0,False,2025-09-17 04:58:35
289,289,125,15,2025091705,2,1,7393,0.94,5,0,False,2025-09-17 05:03:35
290,290,894,9,2026012818,1,1,13714,0.9,4,0,True,2026-01-28 18:47:15
291,291,250,17,2025122320,3,1,6629,0.96,3,0,False,2025-12-23 20:06:04
292,292,250,16,2025122320,3,1,7046,0.86,5,0,False,2025-12-23 20:08:04
293,293,321,6,2025122404,1,1,7506,0.92,4,0,True,2025-12-24 04:32:14
294,294,321,15,2025122404,1,1,13421,0.87,5,0,True,2025-12-24 04:36:14
295,295,248,13,2026012912,2,1,4475,0.86,4,0,False,2026-01-29 12:02:58
296,296,248,14,2026012912,2,1,8373,0.85,,0,False,2026-01-29 12:06:58
297,297,53,22,2026021712,3,1,9266,0.83,4,0,True,2026-02-17 12:02:13
298,298,62,12,2025091419,1,1,10328,0.85,4,0,False,2025-09-14 19:19:32
299,299,506,5,2026021322,1,1,13099,0.87,5,0,False,2026-02-13 22:37:28
300,300,599,2,2026022000,2,1,7310,0.91,4,0,False,2026-02-20 00:43:20
301,301,599,5,2026022000,2,1,8253,0.92,4,0,False,2026-02-20 00:45:20
302,302,599,9,2026022000,2,1,13385,0.89,5,0,True,2026-02-20 00:47:20
303,303,218,2,2026011402,4,1,3899,0.93,4,0,False,2026-01-14 02:59:04
304,304,114,3,2026022109,1,1,10644,0.89,4,0,True,2026-02-21 09:04:10
305,305,161,13,2025100418,1,7,10408,0.26,1,0,False,2025-10-04 18:18:17
306,306,161,14,2025100418,1,1,5943,0.91,5,0,False,2025-10-04 18:22:17
307,307,697,1,2025122217,3,1,5439,0.87,5,0,False,2025-12-22 17:59:32
308,308,697,3,2025122218,3,1,8413,0.97,5,0,False,2025-12-22 18:02:32
309,309,697,8,2025122218,3,1,11778,0.92,3,0,False,2025-12-22 18:09:32
310,310,21,20,2026011919,4,1,3987,0.95,4,0,False,2026-01-19 19:50:34
311,311,21,5,2026011919,4,1,9555,0.84,4,0,False,2026-01-19 19:53:34
312,312,82,12,2026021106,1,1,6702,0.97,4,0,False,2026-02-11 06:09:14
313,313,300,17,2025110505,3,1,9461,0.93,4,0,False,2025-11-05 05:49:10
314,314,300,16,2025110505,3,1,6371,0.87,5,0,True,2025-11-05 05:51:10
315,315,47,18,2025122322,2,1,3984,0.97,4,0,True,2025-12-23 22:27:48
316,316,94,19,2026010909,4,1,7108,0.87,5,0,True,2026-01-09 09:41:31
317,317,94,23,2026010909,4,1,10660,0.87,4,0,False,2026-01-09 09:44:31
318,318,94,8,2026010909,4,5,5466,0.27,1,0,False,2026-01-09 09:45:31
319,319,345,2,2026022104,4,4,13559,0.26,,0,False,2026-02-21 04:24:04
320,320,345,5,2026022104,4,1,8244,0.88,3,0,False,2026-02-21 04:27:04
321,321,345,9,2026022104,4,1,13272,0.96,5,0,False,2026-02-21 04:32:04
322,322,30,4,2025090618,6,1,8506,0.91,,0,True,2025-09-06 18:20:35
323,323,30,10,2025090618,6,1,7963,0.91,4,0,False,2025-09-06 18:25:35
324,324,1144,4,2026021300,1,2,9723,0.05,,0,False,2026-02-13 00:49:21
325,325,1144,10,2026021300,1,3,10111,0.13,2,0,False,2026-02-13 00:51:21
326,326,724,13,2025112801,6,1,9720,0.83,5,0,False,2025-11-28 01:17:34
327,327,724,14,2025112801,6,1,5653,0.88,4,0,False,2025-11-28 01:22:34
328,328,151,6,2025102112,1,1,10658,0.92,,0,True,2025-10-21 12:07:09
329,329,84,21,2026010100,5,1,9569,0.92,4,0,False,2026-01-01 00:17:26
330,330,191,19,2025121417,1,5,5438,0.29,2,2,False,2025-12-14 17:26:49
331,331,191,23,2025121417,1,1,4953,0.87,4,0,False,2025-12-14 17:31:49
332,332,191,8,2025121417,1,1,7987,0.85,5,0,False,2025-12-14 17:36:49
333,333,629,1,2026020623,6,1,5538,0.87,4,0,False,2026-02-06 23:02:51
334,334,629,3,2026020623,6,1,10074,0.85,4,0,False,2026-02-06 23:06:51
335,335,629,8,2026020623,6,1,11397,0.9,5,0,False,2026-02-06 23:06:51
336,336,764,13,2026031702,2,1,4161,0.88,,0,False,2026-03-17 02:38:49
337,337,764,14,2026031702,2,1,13942,0.88,5,0,True,2026-03-17 02:41:49
338,338,30,14,2026011308,1,1,4773,0.92,5,0,False,2026-01-13 08:57:58
339,339,35,17,2025110606,1,1,13333,0.96,4,1,False,2025-11-06 06:27:26
340,340,35,16,2025110606,1,1,5339,0.88,5,0,False,2025-11-06 06:31:26
341,341,62,17,2026031305,1,1,4934,0.89,4,0,False,2026-03-13 05:52:19
342,342,62,16,2026031305,1,1,7400,0.83,,0,False,2026-03-13 05:55:19
343,343,1074,4,2026021108,2,5,6256,0.17,1,0,False,2026-02-11 08:45:22
344,344,91,17,2025122619,1,1,4004,0.9,5,0,False,2025-12-26 19:21:16
345,345,91,16,2025122619,1,1,11356,0.85,,0,False,2025-12-26 19:24:16
346,346,329,25,2026030901,4,1,8619,0.88,4,0,True,2026-03-09 01:54:11
347,347,158,14,2025092608,1,1,5560,0.86,5,0,True,2025-09-26 08:30:29
348,348,9,20,2025123022,1,1,8251,0.86,3,0,False,2025-12-30 22:26:52
349,349,9,5,2025123022,1,1,4606,0.83,5,0,False,2025-12-30 22:29:52
350,350,26,14,2025122601,4,1,13054,0.95,5,0,True,2025-12-26 01:22:01
351,351,999,19,2026032300,5,1,10134,0.83,5,0,False,2026-03-23 00:59:49
352,352,289,24,2026013018,1,1,11690,0.84,4,0,False,2026-01-30 18:36:13
353,353,293,2,2026031018,1,1,6074,0.86,4,0,False,2026-03-10 18:28:23
354,354,293,5,2026031018,1,1,4595,0.82,,0,False,2026-03-10 18:32:23
355,355,293,9,2026031018,1,1,6999,0.88,5,0,False,2026-03-10 18:34:23
356,356,71,20,2026030719,5,1,6325,0.97,5,0,True,2026-03-07 19:29:34
357,357,71,5,2026030719,5,1,5012,0.94,4,0,True,2026-03-07 19:33:34
358,358,1022,11,2026030306,2,1,13565,0.93,4,0,False,2026-03-03 06:53:20
359,359,261,1,2025112410,3,1,15294,0.95,4,0,False,2025-11-24 10:51:03
360,360,261,3,2025112410,3,1,5831,0.86,5,0,False,2025-11-24 10:53:03
361,361,261,8,2025112411,3,1,7970,0.87,4,0,False,2025-11-24 11:01:03
362,362,295,7,2026011905,1,1,7377,0.96,,1,False,2026-01-19 05:16:15
363,363,7,21,2026030210,1,1,11570,0.85,5,0,True,2026-03-02 10:56:18
364,364,301,17,2025102907,1,3,11796,0.27,,0,False,2025-10-29 07:07:19
365,365,301,16,2025102907,1,1,11796,0.96,5,0,True,2025-10-29 07:10:19
366,366,174,10,2025112013,2,1,9289,0.89,4,0,False,2025-11-20 13:42:25
367,367,189,19,2025120618,1,3,11283,0.24,2,0,False,2025-12-06 18:29:28
368,368,189,23,2025120618,1,4,11415,0.02,,1,False,2025-12-06 18:33:28
369,369,189,8,2025120618,1,3,9776,0.13,,0,False,2025-12-06 18:33:28
370,370,877,13,2025091707,1,1,12390,0.96,4,0,False,2025-09-17 07:18:45
371,371,877,14,2025091707,1,2,8303,0.04,,0,False,2025-09-17 07:22:45
372,372,979,9,2025122005,2,1,13049,0.89,4,0,False,2025-12-20 05:03:24
373,373,46,6,2026021905,1,2,11808,0.25,2,0,False,2026-02-19 05:00:01
374,374,46,15,2026021905,1,1,6125,0.91,4,0,True,2026-02-19 05:04:01
375,375,29,6,2025122016,3,1,3767,0.93,4,0,False,2025-12-20 16:09:26
376,376,29,15,2025122016,3,1,9084,0.83,5,1,False,2025-12-20 16:12:26
377,377,361,2,2025101817,3,3,13994,0.25,2,1,False,2025-10-18 17:02:16
378,378,361,5,2025101817,3,1,13025,0.83,5,0,False,2025-10-18 17:04:16
379,379,361,9,2025101817,3,1,13964,0.87,5,0,False,2025-10-18 17:06:16
380,380,137,4,2026020305,6,1,9668,0.96,4,0,False,2026-02-03 05:37:50
381,381,137,10,2026020305,6,1,10080,0.9,4,0,False,2026-02-03 05:40:50
382,382,303,12,2026011818,2,1,5178,0.88,4,0,False,2026-01-18 18:32:06
383,383,633,20,2026012204,1,1,11815,0.93,5,0,False,2026-01-22 04:49:52
384,384,633,5,2026012204,1,1,6134,0.89,,0,False,2026-01-22 04:51:52
385,385,364,17,2025122700,1,1,10466,0.97,4,0,False,2025-12-27 00:00:41
386,386,346,12,2026031409,1,1,6685,0.82,5,0,False,2026-03-14 09:18:01
387,387,14,10,2026010419,1,1,8066,0.89,5,0,True,2026-01-04 19:52:22
388,388,24,4,2025121101,1,2,11637,0.06,2,1,False,2025-12-11 01:00:57
389,389,1098,17,2026032100,2,1,3960,0.83,4,0,True,2026-03-21 00:34:56
390,390,1098,16,2026032100,2,1,10839,0.85,5,0,False,2026-03-21 00:37:56
391,391,775,13,2026032911,3,1,10995,0.82,4,0,True,2026-03-29 11:57:11
392,392,775,14,2026032912,3,3,10118,0.08,1,0,False,2026-03-29 12:02:11
393,393,3,14,2026032309,6,1,11687,0.92,5,0,True,2026-03-23 09:55:22
394,394,236,1,2026032011,2,1,12755,0.91,4,0,False,2026-03-20 11:34:17
395,395,236,3,2026032011,2,1,11388,0.89,4,0,False,2026-03-20 11:38:17
396,396,236,8,2026032011,2,1,11375,0.91,5,0,False,2026-03-20 11:40:17
397,397,89,22,2026013022,2,1,9627,0.95,5,0,False,2026-01-30 22:31:24
398,398,26,4,2026030720,1,3,8431,0.35,1,0,False,2026-03-07 20:51:31
399,399,26,10,2026030720,1,1,13248,0.86,5,1,True,2026-03-07 20:53:31
400,400,20,4,2026020114,1,1,14126,0.98,5,0,False,2026-02-01 14:50:12
401,401,20,10,2026020114,1,1,5826,0.96,5,0,True,2026-02-01 14:53:12
402,402,179,25,2026022520,1,1,12915,0.92,5,1,True,2026-02-25 20:48:46
403,403,32,12,2025101704,1,1,6227,0.94,4,0,False,2025-10-17 04:23:34
404,404,101,4,2025111818,1,1,9698,0.82,5,0,False,2025-11-18 18:03:58
405,405,101,10,2025111818,1,1,9021,0.93,4,0,False,2025-11-18 18:05:58
406,406,461,5,2026020821,3,1,9627,0.96,,0,False,2026-02-08 21:22:04
407,407,182,17,2025091820,5,1,10143,0.88,5,0,True,2025-09-18 20:43:43
408,408,346,1,2026032813,6,1,10139,0.96,5,0,False,2026-03-28 13:26:49
409,409,346,3,2026032813,6,1,10318,0.96,5,0,True,2026-03-28 13:28:49
410,410,346,8,2026032813,6,1,9356,0.92,5,0,True,2026-03-28 13:32:49
411,411,545,10,2026020510,1,1,13860,0.94,5,0,False,2026-02-05 10:15:59
412,412,28,6,2025123114,1,1,5509,0.94,5,0,False,2025-12-31 14:24:12
413,413,28,15,2025123114,1,1,5743,0.9,4,0,False,2025-12-31 14:28:12
414,414,280,4,2025090308,3,1,7293,0.87,5,0,False,2025-09-03 08:35:32
415,415,280,10,2025090308,3,1,12443,0.9,4,0,False,2025-09-03 08:38:32
416,416,384,2,2026031320,1,1,13337,0.89,4,0,False,2026-03-13 20:47:57
417,417,384,5,2026031320,1,1,11720,0.91,5,0,False,2026-03-13 20:52:57
418,418,384,9,2026031320,1,1,7119,0.84,4,0,False,2026-03-13 20:57:57
419,419,235,4,2026032519,1,1,14856,0.97,4,0,False,2026-03-25 19:57:09
420,420,235,10,2026032519,1,4,11086,0.01,1,0,False,2026-03-25 19:59:09
421,421,131,6,2025122412,1,6,7232,0.0,,0,False,2025-12-24 12:06:15
422,422,131,15,2025122412,1,3,11583,0.02,1,0,False,2025-12-24 12:11:15
423,423,275,16,2026011012,3,1,11057,0.9,4,0,False,2026-01-10 12:44:27
424,424,396,22,2025111708,2,1,12259,0.88,4,0,False,2025-11-17 08:14:16
425,425,335,19,2025110415,2,1,15136,0.84,5,0,True,2025-11-04 15:38:29
426,426,473,19,2026022817,2,1,8371,0.97,4,0,True,2026-02-28 17:31:53
427,427,473,23,2026022817,2,1,11752,0.91,4,0,False,2026-02-28 17:36:53
428,428,473,8,2026022817,2,1,9958,0.85,3,0,False,2026-02-28 17:35:53
429,429,35,13,2025100921,1,1,4665,0.84,,0,False,2025-10-09 21:51:23
430,430,35,14,2025100921,1,1,6034,0.93,4,0,True,2025-10-09 21:55:23
431,431,98,4,2026012504,1,1,11308,0.91,4,0,False,2026-01-25 04:02:10
432,432,81,20,2025120219,1,1,13303,0.86,5,0,True,2025-12-02 19:33:19
433,433,81,5,2025120219,1,1,11006,0.92,4,0,False,2025-12-02 19:36:19
434,434,327,5,2025111908,1,1,11101,0.91,4,1,False,2025-11-19 08:21:20
435,435,638,6,2025122408,1,1,14058,0.86,5,0,False,2025-12-24 08:00:01
436,436,723,2,2025121914,1,1,10777,0.95,5,0,False,2025-12-19 14:00:40
437,437,723,5,2025121914,1,1,11117,0.97,5,0,False,2025-12-19 14:04:40
438,438,723,9,2025121914,1,1,7190,0.89,5,0,True,2025-12-19 14:08:40
439,439,1,1,2026030509,2,1,6329,0.93,4,0,False,2026-03-05 09:34:18
440,440,1,3,2026030509,2,1,5722,0.96,5,0,True,2026-03-05 09:36:18
441,441,1,8,2026030509,2,1,3838,0.88,4,0,False,2026-03-05 09:44:18
442,442,128,4,2026010311,3,1,15243,0.93,4,0,False,2026-01-03 11:24:09
443,443,128,10,2026010311,3,1,14929,0.9,4,0,False,2026-01-03 11:27:09
444,444,59,13,2026020419,2,1,13579,0.85,5,0,False,2026-02-04 19:47:26
445,445,59,14,2026020419,2,1,7434,0.94,4,0,False,2026-02-04 19:49:26
446,446,397,1,2025121620,6,1,5849,0.96,3,0,False,2025-12-16 20:55:19
447,447,397,3,2025121620,6,1,11344,0.98,4,0,False,2025-12-16 20:59:19
448,448,397,8,2025121620,6,1,11054,0.86,4,0,False,2025-12-16 20:59:19
449,449,144,1,2026010907,6,1,7694,0.89,3,0,True,2026-01-09 07:41:03
450,450,144,3,2026010907,6,1,13408,0.84,4,0,False,2026-01-09 07:43:03
451,451,144,8,2026010907,6,1,4591,0.86,4,0,False,2026-01-09 07:49:03
452,452,240,25,2025110923,2,1,4694,0.92,5,0,True,2025-11-09 23:18:19
453,453,134,3,2026033020,3,1,4777,0.89,4,0,False,2026-03-30 20:05:27
454,454,17,20,2025092114,1,1,9990,0.92,5,0,True,2025-09-21 14:34:06
455,455,17,5,2025092114,1,1,4125,0.92,4,0,False,2025-09-21 14:39:06
456,456,99,1,2025122009,2,1,13337,0.95,,0,True,2025-12-20 09:01:40
457,457,99,3,2025122009,2,1,4422,0.92,4,1,True,2025-12-20 09:06:40
458,458,99,8,2025122009,2,1,13262,0.9,5,0,True,2025-12-20 09:09:40
459,459,527,17,2025111205,1,1,12866,0.93,4,0,True,2025-11-12 05:57:07
460,460,527,16,2025111206,1,1,4820,0.98,5,0,True,2025-11-12 06:02:07
461,461,351,15,2026033021,2,1,9084,0.91,4,0,False,2026-03-30 21:55:00
462,462,191,1,2025112904,2,1,10431,0.85,4,0,False,2025-11-29 04:37:46
463,463,191,3,2025112904,2,1,4908,0.85,,0,False,2025-11-29 04:42:46
464,464,191,8,2025112904,2,1,9596,0.89,5,1,False,2025-11-29 04:41:46
465,465,9,4,2025111703,4,1,9289,0.91,4,0,True,2025-11-17 03:51:45
466,466,9,10,2025111703,4,1,10544,0.84,5,0,False,2025-11-17 03:53:45
467,467,92,17,2025120314,2,1,6807,0.83,4,0,False,2025-12-03 14:21:34
468,468,92,16,2025120314,2,1,4456,0.87,4,0,False,2025-12-03 14:26:34
469,469,291,11,2026010305,1,1,7128,0.96,,0,False,2026-01-03 05:58:54
470,470,554,3,2026031514,1,1,11306,0.92,4,0,False,2026-03-15 14:18:51
471,471,385,23,2026032409,5,1,4299,0.88,,0,False,2026-03-24 09:47:17
472,472,885,13,2026030413,1,1,12720,0.91,,0,False,2026-03-04 13:41:29
473,473,455,17,2025122422,1,1,10400,0.92,4,0,False,2025-12-24 22:02:48
474,474,455,16,2025122422,1,1,4943,0.88,4,0,True,2025-12-24 22:07:48
475,475,25,2,2026031504,3,1,6921,0.83,3,0,True,2026-03-15 04:47:16
476,476,25,5,2026031504,3,1,13596,0.95,5,0,True,2026-03-15 04:51:16
477,477,25,9,2026031504,3,2,11616,0.29,,1,False,2026-03-15 04:55:16
478,478,666,6,2025091314,4,1,12754,0.94,4,0,False,2025-09-13 14:49:46
479,479,666,15,2025091314,4,1,10543,0.83,5,0,True,2025-09-13 14:54:46
480,480,188,6,2026020310,2,1,9510,0.94,4,0,False,2026-02-03 10:33:02
481,481,188,15,2026020310,2,1,8609,0.94,5,0,False,2026-02-03 10:38:02
482,482,7,5,2025112006,6,1,10104,0.95,,0,False,2025-11-20 06:06:17
483,483,62,20,2026013100,1,1,6508,0.97,5,0,True,2026-01-31 00:59:34
484,484,62,5,2026013101,1,4,4838,0.17,1,1,False,2026-01-31 01:02:34
485,485,140,2,2025120423,1,1,6272,0.85,5,0,True,2025-12-04 23:31:39
486,486,140,5,2025120423,1,1,7082,0.9,3,0,False,2025-12-04 23:34:39
487,487,140,9,2025120423,1,1,14422,0.95,5,0,True,2025-12-04 23:37:39
488,488,291,15,2026032503,1,1,7744,0.89,5,0,False,2026-03-25 03:24:23
489,489,931,1,2026031716,2,1,9873,0.97,4,0,False,2026-03-17 16:03:57
490,490,931,3,2026031716,2,1,10002,0.85,5,0,True,2026-03-17 16:06:57
491,491,931,8,2026031716,2,1,6287,0.84,5,0,True,2026-03-17 16:09:57
492,492,322,3,2025122316,2,1,9741,0.89,5,1,True,2025-12-23 16:36:29
493,493,32,6,2026010522,1,1,9944,0.83,5,0,False,2026-01-05 22:39:45
494,494,32,15,2026010522,1,1,5936,0.88,3,0,True,2026-01-05 22:44:45
495,495,447,2,2026020803,2,1,6343,0.89,4,0,False,2026-02-08 03:08:30
496,496,447,5,2026020803,2,1,6459,0.85,4,1,False,2026-02-08 03:10:30
497,497,447,9,2026020803,2,1,5564,0.84,4,0,True,2026-02-08 03:12:30
498,498,250,21,2026022000,3,1,11183,0.87,3,0,True,2026-02-20 00:16:49
499,499,987,7,2026012419,1,2,4735,0.29,2,0,False,2026-01-24 19:56:30
500,500,847,2,2025110512,1,1,12575,0.87,5,0,False,2025-11-05 12:46:54
501,501,171,17,2025121503,1,1,4781,0.87,4,0,False,2025-12-15 03:06:01
502,502,171,16,2025121503,1,1,8640,0.88,3,0,True,2025-12-15 03:10:01
503,503,225,19,2025101318,1,1,7177,0.98,5,0,False,2025-10-13 18:29:08
504,504,327,22,2026010219,2,6,13372,0.0,2,0,False,2026-01-02 19:40:01
505,505,70,2,2025090611,1,1,8559,0.92,3,0,False,2025-09-06 11:53:14
506,506,70,5,2025090611,1,1,10970,0.83,,0,False,2025-09-06 11:58:14
507,507,70,9,2025090612,1,3,11797,0.28,1,0,False,2025-09-06 12:01:14
508,508,87,17,2025091012,1,1,7344,0.97,5,0,True,2025-09-10 12:50:16
509,509,87,16,2025091012,1,1,11755,0.85,5,1,True,2025-09-10 12:55:16
510,510,58,5,2025102607,1,1,6936,0.83,5,0,True,2025-10-26 07:10:26
511,511,53,19,2025112008,6,1,11524,0.95,3,0,False,2025-11-20 08:16:53
512,512,53,23,2025112008,6,1,11597,0.9,5,1,False,2025-11-20 08:21:53
513,513,53,8,2025112008,6,1,12501,0.83,,0,False,2025-11-20 08:26:53
514,514,395,13,2025121006,1,1,6906,0.9,4,0,False,2025-12-10 06:07:57
515,515,395,14,2025121006,1,6,9831,0.0,,0,False,2025-12-10 06:10:57
516,516,978,12,2026013015,1,1,5739,0.91,4,0,True,2026-01-30 15:12:03
517,517,275,9,2025111518,3,1,11313,0.9,5,0,False,2025-11-15 18:20:16
518,518,407,17,2025120410,2,1,6114,0.92,4,0,False,2025-12-04 10:53:32
519,519,407,16,2025120410,2,5,10215,0.23,,0,False,2025-12-04 10:56:32
520,520,1123,4,2025102114,4,1,11271,0.86,4,0,False,2025-10-21 14:27:01
521,521,1123,10,2025102114,4,1,14381,0.97,5,0,True,2025-10-21 14:32:01
522,522,109,4,2025102618,5,1,6587,0.82,4,1,False,2025-10-26 18:11:09
523,523,109,10,2025102618,5,1,11138,0.92,5,0,True,2025-10-26 18:16:09
524,524,41,2,2026030906,1,1,7949,0.83,4,0,False,2026-03-09 06:14:26
525,525,41,5,2026030906,1,1,5007,0.97,4,0,False,2026-03-09 06:19:26
526,526,41,9,2026030906,1,2,12949,0.01,1,0,False,2026-03-09 06:24:26
527,527,31,1,2025112320,2,1,9355,0.9,3,0,False,2025-11-23 20:32:37
528,528,31,3,2025112320,2,1,9320,0.92,4,0,False,2025-11-23 20:37:37
529,529,31,8,2025112320,2,1,9533,0.93,4,0,True,2025-11-23 20:38:37
530,530,619,20,2025090212,2,2,7772,0.19,,0,False,2025-09-02 12:45:04
531,531,619,5,2025090212,2,1,8978,0.93,3,1,False,2025-09-02 12:50:04
532,532,121,24,2025091918,1,1,10707,0.9,5,0,False,2025-09-19 18:27:38
533,533,995,2,2026032518,2,1,11967,0.93,5,1,False,2026-03-25 18:02:59
534,534,995,5,2026032518,2,1,11348,0.87,5,0,False,2026-03-25 18:07:59
535,535,995,9,2026032518,2,1,7792,0.9,4,0,True,2026-03-25 18:12:59
536,536,345,1,2025111508,1,1,12803,0.94,4,0,False,2025-11-15 08:46:56
537,537,345,3,2025111508,1,1,9152,0.97,5,0,False,2025-11-15 08:48:56
538,538,345,8,2025111508,1,1,9952,0.88,5,0,False,2025-11-15 08:50:56
539,539,556,4,2026031405,1,1,8082,0.84,4,0,False,2026-03-14 05:54:22
540,540,556,10,2026031405,1,1,5027,0.84,4,0,False,2026-03-14 05:56:22
541,541,293,14,2025111401,1,1,13379,0.97,4,0,False,2025-11-14 01:36:06
542,542,147,13,2026031021,3,1,4262,0.84,4,0,False,2026-03-10 21:07:44
543,543,147,14,2026031021,3,1,13103,0.93,4,0,False,2026-03-10 21:11:44
544,544,687,20,2026012202,1,4,7387,0.3,,0,False,2026-01-22 02:59:10
545,545,687,5,2026012203,1,1,8600,0.94,5,0,False,2026-01-22 03:01:10
546,546,345,18,2025112821,1,1,12348,0.98,5,0,True,2025-11-28 21:53:39
547,547,85,18,2025112721,1,1,8681,0.95,5,0,True,2025-11-27 21:11:43
548,548,50,19,2025102418,1,1,10934,0.95,4,0,False,2025-10-24 18:09:39
549,549,50,23,2025102418,1,1,10697,0.98,4,0,False,2025-10-24 18:11:39
550,550,50,8,2025102418,1,1,4559,0.84,,0,True,2025-10-24 18:15:39
551,551,237,6,2026012117,2,1,13467,0.84,4,0,False,2026-01-21 17:27:29
552,552,237,15,2026012117,2,1,11296,0.98,5,0,True,2026-01-21 17:32:29
553,553,338,15,2025121705,1,2,7385,0.22,,0,False,2025-12-17 05:11:57
554,554,280,2,2026030613,3,1,5751,0.98,5,0,True,2026-03-06 13:14:55
555,555,280,5,2026030613,3,1,4023,0.96,4,0,False,2026-03-06 13:16:55
556,556,280,9,2026030613,3,5,7033,0.19,,0,False,2026-03-06 13:24:55
557,557,63,6,2025101621,1,1,6341,0.84,4,0,True,2025-10-16 21:33:29
558,558,63,15,2025101621,1,1,9656,0.83,,0,False,2025-10-16 21:37:29
559,559,52,1,2025090108,5,1,13563,0.89,5,0,False,2025-09-01 08:47:51
560,560,52,3,2025090108,5,1,4432,0.9,5,0,False,2025-09-01 08:51:51
561,561,52,8,2025090108,5,1,12745,0.96,4,0,True,2025-09-01 08:53:51
562,562,120,14,2025101322,1,1,7864,0.92,4,0,False,2025-10-13 22:48:59
563,563,1021,2,2025102623,2,1,12079,0.93,4,0,False,2025-10-26 23:07:49
564,564,1021,5,2025102623,2,1,13589,0.87,5,0,True,2025-10-26 23:12:49
565,565,1021,9,2025102623,2,1,15488,0.84,4,0,True,2025-10-26 23:15:49
566,566,928,4,2025121610,1,1,7023,0.98,4,0,True,2025-12-16 10:54:09
567,567,928,10,2025121610,1,1,14374,0.95,3,0,False,2025-12-16 10:58:09
568,568,264,6,2025100919,1,1,12738,0.95,5,0,False,2025-10-09 19:21:48
569,569,749,13,2026030512,1,1,14172,0.84,5,0,True,2026-03-05 12:40:29
570,570,749,14,2026030512,1,1,9499,0.89,4,0,False,2026-03-05 12:43:29
571,571,227,17,2025121710,5,1,8823,0.96,,0,False,2025-12-17 10:51:23
572,572,327,3,2025100102,1,2,3875,0.33,,1,False,2025-10-01 02:49:57
573,573,168,5,2026010318,1,1,10662,0.92,,0,False,2026-01-03 18:37:53
574,574,450,22,2025120504,5,1,13577,0.97,5,0,False,2025-12-05 04:21:12
575,575,53,17,2025121306,1,1,7792,0.88,4,0,True,2025-12-13 06:34:52
576,576,753,19,2025111321,1,4,13446,0.14,,0,False,2025-11-13 21:17:33
577,577,753,23,2025111321,1,1,3796,0.96,5,0,True,2025-11-13 21:19:33
578,578,753,8,2025111321,1,1,10287,0.84,4,0,False,2025-11-13 21:25:33
579,579,31,6,2026021513,1,5,9832,0.09,2,0,False,2026-02-15 13:06:04
580,580,31,15,2026021513,1,1,10898,0.91,4,0,False,2026-02-15 13:11:04
581,581,116,4,2025121506,1,3,7626,0.26,,0,False,2025-12-15 06:24:03
582,582,116,10,2025121506,1,1,13119,0.98,4,0,False,2025-12-15 06:29:03
583,583,386,25,2025112402,4,1,9338,0.97,5,0,True,2025-11-24 02:05:11
584,584,503,17,2025123122,1,1,7759,0.87,4,0,False,2025-12-31 22:11:34
585,585,503,16,2025123122,1,1,7752,0.94,5,0,False,2025-12-31 22:14:34
586,586,172,4,2025122300,2,1,6973,0.96,5,0,True,2025-12-23 00:30:02
587,587,12,14,2025111423,1,2,14076,0.14,1,2,False,2025-11-14 23:13:23
588,588,67,20,2026010717,2,1,7746,0.88,,0,False,2026-01-07 17:39:26
589,589,67,5,2026010717,2,1,8374,0.82,5,0,True,2026-01-07 17:41:26
590,590,926,13,2025101011,5,1,5834,0.84,5,0,False,2025-10-10 11:10:01
591,591,926,14,2025101011,5,1,8221,0.91,5,0,True,2025-10-10 11:14:01
592,592,139,2,2025112315,1,1,13841,0.89,3,0,False,2025-11-23 15:41:57
593,593,139,5,2025112315,1,1,6840,0.85,5,0,True,2025-11-23 15:46:57
594,594,139,9,2025112315,1,1,10690,0.94,5,0,False,2025-11-23 15:49:57
595,595,187,3,2025101622,2,1,12976,0.86,,1,False,2025-10-16 22:31:01
596,596,1118,13,2025111122,2,1,10267,0.94,4,0,False,2025-11-11 22:21:14
597,597,63,4,2025090217,2,1,13602,0.95,4,0,False,2025-09-02 17:33:34
598,598,63,10,2025090217,2,1,13741,0.86,4,0,True,2025-09-02 17:36:34
599,599,12,9,2025102820,5,1,8440,0.83,,0,False,2025-10-28 20:45:35
600,600,1,12,2026011406,1,1,4638,0.89,5,0,True,2026-01-14 06:34:46
601,601,4,13,2026010700,1,1,5443,0.98,5,0,False,2026-01-07 00:40:17
602,602,4,14,2026010700,1,1,7077,0.86,5,0,False,2026-01-07 00:45:17
603,603,67,20,2025120804,1,1,11825,0.89,4,0,False,2025-12-08 04:40:06
604,604,67,5,2025120804,1,1,6655,0.85,5,0,False,2025-12-08 04:43:06
605,605,7,13,2025121515,2,2,10294,0.09,,0,False,2025-12-15 15:15:21
606,606,246,13,2025090521,1,1,7768,0.94,5,0,True,2025-09-05 21:52:37
607,607,81,1,2026013119,5,1,7281,0.95,5,0,True,2026-01-31 19:49:23
608,608,81,3,2026013119,5,1,12605,0.87,4,0,True,2026-01-31 19:54:23
609,609,81,8,2026013119,5,2,10504,0.19,1,0,False,2026-01-31 19:53:23
610,610,937,20,2025091015,1,1,5541,0.96,4,0,False,2025-09-10 15:42:15
611,611,937,5,2025091015,1,1,9167,0.97,4,0,True,2025-09-10 15:44:15
612,612,970,20,2025112511,1,1,8640,0.92,5,0,True,2025-11-25 11:13:00
613,613,87,19,2025101116,2,1,7435,0.93,3,0,True,2025-10-11 16:37:42
614,614,87,23,2025101116,2,1,11538,0.88,5,0,False,2025-10-11 16:40:42
615,615,87,8,2025101116,2,1,5789,0.97,4,0,True,2025-10-11 16:41:42
616,616,139,19,2026010400,2,1,9028,0.92,4,0,False,2026-01-04 00:07:09
617,617,139,23,2026010400,2,1,5069,0.9,4,0,True,2026-01-04 00:12:09
618,618,139,8,2026010400,2,1,5129,0.94,5,0,True,2026-01-04 00:17:09
619,619,1,19,2025090723,5,3,7283,0.3,,0,False,2025-09-07 23:53:34
620,620,1,23,2025090723,5,1,7152,0.91,,0,False,2025-09-07 23:56:34
621,621,1,8,2025090723,5,1,4131,0.84,5,0,True,2025-09-07 23:57:34
622,622,169,22,2025092208,2,1,6294,0.96,3,0,False,2025-09-22 08:05:35
623,623,4,6,2026011821,1,1,9226,0.93,4,0,False,2026-01-18 21:00:24
624,624,4,15,2026011821,1,1,6543,0.84,5,0,True,2026-01-18 21:02:24
625,625,4,15,2026012006,2,1,6269,0.9,5,0,True,2026-01-20 06:12:57
626,626,28,5,2026012523,3,1,12863,0.86,4,0,False,2026-01-25 23:07:00
627,627,24,20,2026030206,3,3,5410,0.15,1,0,False,2026-03-02 06:08:27
628,628,24,5,2026030206,3,2,13483,0.19,1,0,False,2026-03-02 06:12:27
629,629,930,1,2025111305,1,1,5748,0.91,5,1,False,2025-11-13 05:53:56
630,630,930,3,2025111305,1,1,10223,0.82,4,0,False,2025-11-13 05:55:56
631,631,930,8,2025111306,1,1,5295,0.94,,0,False,2025-11-13 06:01:56
632,632,890,6,2026031521,1,1,11287,0.96,3,1,True,2026-03-15 21:41:27
633,633,890,15,2026031521,1,1,6007,0.86,4,0,False,2026-03-15 21:43:27
634,634,49,17,2026012209,1,1,10050,0.88,5,0,True,2026-01-22 09:43:05
635,635,49,16,2026012209,1,1,3944,0.91,,0,True,2026-01-22 09:45:05
636,636,812,19,2025100504,1,2,7935,0.13,1,0,False,2025-10-05 04:27:42
637,637,812,23,2025100504,1,1,6001,0.9,4,0,False,2025-10-05 04:32:42
638,638,812,8,2025100504,1,6,13852,0.0,2,1,False,2025-10-05 04:37:42
639,639,39,17,2026011005,1,1,13868,0.86,5,0,False,2026-01-10 05:05:46
640,640,39,16,2026011005,1,1,5425,0.86,5,0,True,2026-01-10 05:07:46
641,641,48,8,2026020309,1,1,11316,0.88,4,0,False,2026-02-03 09:33:47
642,642,55,13,2025110900,3,1,7183,0.83,4,0,False,2025-11-09 00:56:23
643,643,208,6,2025121810,5,1,9930,0.87,3,1,False,2025-12-18 10:38:37
644,644,208,15,2025121810,5,1,4075,0.98,4,0,True,2025-12-18 10:42:37
645,645,363,6,2025120809,1,1,10576,0.83,5,0,False,2025-12-08 09:35:00
646,646,363,15,2025120809,1,1,8564,0.83,5,0,True,2025-12-08 09:39:00
647,647,112,6,2026021102,6,1,13483,0.93,4,0,True,2026-02-11 02:18:18
648,648,112,15,2026021102,6,1,8885,0.98,,1,False,2026-02-11 02:21:18
649,649,890,17,2025102814,1,1,5759,0.94,,0,False,2025-10-28 14:40:28
650,650,890,16,2025102814,1,5,6421,0.07,2,0,False,2025-10-28 14:42:28
651,651,65,22,2025112119,2,1,7043,0.88,4,0,False,2025-11-21 19:08:00
652,652,337,17,2026011013,1,1,10718,0.94,4,0,True,2026-01-10 13:06:08
653,653,337,16,2026011013,1,1,10867,0.88,5,0,False,2026-01-10 13:09:08
654,654,377,4,2025120306,1,1,13924,0.89,4,0,False,2025-12-03 06:25:20
655,655,184,14,2025092816,1,1,9444,0.84,5,0,False,2025-09-28 16:11:06
656,656,943,21,2026020816,2,3,9333,0.08,1,0,False,2026-02-08 16:49:50
657,657,909,1,2026020112,4,2,13502,0.28,,0,False,2026-02-01 12:43:08
658,658,300,20,2026010911,1,1,13167,0.92,5,0,False,2026-01-09 11:15:52
659,659,300,5,2026010911,1,1,10866,0.85,,0,False,2026-01-09 11:20:52
660,660,383,20,2025102009,3,1,4120,0.85,4,0,True,2025-10-20 09:29:00
661,661,383,5,2025102009,3,4,9965,0.32,1,0,False,2025-10-20 09:32:00
662,662,403,25,2026022412,1,1,9894,0.86,4,0,False,2026-02-24 12:50:55
663,663,345,6,2025122109,2,1,7992,0.97,4,0,True,2025-12-21 09:25:44
664,664,345,15,2025122109,2,5,5349,0.32,1,0,False,2025-12-21 09:27:44
665,665,7,2,2025112806,1,1,6645,0.87,,0,False,2025-11-28 06:53:19
666,666,7,5,2025112806,1,1,9316,0.92,5,0,True,2025-11-28 06:56:19
667,667,7,9,2025112807,1,1,9169,0.92,3,0,False,2025-11-28 07:03:19
668,668,58,6,2025091219,1,2,5773,0.11,1,0,False,2025-09-12 19:28:29
669,669,58,15,2025091219,1,1,11352,0.83,5,0,False,2025-09-12 19:33:29
670,670,222,7,2026010913,1,1,13262,0.96,4,0,False,2026-01-09 13:09:09
671,671,291,24,2025111407,2,1,14949,0.94,5,0,False,2025-11-14 07:59:56
672,672,60,2,2026011609,1,1,12391,0.86,4,0,False,2026-01-16 09:24:39
673,673,60,5,2026011609,1,5,7719,0.15,1,0,False,2026-01-16 09:26:39
674,674,60,9,2026011609,1,1,5178,0.94,4,0,False,2026-01-16 09:32:39
675,675,65,18,2026010405,1,1,13659,0.9,4,0,False,2026-01-04 05:10:04
676,676,623,20,2025093009,2,1,11869,0.87,4,1,False,2025-09-30 09:24:43
677,677,623,5,2025093009,2,1,9972,0.84,4,0,False,2025-09-30 09:28:43
678,678,7,19,2025111711,6,1,13642,0.95,4,1,False,2025-11-17 11:07:23
679,679,334,20,2025120811,2,1,11790,0.88,3,0,False,2025-12-08 11:40:46
680,680,334,5,2025120811,2,1,5689,0.98,4,0,False,2025-12-08 11:45:46
681,681,1014,1,2025101105,3,1,7788,0.87,5,0,True,2025-10-11 05:38:23
682,682,1014,3,2025101105,3,1,4560,0.91,3,0,False,2025-10-11 05:42:23
683,683,1014,8,2025101105,3,1,13739,0.97,3,0,False,2025-10-11 05:42:23
684,684,135,6,2026022816,2,1,10471,0.96,5,0,False,2026-02-28 16:00:50
685,685,135,15,2026022816,2,1,8296,0.86,4,0,False,2026-02-28 16:02:50
686,686,399,13,2025112800,2,1,7073,0.96,5,0,False,2025-11-28 00:53:34
687,687,399,14,2025112800,2,1,10008,0.83,3,0,True,2025-11-28 00:55:34
688,688,32,25,2025112108,2,1,11965,0.87,4,0,True,2025-11-21 08:51:56
689,689,40,19,2025122914,4,1,10032,0.85,4,0,True,2025-12-29 14:42:10
690,690,40,23,2025122914,4,1,11250,0.96,5,0,True,2025-12-29 14:44:10
691,691,40,8,2025122914,4,1,12716,0.9,4,0,True,2025-12-29 14:46:10
692,692,174,20,2025102919,2,1,10623,0.88,3,0,False,2025-10-29 19:52:50
693,693,174,5,2025102919,2,1,10803,0.92,4,0,False,2025-10-29 19:55:50
694,694,15,8,2025120708,1,1,13861,0.86,4,0,False,2025-12-07 08:09:51
695,695,154,13,2025121306,2,1,3750,0.88,4,0,False,2025-12-13 06:58:43
696,696,154,14,2025121307,2,1,4837,0.96,5,0,True,2025-12-13 07:03:43
697,697,100,1,2026022502,2,1,5159,0.85,4,0,True,2026-02-25 02:55:25
698,698,100,3,2026022503,2,1,3984,0.9,4,0,True,2026-02-25 03:00:25
699,699,100,8,2026022503,2,1,5238,0.9,4,0,True,2026-02-25 03:03:25
700,700,612,17,2026012108,6,1,8633,0.86,4,0,False,2026-01-21 08:44:22
701,701,612,16,2026012108,6,1,10422,0.93,5,0,True,2026-01-21 08:49:22
702,702,345,1,2025112512,1,1,15465,0.94,4,0,False,2025-11-25 12:03:29
703,703,345,3,2025112512,1,1,12332,0.93,5,0,True,2025-11-25 12:07:29
704,704,345,8,2025112512,1,1,8767,0.88,4,0,False,2025-11-25 12:11:29
705,705,285,2,2026033006,1,1,3836,0.95,4,0,True,2026-03-30 06:47:28
706,706,285,5,2026033006,1,1,6364,0.84,,0,False,2026-03-30 06:50:28
707,707,285,9,2026033006,1,2,14716,0.16,1,0,False,2026-03-30 06:55:28
708,708,217,1,2025090307,1,1,14187,0.87,5,0,False,2025-09-03 07:26:40
709,709,217,3,2025090307,1,1,5022,0.84,5,0,True,2025-09-03 07:28:40
710,710,217,8,2025090307,1,1,10623,0.88,5,0,False,2025-09-03 07:30:40
711,711,913,20,2025121517,1,1,6968,0.87,5,0,False,2025-12-15 17:33:50
712,712,163,2,2025121717,1,1,5970,0.88,5,0,True,2025-12-17 17:50:43
713,713,163,5,2025121717,1,1,11343,0.93,4,0,False,2025-12-17 17:54:43
714,714,163,9,2025121718,1,1,6448,0.97,3,0,False,2025-12-17 18:00:43
715,715,312,19,2025122617,2,1,11433,0.96,5,0,True,2025-12-26 17:14:22
716,716,353,17,2026022801,1,2,13437,0.35,1,0,False,2026-02-28 01:40:53
717,717,88,2,2026030707,1,1,5934,0.9,5,0,False,2026-03-07 07:36:21
718,718,357,13,2025121601,2,1,6207,0.92,4,0,True,2025-12-16 01:18:21
719,719,357,14,2025121601,2,1,11987,0.86,4,0,True,2025-12-16 01:20:21
720,720,17,19,2025101815,6,1,15111,0.91,5,0,False,2025-10-18 15:21:52
721,721,17,23,2025101815,6,1,6497,0.85,5,0,False,2025-10-18 15:24:52
722,722,17,8,2025101815,6,1,11776,0.87,5,0,False,2025-10-18 15:27:52
723,723,83,4,2026020420,1,2,14511,0.04,1,0,False,2026-02-04 20:06:37
724,724,334,17,2026032508,6,1,11902,0.89,3,0,True,2026-03-25 08:50:01
725,725,334,16,2026032508,6,1,6180,0.93,4,0,True,2026-03-25 08:53:01
726,726,390,6,2025112921,1,1,11429,0.83,5,0,False,2025-11-29 21:12:39
727,727,390,15,2025112921,1,1,5820,0.97,5,0,False,2025-11-29 21:15:39
728,728,292,20,2026011412,1,1,11505,0.85,3,0,True,2026-01-14 12:28:57
729,729,292,5,2026011412,1,1,6550,0.95,5,0,True,2026-01-14 12:31:57
730,730,139,2,2026012313,2,5,14043,0.15,1,0,False,2026-01-23 13:36:12
731,731,971,19,2026010401,1,1,7655,0.9,5,0,True,2026-01-04 01:25:15
732,732,971,23,2026010401,1,2,4244,0.34,1,0,False,2026-01-04 01:28:15
733,733,971,8,2026010401,1,1,6736,0.89,4,0,True,2026-01-04 01:29:15
734,734,1074,16,2026021310,1,1,12853,0.9,4,0,False,2026-02-13 10:02:49
735,735,605,20,2026021818,4,1,4543,0.9,4,0,False,2026-02-18 18:38:24
736,736,605,5,2026021818,4,5,10096,0.1,,0,False,2026-02-18 18:42:24
737,737,21,3,2025110115,2,1,4628,0.97,4,0,False,2025-11-01 15:23:23
738,738,876,13,2026021203,2,1,5982,0.86,4,0,False,2026-02-12 03:55:00
739,739,876,14,2026021203,2,1,4894,0.93,5,0,True,2026-02-12 03:59:00
740,740,273,25,2026021310,3,1,5020,0.97,5,0,False,2026-02-13 10:48:50
741,741,210,1,2025121603,1,1,8731,0.92,4,1,False,2025-12-16 03:20:55
742,742,210,3,2025121603,1,5,9915,0.07,2,0,False,2025-12-16 03:22:55
743,743,210,8,2025121603,1,1,10740,0.83,5,0,False,2025-12-16 03:24:55
744,744,263,17,2025112610,1,1,7421,0.83,4,0,False,2025-11-26 10:39:24
745,745,263,16,2025112610,1,1,4955,0.82,5,1,False,2025-11-26 10:41:24
746,746,179,17,2025122001,2,1,4958,0.84,4,1,False,2025-12-20 01:59:07
747,747,179,16,2025122002,2,1,7309,0.94,4,0,False,2025-12-20 02:02:07
748,748,91,10,2026012120,4,1,5884,0.86,5,0,False,2026-01-21 20:04:09
749,749,159,2,2026032018,1,1,5711,0.9,4,0,False,2026-03-20 18:07:57
750,750,159,5,2026032018,1,2,5571,0.15,,0,False,2026-03-20 18:10:57
751,751,159,9,2026032018,1,1,5978,0.91,4,0,False,2026-03-20 18:11:57
752,752,308,20,2026031217,1,1,8699,0.88,5,1,False,2026-03-12 17:03:59
753,753,308,5,2026031217,1,1,8001,0.97,5,0,True,2026-03-12 17:07:59
754,754,294,20,2025091122,4,1,8409,0.91,,0,False,2025-09-11 22:52:30
755,755,294,5,2025091122,4,1,9947,0.94,5,0,True,2025-09-11 22:57:30
756,756,1178,1,2025120220,1,2,11465,0.19,1,0,False,2025-12-02 20:26:08
757,757,1178,3,2025120220,1,1,13661,0.93,5,1,False,2025-12-02 20:30:08
758,758,1178,8,2025120220,1,1,11281,0.87,4,1,True,2025-12-02 20:34:08
759,759,3,16,2025112804,2,1,12734,0.91,3,0,False,2025-11-28 04:27:00
760,760,20,13,2025121421,1,4,4512,0.05,2,0,False,2025-12-14 21:56:49
761,761,20,14,2025121421,1,1,12767,0.9,4,0,False,2025-12-14 21:58:49
762,762,19,1,2025121022,2,1,13305,0.83,4,0,True,2025-12-10 22:33:54
763,763,234,17,2025122900,3,3,13644,0.1,1,0,False,2025-12-29 00:24:03
764,764,234,16,2025122900,3,1,8517,0.96,4,0,False,2025-12-29 00:28:03
765,765,49,6,2025102515,5,1,12026,0.85,4,0,False,2025-10-25 15:54:01
766,766,49,15,2025102515,5,1,6158,0.88,5,0,False,2025-10-25 15:58:01
767,767,1194,8,2025120205,2,1,13646,0.84,5,0,False,2025-12-02 05:34:48
768,768,244,4,2025122615,3,1,8782,0.87,5,0,False,2025-12-26 15:17:24
769,769,244,10,2025122615,3,1,6305,0.89,,0,False,2025-12-26 15:19:24
770,770,230,20,2026010908,1,1,7713,0.95,,0,False,2026-01-09 08:25:34
771,771,156,10,2025102423,1,3,15365,0.34,2,1,False,2025-10-24 23:33:34
772,772,60,1,2025111004,1,1,7070,0.91,,0,False,2025-11-10 04:56:09
773,773,702,3,2025091015,1,1,8506,0.88,4,0,False,2025-09-10 15:03:26
774,774,893,2,2026011717,6,6,10399,0.0,,0,False,2026-01-17 17:43:00
775,775,893,5,2026011717,6,1,13359,0.9,4,0,True,2026-01-17 17:48:00
776,776,893,9,2026011717,6,1,12430,0.82,5,0,False,2026-01-17 17:47:00
777,777,179,9,2026031721,5,1,13604,0.9,3,0,False,2026-03-17 21:07:18
778,778,733,20,2026021401,1,1,7151,0.83,,0,False,2026-02-14 01:02:04
779,779,733,5,2026021401,1,1,5642,0.92,3,0,False,2026-02-14 01:06:04
780,780,215,10,2025112710,5,1,7310,0.94,,0,False,2025-11-27 10:12:25
781,781,265,1,2026022318,2,1,5422,0.91,5,0,True,2026-02-23 18:42:19
782,782,85,19,2026020821,2,1,12281,0.84,5,0,False,2026-02-08 21:49:21
783,783,85,23,2026020821,2,1,5608,0.96,,0,False,2026-02-08 21:54:21
784,784,85,8,2026020821,2,1,9194,0.86,3,0,True,2026-02-08 21:53:21
785,785,323,3,2026012014,2,1,12240,0.83,4,0,False,2026-01-20 14:01:36
786,786,725,21,2025091504,1,1,12702,0.96,4,0,True,2025-09-15 04:09:11
787,787,642,6,2026032710,1,1,4802,0.96,5,0,True,2026-03-27 10:38:26
788,788,642,15,2026032710,1,1,14038,0.83,5,0,False,2026-03-27 10:41:26
789,789,329,6,2026010500,4,1,13495,0.93,4,0,False,2026-01-05 00:41:22
790,790,329,15,2026010500,4,1,8406,0.86,,0,False,2026-01-05 00:46:22
791,791,186,4,2025121101,1,1,12925,0.88,4,0,True,2025-12-11 01:54:00
792,792,793,1,2026021500,1,1,9286,0.95,3,0,False,2026-02-15 00:08:43
793,793,159,13,2026021319,5,1,11034,0.86,5,0,True,2026-02-13 19:38:36
794,794,159,14,2026021319,5,1,13706,0.94,4,0,False,2026-02-13 19:41:36
795,795,304,1,2025090901,3,1,6039,0.87,4,0,False,2025-09-09 01:40:01
796,796,239,6,2025122807,3,1,9131,0.86,5,0,False,2025-12-28 07:29:52
797,797,239,15,2025122807,3,1,5379,0.83,3,0,False,2025-12-28 07:32:52
798,798,575,13,2025101905,1,5,10265,0.28,1,0,False,2025-10-19 05:03:47
799,799,575,14,2025101905,1,1,10505,0.83,4,1,False,2025-10-19 05:07:47
800,800,428,5,2026033016,1,1,12094,0.92,4,0,False,2026-03-30 16:59:27
801,801,91,13,2026022613,6,1,8263,0.89,4,0,False,2026-02-26 13:18:38
802,802,91,14,2026022613,6,1,12655,0.98,5,0,False,2026-02-26 13:21:38
803,803,190,4,2025091100,1,1,6370,0.92,4,0,False,2025-09-11 00:00:32
804,804,190,10,2025091100,1,1,11605,0.97,5,0,True,2025-09-11 00:03:32
805,805,206,25,2026021509,1,1,8966,0.87,4,0,True,2026-02-15 09:34:30
806,806,300,4,2025090311,3,1,12913,0.87,5,0,True,2025-09-03 11:55:57
807,807,300,10,2025090311,3,1,5223,0.89,3,0,True,2025-09-03 11:57:57
808,808,445,2,2025112506,1,1,12663,0.92,4,0,True,2025-11-25 06:32:02
809,809,445,5,2025112506,1,1,8141,0.89,4,0,False,2025-11-25 06:34:02
810,810,445,9,2025112506,1,1,15059,0.85,4,0,False,2025-11-25 06:40:02
811,811,129,4,2025120721,5,1,7936,0.93,4,0,False,2025-12-07 21:43:14
812,812,129,10,2025120721,5,1,6537,0.82,5,0,True,2025-12-07 21:45:14
813,813,100,20,2025092501,1,1,6856,0.96,4,0,True,2025-09-25 01:33:57
814,814,663,13,2026021320,1,1,13409,0.91,5,0,True,2026-02-13 20:09:06
815,815,663,14,2026021320,1,1,13322,0.86,4,0,False,2026-02-13 20:12:06
816,816,138,24,2025121800,4,1,15074,0.82,4,0,True,2025-12-18 00:02:26
817,817,50,1,2025090110,1,1,8944,0.9,4,0,False,2025-09-01 10:18:03
818,818,50,3,2025090110,1,1,8893,0.93,4,0,False,2025-09-01 10:23:03
819,819,50,8,2025090110,1,1,10863,0.97,5,0,False,2025-09-01 10:24:03
820,820,218,2,2026021904,2,1,9368,0.85,5,0,False,2026-02-19 04:50:37
821,821,218,5,2026021904,2,1,9830,0.96,,0,True,2026-02-19 04:53:37
822,822,218,9,2026021904,2,1,10381,0.88,4,0,False,2026-02-19 04:54:37
823,823,127,1,2025120821,2,1,9145,0.92,4,0,False,2025-12-08 21:13:03
824,824,127,3,2025120821,2,1,13654,0.95,5,0,False,2025-12-08 21:15:03
825,825,127,8,2025120821,2,1,5402,0.94,5,1,False,2025-12-08 21:23:03
826,826,9,6,2025103019,4,1,4721,0.95,4,0,False,2025-10-30 19:51:02
827,827,774,7,2025111521,2,1,6472,0.93,5,0,False,2025-11-15 21:08:31
828,828,291,20,2026013105,1,5,5075,0.18,,0,False,2026-01-31 05:45:31
829,829,291,5,2026013105,1,1,3752,0.85,4,0,True,2026-01-31 05:47:31
830,830,271,2,2025101701,2,1,8901,0.97,4,0,True,2025-10-17 01:10:45
831,831,271,5,2025101701,2,1,5031,0.95,4,0,False,2025-10-17 01:12:45
832,832,271,9,2025101701,2,1,7174,0.93,,0,False,2025-10-17 01:16:45
833,833,135,6,2025121017,2,1,8532,0.85,5,0,True,2025-12-10 17:52:25
834,834,135,15,2025121017,2,1,12269,0.9,5,0,True,2025-12-10 17:57:25
835,835,324,20,2025110612,1,1,8429,0.89,5,0,False,2025-11-06 12:56:19
836,836,324,5,2025110613,1,5,4215,0.09,2,1,False,2025-11-06 13:00:19
837,837,238,6,2026021913,1,1,5413,0.88,5,0,True,2026-02-19 13:12:10
838,838,238,15,2026021913,1,3,6765,0.12,,1,False,2026-02-19 13:14:10
839,839,92,1,2026030115,1,1,8990,0.93,5,0,False,2026-03-01 15:16:32
840,840,92,3,2026030115,1,1,7538,0.9,4,0,True,2026-03-01 15:20:32
841,841,92,8,2026030115,1,1,4167,0.94,,0,False,2026-03-01 15:20:32
842,842,50,23,2025122701,5,1,4581,0.91,4,0,False,2025-12-27 01:38:03
843,843,93,15,2025102606,1,2,5016,0.31,1,0,False,2025-10-26 06:30:41
844,844,774,4,2025121618,1,2,11456,0.03,2,0,False,2025-12-16 18:27:54
845,845,774,10,2025121618,1,1,6569,0.95,5,0,False,2025-12-16 18:32:54
846,846,96,17,2025110622,4,1,13308,0.91,4,1,False,2025-11-06 22:16:39
847,847,96,16,2025110622,4,1,13703,0.88,4,0,False,2025-11-06 22:19:39
848,848,149,5,2025101600,2,1,10674,0.89,4,0,False,2025-10-16 00:12:18
849,849,94,2,2026031102,1,1,5053,0.88,4,0,True,2026-03-11 02:59:59
850,850,400,1,2026020509,1,1,11581,0.88,4,0,False,2026-02-05 09:58:00
851,851,17,2,2026021309,2,1,9677,0.94,5,0,False,2026-02-13 09:06:42
852,852,17,5,2026021309,2,1,6163,0.91,4,1,False,2026-02-13 09:09:42
853,853,17,9,2026021309,2,1,5795,0.95,5,0,False,2026-02-13 09:14:42
854,854,12,1,2026031011,4,1,13892,0.87,4,0,False,2026-03-10 11:36:08
855,855,12,3,2026031011,4,1,13461,0.82,4,0,False,2026-03-10 11:40:08
856,856,12,8,2026031011,4,1,5765,0.88,4,0,False,2026-03-10 11:40:08
857,857,325,12,2026021518,6,1,13023,0.96,,0,False,2026-02-15 18:08:53
858,858,23,2,2026011409,1,1,6713,0.92,4,0,False,2026-01-14 09:21:07
859,859,23,5,2026011409,1,1,5607,0.94,3,0,False,2026-01-14 09:25:07
860,860,23,9,2026011409,1,1,5800,0.92,4,0,False,2026-01-14 09:29:07
861,861,205,6,2026021120,1,1,10371,0.97,5,0,True,2026-02-11 20:18:51
862,862,205,15,2026021120,1,1,14101,0.86,4,0,False,2026-02-11 20:23:51
863,863,67,8,2025102012,1,1,13452,0.92,4,0,False,2025-10-20 12:13:33
864,864,142,17,2026020106,1,6,12420,0.0,2,0,False,2026-02-01 06:52:14
865,865,142,16,2026020106,1,1,14044,0.83,5,0,False,2026-02-01 06:57:14
866,866,1155,17,2025100314,1,1,13927,0.89,4,0,False,2025-10-03 14:28:24
867,867,1155,16,2025100314,1,1,11740,0.94,5,0,True,2025-10-03 14:33:24
868,868,132,2,2026032902,1,1,10271,0.84,4,0,False,2026-03-29 02:43:38
869,869,132,5,2026032902,1,1,9650,0.89,5,0,True,2026-03-29 02:47:38
870,870,132,9,2026032902,1,1,12600,0.91,4,0,False,2026-03-29 02:51:38
871,871,974,6,2025110107,1,1,5310,0.87,4,0,True,2025-11-01 07:02:45
872,872,340,1,2026021018,2,1,11697,0.9,3,0,False,2026-02-10 18:33:18
873,873,340,3,2026021018,2,1,9766,0.85,5,1,False,2026-02-10 18:37:18
874,874,340,8,2026021018,2,1,9746,0.96,5,0,True,2026-02-10 18:43:18
875,875,72,7,2026030316,1,2,13583,0.2,2,0,False,2026-03-03 16:55:58
876,876,73,17,2025110900,2,1,4844,0.97,4,1,False,2025-11-09 00:37:17
877,877,10,16,2026020603,4,1,13644,0.97,5,0,False,2026-02-06 03:25:32
878,878,251,1,2025091013,1,1,13381,0.94,3,0,False,2025-09-10 13:05:15
879,879,251,3,2025091013,1,1,13199,0.84,4,0,False,2025-09-10 13:10:15
880,880,251,8,2025091013,1,1,7682,0.88,5,0,True,2025-09-10 13:09:15
881,881,64,2,2025100901,1,1,9117,0.94,4,0,False,2025-10-09 01:16:37
882,882,64,5,2025100901,1,1,8425,0.92,5,1,True,2025-10-09 01:20:37
883,883,64,9,2025100901,1,1,14300,0.93,4,0,False,2025-10-09 01:24:37
884,884,207,5,2026022019,3,1,4158,0.87,4,0,False,2026-02-20 19:48:51
885,885,288,13,2025110914,1,1,13319,0.96,,0,False,2025-11-09 14:50:48
886,886,288,14,2025110914,1,1,12305,0.88,,0,False,2025-11-09 14:54:48
887,887,213,2,2026012620,1,1,5659,0.84,5,0,False,2026-01-26 20:40:01
888,888,213,5,2026012620,1,1,12287,0.91,5,0,True,2026-01-26 20:44:01
889,889,213,9,2026012620,1,1,13313,0.83,5,1,False,2026-01-26 20:46:01
890,890,265,18,2026022820,4,1,6693,0.9,4,0,False,2026-02-28 20:08:01
891,891,339,19,2025122114,1,1,6043,0.83,4,0,False,2025-12-21 14:11:18
892,892,339,23,2025122114,1,1,13223,0.83,4,0,False,2025-12-21 14:14:18
893,893,339,8,2025122114,1,1,6918,0.95,4,0,False,2025-12-21 14:15:18
894,894,182,4,2026031820,2,1,12252,0.91,5,0,True,2026-03-18 20:58:31
895,895,182,10,2026031821,2,1,9124,0.92,5,0,False,2026-03-18 21:01:31
896,896,302,11,2026012315,2,1,8210,0.87,5,0,True,2026-01-23 15:42:22
897,897,228,6,2026021905,2,1,10778,0.9,4,0,True,2026-02-19 05:30:19
898,898,228,15,2026021905,2,1,6692,0.89,5,0,False,2026-02-19 05:32:19
899,899,33,13,2025113000,1,3,6232,0.21,2,0,False,2025-11-30 00:16:45
900,900,33,14,2025113000,1,1,6274,0.95,5,0,False,2025-11-30 00:19:45
901,901,238,14,2026011923,3,1,9775,0.86,,0,False,2026-01-19 23:57:08
902,902,101,11,2025123017,1,1,4606,0.94,3,0,False,2025-12-30 17:26:59
903,903,116,19,2026022509,3,1,11119,0.85,5,1,True,2026-02-25 09:17:59
904,904,116,23,2026022509,3,1,7222,0.87,5,0,True,2026-02-25 09:22:59
905,905,116,8,2026022509,3,1,11559,0.84,4,0,False,2026-02-25 09:27:59
906,906,295,13,2025100120,2,1,4619,0.98,5,0,True,2025-10-01 20:45:02
907,907,83,13,2026012911,1,1,6186,0.83,,0,False,2026-01-29 11:30:45
908,908,83,14,2026012911,1,1,12655,0.91,4,0,False,2026-01-29 11:34:45
909,909,79,23,2026012802,1,1,9618,0.93,5,0,False,2026-01-28 02:46:02
910,910,185,19,2026010617,1,1,5379,0.93,5,0,True,2026-01-06 17:06:01
911,911,185,23,2026010617,1,1,4687,0.95,5,0,False,2026-01-06 17:11:01
912,912,185,8,2026010617,1,3,9058,0.01,2,0,False,2026-01-06 17:14:01
913,913,220,24,2026010822,1,1,6437,0.94,4,0,False,2026-01-08 22:47:57
914,914,202,25,2026032006,1,1,6193,0.89,5,0,False,2026-03-20 06:01:49
915,915,22,20,2026031816,4,1,7390,0.82,5,0,True,2026-03-18 16:44:13
916,916,22,5,2026031816,4,1,11199,0.86,5,0,True,2026-03-18 16:47:13
917,917,61,23,2026011701,4,1,12439,0.84,4,0,True,2026-01-17 01:32:01
918,918,735,2,2025102018,1,1,8141,0.93,4,0,True,2025-10-20 18:44:29
919,919,735,5,2025102018,1,1,5717,0.82,5,0,False,2025-10-20 18:47:29
920,920,735,9,2025102018,1,6,8417,0.0,,0,False,2025-10-20 18:54:29
921,921,186,20,2026020800,2,1,5693,0.85,,0,False,2026-02-08 00:36:37
922,922,186,5,2026020800,2,1,8891,0.9,5,0,False,2026-02-08 00:39:37
923,923,64,12,2025100614,1,1,5339,0.82,4,0,False,2025-10-06 14:13:59
924,924,1038,13,2025101008,1,1,8200,0.95,5,0,True,2025-10-10 08:41:32
925,925,1038,14,2025101008,1,5,12197,0.06,1,0,False,2025-10-10 08:45:32
926,926,372,4,2026032500,4,1,13496,0.89,4,0,True,2026-03-25 00:31:07
927,927,372,10,2026032500,4,1,8343,0.97,5,0,True,2026-03-25 00:34:07
928,928,319,20,2026032512,1,1,10379,0.96,3,1,False,2026-03-25 12:09:28
929,929,133,2,2026032407,1,7,10500,0.04,2,1,False,2026-03-24 07:15:42
930,930,133,5,2026032407,1,4,11392,0.22,1,1,False,2026-03-24 07:20:42
931,931,133,9,2026032407,1,4,6579,0.13,2,0,False,2026-03-24 07:23:42
932,932,447,4,2026022422,2,1,15076,0.83,3,0,False,2026-02-24 22:10:09
933,933,447,10,2026022422,2,1,12571,0.94,4,0,False,2026-02-24 22:13:09
934,934,240,9,2026011501,3,1,5560,0.88,4,0,False,2026-01-15 01:47:37
935,935,600,4,2026012216,6,1,10284,0.83,5,1,True,2026-01-22 16:46:31
936,936,600,10,2026012216,6,1,14456,0.88,5,0,False,2026-01-22 16:51:31
937,937,1179,18,2026012700,1,1,6752,0.9,4,0,False,2026-01-27 00:02:06
938,938,621,15,2026021215,2,1,4116,0.86,5,0,True,2026-02-12 15:14:22
939,939,38,4,2025121402,1,3,6359,0.16,2,1,False,2025-12-14 02:28:46
940,940,1116,4,2025111106,1,1,7486,0.85,5,0,False,2025-11-11 06:04:14
941,941,1116,10,2025111106,1,1,13697,0.88,4,0,False,2025-11-11 06:06:14
942,942,48,20,2025110415,1,1,4501,0.97,4,0,True,2025-11-04 15:50:05
943,943,1047,20,2025111613,4,1,12805,0.94,4,0,True,2025-11-16 13:46:24
944,944,1047,5,2025111613,4,1,10423,0.92,,0,True,2025-11-16 13:49:24
945,945,211,8,2025110213,1,1,4855,0.88,4,0,False,2025-11-02 13:39:56
946,946,1048,4,2025113006,2,1,15432,0.84,4,0,False,2025-11-30 06:29:57
947,947,94,20,2025111922,1,1,4853,0.84,5,0,False,2025-11-19 22:12:27
948,948,463,2,2026011121,1,3,11683,0.2,,0,False,2026-01-11 21:51:57
949,949,68,17,2025111400,1,1,8290,0.97,4,0,False,2025-11-14 00:14:54
950,950,68,16,2025111400,1,1,7816,0.92,4,0,False,2025-11-14 00:18:54
951,951,25,16,2025101014,1,1,11693,0.89,4,0,False,2025-10-10 14:36:32
952,952,713,22,2026012506,1,1,6924,0.95,,0,False,2026-01-25 06:55:05
953,953,72,23,2026021203,3,1,4310,0.89,4,0,False,2026-02-12 03:44:03
954,954,640,1,2026021600,1,7,5464,0.03,,0,False,2026-02-16 00:38:34
955,955,749,17,2025120818,1,1,14100,0.95,4,0,False,2025-12-08 18:55:25
956,956,749,16,2025120818,1,1,10275,0.94,4,0,False,2025-12-08 18:58:25
957,957,543,3,2025110703,1,1,10352,0.87,,0,True,2025-11-07 03:41:48
958,958,223,7,2025120503,1,1,6461,0.95,5,0,False,2025-12-05 03:43:05
959,959,34,23,2026011614,2,1,6954,0.91,4,0,False,2026-01-16 14:19:36
960,960,384,13,2026033014,3,1,5397,0.91,4,0,False,2026-03-30 14:47:54
961,961,409,3,2026011901,1,1,8185,0.83,4,1,False,2026-01-19 01:43:49
962,962,68,8,2026030823,4,1,4040,0.85,3,0,True,2026-03-08 23:18:12
963,963,213,4,2026021819,1,1,10963,0.96,,0,False,2026-02-18 19:18:34
964,964,213,10,2026021819,1,1,13853,0.88,,0,True,2026-02-18 19:22:34
965,965,1075,4,2025102313,3,1,13771,0.97,,0,False,2025-10-23 13:33:49
966,966,1075,10,2025102313,3,1,8669,0.93,5,0,False,2025-10-23 13:36:49
967,967,281,19,2025111207,2,7,5942,0.01,2,1,False,2025-11-12 07:56:12
968,968,281,23,2025111208,2,1,8223,0.84,5,0,True,2025-11-12 08:01:12
969,969,281,8,2025111208,2,1,10192,0.9,5,0,False,2025-11-12 08:00:12
970,970,190,10,2026032910,1,3,5111,0.24,1,2,False,2026-03-29 10:12:41
971,971,16,2,2026011812,2,1,6638,0.94,4,0,False,2026-01-18 12:03:34
972,972,16,5,2026011812,2,1,10311,0.9,4,0,True,2026-01-18 12:05:34
973,973,16,9,2026011812,2,1,7998,0.88,4,0,False,2026-01-18 12:13:34
974,974,117,13,2026030808,2,1,5036,0.85,4,0,False,2026-03-08 08:05:03
975,975,117,14,2026030808,2,1,4669,0.82,5,0,False,2026-03-08 08:07:03
976,976,29,17,2025090200,1,1,4836,0.82,,0,False,2025-09-02 00:06:52
977,977,57,4,2026021413,6,1,12220,0.97,5,0,False,2026-02-14 13:28:30
978,978,57,10,2026021413,6,1,13807,0.95,4,0,False,2026-02-14 13:31:30
979,979,581,10,2025101801,5,1,13153,0.85,4,0,False,2025-10-18 01:07:10
980,980,47,15,2026031001,5,1,7734,0.97,5,0,True,2026-03-10 01:40:48
981,981,72,20,2026031022,1,1,13385,0.97,5,0,False,2026-03-10 22:17:26
982,982,72,5,2026031022,1,1,12415,0.87,4,0,False,2026-03-10 22:19:26
983,983,471,6,2025111808,1,1,11735,0.92,4,1,False,2025-11-18 08:49:22
984,984,471,15,2025111808,1,1,8405,0.9,4,0,False,2025-11-18 08:51:22
985,985,375,7,2026021410,5,1,8838,0.94,5,0,True,2026-02-14 10:33:42
986,986,251,13,2025091916,1,1,6621,0.93,4,0,False,2025-09-19 16:00:22
987,987,361,4,2025091816,1,1,8387,0.93,3,0,True,2025-09-18 16:49:37
988,988,310,7,2025100213,4,1,9119,0.82,4,0,False,2025-10-02 13:36:37
989,989,1162,20,2025112900,1,1,13047,0.92,4,0,False,2025-11-29 00:34:46
990,990,1162,5,2025112900,1,1,3867,0.96,5,0,True,2025-11-29 00:38:46
991,991,161,7,2025121807,3,1,11058,0.82,5,0,True,2025-12-18 07:57:20
992,992,368,4,2025120316,1,3,11524,0.06,,0,False,2025-12-03 16:40:02
993,993,86,2,2025121121,1,1,4284,0.91,4,0,True,2025-12-11 21:20:56
994,994,86,5,2025121121,1,2,4804,0.14,1,0,False,2025-12-11 21:22:56
995,995,86,9,2025121121,1,1,13251,0.84,5,0,True,2025-12-11 21:28:56
996,996,57,2,2025112620,2,1,6987,0.97,,0,False,2025-11-26 20:40:52
997,997,17,13,2026012622,2,1,10917,0.85,5,1,True,2026-01-26 22:10:36
998,998,17,14,2026012622,2,1,8902,0.87,4,1,False,2026-01-26 22:13:36
999,999,364,1,2026020712,2,1,8828,0.87,3,1,False,2026-02-07 12:46:12
1000,1000,364,3,2026020712,2,1,7378,0.95,5,0,True,2026-02-07 12:48:12
1001,1001,364,8,2026020712,2,1,13063,0.83,5,0,False,2026-02-07 12:50:12
1002,1002,85,4,2026021714,2,1,7509,0.98,4,0,False,2026-02-17 14:59:48
1003,1003,85,10,2026021715,2,1,11364,0.87,5,0,False,2026-02-17 15:03:48
1004,1004,846,14,2026020411,3,3,10290,0.31,,0,False,2026-02-04 11:22:05
1005,1005,320,14,2025122709,4,1,9041,0.89,4,0,False,2025-12-27 09:49:14
1006,1006,40,4,2026013021,2,1,12591,0.94,5,0,True,2026-01-30 21:41:03
1007,1007,40,10,2026013021,2,1,13893,0.87,4,0,False,2026-01-30 21:46:03
1008,1008,91,4,2026020809,1,1,5390,0.97,4,0,False,2026-02-08 09:13:00
1009,1009,91,10,2026020809,1,1,7553,0.85,,0,False,2026-02-08 09:18:00
1010,1010,282,17,2025111703,1,1,12393,0.9,5,0,False,2025-11-17 03:43:13
1011,1011,282,16,2025111703,1,1,4564,0.95,3,0,True,2025-11-17 03:45:13
1012,1012,27,6,2026011720,5,1,11017,0.88,,0,False,2026-01-17 20:39:03
1013,1013,27,15,2026011720,5,1,6190,0.84,5,0,False,2026-01-17 20:42:03
1014,1014,36,19,2026020710,2,1,7402,0.96,,0,False,2026-02-07 10:29:36
1015,1015,36,23,2026020710,2,1,6492,0.84,4,0,False,2026-02-07 10:31:36
1016,1016,36,8,2026020710,2,1,11757,0.91,4,0,False,2026-02-07 10:37:36
1017,1017,276,12,2025122823,1,1,6929,0.93,,0,True,2025-12-28 23:28:26
1018,1018,97,19,2025120503,1,1,13526,0.88,4,0,False,2025-12-05 03:08:48
1019,1019,97,23,2025120503,1,1,8723,0.96,3,0,True,2025-12-05 03:10:48
1020,1020,97,8,2025120503,1,1,5014,0.86,,0,False,2025-12-05 03:18:48
1021,1021,10,1,2025090511,1,1,11146,0.88,3,0,False,2025-09-05 11:31:30
1022,1022,610,17,2026021304,1,1,11070,0.91,4,0,False,2026-02-13 04:45:33
1023,1023,610,16,2026021304,1,1,4076,0.97,5,0,False,2026-02-13 04:47:33
1024,1024,619,6,2025101221,1,1,3920,0.86,3,0,True,2025-10-12 21:46:28
1025,1025,619,15,2025101221,1,1,11249,0.92,4,0,False,2025-10-12 21:50:28
1026,1026,100,2,2025101210,2,1,5200,0.97,4,1,False,2025-10-12 10:25:57
1027,1027,575,2,2025112506,1,1,6748,0.85,,0,False,2025-11-25 06:12:42
1028,1028,575,5,2025112506,1,1,8013,0.9,3,0,False,2025-11-25 06:14:42
1029,1029,575,9,2025112506,1,1,10265,0.93,3,0,True,2025-11-25 06:18:42
1030,1030,69,19,2025121515,1,1,8944,0.87,4,0,False,2025-12-15 15:17:09
1031,1031,342,6,2026020517,1,1,10746,0.96,3,1,False,2026-02-05 17:29:07
1032,1032,342,15,2026020517,1,5,9622,0.03,2,0,False,2026-02-05 17:34:07
1033,1033,305,17,2025092622,1,1,6817,0.87,4,0,False,2025-09-26 22:02:06
1034,1034,305,16,2025092622,1,3,10306,0.16,2,0,False,2025-09-26 22:05:06
1035,1035,898,20,2026022019,1,1,6147,0.95,4,0,False,2026-02-20 19:17:41
1036,1036,898,5,2026022019,1,1,6713,0.95,,0,True,2026-02-20 19:19:41
1037,1037,5,17,2026030318,1,1,7431,0.87,,0,False,2026-03-03 18:02:43
1038,1038,5,16,2026030318,1,1,4679,0.97,4,0,False,2026-03-03 18:07:43
1039,1039,32,20,2026010421,1,1,8746,0.9,4,0,False,2026-01-04 21:12:40
1040,1040,104,14,2025123023,2,1,5799,0.87,4,0,False,2025-12-30 23:06:46
1041,1041,1112,17,2025112506,1,1,14085,0.93,,0,False,2025-11-25 06:11:01
1042,1042,1112,16,2025112506,1,1,6884,0.91,5,0,True,2025-11-25 06:16:01
1043,1043,1097,20,2025112905,1,1,5266,0.9,3,0,False,2025-11-29 05:45:05
1044,1044,45,19,2025120811,1,3,7344,0.07,,0,False,2025-12-08 11:01:14
1045,1045,45,23,2025120811,1,1,13868,0.86,3,0,False,2025-12-08 11:03:14
1046,1046,45,8,2025120811,1,1,12486,0.97,4,0,False,2025-12-08 11:07:14
1047,1047,633,20,2025103113,2,1,8327,0.94,4,0,False,2025-10-31 13:03:09
1048,1048,133,4,2025090513,1,4,7418,0.15,1,0,False,2025-09-05 13:43:33
1049,1049,133,10,2025090513,1,1,9481,0.92,5,0,True,2025-09-05 13:48:33
1050,1050,60,6,2026022409,1,6,9742,0.0,2,0,False,2026-02-24 09:22:27
1051,1051,60,15,2026022409,1,1,9051,0.92,5,0,True,2026-02-24 09:27:27
1052,1052,482,1,2025122004,4,1,7292,0.93,4,0,False,2025-12-20 04:54:08
1053,1053,482,3,2025122004,4,1,9240,0.86,5,0,False,2025-12-20 04:57:08
1054,1054,482,8,2025122005,4,1,10187,0.9,4,0,False,2025-12-20 05:02:08
1055,1055,262,15,2025100601,1,1,7394,0.83,5,0,True,2025-10-06 01:57:19
1056,1056,13,5,2025113016,2,1,8445,0.92,4,0,False,2025-11-30 16:36:03
1057,1057,353,1,2026020911,1,1,14528,0.91,3,0,False,2026-02-09 11:30:32
1058,1058,353,3,2026020911,1,1,13903,0.84,3,0,False,2026-02-09 11:33:32
1059,1059,353,8,2026020911,1,1,9180,0.85,4,0,False,2026-02-09 11:38:32
1060,1060,894,13,2026010705,1,1,6728,0.92,4,0,False,2026-01-07 05:47:59
1061,1061,894,14,2026010705,1,1,13042,0.94,5,0,True,2026-01-07 05:52:59
1062,1062,90,19,2026022422,3,1,9134,0.92,4,0,False,2026-02-24 22:28:01
1063,1063,8,6,2025090603,4,1,10102,0.94,5,0,False,2025-09-06 03:12:24
1064,1064,8,15,2025090603,4,1,7771,0.9,5,1,False,2025-09-06 03:15:24
1065,1065,33,20,2025101601,1,1,13007,0.97,4,0,False,2025-10-16 01:15:42
1066,1066,30,4,2026012206,6,3,6967,0.01,,0,False,2026-01-22 06:28:20
1067,1067,30,10,2026012206,6,1,6971,0.97,,0,False,2026-01-22 06:32:20
1068,1068,433,16,2025092919,1,2,12833,0.3,2,0,False,2025-09-29 19:02:47
1069,1069,7,6,2026030308,1,1,10457,0.82,4,0,False,2026-03-03 08:50:42
1070,1070,7,15,2026030308,1,1,8301,0.83,3,0,False,2026-03-03 08:52:42
1071,1071,390,1,2025110308,2,1,14227,0.89,3,0,False,2025-11-03 08:38:38
1072,1072,177,23,2026031001,3,1,12622,0.83,4,0,False,2026-03-10 01:24:26
1073,1073,344,18,2026012312,1,1,8491,0.91,4,0,False,2026-01-23 12:30:30
1074,1074,355,14,2026031209,1,2,11344,0.05,,0,False,2026-03-12 09:10:24
1075,1075,255,1,2026021302,1,1,14399,0.91,5,0,True,2026-02-13 02:36:12
1076,1076,255,3,2026021302,1,1,11914,0.88,5,0,False,2026-02-13 02:39:12
1077,1077,255,8,2026021302,1,1,7415,0.86,5,0,False,2026-02-13 02:40:12
1078,1078,564,17,2026021123,2,1,10384,0.95,4,0,False,2026-02-11 23:44:38
1079,1079,564,16,2026021123,2,1,6785,0.92,4,0,False,2026-02-11 23:46:38
1080,1080,880,2,2026032705,2,1,7128,0.87,5,0,True,2026-03-27 05:10:27
1081,1081,880,5,2026032705,2,1,7092,0.85,3,0,False,2026-03-27 05:12:27
1082,1082,880,9,2026032705,2,3,11602,0.04,,0,False,2026-03-27 05:14:27
1083,1083,299,4,2026011214,1,1,13191,0.91,5,0,False,2026-01-12 14:34:20
1084,1084,299,10,2026011214,1,1,6605,0.9,5,0,False,2026-01-12 14:36:20
1085,1085,291,22,2026012508,2,1,9131,0.97,5,0,True,2026-01-25 08:04:08
1086,1086,25,17,2025100720,1,3,7248,0.27,,0,False,2025-10-07 20:11:45
1087,1087,25,16,2025100720,1,2,11995,0.3,,0,False,2025-10-07 20:13:45
1088,1088,227,20,2026022805,3,1,11101,0.84,4,0,True,2026-02-28 05:09:01
1089,1089,227,5,2026022805,3,4,4958,0.15,2,0,False,2026-02-28 05:12:01
1090,1090,215,6,2025101602,3,1,11783,0.86,5,0,False,2025-10-16 02:31:44
1091,1091,215,15,2025101602,3,1,5862,0.97,4,0,True,2025-10-16 02:36:44
1092,1092,1041,17,2025091012,3,3,5442,0.24,2,0,False,2025-09-10 12:41:48
1093,1093,1041,16,2025091012,3,1,8005,0.91,4,0,True,2025-09-10 12:43:48
1094,1094,349,4,2026012503,4,1,12308,0.85,5,0,False,2026-01-25 03:54:54
1095,1095,349,10,2026012503,4,1,14537,0.9,,0,False,2026-01-25 03:58:54
1096,1096,270,13,2026011102,1,2,8056,0.28,1,0,False,2026-01-11 02:21:19
1097,1097,270,14,2026011102,1,1,11570,0.95,4,0,True,2026-01-11 02:23:19
1098,1098,57,4,2026011704,1,1,7080,0.92,5,0,True,2026-01-17 04:32:23
1099,1099,57,10,2026011704,1,1,14275,0.83,4,0,False,2026-01-17 04:35:23
1100,1100,321,12,2026020822,5,1,10165,0.94,3,1,False,2026-02-08 22:10:46
1101,1101,354,4,2026012410,3,1,15409,0.97,4,0,False,2026-01-24 10:58:15
1102,1102,354,10,2026012411,3,1,14202,0.83,5,0,True,2026-01-24 11:02:15
1103,1103,875,2,2025110912,1,1,12470,0.92,,0,False,2025-11-09 12:45:10
1104,1104,958,17,2026033102,2,1,12170,0.83,4,0,False,2026-03-31 02:21:16
1105,1105,19,10,2025121411,2,1,10710,0.96,,0,False,2025-12-14 11:54:48
1106,1106,58,20,2026010910,1,1,8533,0.85,5,0,False,2026-01-09 10:24:43
1107,1107,58,5,2026010910,1,1,12221,0.91,4,0,False,2026-01-09 10:28:43
1108,1108,394,7,2025121514,2,1,11635,0.92,4,0,True,2025-12-15 14:18:26
1109,1109,998,6,2026022614,1,1,3753,0.97,5,1,False,2026-02-26 14:55:42
1110,1110,998,15,2026022614,1,1,8239,0.89,,0,False,2026-02-26 14:59:42
1111,1111,166,20,2025121312,2,1,6667,0.9,4,0,True,2025-12-13 12:30:53
1112,1112,166,5,2025121312,2,2,5787,0.04,2,0,False,2025-12-13 12:32:53
1113,1113,978,1,2026032808,4,3,12041,0.22,1,0,False,2026-03-28 08:22:01
1114,1114,978,3,2026032808,4,1,7572,0.91,4,0,False,2026-03-28 08:25:01
1115,1115,978,8,2026032808,4,1,12575,0.85,,0,False,2026-03-28 08:30:01
1116,1116,1064,13,2025101616,3,1,6413,0.96,4,0,False,2025-10-16 16:55:08
1117,1117,1064,14,2025101616,3,1,13525,0.82,5,0,True,2025-10-16 16:58:08
1118,1118,185,2,2026011002,1,1,9928,0.94,4,1,False,2026-01-10 02:02:26
1119,1119,185,5,2026011002,1,1,9308,0.93,4,0,False,2026-01-10 02:06:26
1120,1120,185,9,2026011002,1,1,7367,0.88,4,0,True,2026-01-10 02:12:26
1121,1121,301,20,2026012600,1,1,9916,0.86,5,0,False,2026-01-26 00:05:10
1122,1122,301,5,2026012600,1,1,4759,0.93,5,0,False,2026-01-26 00:10:10
1123,1123,601,17,2026013008,1,1,9405,0.89,4,0,False,2026-01-30 08:31:47
1124,1124,601,16,2026013008,1,1,13292,0.86,4,0,True,2026-01-30 08:35:47
1125,1125,300,13,2025111608,1,6,12757,0.0,1,0,False,2025-11-16 08:10:12
1126,1126,24,13,2025120910,1,1,12228,0.97,4,1,False,2025-12-09 10:07:36
1127,1127,24,14,2025120910,1,1,6582,0.91,5,0,False,2025-12-09 10:09:36
1128,1128,203,8,2026021217,1,1,6628,0.83,5,0,True,2026-02-12 17:06:23
1129,1129,538,5,2026012214,2,1,12109,0.82,5,0,False,2026-01-22 14:40:56
1130,1130,226,6,2025110400,1,1,8275,0.86,5,0,True,2025-11-04 00:56:25
1131,1131,226,15,2025110401,1,1,4392,0.84,4,1,False,2025-11-04 01:01:25
1132,1132,134,19,2025100902,2,1,13514,0.94,5,0,False,2025-10-09 02:40:19
1133,1133,134,23,2025100902,2,1,11887,0.9,4,0,False,2025-10-09 02:45:19
1134,1134,134,8,2025100902,2,1,13602,0.92,4,0,False,2025-10-09 02:44:19
1135,1135,137,17,2025122615,2,1,13373,0.94,5,0,True,2025-12-26 15:42:35
1136,1136,137,16,2025122615,2,1,7420,0.87,4,0,True,2025-12-26 15:45:35
1137,1137,76,19,2026021901,1,1,15486,0.89,3,0,False,2026-02-19 01:10:44
1138,1138,76,23,2026021901,1,1,10800,0.88,,1,False,2026-02-19 01:14:44
1139,1139,76,8,2026021901,1,1,11555,0.9,4,1,False,2026-02-19 01:18:44
1140,1140,100,6,2025123020,1,4,7283,0.09,1,0,False,2025-12-30 20:35:41
1141,1141,129,19,2026022211,1,1,12182,0.83,4,0,True,2026-02-22 11:00:20
1142,1142,129,23,2026022211,1,1,12979,0.83,5,0,False,2026-02-22 11:05:20
1143,1143,129,8,2026022211,1,1,14107,0.88,5,0,True,2026-02-22 11:06:20
1144,1144,43,20,2025111613,1,3,13027,0.33,1,0,False,2025-11-16 13:58:04
1145,1145,43,5,2025111614,1,1,4785,0.91,,0,True,2025-11-16 14:01:04
1146,1146,12,8,2026030718,1,1,9315,0.9,3,0,False,2026-03-07 18:45:35
1147,1147,1139,9,2026030210,2,1,14662,0.87,4,0,False,2026-03-02 10:42:35
1148,1148,84,1,2025122106,1,1,11630,0.9,4,1,False,2025-12-21 06:19:46
1149,1149,84,3,2025122106,1,1,7287,0.86,5,0,False,2025-12-21 06:23:46
1150,1150,84,8,2025122106,1,1,9647,0.84,3,0,False,2025-12-21 06:25:46
1151,1151,150,4,2026010723,1,1,5932,0.93,5,0,False,2026-01-07 23:07:48
1152,1152,150,10,2026010723,1,3,6937,0.01,,0,False,2026-01-07 23:12:48
1153,1153,215,13,2026011812,2,1,9206,0.86,4,0,False,2026-01-18 12:14:14
1154,1154,99,4,2026012504,1,3,7488,0.31,,2,False,2026-01-25 04:14:14
1155,1155,1,13,2025110907,6,1,5133,0.97,5,1,False,2025-11-09 07:06:03
1156,1156,1,14,2025110907,6,1,13765,0.83,5,1,False,2025-11-09 07:10:03
1157,1157,968,16,2025110607,1,1,4764,0.9,5,0,True,2025-11-06 07:54:11
1158,1158,758,23,2025110111,2,1,6367,0.93,3,0,False,2025-11-01 11:01:07
1159,1159,631,10,2026011815,1,1,10351,0.97,5,0,False,2026-01-18 15:48:36
1160,1160,196,1,2025103114,2,1,9628,0.98,4,0,False,2025-10-31 14:44:48
1161,1161,196,3,2025103114,2,1,12745,0.93,4,0,True,2025-10-31 14:48:48
1162,1162,196,8,2025103114,2,1,6264,0.85,4,0,True,2025-10-31 14:52:48
1163,1163,109,13,2025092007,1,1,11066,0.97,5,0,False,2025-09-20 07:53:40
1164,1164,109,14,2025092007,1,1,12982,0.93,5,0,False,2025-09-20 07:57:40
1165,1165,56,14,2025120421,1,6,13594,0.0,1,0,False,2025-12-04 21:07:48
1166,1166,84,14,2025120413,1,1,3744,0.93,5,0,True,2025-12-04 13:09:24
1167,1167,515,6,2026031422,1,1,13730,0.96,,0,False,2026-03-14 22:22:30
1168,1168,515,15,2026031422,1,1,11178,0.94,4,1,False,2026-03-14 22:24:30
1169,1169,100,2,2026020612,1,1,8863,0.97,5,0,True,2026-02-06 12:38:58
1170,1170,100,5,2026020612,1,1,7459,0.87,5,0,True,2026-02-06 12:41:58
1171,1171,100,9,2026020612,1,1,12360,0.82,4,0,True,2026-02-06 12:46:58
1172,1172,1,9,2025091921,2,6,15486,0.0,,0,False,2025-09-19 21:11:25
1173,1173,507,4,2025092105,2,1,10383,0.96,,0,False,2025-09-21 05:10:42
1174,1174,507,10,2025092105,2,3,12862,0.12,1,0,False,2025-09-21 05:13:42
1175,1175,39,6,2026032512,2,1,5299,0.96,4,0,True,2026-03-25 12:30:17
1176,1176,87,21,2026033022,1,1,9424,0.96,3,0,True,2026-03-30 22:47:04
1177,1177,35,19,2026022314,2,1,10787,0.86,3,0,False,2026-02-23 14:20:33
1178,1178,35,23,2026022314,2,1,5115,0.86,3,0,False,2026-02-23 14:23:33
1179,1179,35,8,2026022314,2,1,11542,0.85,5,0,False,2026-02-23 14:26:33
1180,1180,472,20,2026011519,3,1,6815,0.9,5,0,True,2026-01-15 19:07:23
1181,1181,472,5,2026011519,3,1,7415,0.94,3,0,False,2026-01-15 19:12:23
1182,1182,1002,19,2026021123,1,1,10823,0.83,4,1,True,2026-02-11 23:57:19
1183,1183,1002,23,2026021200,1,1,11293,0.89,5,0,False,2026-02-12 00:01:19
1184,1184,1002,8,2026021200,1,1,11799,0.91,4,0,True,2026-02-12 00:01:19
1185,1185,264,1,2026011115,3,1,6746,0.91,4,1,True,2026-01-11 15:35:06
1186,1186,264,3,2026011115,3,1,6207,0.98,5,0,False,2026-01-11 15:39:06
1187,1187,264,8,2026011115,3,1,8612,0.98,4,0,False,2026-01-11 15:45:06
1188,1188,8,2,2025122101,4,1,5727,0.84,4,0,False,2025-12-21 01:50:21
1189,1189,8,5,2025122101,4,1,12714,0.83,3,0,False,2025-12-21 01:53:21
1190,1190,8,9,2025122101,4,1,9869,0.91,5,0,False,2025-12-21 01:54:21
1191,1191,344,25,2025101008,5,1,4552,0.89,5,0,True,2025-10-10 08:07:43
1192,1192,29,19,2025090221,1,1,9056,0.84,4,0,False,2025-09-02 21:22:14
1193,1193,29,23,2025090221,1,1,3975,0.97,5,0,True,2025-09-02 21:25:14
1194,1194,29,8,2025090221,1,7,10383,0.3,2,0,False,2025-09-02 21:28:14
1195,1195,243,4,2026011601,2,2,13647,0.23,1,0,False,2026-01-16 01:44:14
1196,1196,243,10,2026011601,2,1,9080,0.91,,0,False,2026-01-16 01:47:14
1197,1197,869,19,2026021112,1,1,8020,0.85,4,0,True,2026-02-11 12:46:23
1198,1198,869,23,2026021112,1,1,7795,0.86,5,0,True,2026-02-11 12:48:23
1199,1199,869,8,2026021112,1,1,13113,0.84,4,1,False,2026-02-11 12:50:23
1200,1200,64,1,2025101408,1,1,11041,0.84,5,0,False,2025-10-14 08:29:29
1201,1201,159,13,2026032801,1,1,7677,0.84,4,0,True,2026-03-28 01:35:13
1202,1202,159,14,2026032801,1,1,4676,0.86,4,0,True,2026-03-28 01:39:13
1203,1203,244,13,2025111013,1,1,4769,0.94,4,0,False,2025-11-10 13:57:45
1204,1204,244,14,2025111014,1,1,11512,0.86,4,0,False,2025-11-10 14:01:45
1205,1205,81,6,2026010306,1,1,6070,0.88,,0,False,2026-01-03 06:35:40
1206,1206,81,15,2026010306,1,1,8782,0.93,4,0,False,2026-01-03 06:39:40
1207,1207,7,4,2026030403,1,1,15053,0.86,,0,False,2026-03-04 03:08:16
1208,1208,974,17,2025111109,1,1,3723,0.93,5,0,False,2025-11-11 09:11:30
1209,1209,57,20,2026030806,1,1,12960,0.92,5,0,False,2026-03-08 06:15:06
1210,1210,57,5,2026030806,1,1,9207,0.92,5,0,True,2026-03-08 06:17:06
1211,1211,477,4,2026021309,1,1,5718,0.84,5,0,True,2026-02-13 09:33:52
1212,1212,477,10,2026021309,1,1,13987,0.94,4,0,False,2026-02-13 09:38:52
1213,1213,41,2,2025112315,1,1,11070,0.89,,0,False,2025-11-23 15:35:57
1214,1214,41,5,2025112315,1,1,13502,0.86,4,0,False,2025-11-23 15:37:57
1215,1215,41,9,2025112315,1,4,5104,0.19,2,1,False,2025-11-23 15:41:57
1216,1216,218,20,2026033016,4,1,10697,0.91,,0,False,2026-03-30 16:15:09
1217,1217,218,5,2026033016,4,1,13976,0.91,4,0,False,2026-03-30 16:19:09
1218,1218,351,6,2025122309,1,1,11250,0.85,4,1,True,2025-12-23 09:19:22
1219,1219,351,15,2025122309,1,1,7045,0.84,4,0,False,2025-12-23 09:24:22
1220,1220,470,14,2026010508,1,1,4275,0.85,4,0,True,2026-01-05 08:24:54
1221,1221,364,6,2026021114,1,1,12223,0.89,5,0,True,2026-02-11 14:00:28
1222,1222,364,15,2026021114,1,1,12994,0.85,,0,False,2026-02-11 14:04:28
1223,1223,187,15,2025110704,1,1,6915,0.97,5,0,False,2025-11-07 04:24:52
1224,1224,132,2,2026032806,4,1,12441,0.84,3,0,False,2026-03-28 06:44:04
1225,1225,132,5,2026032806,4,1,5915,0.88,5,1,False,2026-03-28 06:46:04
1226,1226,132,9,2026032806,4,1,13329,0.86,4,0,False,2026-03-28 06:50:04
1227,1227,258,2,2025093003,1,1,10707,0.87,4,0,True,2025-09-30 03:20:30
1228,1228,258,5,2025093003,1,5,6121,0.24,1,0,False,2025-09-30 03:23:30
1229,1229,258,9,2025093003,1,1,12551,0.92,3,0,False,2025-09-30 03:24:30
1230,1230,83,1,2026011703,3,1,15437,0.94,3,0,True,2026-01-17 03:25:10
1231,1231,83,3,2026011703,3,1,12531,0.9,5,0,True,2026-01-17 03:27:10
1232,1232,83,8,2026011703,3,1,9489,0.94,5,0,False,2026-01-17 03:29:10
1233,1233,355,25,2026031601,1,5,11511,0.21,2,0,False,2026-03-16 01:48:27
1234,1234,242,13,2025100101,2,1,4423,0.9,4,0,False,2025-10-01 01:59:59
1235,1235,242,14,2025100102,2,1,5153,0.96,4,0,False,2025-10-01 02:01:59
1236,1236,237,20,2026022722,2,1,9754,0.95,4,0,False,2026-02-27 22:08:35
1237,1237,237,5,2026022722,2,1,12752,0.85,5,0,False,2026-02-27 22:12:35
1238,1238,319,4,2025101007,1,1,15424,0.95,3,0,False,2025-10-10 07:10:08
1239,1239,319,10,2025101007,1,2,11417,0.28,,0,False,2025-10-10 07:13:08
1240,1240,247,9,2026032521,2,1,9079,0.92,4,0,False,2026-03-25 21:20:12
1241,1241,134,2,2026030607,1,2,8535,0.24,2,0,False,2026-03-06 07:48:43
1242,1242,134,5,2026030607,1,1,5838,0.85,4,0,False,2026-03-06 07:52:43
1243,1243,134,9,2026030607,1,1,5668,0.87,5,0,True,2026-03-06 07:58:43
1244,1244,88,17,2026013017,3,1,12604,0.95,5,0,True,2026-01-30 17:57:10
1245,1245,88,16,2026013018,3,1,11397,0.96,5,0,False,2026-01-30 18:01:10
1246,1246,159,17,2026011307,2,1,11907,0.94,4,0,False,2026-01-13 07:54:17
1247,1247,692,6,2026011611,1,1,8473,0.87,4,0,False,2026-01-16 11:36:42
1248,1248,692,15,2026011611,1,1,7922,0.94,4,0,False,2026-01-16 11:39:42
1249,1249,851,4,2025102710,3,1,7027,0.93,4,0,False,2025-10-27 10:48:14
1250,1250,851,10,2025102710,3,1,7207,0.83,5,0,False,2025-10-27 10:51:14
1251,1251,97,20,2026010119,3,1,9064,0.97,5,0,False,2026-01-01 19:55:13
1252,1252,97,5,2026010119,3,1,12292,0.9,4,0,False,2026-01-01 19:57:13
1253,1253,4,1,2025120421,6,1,14784,0.87,4,0,False,2025-12-04 21:21:52
1254,1254,4,3,2025120421,6,1,8023,0.88,4,0,False,2025-12-04 21:23:52
1255,1255,4,8,2025120421,6,1,7201,0.97,,0,False,2025-12-04 21:25:52
1256,1256,308,1,2026011315,1,1,6783,0.96,5,0,False,2026-01-13 15:01:13
1257,1257,308,3,2026011315,1,1,5982,0.9,4,0,True,2026-01-13 15:04:13
1258,1258,308,8,2026011315,1,1,13562,0.95,4,0,True,2026-01-13 15:11:13
1259,1259,23,17,2026012915,1,1,5830,0.83,5,0,False,2026-01-29 15:10:22
1260,1260,23,16,2026012915,1,1,9229,0.83,4,0,True,2026-01-29 15:15:22
1261,1261,1007,1,2026021419,2,1,5690,0.84,5,0,True,2026-02-14 19:29:22
1262,1262,1007,3,2026021419,2,1,5148,0.85,4,0,False,2026-02-14 19:31:22
1263,1263,1007,8,2026021419,2,1,7187,0.93,3,0,False,2026-02-14 19:33:22
1264,1264,53,17,2025111410,1,1,11650,0.85,5,0,False,2025-11-14 10:46:07
1265,1265,53,16,2025111410,1,1,4360,0.98,5,0,True,2025-11-14 10:49:07
1266,1266,92,15,2025090306,3,1,12360,0.9,5,0,False,2025-09-03 06:13:16
1267,1267,14,20,2025113009,2,1,4478,0.88,5,0,True,2025-11-30 09:20:31
1268,1268,1180,10,2025092612,2,1,11600,0.89,4,0,False,2025-09-26 12:21:06
1269,1269,380,14,2026021403,3,1,13535,0.93,5,0,False,2026-02-14 03:00:17
1270,1270,357,13,2026021214,1,1,12962,0.92,5,0,True,2026-02-12 14:03:23
1271,1271,357,14,2026021214,1,1,6885,0.96,5,0,False,2026-02-12 14:05:23
1272,1272,872,4,2025101309,1,1,5897,0.89,5,0,False,2025-10-13 09:56:26
1273,1273,872,10,2025101309,1,1,11843,0.9,4,0,True,2025-10-13 09:58:26
1274,1274,10,4,2026021923,1,1,10927,0.86,5,0,False,2026-02-19 23:38:21
1275,1275,10,10,2026021923,1,1,9664,0.91,3,0,False,2026-02-19 23:41:21
1276,1276,892,4,2026020613,6,1,14674,0.91,5,0,True,2026-02-06 13:54:57
1277,1277,259,13,2025120111,1,1,7249,0.88,5,1,False,2025-12-01 11:15:45
1278,1278,259,14,2025120111,1,1,6817,0.84,5,0,False,2025-12-01 11:20:45
1279,1279,95,25,2026012419,1,1,8791,0.88,4,0,False,2026-01-24 19:41:33
1280,1280,82,6,2025091702,1,4,10078,0.18,2,0,False,2025-09-17 02:03:57
1281,1281,17,2,2026012916,1,1,4485,0.87,,0,False,2026-01-29 16:50:54
1282,1282,17,5,2026012916,1,1,13637,0.92,4,1,False,2026-01-29 16:55:54
1283,1283,17,9,2026012916,1,3,8209,0.06,2,1,False,2026-01-29 16:58:54
1284,1284,1049,6,2026032016,1,1,10953,0.86,3,0,False,2026-03-20 16:16:41
1285,1285,1049,15,2026032016,1,4,10306,0.16,1,0,False,2026-03-20 16:21:41
1286,1286,159,17,2025121505,1,1,9999,0.9,5,0,False,2025-12-15 05:58:40
1287,1287,159,16,2025121506,1,1,4072,0.97,3,0,False,2025-12-15 06:01:40
1288,1288,243,4,2026030714,1,1,7805,0.97,,0,False,2026-03-07 14:27:29
1289,1289,243,10,2026030714,1,3,7691,0.03,1,0,False,2026-03-07 14:32:29
1290,1290,24,2,2025110318,1,1,11822,0.9,5,0,True,2025-11-03 18:50:17
1291,1291,24,5,2025110318,1,1,12632,0.85,4,0,False,2025-11-03 18:54:17
1292,1292,24,9,2025110318,1,1,5782,0.94,4,0,False,2025-11-03 18:58:17
1293,1293,147,2,2026033004,1,1,5364,0.86,4,0,False,2026-03-30 04:02:53
1294,1294,147,5,2026033004,1,1,12111,0.96,5,0,False,2026-03-30 04:04:53
1295,1295,147,9,2026033004,1,5,14650,0.22,,0,False,2026-03-30 04:08:53
1296,1296,55,20,2026021723,1,1,7531,0.9,5,0,False,2026-02-17 23:55:48
1297,1297,55,5,2026021723,1,1,6603,0.91,5,0,False,2026-02-17 23:58:48
1298,1298,1188,4,2026020622,2,1,15430,0.82,5,0,False,2026-02-06 22:47:54
1299,1299,1188,10,2026020622,2,1,8865,0.93,4,0,False,2026-02-06 22:49:54
1300,1300,239,1,2026032419,1,1,8668,0.84,5,0,True,2026-03-24 19:42:54
1301,1301,239,3,2026032419,1,1,9697,0.83,4,1,False,2026-03-24 19:46:54
1302,1302,239,8,2026032419,1,1,13029,0.89,4,0,False,2026-03-24 19:50:54
1303,1303,22,6,2025123019,1,1,12453,0.94,,0,False,2025-12-30 19:53:58
1304,1304,22,15,2025123019,1,1,3964,0.92,4,0,False,2025-12-30 19:57:58
1305,1305,39,2,2025110708,5,1,7808,0.91,,0,False,2025-11-07 08:06:19
1306,1306,88,17,2025102119,3,1,11201,0.87,4,0,False,2025-10-21 19:34:39
1307,1307,88,16,2025102119,3,1,12612,0.89,4,0,True,2025-10-21 19:36:39
1308,1308,143,6,2025122701,1,1,13986,0.94,,0,True,2025-12-27 01:22:25
1309,1309,143,15,2025122701,1,1,13917,0.91,4,0,True,2025-12-27 01:27:25
1310,1310,178,5,2026031310,3,1,12418,0.91,4,0,False,2026-03-13 10:28:58
1311,1311,244,22,2025121809,2,1,10904,0.93,5,0,False,2025-12-18 09:34:51
1312,1312,143,19,2026031907,2,1,10613,0.85,5,0,True,2026-03-19 07:15:42
1313,1313,143,23,2026031907,2,1,6913,0.97,4,0,False,2026-03-19 07:19:42
1314,1314,143,8,2026031907,2,1,13138,0.86,,0,False,2026-03-19 07:23:42
1315,1315,569,7,2025122603,2,1,9071,0.85,3,0,False,2025-12-26 03:30:49
1316,1316,485,17,2026030800,1,1,12379,0.91,5,0,True,2026-03-08 00:42:32
1317,1317,485,16,2026030800,1,6,5440,0.0,,0,False,2026-03-08 00:46:32
1318,1318,144,19,2026012109,2,1,12991,0.91,3,0,False,2026-01-21 09:32:32
1319,1319,144,23,2026012109,2,1,5665,0.86,4,0,False,2026-01-21 09:36:32
1320,1320,144,8,2026012109,2,1,4468,0.84,4,0,False,2026-01-21 09:36:32
1321,1321,700,13,2026010821,3,1,11133,0.85,4,0,False,2026-01-08 21:31:06
1322,1322,700,14,2026010821,3,1,7213,0.85,4,0,False,2026-01-08 21:35:06
1323,1323,207,20,2026032516,1,7,5487,0.09,,0,False,2026-03-25 16:55:31
1324,1324,207,5,2026032516,1,3,5699,0.16,2,0,False,2026-03-25 16:57:31
1325,1325,243,6,2026031300,3,1,9406,0.84,5,0,False,2026-03-13 00:42:45
1326,1326,243,15,2026031300,3,1,10517,0.91,,1,False,2026-03-13 00:45:45
1327,1327,98,19,2026031700,2,1,10526,0.85,4,0,False,2026-03-17 00:21:27
1328,1328,98,23,2026031700,2,1,8899,0.87,5,0,False,2026-03-17 00:25:27
1329,1329,98,8,2026031700,2,1,5059,0.84,,0,False,2026-03-17 00:29:27
1330,1330,172,1,2025112512,4,1,8802,0.87,5,1,False,2025-11-25 12:36:21
1331,1331,172,3,2025112512,4,1,9040,0.96,5,0,False,2025-11-25 12:39:21
1332,1332,172,8,2025112512,4,1,14077,0.87,4,0,False,2025-11-25 12:40:21
1333,1333,267,10,2025111101,1,1,8638,0.92,5,0,True,2025-11-11 01:45:07
1334,1334,897,10,2026021915,2,1,7747,0.84,5,0,False,2026-02-19 15:00:46
1335,1335,87,6,2025092808,2,1,6046,0.85,3,0,True,2025-09-28 08:39:20
1336,1336,87,15,2025092808,2,1,5172,0.92,3,0,False,2025-09-28 08:41:20
1337,1337,162,19,2026031010,1,1,7899,0.88,5,0,False,2026-03-10 10:49:24
1338,1338,162,23,2026031010,1,1,13984,0.87,5,0,True,2026-03-10 10:53:24
1339,1339,162,8,2026031010,1,1,13835,0.96,,0,False,2026-03-10 10:55:24
1340,1340,651,15,2026033100,1,1,10901,0.88,4,0,True,2026-03-31 00:01:32
1341,1341,335,4,2025110812,1,1,5479,0.92,,0,False,2025-11-08 12:14:06
1342,1342,335,10,2025110812,1,7,11749,0.32,1,1,False,2025-11-08 12:17:06
1343,1343,1067,22,2026021404,3,1,7728,0.86,5,0,True,2026-02-14 04:51:39
1344,1344,123,18,2025120507,1,1,11778,0.84,5,0,False,2025-12-05 07:06:09
1345,1345,625,1,2026011106,2,1,6908,0.91,,0,False,2026-01-11 06:45:55
1346,1346,625,3,2026011106,2,1,13055,0.96,5,0,True,2026-01-11 06:50:55
1347,1347,625,8,2026011106,2,1,12334,0.87,5,0,False,2026-01-11 06:49:55
1348,1348,390,17,2025110514,1,2,5907,0.24,,0,False,2025-11-05 14:25:03
1349,1349,390,16,2025110514,1,1,4316,0.94,3,0,True,2025-11-05 14:30:03
1350,1350,80,22,2026031005,4,1,11098,0.85,5,0,False,2026-03-10 05:18:06
1351,1351,119,13,2025120323,5,1,5043,0.86,4,0,False,2025-12-03 23:05:50
1352,1352,766,2,2026010321,1,1,5233,0.96,5,1,False,2026-01-03 21:27:31
1353,1353,766,5,2026010321,1,1,9405,0.85,,0,False,2026-01-03 21:30:31
1354,1354,766,9,2026010321,1,1,8159,0.9,5,1,False,2026-01-03 21:31:31
1355,1355,670,19,2025090305,1,7,7472,0.05,1,0,False,2025-09-03 05:47:15
1356,1356,670,23,2025090305,1,1,11242,0.84,5,0,False,2025-09-03 05:49:15
1357,1357,670,8,2025090305,1,4,5546,0.26,1,0,False,2025-09-03 05:53:15
1358,1358,32,1,2025111012,1,1,8243,0.97,5,0,False,2025-11-10 12:18:40
1359,1359,32,3,2025111012,1,4,12484,0.15,1,0,False,2025-11-10 12:21:40
1360,1360,32,8,2025111012,1,1,5397,0.96,5,0,False,2025-11-10 12:24:40
1361,1361,556,13,2025110204,1,1,9051,0.84,4,0,True,2025-11-02 04:51:31
1362,1362,556,14,2025110204,1,1,6872,0.88,3,0,False,2025-11-02 04:54:31
1363,1363,126,3,2026011506,3,1,5800,0.85,5,0,False,2026-01-15 06:00:23
1364,1364,288,8,2025091915,6,1,12541,0.85,,0,False,2025-09-19 15:16:36
1365,1365,93,1,2025102122,1,1,5881,0.94,3,0,False,2025-10-21 22:47:50
1366,1366,93,3,2025102122,1,1,6425,0.9,5,0,True,2025-10-21 22:51:50
1367,1367,93,8,2025102122,1,1,13379,0.94,3,1,False,2025-10-21 22:51:50
1368,1368,69,17,2025102413,2,1,14050,0.86,5,0,False,2025-10-24 13:27:08
1369,1369,67,2,2026030322,1,3,12947,0.32,,1,False,2026-03-03 22:23:08
1370,1370,330,13,2026012211,2,1,10665,0.93,,0,False,2026-01-22 11:17:06
1371,1371,330,14,2026012211,2,1,11265,0.95,4,0,False,2026-01-22 11:20:06
1372,1372,34,17,2025101101,1,6,12774,0.0,,0,False,2025-10-11 01:38:02
1373,1373,187,3,2025121714,2,1,9700,0.91,4,0,False,2025-12-17 14:05:27
1374,1374,45,4,2025101222,6,1,9038,0.85,3,1,False,2025-10-12 22:03:23
1375,1375,385,1,2026010807,3,1,11563,0.9,4,0,False,2026-01-08 07:45:45
1376,1376,385,3,2026010807,3,4,12352,0.06,2,0,False,2026-01-08 07:48:45
1377,1377,385,8,2026010807,3,1,5674,0.89,4,0,True,2026-01-08 07:55:45
1378,1378,101,25,2026030207,1,5,10867,0.33,,1,False,2026-03-02 07:19:23
1379,1379,178,2,2025102903,2,1,10302,0.9,3,0,False,2025-10-29 03:58:29
1380,1380,178,5,2025102904,2,1,5608,0.87,5,1,False,2025-10-29 04:00:29
1381,1381,178,9,2025102904,2,1,9303,0.84,4,0,True,2025-10-29 04:08:29
1382,1382,258,19,2025092717,3,1,10188,0.87,5,0,False,2025-09-27 17:17:25
1383,1383,13,13,2026031505,2,1,14167,0.88,5,0,False,2026-03-15 05:27:03
1384,1384,13,14,2026031505,2,1,9962,0.91,5,0,False,2026-03-15 05:29:03
1385,1385,450,20,2025101023,5,1,8060,0.87,3,0,False,2025-10-10 23:13:31
1386,1386,450,5,2025101023,5,1,12144,0.89,4,0,False,2025-10-10 23:16:31
1387,1387,297,2,2026030104,6,1,10758,0.83,5,0,True,2026-03-01 04:20:34
1388,1388,297,5,2026030104,6,3,12556,0.18,,0,False,2026-03-01 04:23:34
1389,1389,297,9,2026030104,6,1,5449,0.83,4,0,False,2026-03-01 04:24:34
1390,1390,346,2,2026011309,1,1,4067,0.96,3,0,False,2026-01-13 09:19:04
1391,1391,346,5,2026011309,1,1,12655,0.9,5,0,False,2026-01-13 09:23:04
1392,1392,346,9,2026011309,1,1,10833,0.84,5,0,False,2026-01-13 09:27:04
1393,1393,413,19,2025120306,6,1,9251,0.82,4,0,False,2025-12-03 06:30:03
1394,1394,413,23,2025120306,6,1,6795,0.9,3,0,False,2025-12-03 06:35:03
1395,1395,413,8,2025120306,6,1,6285,0.88,5,0,False,2025-12-03 06:34:03
1396,1396,225,6,2026030116,2,1,13179,0.9,4,0,False,2026-03-01 16:09:30
1397,1397,225,15,2026030116,2,1,5631,0.83,3,0,False,2026-03-01 16:14:30
1398,1398,572,20,2026022211,1,1,12845,0.87,5,0,False,2026-02-22 11:31:06
1399,1399,572,5,2026022211,1,1,10223,0.94,4,0,False,2026-02-22 11:36:06
1400,1400,330,10,2026021201,3,1,5419,0.86,4,0,False,2026-02-12 01:53:59
1401,1401,234,1,2025121210,1,2,8983,0.34,1,0,False,2025-12-12 10:55:25
1402,1402,234,3,2025121211,1,1,7337,0.91,3,0,False,2025-12-12 11:00:25
1403,1403,234,8,2025121211,1,1,5952,0.9,5,0,False,2025-12-12 11:05:25
1404,1404,147,25,2025111018,2,1,7213,0.92,3,0,False,2025-11-10 18:34:43
1405,1405,34,6,2025122310,6,1,3706,0.84,4,0,False,2025-12-23 10:11:07
1406,1406,34,15,2025122310,6,2,9146,0.19,1,0,False,2025-12-23 10:14:07
1407,1407,376,13,2025121203,3,1,4217,0.84,3,0,False,2025-12-12 03:37:40
1408,1408,376,14,2025121203,3,1,11401,0.95,4,0,False,2025-12-12 03:41:40
1409,1409,214,5,2025092616,2,1,11264,0.97,5,0,False,2025-09-26 16:57:11
1410,1410,44,13,2025121518,1,1,13966,0.95,5,0,False,2025-12-15 18:33:01
1411,1411,44,14,2025121518,1,1,7779,0.92,4,0,False,2025-12-15 18:37:01
1412,1412,287,15,2026021605,1,1,13339,0.93,5,0,True,2026-02-16 05:49:43
1413,1413,95,6,2025100503,2,4,9950,0.17,1,1,False,2025-10-05 03:30:51
1414,1414,95,15,2025100503,2,1,4713,0.83,3,0,False,2025-10-05 03:32:51
1415,1415,298,17,2026020116,1,4,9909,0.11,2,0,False,2026-02-01 16:36:07
1416,1416,298,16,2026020116,1,4,8594,0.2,,0,False,2026-02-01 16:38:07
1417,1417,286,20,2025120117,6,1,11851,0.94,5,0,True,2025-12-01 17:51:46
1418,1418,286,5,2025120117,6,1,8791,0.86,3,0,False,2025-12-01 17:55:46
1419,1419,796,11,2026031015,2,1,7316,0.95,4,0,False,2026-03-10 15:24:14
1420,1420,230,6,2026022604,1,1,14079,0.88,4,0,True,2026-02-26 04:19:53
1421,1421,230,15,2026022604,1,1,13590,0.87,4,0,False,2026-02-26 04:24:53
1422,1422,69,20,2025101010,1,2,11104,0.06,,0,False,2025-10-10 10:15:20
1423,1423,69,5,2025101010,1,1,13747,0.9,4,1,False,2025-10-10 10:20:20
1424,1424,9,2,2025100200,1,1,12495,0.9,4,1,True,2025-10-02 00:56:23
1425,1425,9,5,2025100201,1,1,12855,0.98,4,0,False,2025-10-02 01:01:23
1426,1426,9,9,2025100201,1,1,5223,0.92,,0,False,2025-10-02 01:00:23
1427,1427,82,14,2025102317,3,1,6397,0.89,4,1,True,2025-10-23 17:27:08
1428,1428,247,16,2025112904,1,1,4487,0.91,4,0,False,2025-11-29 04:38:27
1429,1429,113,13,2025110521,5,1,11948,0.84,5,0,False,2025-11-05 21:21:49
1430,1430,113,14,2025110521,5,1,10732,0.94,,0,True,2025-11-05 21:25:49
1431,1431,340,11,2025122102,2,1,11031,0.83,4,0,True,2025-12-21 02:19:17
1432,1432,253,20,2026031102,2,1,8508,0.96,4,0,True,2026-03-11 02:48:50
1433,1433,359,1,2025110422,1,1,5206,0.95,5,0,True,2025-11-04 22:33:56
1434,1434,359,3,2025110422,1,1,4383,0.83,5,0,False,2025-11-04 22:35:56
1435,1435,359,8,2025110422,1,4,12634,0.28,1,0,False,2025-11-04 22:39:56
1436,1436,44,4,2025112910,4,6,15393,0.0,,0,False,2025-11-29 10:30:36
1437,1437,44,10,2025112910,4,1,6097,0.88,4,0,False,2025-11-29 10:32:36
1438,1438,110,13,2025110705,5,1,12466,0.89,5,0,True,2025-11-07 05:29:10
1439,1439,110,14,2025110705,5,1,5455,0.92,4,1,False,2025-11-07 05:31:10
1440,1440,365,24,2026022517,2,1,13396,0.84,4,0,False,2026-02-25 17:35:32
1441,1441,823,19,2026012905,2,1,10152,0.94,5,0,True,2026-01-29 05:44:55
1442,1442,378,19,2026030611,2,1,14801,0.83,3,0,False,2026-03-06 11:47:04
1443,1443,378,23,2026030611,2,1,12821,0.85,4,0,True,2026-03-06 11:52:04
1444,1444,378,8,2026030611,2,1,5546,0.86,5,0,True,2026-03-06 11:57:04
1445,1445,345,6,2026020302,5,1,13171,0.9,4,0,True,2026-02-03 02:01:30
1446,1446,345,15,2026020302,5,1,7468,0.84,5,0,True,2026-02-03 02:04:30
1447,1447,1,13,2025092519,1,6,14044,0.0,2,0,False,2025-09-25 19:29:21
1448,1448,804,4,2026030701,1,1,6011,0.85,4,0,True,2026-03-07 01:48:49
1449,1449,71,21,2026010709,1,1,14016,0.94,5,0,True,2026-01-07 09:03:30
1450,1450,59,17,2026010203,3,2,10323,0.27,1,1,False,2026-01-02 03:09:53
1451,1451,59,16,2026010203,3,1,13339,0.95,,0,False,2026-01-02 03:11:53
1452,1452,703,1,2026010800,1,1,11077,0.83,3,0,False,2026-01-08 00:56:28
1453,1453,703,3,2026010800,1,1,8323,0.93,5,1,False,2026-01-08 00:58:28
1454,1454,703,8,2026010801,1,1,13390,0.84,5,0,False,2026-01-08 01:06:28
1455,1455,314,1,2025091715,1,1,13753,0.91,4,0,True,2025-09-17 15:04:25
1456,1456,314,3,2025091715,1,4,12546,0.27,2,0,False,2025-09-17 15:09:25
1457,1457,314,8,2025091715,1,1,13765,0.98,5,1,False,2025-09-17 15:08:25
1458,1458,10,19,2026021420,3,1,6425,0.82,5,0,True,2026-02-14 20:16:47
1459,1459,10,23,2026021420,3,1,6760,0.97,4,0,False,2026-02-14 20:20:47
1460,1460,10,8,2026021420,3,1,13065,0.91,3,0,False,2026-02-14 20:24:47
1461,1461,42,12,2025092914,1,1,5178,0.84,4,0,False,2025-09-29 14:54:53
1462,1462,42,6,2025122514,3,1,5205,0.95,5,0,True,2025-12-25 14:21:23
1463,1463,42,15,2025122514,3,1,11523,0.89,4,0,True,2025-12-25 14:26:23
1464,1464,291,13,2026030411,2,1,8511,0.84,5,0,True,2026-03-04 11:35:05
1465,1465,291,14,2026030411,2,1,6018,0.94,4,0,False,2026-03-04 11:37:05
1466,1466,809,23,2026010311,2,3,10417,0.32,,0,False,2026-01-03 11:55:52
1467,1467,16,6,2025110700,1,1,8287,0.9,,1,False,2025-11-07 00:08:46
1468,1468,16,15,2025110700,1,1,6336,0.92,,0,False,2025-11-07 00:10:46
1469,1469,388,20,2025120316,1,2,4666,0.28,,0,False,2025-12-03 16:12:27
1470,1470,388,5,2025120316,1,1,5489,0.92,5,0,False,2025-12-03 16:16:27
1471,1471,343,2,2025112803,3,1,4572,0.86,5,0,False,2025-11-28 03:55:44
1472,1472,343,5,2025112803,3,1,8843,0.83,3,0,False,2025-11-28 03:58:44
1473,1473,343,9,2025112803,3,1,6419,0.86,5,0,False,2025-11-28 03:59:44
1474,1474,281,17,2026010115,2,1,13417,0.84,5,0,False,2026-01-01 15:13:46
1475,1475,281,16,2026010115,2,1,11436,0.89,4,0,False,2026-01-01 15:16:46
1476,1476,161,24,2025100513,2,1,8493,0.85,4,0,False,2025-10-05 13:03:55
1477,1477,395,17,2025092819,1,1,4825,0.93,4,0,False,2025-09-28 19:11:18
1478,1478,395,16,2025092819,1,1,7894,0.96,5,0,True,2025-09-28 19:15:18
1479,1479,844,6,2025120407,1,1,10733,0.86,4,0,True,2025-12-04 07:11:55
1480,1480,844,15,2025120407,1,1,11947,0.98,5,0,False,2025-12-04 07:14:55
1481,1481,92,4,2025110900,1,1,12299,0.84,3,0,False,2025-11-09 00:36:38
1482,1482,92,10,2025110900,1,1,6311,0.88,4,0,False,2025-11-09 00:40:38
1483,1483,148,1,2025112007,2,1,10070,0.87,3,0,False,2025-11-20 07:57:56
1484,1484,148,3,2025112007,2,1,12015,0.84,3,0,True,2025-11-20 07:59:56
1485,1485,148,8,2025112008,2,1,10993,0.93,4,0,False,2025-11-20 08:01:56
1486,1486,17,1,2025110903,1,1,6362,0.87,,0,False,2025-11-09 03:08:07
1487,1487,17,3,2025110903,1,1,12971,0.93,4,0,False,2025-11-09 03:10:07
1488,1488,17,8,2025110903,1,6,4531,0.0,,0,False,2025-11-09 03:12:07
1489,1489,34,6,2025121008,4,1,14082,0.92,5,0,True,2025-12-10 08:12:20
1490,1490,105,19,2026011101,1,1,10797,0.96,4,0,False,2026-01-11 01:30:55
1491,1491,105,23,2026011101,1,1,4488,0.97,5,1,False,2026-01-11 01:34:55
1492,1492,105,8,2026011101,1,1,3899,0.93,4,0,False,2026-01-11 01:40:55
1493,1493,892,17,2025101708,1,1,8356,0.89,4,1,False,2025-10-17 08:39:47
1494,1494,892,16,2025101708,1,1,9218,0.97,,0,False,2025-10-17 08:43:47
1495,1495,313,12,2025110800,1,1,10055,0.93,4,1,True,2025-11-08 00:14:36
1496,1496,18,1,2026030910,2,1,6207,0.97,,0,False,2026-03-09 10:10:10
1497,1497,18,3,2026030910,2,1,11547,0.83,5,0,True,2026-03-09 10:15:10
1498,1498,18,8,2026030910,2,1,8434,0.97,5,0,False,2026-03-09 10:16:10
1499,1499,375,1,2026011519,1,1,5131,0.94,5,0,True,2026-01-15 19:28:49
1500,1500,325,4,2025090515,6,1,13802,0.96,4,0,True,2025-09-05 15:01:57
1501,1501,325,10,2025090515,6,1,8585,0.93,5,0,False,2025-09-05 15:03:57
1502,1502,93,1,2025100807,2,1,13863,0.83,4,0,False,2025-10-08 07:47:03
1503,1503,93,3,2025100807,2,1,5148,0.86,4,0,False,2025-10-08 07:52:03
1504,1504,93,8,2025100807,2,1,9180,0.84,,0,False,2025-10-08 07:57:03
1505,1505,971,19,2026022515,1,4,7744,0.21,2,0,False,2026-02-25 15:14:51
1506,1506,971,23,2026022515,1,1,3838,0.86,5,0,False,2026-02-25 15:17:51
1507,1507,971,8,2026022515,1,1,11291,0.88,4,0,False,2026-02-25 15:20:51
1508,1508,372,19,2025112111,1,1,8097,0.86,5,0,True,2025-11-21 11:35:10
1509,1509,372,23,2025112111,1,5,9476,0.25,1,1,False,2025-11-21 11:38:10
1510,1510,372,8,2025112111,1,1,12965,0.97,5,0,False,2025-11-21 11:39:10
1511,1511,32,4,2025101420,2,1,12598,0.83,5,0,True,2025-10-14 20:31:02
1512,1512,32,10,2025101420,2,1,5824,0.93,4,0,False,2025-10-14 20:36:02
1513,1513,520,4,2026031802,1,1,7824,0.84,,0,False,2026-03-18 02:18:43
1514,1514,520,10,2026031802,1,1,13419,0.96,5,0,False,2026-03-18 02:22:43
1515,1515,392,1,2026030511,1,1,8746,0.91,5,0,False,2026-03-05 11:50:15
1516,1516,392,3,2026030511,1,2,7163,0.1,,0,False,2026-03-05 11:53:15
1517,1517,392,8,2026030511,1,7,6915,0.33,2,0,False,2026-03-05 11:54:15
1518,1518,355,4,2025090609,6,1,12191,0.93,4,0,True,2025-09-06 09:35:43
1519,1519,355,10,2025090609,6,1,7140,0.84,4,0,True,2025-09-06 09:38:43
1520,1520,164,20,2025120503,1,1,11186,0.95,4,0,False,2025-12-05 03:11:53
1521,1521,164,5,2025120503,1,1,4863,0.84,4,0,True,2025-12-05 03:16:53
1522,1522,339,2,2026022803,1,1,12398,0.83,,0,False,2026-02-28 03:53:01
1523,1523,339,5,2026022803,1,1,4795,0.95,5,0,False,2026-02-28 03:55:01
1524,1524,339,9,2026022804,1,4,6941,0.28,1,0,False,2026-02-28 04:03:01
1525,1525,5,17,2025092300,6,1,4364,0.97,4,0,False,2025-09-23 00:48:43
1526,1526,5,16,2025092300,6,1,9625,0.83,4,1,False,2025-09-23 00:53:43
1527,1527,286,9,2026032805,1,1,14906,0.89,,0,False,2026-03-28 05:29:04
1528,1528,388,1,2026020504,1,2,12108,0.3,1,1,False,2026-02-05 04:59:17
1529,1529,388,3,2026020505,1,7,5951,0.09,,1,False,2026-02-05 05:01:17
1530,1530,388,8,2026020505,1,1,5361,0.91,4,0,False,2026-02-05 05:07:17
1531,1531,751,19,2025091614,5,1,10097,0.97,4,0,True,2025-09-16 14:13:00
1532,1532,751,23,2025091614,5,1,12870,0.91,4,0,True,2025-09-16 14:15:00
1533,1533,751,8,2025091614,5,1,11251,0.94,,0,False,2025-09-16 14:19:00
1534,1534,56,12,2026011223,2,1,7646,0.97,,1,True,2026-01-12 23:58:28
1535,1535,380,17,2025122600,2,1,10096,0.94,4,0,False,2025-12-26 00:57:29
1536,1536,273,19,2025120903,1,1,8266,0.97,,0,False,2025-12-09 03:35:39
1537,1537,273,23,2025120903,1,1,10035,0.91,,0,False,2025-12-09 03:38:39
1538,1538,273,8,2025120903,1,1,4995,0.83,4,0,False,2025-12-09 03:45:39
1539,1539,86,1,2025090922,2,1,7336,0.95,4,0,False,2025-09-09 22:13:45
1540,1540,86,3,2025090922,2,1,7624,0.88,5,1,True,2025-09-09 22:17:45
1541,1541,86,8,2025090922,2,1,8053,0.88,5,0,False,2025-09-09 22:21:45
1542,1542,37,13,2026010212,2,1,8631,0.96,,0,False,2026-01-02 12:27:41
1543,1543,37,14,2026010212,2,1,11202,0.95,4,0,False,2026-01-02 12:31:41
1544,1544,1084,2,2025090808,2,1,12694,0.84,4,0,False,2025-09-08 08:26:34
1545,1545,1084,5,2025090808,2,1,6587,0.85,5,0,False,2025-09-08 08:30:34
1546,1546,1084,9,2025090808,2,1,5796,0.96,5,0,False,2025-09-08 08:36:34
1547,1547,59,22,2025110612,1,1,12286,0.96,5,0,True,2025-11-06 12:52:06
1548,1548,40,17,2026011111,1,1,4464,0.84,,0,False,2026-01-11 11:49:38
1549,1549,40,16,2026011111,1,1,9720,0.95,,0,True,2026-01-11 11:53:38
1550,1550,240,6,2025100320,2,1,6892,0.83,4,0,False,2025-10-03 20:39:09
1551,1551,240,15,2025100320,2,1,7265,0.86,5,0,False,2025-10-03 20:41:09
1552,1552,247,6,2025100501,4,1,12188,0.88,4,0,False,2025-10-05 01:27:01
1553,1553,247,15,2025100501,4,1,14041,0.82,5,0,False,2025-10-05 01:30:01
1554,1554,553,17,2026011222,6,1,6130,0.96,5,0,False,2026-01-12 22:01:37
1555,1555,553,16,2026011222,6,1,6555,0.92,5,1,False,2026-01-12 22:06:37
1556,1556,123,8,2026030407,3,1,4269,0.89,3,0,False,2026-03-04 07:01:50
1557,1557,28,19,2025092008,1,1,7595,0.9,,0,False,2025-09-20 08:17:34
1558,1558,28,23,2025092008,1,1,5334,0.84,4,0,True,2025-09-20 08:20:34
1559,1559,28,8,2025092008,1,1,5168,0.91,5,0,False,2025-09-20 08:23:34
1560,1560,220,25,2026021704,1,1,5846,0.9,4,0,False,2026-02-17 04:05:14
1561,1561,1140,5,2025121101,1,1,8484,0.9,5,0,False,2025-12-11 01:51:10
1562,1562,47,24,2026022718,2,1,15124,0.97,4,0,False,2026-02-27 18:46:56
1563,1563,104,13,2026012315,1,1,4608,0.86,5,0,True,2026-01-23 15:28:32
1564,1564,363,4,2026012011,1,1,14202,0.91,4,0,True,2026-01-20 11:50:37
1565,1565,363,10,2026012011,1,1,5939,0.83,5,0,True,2026-01-20 11:52:37
1566,1566,87,19,2026020309,2,5,10217,0.28,1,0,False,2026-02-03 09:42:46
1567,1567,87,23,2026020309,2,1,10714,0.97,5,0,True,2026-02-03 09:44:46
1568,1568,87,8,2026020309,2,4,10716,0.32,1,0,False,2026-02-03 09:50:46
1569,1569,278,20,2025101711,2,1,4686,0.89,4,0,False,2025-10-17 11:12:04
1570,1570,278,5,2025101711,2,1,3944,0.82,4,1,False,2025-10-17 11:14:04
1571,1571,801,2,2026031300,1,1,13863,0.91,5,0,True,2026-03-13 00:16:14
1572,1572,801,5,2026031300,1,1,6402,0.91,4,0,True,2026-03-13 00:21:14
1573,1573,801,9,2026031300,1,1,12173,0.95,,0,True,2026-03-13 00:26:14
1574,1574,357,17,2025112111,2,1,7107,0.89,4,0,False,2025-11-21 11:58:23
1575,1575,357,16,2025112112,2,1,8758,0.92,5,0,True,2025-11-21 12:02:23
1576,1576,1062,2,2026010909,1,2,11667,0.29,,0,False,2026-01-09 09:13:31
1577,1577,1062,5,2026010909,1,1,11563,0.91,4,1,False,2026-01-09 09:17:31
1578,1578,1062,9,2026010909,1,3,10065,0.2,1,0,False,2026-01-09 09:17:31
1579,1579,488,19,2026021709,2,1,10694,0.83,5,0,True,2026-02-17 09:26:48
1580,1580,488,23,2026021709,2,1,8856,0.87,3,0,True,2026-02-17 09:28:48
1581,1581,488,8,2026021709,2,1,10689,0.91,4,0,False,2026-02-17 09:36:48
1582,1582,1089,17,2026021917,1,1,3830,0.85,5,0,False,2026-02-19 17:57:16
1583,1583,1089,16,2026021918,1,3,10688,0.16,2,0,False,2026-02-19 18:01:16
1584,1584,1163,17,2025122223,2,1,7763,0.88,4,0,False,2025-12-22 23:24:33
1585,1585,100,10,2025121123,3,1,6987,0.95,5,0,True,2025-12-11 23:27:21
1586,1586,985,8,2025120507,3,1,10416,0.89,4,0,False,2025-12-05 07:43:36
1587,1587,245,23,2026022106,2,1,11515,0.91,4,0,True,2026-02-21 06:29:20
1588,1588,66,17,2026032709,2,1,13055,0.85,,0,False,2026-03-27 09:35:05
1589,1589,19,19,2025110715,3,1,15326,0.96,4,0,True,2025-11-07 15:37:07
1590,1590,19,23,2025110715,3,1,5758,0.9,5,1,False,2025-11-07 15:42:07
1591,1591,19,8,2025110715,3,2,4750,0.15,1,0,False,2025-11-07 15:41:07
1592,1592,309,5,2025092212,4,1,9161,0.94,4,0,False,2025-09-22 12:58:49
1593,1593,793,17,2026020702,2,1,13098,0.91,4,0,False,2026-02-07 02:02:07
1594,1594,793,16,2026020702,2,1,9061,0.88,4,0,False,2026-02-07 02:04:07
1595,1595,67,17,2025103101,1,1,5923,0.85,5,1,True,2025-10-31 01:46:35
1596,1596,67,16,2025103101,1,1,5465,0.89,4,1,False,2025-10-31 01:49:35
1597,1597,70,14,2026022309,2,1,8841,0.91,3,0,False,2026-02-23 09:24:31
1598,1598,892,1,2025121907,1,1,12631,0.98,4,0,False,2025-12-19 07:11:35
1599,1599,892,3,2025121907,1,1,9706,0.95,3,0,True,2025-12-19 07:13:35
1600,1600,892,8,2025121907,1,4,9243,0.33,2,0,False,2025-12-19 07:17:35
1601,1601,455,6,2025110206,2,1,10274,0.86,4,0,True,2025-11-02 06:29:23
1602,1602,455,15,2025110206,2,1,7855,0.96,4,0,True,2025-11-02 06:31:23
1603,1603,181,14,2025101901,3,1,11537,0.82,5,0,True,2025-10-19 01:05:54
1604,1604,111,1,2026010117,1,1,14530,0.83,,0,False,2026-01-01 17:46:17
1605,1605,111,3,2026010117,1,1,5859,0.85,3,1,False,2026-01-01 17:50:17
1606,1606,111,8,2026010117,1,1,3968,0.97,5,0,False,2026-01-01 17:54:17
1607,1607,389,5,2025111211,1,5,7942,0.25,,0,False,2025-11-12 11:03:35
1608,1608,260,4,2026030216,3,1,6734,0.93,4,0,False,2026-03-02 16:24:10
1609,1609,698,2,2025111108,1,1,14004,0.97,4,0,False,2025-11-11 08:32:04
1610,1610,230,17,2025111210,2,1,12008,0.94,4,0,False,2025-11-12 10:40:35
1611,1611,230,16,2025111210,2,1,4950,0.9,5,0,False,2025-11-12 10:43:35
1612,1612,30,1,2025100403,1,1,14057,0.83,5,0,False,2025-10-04 03:56:08
1613,1613,30,3,2025100403,1,1,4510,0.96,5,0,False,2025-10-04 03:58:08
1614,1614,30,8,2025100404,1,1,6174,0.83,5,0,True,2025-10-04 04:06:08
1615,1615,291,6,2025121719,2,1,10053,0.85,4,0,False,2025-12-17 19:07:28
1616,1616,75,1,2026022419,1,2,9270,0.06,2,0,False,2026-02-24 19:20:51
1617,1617,75,3,2026022419,1,1,12540,0.85,4,0,False,2026-02-24 19:25:51
1618,1618,75,8,2026022419,1,1,4003,0.87,4,0,False,2026-02-24 19:26:51
1619,1619,722,17,2025123121,1,2,9885,0.3,2,0,False,2025-12-31 21:57:17
1620,1620,722,16,2025123122,1,5,11043,0.11,,0,False,2025-12-31 22:01:17
1621,1621,318,4,2025112313,1,1,10224,0.86,4,0,False,2025-11-23 13:11:15
1622,1622,318,10,2025112313,1,1,11543,0.91,3,0,True,2025-11-23 13:14:15
1623,1623,26,17,2025102307,2,1,10425,0.87,3,0,False,2025-10-23 07:18:15
1624,1624,26,16,2025102307,2,1,7510,0.87,5,0,False,2025-10-23 07:21:15
1625,1625,198,6,2025110420,3,1,9192,0.97,3,0,False,2025-11-04 20:57:44
1626,1626,318,18,2025092412,1,1,4362,0.84,5,1,False,2025-09-24 12:17:26
1627,1627,281,6,2025121514,1,1,4949,0.84,,0,True,2025-12-15 14:00:38
1628,1628,89,18,2025101501,1,1,3838,0.91,,0,False,2025-10-15 01:59:58
1629,1629,288,1,2026011721,1,1,11361,0.95,5,0,True,2026-01-17 21:13:10
1630,1630,288,3,2026011721,1,1,9062,0.9,4,0,False,2026-01-17 21:18:10
1631,1631,288,8,2026011721,1,1,5645,0.87,5,0,False,2026-01-17 21:23:10
1632,1632,394,6,2025120106,1,1,6698,0.89,4,1,True,2025-12-01 06:36:33
1633,1633,394,15,2025120106,1,2,5547,0.09,1,0,False,2025-12-01 06:38:33
1634,1634,215,19,2026012205,3,1,11656,0.96,4,0,False,2026-01-22 05:48:17
1635,1635,296,2,2025121804,2,1,10618,0.91,3,0,False,2025-12-18 04:12:45
1636,1636,296,5,2025121804,2,1,6342,0.83,4,0,True,2025-12-18 04:15:45
1637,1637,296,9,2025121804,2,1,5760,0.85,3,0,False,2025-12-18 04:18:45
1638,1638,54,8,2025120504,2,1,13791,0.91,4,0,False,2025-12-05 04:46:41
1639,1639,536,2,2026030423,1,3,7421,0.15,1,0,False,2026-03-04 23:54:24
1640,1640,267,17,2025112015,2,1,10376,0.96,4,0,False,2025-11-20 15:36:02
1641,1641,25,21,2026010921,6,1,6780,0.89,4,1,False,2026-01-09 21:49:14
1642,1642,23,6,2025120302,1,1,7366,0.84,5,0,False,2025-12-03 02:35:49
1643,1643,57,3,2026030903,2,1,11601,0.94,,0,True,2026-03-09 03:28:32
1644,1644,29,17,2025091804,3,6,5345,0.0,2,1,False,2025-09-18 04:58:18
1645,1645,29,16,2025091805,3,1,10413,0.83,4,0,False,2025-09-18 05:02:18
1646,1646,955,20,2026020321,2,1,3972,0.87,5,0,True,2026-02-03 21:58:21
1647,1647,955,5,2026020322,2,1,12446,0.88,5,0,False,2026-02-03 22:01:21
1648,1648,52,2,2026011618,1,1,6362,0.92,5,0,False,2026-01-16 18:36:16
1649,1649,52,5,2026011618,1,1,10980,0.93,5,0,True,2026-01-16 18:39:16
1650,1650,52,9,2026011618,1,1,7338,0.92,4,0,False,2026-01-16 18:42:16
1651,1651,160,19,2025122814,2,1,10029,0.91,5,0,False,2025-12-28 14:15:54
1652,1652,160,23,2025122814,2,1,10345,0.88,5,0,False,2025-12-28 14:20:54
1653,1653,160,8,2025122814,2,1,11270,0.95,5,0,True,2025-12-28 14:21:54
1654,1654,717,11,2026020118,1,1,8451,0.87,5,0,True,2026-02-01 18:39:26
1655,1655,578,17,2025110501,3,1,6387,0.85,5,0,False,2025-11-05 01:25:59
1656,1656,1084,13,2025091612,2,3,9574,0.09,,0,False,2025-09-16 12:17:38
1657,1657,1084,14,2025091612,2,6,6812,0.0,2,1,False,2025-09-16 12:20:38
1658,1658,614,4,2025120101,2,1,11815,0.96,,0,False,2025-12-01 01:21:08
1659,1659,614,10,2025120101,2,6,11071,0.0,2,1,False,2025-12-01 01:24:08
1660,1660,15,17,2025113007,2,1,7030,0.96,5,1,True,2025-11-30 07:58:18
1661,1661,15,16,2025113008,2,1,10880,0.84,4,0,False,2025-11-30 08:02:18
1662,1662,349,1,2025122103,2,1,7654,0.97,5,0,False,2025-12-21 03:01:24
1663,1663,349,3,2025122103,2,4,5713,0.07,1,0,False,2025-12-21 03:03:24
1664,1664,349,8,2025122103,2,1,13453,0.87,,0,True,2025-12-21 03:09:24
1665,1665,146,14,2025121620,2,1,6022,0.88,4,0,True,2025-12-16 20:16:36
1666,1666,38,20,2026010120,2,1,6662,0.97,5,0,True,2026-01-01 20:07:09
1667,1667,3,13,2026010519,1,1,8427,0.87,,0,False,2026-01-05 19:25:43
1668,1668,3,14,2026010519,1,1,7497,0.86,4,0,True,2026-01-05 19:29:43
1669,1669,94,5,2026020223,1,1,4623,0.85,5,1,False,2026-02-02 23:21:58
1670,1670,75,3,2025102022,5,1,6045,0.94,4,0,False,2025-10-20 22:29:26
1671,1671,198,13,2025110523,2,1,9020,0.91,5,0,True,2025-11-05 23:50:22
1672,1672,198,14,2025110523,2,1,5361,0.95,4,0,False,2025-11-05 23:54:22
1673,1673,1133,2,2025120115,1,1,8754,0.83,5,0,True,2025-12-01 15:09:15
1674,1674,1133,5,2025120115,1,1,14163,0.87,4,0,False,2025-12-01 15:13:15
1675,1675,1133,9,2025120115,1,1,9846,0.96,5,0,False,2025-12-01 15:15:15
1676,1676,569,13,2026021013,2,1,9161,0.87,,0,True,2026-02-10 13:33:11
1677,1677,569,14,2026021013,2,1,4824,0.84,4,0,True,2026-02-10 13:35:11
1678,1678,72,6,2026032217,1,1,12822,0.9,5,1,False,2026-03-22 17:36:56
1679,1679,584,4,2026021204,1,1,10009,0.93,4,0,True,2026-02-12 04:35:05
1680,1680,584,10,2026021204,1,1,13386,0.94,4,1,False,2026-02-12 04:38:05
1681,1681,234,19,2025120320,1,1,11207,0.9,5,0,True,2025-12-03 20:25:36
1682,1682,234,23,2025120320,1,1,10188,0.83,4,0,True,2025-12-03 20:30:36
1683,1683,234,8,2025120320,1,1,9294,0.92,4,1,False,2025-12-03 20:33:36
1684,1684,291,4,2025092206,1,1,10576,0.91,4,0,True,2025-09-22 06:14:08
1685,1685,379,13,2026033003,4,1,12165,0.88,5,0,False,2026-03-30 03:59:06
1686,1686,379,14,2026033004,4,1,11732,0.89,5,0,False,2026-03-30 04:04:06
1687,1687,383,5,2026011416,5,1,13265,0.83,4,0,False,2026-01-14 16:31:48
1688,1688,255,21,2026020905,3,1,12403,0.91,5,0,False,2026-02-09 05:22:32
1689,1689,197,17,2026010618,1,1,7076,0.95,5,0,False,2026-01-06 18:43:50
1690,1690,482,20,2025110210,6,1,11937,0.94,5,0,True,2025-11-02 10:09:07
1691,1691,482,5,2025110210,6,1,11755,0.84,3,0,True,2025-11-02 10:14:07
1692,1692,24,1,2026011000,2,1,7421,0.89,5,0,True,2026-01-10 00:57:38
1693,1693,24,3,2026011001,2,1,5165,0.91,4,0,False,2026-01-10 01:02:38
1694,1694,24,8,2026011001,2,1,3894,0.91,3,0,False,2026-01-10 01:05:38
1695,1695,352,20,2025112921,1,2,12426,0.2,1,0,False,2025-11-29 21:30:22
1696,1696,352,5,2025112921,1,1,10689,0.92,4,1,True,2025-11-29 21:35:22
1697,1697,18,2,2026032614,3,3,11253,0.31,1,0,False,2026-03-26 14:23:09
1698,1698,18,5,2026032614,3,1,7069,0.97,5,0,False,2026-03-26 14:25:09
1699,1699,18,9,2026032614,3,1,14823,0.89,4,0,False,2026-03-26 14:33:09
1700,1700,74,1,2026011612,2,1,12048,0.98,,0,False,2026-01-16 12:20:27
1701,1701,74,3,2026011612,2,1,9853,0.86,5,0,False,2026-01-16 12:24:27
1702,1702,74,8,2026011612,2,1,9923,0.88,5,0,True,2026-01-16 12:30:27
1703,1703,145,17,2025091720,5,1,10611,0.89,5,0,False,2025-09-17 20:56:33
1704,1704,338,4,2026020712,1,1,11753,0.86,3,1,False,2026-02-07 12:09:53
1705,1705,338,10,2026020712,1,1,8354,0.93,,0,False,2026-02-07 12:11:53
1706,1706,817,14,2026020406,3,1,12659,0.97,3,1,False,2026-02-04 06:26:42
1707,1707,218,6,2025103013,2,1,14083,0.97,4,0,True,2025-10-30 13:16:50
1708,1708,218,15,2025103013,2,1,7163,0.9,5,0,False,2025-10-30 13:20:50
1709,1709,282,20,2025091818,1,1,13754,0.85,4,0,False,2025-09-18 18:31:54
1710,1710,282,5,2025091818,1,1,7585,0.94,4,0,False,2025-09-18 18:35:54
1711,1711,501,15,2026032903,1,2,10660,0.07,2,0,False,2026-03-29 03:08:43
1712,1712,1080,25,2025102912,1,1,7112,0.94,3,0,False,2025-10-29 12:47:09
1713,1713,481,4,2025110414,2,1,8513,0.88,4,0,False,2025-11-04 14:56:55
1714,1714,481,10,2025110415,2,1,14913,0.95,3,1,False,2025-11-04 15:01:55
1715,1715,940,20,2026012618,6,1,4347,0.88,4,0,False,2026-01-26 18:57:17
1716,1716,940,5,2026012618,6,1,13714,0.85,5,1,False,2026-01-26 18:59:17
1717,1717,340,1,2026022304,1,2,9458,0.24,2,0,False,2026-02-23 04:15:49
1718,1718,340,3,2026022304,1,3,4933,0.27,,0,False,2026-02-23 04:18:49
1719,1719,340,8,2026022304,1,1,6062,0.87,,0,False,2026-02-23 04:25:49
1720,1720,258,19,2026030103,1,1,7907,0.96,5,0,True,2026-03-01 03:51:23
1721,1721,258,23,2026030103,1,1,7205,0.95,4,0,True,2026-03-01 03:56:23
1722,1722,258,8,2026030103,1,5,9968,0.02,1,0,False,2026-03-01 03:55:23
1723,1723,30,19,2026012711,1,1,5575,0.92,3,1,False,2026-01-27 11:40:28
1724,1724,30,23,2026012711,1,1,5920,0.86,5,1,True,2026-01-27 11:44:28
1725,1725,30,8,2026012711,1,1,11316,0.97,5,0,True,2026-01-27 11:48:28
1726,1726,94,4,2025111115,1,3,5567,0.22,1,0,False,2025-11-11 15:18:20
1727,1727,94,10,2025111115,1,2,5675,0.19,1,0,False,2025-11-11 15:21:20
1728,1728,205,16,2025120316,1,5,8276,0.11,,0,False,2025-12-03 16:11:02
1729,1729,578,6,2026031222,2,1,4581,0.82,4,0,True,2026-03-12 22:50:58
1730,1730,578,15,2026031222,2,1,5858,0.94,4,0,False,2026-03-12 22:53:58
1731,1731,44,17,2026020215,1,1,3978,0.84,5,0,False,2026-02-02 15:12:38
1732,1732,44,16,2026020215,1,1,9857,0.89,5,0,False,2026-02-02 15:16:38
1733,1733,63,17,2025111106,1,1,8616,0.9,3,0,False,2025-11-11 06:14:58
1734,1734,63,16,2025111106,1,1,9583,0.93,4,0,False,2025-11-11 06:16:58
1735,1735,114,2,2026012718,1,1,6497,0.97,5,0,False,2026-01-27 18:58:02
1736,1736,114,5,2026012719,1,1,10476,0.93,5,0,False,2026-01-27 19:03:02
1737,1737,114,9,2026012719,1,1,8504,0.97,4,0,False,2026-01-27 19:08:02
1738,1738,1198,13,2025090502,1,5,5151,0.15,2,2,False,2025-09-05 02:08:45
1739,1739,1198,14,2025090502,1,1,5104,0.9,5,0,False,2025-09-05 02:10:45
1740,1740,14,4,2026010209,1,1,9407,0.95,,0,False,2026-01-02 09:12:36
1741,1741,14,10,2026010209,1,1,14405,0.97,4,0,True,2026-01-02 09:16:36
1742,1742,158,6,2025121620,2,1,6131,0.98,4,0,False,2025-12-16 20:51:27
1743,1743,158,15,2025121620,2,1,4698,0.82,4,1,True,2025-12-16 20:55:27
1744,1744,262,13,2026012516,3,1,12237,0.91,5,0,True,2026-01-25 16:59:38
1745,1745,262,14,2026012517,3,1,5212,0.84,5,0,True,2026-01-25 17:01:38
1746,1746,459,5,2025103011,2,1,13156,0.94,5,0,False,2025-10-30 11:14:30
1747,1747,421,1,2026031723,2,1,13972,0.98,,0,False,2026-03-17 23:02:40
1748,1748,421,3,2026031723,2,1,13358,0.83,3,0,False,2026-03-17 23:06:40
1749,1749,421,8,2026031723,2,1,11001,0.84,3,0,False,2026-03-17 23:08:40
1750,1750,29,17,2025100409,2,1,3997,0.94,,0,False,2025-10-04 09:46:34
1751,1751,29,16,2025100409,2,1,7618,0.93,3,0,True,2025-10-04 09:50:34
1752,1752,159,13,2026021416,1,1,4659,0.89,4,0,True,2026-02-14 16:44:12
1753,1753,159,14,2026021416,1,1,12532,0.94,5,0,False,2026-02-14 16:48:12
1754,1754,367,21,2025103010,1,1,11407,0.94,,0,True,2025-10-30 10:40:37
1755,1755,249,16,2026031419,1,1,6856,0.89,5,0,True,2026-03-14 19:46:02
1756,1756,48,19,2025112615,1,4,7285,0.35,2,0,False,2025-11-26 15:41:56
1757,1757,48,23,2025112615,1,2,6594,0.15,1,0,False,2025-11-26 15:45:56
1758,1758,48,8,2025112615,1,1,5574,0.82,5,0,False,2025-11-26 15:49:56
1759,1759,19,13,2025110711,1,2,5119,0.08,1,0,False,2025-11-07 11:28:47
1760,1760,19,14,2025110711,1,1,13975,0.96,5,0,False,2025-11-07 11:31:47
1761,1761,114,13,2025101921,5,5,7936,0.15,1,0,False,2025-10-19 21:57:19
1762,1762,114,14,2025101921,5,1,10905,0.87,4,0,True,2025-10-19 21:59:19
1763,1763,66,1,2025122618,1,1,15255,0.82,4,0,False,2025-12-26 18:45:54
1764,1764,66,3,2025122618,1,1,10611,0.84,4,0,False,2025-12-26 18:49:54
1765,1765,66,8,2025122618,1,1,5767,0.85,4,0,True,2025-12-26 18:55:54
1766,1766,352,1,2025112714,2,1,11556,0.88,4,0,False,2025-11-27 14:06:48
1767,1767,352,3,2025112714,2,1,10397,0.83,,0,False,2025-11-27 14:09:48
1768,1768,352,8,2025112714,2,1,11352,0.96,5,0,True,2025-11-27 14:16:48
1769,1769,347,12,2025092416,1,1,11619,0.84,4,0,False,2025-09-24 16:04:29
1770,1770,1121,13,2025102002,3,4,12673,0.31,,0,False,2025-10-20 02:14:55
1771,1771,1121,14,2025102002,3,1,13605,0.87,5,0,False,2025-10-20 02:16:55
1772,1772,118,6,2026020107,1,1,5727,0.86,4,0,False,2026-02-01 07:21:17
1773,1773,118,15,2026020107,1,1,7780,0.91,3,1,True,2026-02-01 07:26:17
1774,1774,352,17,2025120708,2,1,12354,0.96,5,0,False,2025-12-07 08:11:48
1775,1775,352,16,2025120708,2,1,3999,0.98,4,0,False,2025-12-07 08:16:48
1776,1776,30,6,2025101011,1,1,6755,0.93,4,0,False,2025-10-10 11:07:07
1777,1777,9,20,2026020405,1,1,10008,0.84,5,1,False,2026-02-04 05:46:19
1778,1778,9,5,2026020405,1,1,11019,0.83,5,0,True,2026-02-04 05:48:19
1779,1779,295,13,2025100305,1,1,5452,0.97,4,0,True,2025-10-03 05:21:39
1780,1780,295,14,2025100305,1,1,10498,0.91,4,1,False,2025-10-03 05:26:39
1781,1781,448,5,2026012923,3,1,12012,0.92,5,0,True,2026-01-29 23:59:27
1782,1782,287,21,2025112807,1,1,12168,0.97,5,0,True,2025-11-28 07:42:30
1783,1783,104,1,2025110415,1,1,5056,0.93,5,0,False,2025-11-04 15:57:20
1784,1784,539,15,2025092304,1,2,13785,0.24,1,0,False,2025-09-23 04:10:37
1785,1785,705,22,2025102117,2,1,10551,0.9,4,0,True,2025-10-21 17:37:23
1786,1786,13,2,2026021103,4,1,12695,0.87,3,0,False,2026-02-11 03:27:47
1787,1787,13,5,2026021103,4,1,7908,0.98,3,0,True,2026-02-11 03:31:47
1788,1788,13,9,2026021103,4,1,8051,0.94,4,0,False,2026-02-11 03:35:47
1789,1789,673,20,2025121420,2,1,4026,0.96,4,0,False,2025-12-14 20:48:29
1790,1790,673,5,2025121420,2,1,7728,0.88,4,0,False,2025-12-14 20:53:29
1791,1791,1148,5,2026012023,1,1,10063,0.95,5,1,False,2026-01-20 23:02:13
1792,1792,211,17,2025090501,1,1,5543,0.85,5,0,False,2025-09-05 01:54:32
1793,1793,211,16,2025090501,1,1,7310,0.87,5,1,False,2025-09-05 01:57:32
1794,1794,91,20,2025101222,3,1,9734,0.87,4,0,True,2025-10-12 22:35:18
1795,1795,133,23,2026012023,2,1,13767,0.88,5,0,True,2026-01-20 23:30:54
1796,1796,70,17,2025100613,1,1,6247,0.86,4,0,False,2025-10-06 13:31:37
1797,1797,70,16,2025100613,1,1,8958,0.84,4,0,False,2025-10-06 13:36:37
1798,1798,944,2,2025121614,4,1,12920,0.84,4,0,False,2025-12-16 14:04:34
1799,1799,944,5,2025121614,4,1,4447,0.86,4,0,False,2025-12-16 14:06:34
1800,1800,944,9,2025121614,4,1,9795,0.94,3,0,False,2025-12-16 14:14:34
1801,1801,415,14,2025121819,3,1,7035,0.88,4,1,True,2025-12-18 19:26:51
1802,1802,226,13,2025111618,3,1,4702,0.92,4,0,False,2025-11-16 18:54:20
1803,1803,226,14,2025111618,3,1,10946,0.98,4,0,False,2025-11-16 18:59:20
1804,1804,22,17,2026012414,2,1,10162,0.85,4,0,False,2026-01-24 14:05:22
1805,1805,22,16,2026012414,2,1,8619,0.96,4,0,False,2026-01-24 14:10:22
1806,1806,187,1,2026021418,1,1,8383,0.84,,0,False,2026-02-14 18:56:31
1807,1807,187,3,2026021418,1,1,5966,0.97,4,0,False,2026-02-14 18:59:31
1808,1808,187,8,2026021419,1,1,13651,0.9,5,1,False,2026-02-14 19:02:31
1809,1809,888,17,2025091301,5,1,9770,0.86,3,0,False,2025-09-13 01:34:24
1810,1810,78,22,2025122508,2,1,10363,0.91,5,0,False,2025-12-25 08:27:09
1811,1811,188,11,2025120623,1,1,11291,0.83,4,0,False,2025-12-06 23:26:31
1812,1812,105,2,2025120610,2,1,11512,0.95,4,0,False,2025-12-06 10:56:46
1813,1813,105,5,2025120611,2,1,6584,0.84,5,0,True,2025-12-06 11:01:46
1814,1814,105,9,2025120611,2,1,11078,0.84,3,0,False,2025-12-06 11:02:46
1815,1815,218,19,2026011419,1,2,6868,0.22,2,0,False,2026-01-14 19:38:50
1816,1816,218,23,2026011419,1,1,10660,0.86,4,0,False,2026-01-14 19:43:50
1817,1817,218,8,2026011419,1,1,6652,0.96,4,0,True,2026-01-14 19:42:50
1818,1818,1185,13,2025090617,1,1,4870,0.95,3,0,False,2025-09-06 17:41:22
1819,1819,1185,14,2025090617,1,1,11001,0.95,3,0,False,2025-09-06 17:43:22
1820,1820,12,2,2026011207,1,1,8281,0.89,4,0,False,2026-01-12 07:42:36
1821,1821,68,15,2025111523,1,1,12546,0.89,4,0,False,2025-11-15 23:14:07
1822,1822,273,17,2026031023,1,1,9025,0.92,5,0,False,2026-03-10 23:19:40
1823,1823,273,16,2026031023,1,1,11781,0.86,4,0,True,2026-03-10 23:22:40
1824,1824,784,4,2025110211,3,1,12032,0.83,,1,False,2025-11-02 11:55:00
1825,1825,692,17,2026021312,3,1,13335,0.91,4,0,False,2026-02-13 12:19:21
1826,1826,692,16,2026021312,3,4,8637,0.18,2,0,False,2026-02-13 12:23:21
1827,1827,165,25,2026031215,1,3,12957,0.23,,1,False,2026-03-12 15:14:29
1828,1828,734,6,2026031313,3,1,4233,0.97,5,0,True,2026-03-13 13:00:10
1829,1829,734,15,2026031313,3,1,7751,0.85,4,0,False,2026-03-13 13:02:10
1830,1830,2,2,2025110511,1,1,5559,0.95,4,0,False,2025-11-05 11:45:18
1831,1831,2,5,2025110511,1,1,4247,0.87,5,0,False,2025-11-05 11:48:18
1832,1832,2,9,2025110511,1,1,8410,0.95,5,0,True,2025-11-05 11:55:18
1833,1833,466,6,2025120517,1,1,12504,0.85,4,1,True,2025-12-05 17:11:17
1834,1834,466,15,2025120517,1,5,5182,0.28,,0,False,2025-12-05 17:14:17
1835,1835,285,25,2026020806,2,1,5631,0.92,5,0,False,2026-02-08 06:43:57
1836,1836,1101,19,2026020823,1,1,9394,0.83,3,0,True,2026-02-08 23:04:19
1837,1837,1101,23,2026020823,1,1,5869,0.87,,0,True,2026-02-08 23:07:19
1838,1838,1101,8,2026020823,1,2,10266,0.17,1,0,False,2026-02-08 23:14:19
1839,1839,168,17,2026033015,1,1,13871,0.84,,0,False,2026-03-30 15:00:20
1840,1840,168,16,2026033015,1,1,12433,0.86,3,0,False,2026-03-30 15:05:20
1841,1841,95,4,2025110808,1,4,10206,0.3,1,0,False,2025-11-08 08:55:37
1842,1842,95,10,2025110808,1,1,8895,0.84,5,0,True,2025-11-08 08:58:37
1843,1843,15,19,2026011318,2,1,7151,0.98,4,0,False,2026-01-13 18:04:57
1844,1844,15,23,2026011318,2,1,8964,0.86,5,0,False,2026-01-13 18:06:57
1845,1845,15,8,2026011318,2,1,12592,0.94,,0,False,2026-01-13 18:08:57
1846,1846,13,19,2026031116,1,1,12045,0.94,5,0,False,2026-03-11 16:23:00
1847,1847,119,19,2025092504,2,1,13248,0.86,5,0,True,2025-09-25 04:46:04
1848,1848,119,23,2025092504,2,1,8953,0.9,5,0,False,2025-09-25 04:50:04
1849,1849,119,8,2025092504,2,1,10219,0.95,3,0,False,2025-09-25 04:56:04
1850,1850,344,4,2025110516,4,1,7605,0.83,5,0,True,2025-11-05 16:29:58
1851,1851,344,10,2025110516,4,2,15414,0.06,,0,False,2025-11-05 16:33:58
1852,1852,471,20,2025122619,1,1,6362,0.92,3,0,False,2025-12-26 19:02:39
1853,1853,471,5,2025122619,1,4,3920,0.06,1,0,False,2025-12-26 19:06:39
1854,1854,342,19,2025121114,1,1,5862,0.86,5,0,True,2025-12-11 14:07:32
1855,1855,342,23,2025121114,1,1,4344,0.85,4,1,False,2025-12-11 14:11:32
1856,1856,342,8,2025121114,1,1,7724,0.83,5,0,False,2025-12-11 14:13:32
1857,1857,61,13,2025110907,3,1,4466,0.91,4,0,True,2025-11-09 07:41:34
1858,1858,61,14,2025110907,3,1,10253,0.84,4,0,True,2025-11-09 07:43:34
1859,1859,34,2,2026022707,1,1,9499,0.88,4,1,False,2026-02-27 07:54:19
1860,1860,280,4,2025112823,1,1,6823,0.89,4,0,True,2025-11-28 23:37:22
1861,1861,280,10,2025112823,1,1,9243,0.84,5,0,False,2025-11-28 23:40:22
1862,1862,28,4,2026021709,2,1,8221,0.96,4,0,False,2026-02-17 09:02:12
1863,1863,28,10,2026021709,2,1,11884,0.96,4,0,False,2026-02-17 09:07:12
1864,1864,457,7,2026021205,3,1,4838,0.98,5,0,False,2026-02-12 05:13:49
1865,1865,776,19,2025101920,1,1,9911,0.9,5,0,True,2025-10-19 20:52:34
1866,1866,776,23,2025101920,1,1,8079,0.87,4,1,False,2025-10-19 20:54:34
1867,1867,776,8,2025101921,1,2,6917,0.15,1,0,False,2025-10-19 21:02:34
1868,1868,142,1,2025120414,1,1,7241,0.88,4,0,False,2025-12-04 14:50:55
1869,1869,142,3,2025120414,1,1,8061,0.89,4,1,False,2025-12-04 14:52:55
1870,1870,142,8,2025120414,1,1,9224,0.82,4,0,False,2025-12-04 14:54:55
1871,1871,94,6,2026032401,1,1,4232,0.94,5,0,False,2026-03-24 01:35:27
1872,1872,67,20,2026012814,1,1,11164,0.92,5,0,True,2026-01-28 14:53:54
1873,1873,67,5,2026012814,1,1,12583,0.89,4,0,False,2026-01-28 14:57:54
1874,1874,730,9,2026012111,4,1,6100,0.96,5,0,True,2026-01-21 11:18:38
1875,1875,90,17,2026022518,3,1,13151,0.84,4,0,False,2026-02-25 18:18:22
1876,1876,90,16,2026022518,3,1,12909,0.87,3,0,False,2026-02-25 18:20:22
1877,1877,88,20,2025120201,1,1,12042,0.86,4,0,False,2025-12-02 01:25:50
1878,1878,88,5,2025120201,1,1,10328,0.92,5,0,True,2025-12-02 01:27:50
1879,1879,575,6,2025110308,1,1,8307,0.96,4,0,False,2025-11-03 08:22:18
1880,1880,575,15,2025110308,1,1,7272,0.89,5,0,True,2025-11-03 08:24:18
1881,1881,99,2,2026030901,1,1,12138,0.85,5,0,True,2026-03-09 01:55:31
1882,1882,806,13,2026012019,1,1,14133,0.92,5,0,False,2026-01-20 19:28:55
1883,1883,42,2,2025101703,1,1,10954,0.94,4,1,False,2025-10-17 03:21:26
1884,1884,144,25,2025111221,1,1,6840,0.97,5,0,True,2025-11-12 21:16:46
1885,1885,286,17,2025120110,3,1,5666,0.91,4,0,True,2025-12-01 10:19:50
1886,1886,165,25,2026010417,1,1,10628,0.89,,0,True,2026-01-04 17:15:22
1887,1887,93,13,2025121205,1,1,5127,0.91,5,0,False,2025-12-12 05:52:50
1888,1888,93,14,2025121205,1,1,4015,0.87,,0,False,2025-12-12 05:55:50
1889,1889,120,14,2026010619,1,1,6810,0.83,4,1,False,2026-01-06 19:47:51
1890,1890,78,13,2026021322,1,1,4934,0.86,3,0,True,2026-02-13 22:01:41
1891,1891,78,14,2026021322,1,1,9875,0.9,,0,False,2026-02-13 22:03:41
1892,1892,82,11,2025112611,4,1,6025,0.92,4,0,False,2025-11-26 11:16:11
1893,1893,341,4,2025100712,5,1,15335,0.83,5,0,True,2025-10-07 12:15:16
1894,1894,341,10,2025100712,5,1,13480,0.85,4,0,False,2025-10-07 12:20:16
1895,1895,799,20,2025120117,1,1,8549,0.89,4,0,False,2025-12-01 17:40:17
1896,1896,799,5,2025120117,1,1,12159,0.82,5,0,False,2025-12-01 17:44:17
1897,1897,285,6,2026011819,2,1,13404,0.83,4,0,True,2026-01-18 19:17:27
1898,1898,390,4,2026031518,1,1,5274,0.84,5,0,False,2026-03-15 18:20:25
1899,1899,37,6,2025111900,6,1,9042,0.96,4,0,False,2025-11-19 00:47:37
1900,1900,137,11,2025111117,6,1,6036,0.83,3,0,False,2025-11-11 17:53:23
1901,1901,344,1,2026012413,2,1,9362,0.89,4,0,True,2026-01-24 13:19:36
1902,1902,344,3,2026012413,2,1,11054,0.97,3,1,False,2026-01-24 13:24:36
1903,1903,344,8,2026012413,2,1,8751,0.87,5,1,False,2026-01-24 13:27:36
1904,1904,117,9,2026030614,2,1,9561,0.95,5,0,False,2026-03-06 14:47:07
1905,1905,1113,9,2026020317,3,1,9075,0.96,5,0,False,2026-02-03 17:16:30
1906,1906,83,4,2026021008,6,1,15238,0.88,5,0,False,2026-02-10 08:52:58
1907,1907,83,10,2026021008,6,1,12939,0.83,4,0,False,2026-02-10 08:57:58
1908,1908,766,1,2025110723,5,1,15156,0.88,4,0,False,2025-11-07 23:28:17
1909,1909,766,3,2025110723,5,1,13258,0.83,4,0,False,2025-11-07 23:33:17
1910,1910,766,8,2025110723,5,1,13543,0.88,,0,False,2025-11-07 23:34:17
1911,1911,47,24,2026030803,2,1,14109,0.91,4,0,False,2026-03-08 03:07:38
1912,1912,383,12,2026022311,5,2,12273,0.09,1,1,False,2026-02-23 11:03:49
1913,1913,623,4,2025120606,2,1,5161,0.92,4,1,True,2025-12-06 06:23:13
1914,1914,623,10,2025120606,2,1,11535,0.83,,0,False,2025-12-06 06:25:13
1915,1915,313,10,2025092711,3,1,8567,0.96,5,0,False,2025-09-27 11:38:34
1916,1916,6,16,2026021007,1,4,9987,0.19,2,0,False,2026-02-10 07:27:58
1917,1917,427,5,2026032713,1,1,6692,0.98,5,0,True,2026-03-27 13:02:52
1918,1918,695,19,2025112700,6,1,15165,0.95,5,0,True,2025-11-27 00:22:42
1919,1919,695,23,2025112700,6,1,3770,0.96,4,0,True,2025-11-27 00:24:42
1920,1920,695,8,2025112700,6,1,5346,0.97,4,0,False,2025-11-27 00:30:42
1921,1921,173,5,2025121116,3,1,11740,0.82,4,0,False,2025-12-11 16:51:01
1922,1922,384,2,2025120417,2,1,11829,0.87,4,0,True,2025-12-04 17:55:47
1923,1923,384,5,2025120417,2,1,7398,0.83,,0,False,2025-12-04 17:58:47
1924,1924,384,9,2025120418,2,1,14565,0.84,4,0,False,2025-12-04 18:01:47
1925,1925,22,4,2026010412,1,1,10087,0.94,5,0,False,2026-01-04 12:01:58
1926,1926,22,10,2026010412,1,1,5420,0.92,5,0,False,2026-01-04 12:06:58
1927,1927,1077,25,2026011818,1,1,8965,0.96,5,1,False,2026-01-18 18:37:13
1928,1928,472,21,2025092900,1,4,13818,0.34,1,0,False,2025-09-29 00:29:37
1929,1929,24,13,2026011521,1,1,4995,0.88,3,0,False,2026-01-15 21:51:03
1930,1930,24,14,2026011521,1,1,13844,0.95,4,0,False,2026-01-15 21:53:03
1931,1931,125,2,2025101618,2,2,3906,0.21,,0,False,2025-10-16 18:16:07
1932,1932,96,13,2025121112,6,1,12541,0.95,4,1,True,2025-12-11 12:53:55
1933,1933,96,14,2025121112,6,1,4353,0.88,4,0,False,2025-12-11 12:56:55
1934,1934,129,13,2026033114,2,1,6279,0.91,3,0,False,2026-03-31 14:20:13
1935,1935,129,14,2026033114,2,1,13535,0.96,4,0,False,2026-03-31 14:24:13
1936,1936,62,20,2025120206,1,1,4038,0.92,4,0,False,2025-12-02 06:29:00
1937,1937,62,5,2025120206,1,1,13614,0.95,4,0,False,2025-12-02 06:31:00
1938,1938,1178,1,2025091720,6,1,15308,0.92,4,0,False,2025-09-17 20:41:20
1939,1939,1178,3,2025091720,6,1,6079,0.83,4,0,False,2025-09-17 20:45:20
1940,1940,1178,8,2025091720,6,1,4470,0.87,4,0,False,2025-09-17 20:51:20
1941,1941,602,2,2025120321,1,7,6303,0.28,2,0,False,2025-12-03 21:59:32
1942,1942,602,5,2025120322,1,1,8166,0.96,5,0,False,2025-12-03 22:03:32
1943,1943,602,9,2025120322,1,1,13713,0.94,,0,True,2025-12-03 22:07:32
1944,1944,360,7,2025102510,1,1,7695,0.94,5,0,False,2025-10-25 10:24:01
1945,1945,166,14,2026030901,1,1,3745,0.87,5,0,True,2026-03-09 01:04:48
1946,1946,1129,3,2025102918,2,3,3797,0.28,,0,False,2025-10-29 18:30:39
1947,1947,142,1,2026010122,1,1,7117,0.86,5,0,True,2026-01-01 22:07:21
1948,1948,142,3,2026010122,1,1,13329,0.89,5,0,False,2026-01-01 22:09:21
1949,1949,142,8,2026010122,1,1,7587,0.91,,0,True,2026-01-01 22:13:21
1950,1950,43,13,2025102320,1,1,13488,0.89,4,0,False,2025-10-23 20:40:25
1951,1951,43,14,2025102320,1,1,13911,0.95,,0,True,2025-10-23 20:42:25
1952,1952,173,15,2025110220,1,1,14024,0.93,4,0,False,2025-11-02 20:02:54
1953,1953,42,13,2026010305,2,1,5678,0.83,5,0,False,2026-01-03 05:30:27
1954,1954,42,14,2026010305,2,1,8336,0.88,4,0,False,2026-01-03 05:35:27
1955,1955,149,6,2026022017,2,1,10374,0.9,4,0,False,2026-02-20 17:32:25
1956,1956,149,15,2026022017,2,1,8772,0.89,5,0,False,2026-02-20 17:35:25
1957,1957,10,6,2025090509,3,2,11957,0.28,1,0,False,2025-09-05 09:43:38
1958,1958,10,15,2025090509,3,1,14100,0.85,3,0,False,2025-09-05 09:45:38
1959,1959,168,20,2026030302,1,1,7127,0.88,4,0,False,2026-03-03 02:02:32
1960,1960,168,5,2026030302,1,1,8028,0.91,3,0,False,2026-03-03 02:06:32
1961,1961,125,11,2025100900,2,1,5009,0.87,4,0,False,2025-10-09 00:47:36
1962,1962,998,13,2026032618,3,1,7551,0.89,4,0,True,2026-03-26 18:05:54
1963,1963,998,14,2026032618,3,1,10187,0.9,5,0,False,2026-03-26 18:09:54
1964,1964,3,6,2026022000,6,1,3797,0.95,3,0,False,2026-02-20 00:20:05
1965,1965,3,15,2026022000,6,1,7663,0.85,5,0,True,2026-02-20 00:22:05
1966,1966,751,20,2025102702,2,1,8436,0.84,5,0,False,2025-10-27 02:58:30
1967,1967,56,11,2026021920,1,1,13814,0.97,5,0,False,2026-02-19 20:54:58
1968,1968,340,19,2025121015,5,1,7239,0.91,4,0,True,2025-12-10 15:24:43
1969,1969,340,23,2025121015,5,2,10635,0.24,1,0,False,2025-12-10 15:27:43
1970,1970,340,8,2025121015,5,1,8564,0.85,4,0,True,2025-12-10 15:30:43
1971,1971,22,1,2026032118,3,1,10604,0.87,3,0,False,2026-03-21 18:12:40
1972,1972,22,3,2026032118,3,6,13012,0.0,1,0,False,2026-03-21 18:17:40
1973,1973,22,8,2026032118,3,1,10144,0.97,4,0,True,2026-03-21 18:16:40
1974,1974,1155,6,2025112305,3,1,11062,0.94,4,0,True,2025-11-23 05:26:35
1975,1975,66,1,2025093015,5,1,5056,0.94,3,0,False,2025-09-30 15:04:45
1976,1976,66,3,2025093015,5,3,6476,0.01,2,0,False,2025-09-30 15:08:45
1977,1977,66,8,2025093015,5,1,11448,0.87,5,0,True,2025-09-30 15:12:45
1978,1978,90,19,2025102410,1,1,11885,0.94,4,0,False,2025-10-24 10:00:26
1979,1979,90,23,2025102410,1,1,7715,0.89,4,0,False,2025-10-24 10:02:26
1980,1980,90,8,2025102410,1,1,10311,0.93,4,0,False,2025-10-24 10:06:26
1981,1981,587,10,2026020804,2,1,8564,0.9,5,0,True,2026-02-08 04:36:17
1982,1982,375,24,2026022219,2,1,13291,0.92,3,0,False,2026-02-22 19:48:29
1983,1983,292,1,2026010115,4,1,7089,0.89,5,0,True,2026-01-01 15:57:26
1984,1984,67,20,2026020815,1,3,4922,0.25,,0,False,2026-02-08 15:49:30
1985,1985,67,5,2026020815,1,1,3966,0.87,,1,True,2026-02-08 15:51:30
1986,1986,22,6,2026022211,1,1,11854,0.98,5,0,True,2026-02-22 11:09:21
1987,1987,22,15,2026022211,1,1,4752,0.93,5,0,False,2026-02-22 11:12:21
1988,1988,524,6,2026032417,1,4,10055,0.34,1,0,False,2026-03-24 17:59:19
1989,1989,524,15,2026032418,1,1,13129,0.98,4,0,False,2026-03-24 18:04:19
1990,1990,151,19,2026031213,2,1,12271,0.94,4,0,False,2026-03-12 13:46:33
1991,1991,276,4,2026032717,6,1,5972,0.88,4,0,False,2026-03-27 17:15:46
1992,1992,276,10,2026032717,6,1,10286,0.88,4,0,True,2026-03-27 17:18:46
1993,1993,96,14,2026010707,5,1,9573,0.97,,0,False,2026-01-07 07:22:28
1994,1994,115,20,2025110704,1,3,10498,0.12,,0,False,2025-11-07 04:32:04
1995,1995,115,5,2025110704,1,1,7883,0.83,3,0,False,2025-11-07 04:35:04
1996,1996,47,9,2025123020,1,1,8302,0.82,5,0,False,2025-12-30 20:15:06
1997,1997,937,4,2026021316,3,1,11688,0.94,4,0,False,2026-02-13 16:44:57
1998,1998,937,10,2026021316,3,1,11737,0.86,,1,False,2026-02-13 16:48:57
1999,1999,14,1,2026022716,2,4,8483,0.31,,0,False,2026-02-27 16:48:48
2000,2000,14,3,2026022716,2,1,13471,0.89,3,0,False,2026-02-27 16:50:48
2001,2001,14,8,2026022716,2,1,5494,0.86,,0,False,2026-02-27 16:58:48
2002,2002,142,13,2025120711,1,1,11763,0.88,5,0,False,2025-12-07 11:41:51
2003,2003,142,14,2025120711,1,1,7815,0.9,5,0,True,2025-12-07 11:43:51
2004,2004,865,20,2025091820,1,1,7521,0.92,5,0,True,2025-09-18 20:53:50
2005,2005,865,5,2025091820,1,1,8293,0.92,5,0,True,2025-09-18 20:57:50
2006,2006,814,13,2026030208,1,5,12425,0.23,2,0,False,2026-03-02 08:04:37
2007,2007,814,14,2026030208,1,1,12112,0.97,4,0,False,2026-03-02 08:08:37
2008,2008,414,6,2026031308,1,1,12126,0.87,5,0,False,2026-03-13 08:25:15
2009,2009,414,15,2026031308,1,3,6457,0.09,,2,False,2026-03-13 08:29:15
2010,2010,173,24,2026022801,2,1,8437,0.89,4,0,False,2026-02-28 01:52:13
2011,2011,1147,13,2025111501,1,1,12377,0.92,5,0,True,2025-11-15 01:56:54
2012,2012,595,6,2025102812,1,1,10488,0.95,5,0,False,2025-10-28 12:57:33
2013,2013,595,15,2025102812,1,1,6066,0.97,4,0,False,2025-10-28 12:59:33
2014,2014,206,19,2025122410,1,1,5588,0.86,5,0,False,2025-12-24 10:35:47
2015,2015,590,13,2026021204,4,6,11335,0.0,1,2,False,2026-02-12 04:33:02
2016,2016,590,14,2026021204,4,1,8843,0.83,5,0,True,2026-02-12 04:37:02
2017,2017,296,18,2025100109,2,1,13254,0.94,4,1,True,2025-10-01 09:21:49
2018,2018,221,13,2025092321,1,5,12084,0.07,1,0,False,2025-09-23 21:19:38
2019,2019,221,14,2025092321,1,1,10230,0.96,,1,False,2025-09-23 21:22:38
2020,2020,72,6,2026020308,1,1,12659,0.87,3,0,False,2026-02-03 08:19:48
2021,2021,986,17,2026020515,2,1,11702,0.84,5,1,False,2026-02-05 15:25:41
2022,2022,152,2,2025091513,1,1,12764,0.94,5,0,True,2025-09-15 13:35:00
2023,2023,70,17,2025121702,2,1,8880,0.92,4,1,True,2025-12-17 02:15:45
2024,2024,219,20,2025122408,4,1,11676,0.85,4,0,False,2025-12-24 08:52:53
2025,2025,219,5,2025122408,4,1,5340,0.95,5,0,False,2025-12-24 08:54:53
2026,2026,106,25,2025112307,1,1,7347,0.92,4,0,False,2025-11-23 07:02:02
2027,2027,384,13,2025112709,1,2,4542,0.02,,0,False,2025-11-27 09:37:29
2028,2028,384,14,2025112709,1,1,4506,0.97,,0,False,2025-11-27 09:39:29
2029,2029,252,20,2025122405,3,1,13823,0.91,4,0,False,2025-12-24 05:02:53
2030,2030,252,5,2025122405,3,1,13981,0.84,5,0,True,2025-12-24 05:04:53
2031,2031,170,19,2025112216,2,5,12000,0.08,,1,False,2025-11-22 16:27:27
2032,2032,170,23,2025112216,2,2,7282,0.05,1,0,False,2025-11-22 16:29:27
2033,2033,170,8,2025112216,2,1,6324,0.88,,0,False,2025-11-22 16:33:27
2034,2034,378,8,2025102812,1,1,12955,0.94,4,0,True,2025-10-28 12:57:19
2035,2035,100,22,2026012208,1,1,11108,0.86,4,1,True,2026-01-22 08:42:00
2036,2036,111,20,2025120902,3,1,11415,0.97,4,0,False,2025-12-09 02:08:59
2037,2037,111,5,2025120902,3,1,12625,0.84,5,0,False,2025-12-09 02:13:59
2038,2038,25,2,2026030911,1,2,12115,0.06,1,0,False,2026-03-09 11:41:33
2039,2039,25,5,2026030911,1,1,5320,0.83,5,0,True,2026-03-09 11:46:33
2040,2040,25,9,2026030911,1,1,14679,0.93,4,0,False,2026-03-09 11:49:33
2041,2041,272,19,2026033118,1,1,15435,0.94,4,0,False,2026-03-31 18:15:01
2042,2042,272,23,2026033118,1,1,14094,0.82,4,0,False,2026-03-31 18:18:01
2043,2043,272,8,2026033118,1,1,5609,0.92,4,0,False,2026-03-31 18:19:01
2044,2044,57,2,2025122905,2,1,8835,0.89,,0,True,2025-12-29 05:28:02
2045,2045,57,5,2025122905,2,1,5797,0.95,,0,True,2025-12-29 05:31:02
2046,2046,57,9,2025122905,2,1,8420,0.91,3,0,False,2025-12-29 05:34:02
2047,2047,1116,16,2025112601,1,6,9064,0.0,2,0,False,2025-11-26 01:08:24
2048,2048,92,13,2026020501,1,1,10179,0.94,4,0,False,2026-02-05 01:52:29
2049,2049,92,14,2026020501,1,1,5502,0.84,5,0,False,2026-02-05 01:57:29
2050,2050,74,2,2025102103,2,1,9532,0.92,5,0,False,2025-10-21 03:17:23
2051,2051,74,5,2025102103,2,1,8004,0.9,4,0,False,2025-10-21 03:20:23
2052,2052,74,9,2025102103,2,1,13971,0.82,,0,False,2025-10-21 03:25:23
2053,2053,1119,4,2026012521,3,1,12882,0.97,4,0,False,2026-01-25 21:58:34
2054,2054,1119,10,2026012522,3,1,6083,0.87,5,0,False,2026-01-25 22:01:34
2055,2055,121,23,2026012618,1,1,7971,0.95,4,0,True,2026-01-26 18:56:26
2056,2056,292,17,2026032414,1,1,7695,0.82,3,0,False,2026-03-24 14:31:05
2057,2057,292,16,2026032414,1,1,9827,0.9,3,0,False,2026-03-24 14:36:05
2058,2058,18,4,2026032811,1,1,12096,0.87,,0,False,2026-03-28 11:04:34
2059,2059,18,10,2026032811,1,1,13986,0.84,5,1,False,2026-03-28 11:09:34
2060,2060,193,13,2025091822,2,1,10360,0.84,5,0,False,2025-09-18 22:34:27
2061,2061,339,20,2025110410,3,1,6636,0.95,3,0,False,2025-11-04 10:43:00
2062,2062,339,5,2025110410,3,2,11928,0.06,1,0,False,2025-11-04 10:46:00
2063,2063,102,1,2026010911,2,1,5447,0.94,3,0,False,2026-01-09 11:42:18
2064,2064,211,13,2025101108,1,7,7071,0.14,,0,False,2025-10-11 08:55:54
2065,2065,211,14,2025101108,1,6,4216,0.0,1,2,False,2025-10-11 08:58:54
2066,2066,70,6,2025102200,1,2,4459,0.34,,1,False,2025-10-22 00:16:15
2067,2067,70,15,2025102200,1,1,5355,0.86,4,0,True,2025-10-22 00:18:15
2068,2068,332,20,2025112914,5,1,10445,0.85,5,0,True,2025-11-29 14:34:44
2069,2069,332,5,2025112914,5,1,8581,0.87,4,0,False,2025-11-29 14:38:44
2070,2070,172,20,2025092223,1,1,7755,0.83,5,0,False,2025-09-22 23:11:32
2071,2071,172,5,2025092223,1,1,8233,0.9,,0,False,2025-09-22 23:16:32
2072,2072,263,19,2026030509,3,1,11285,0.94,4,0,True,2026-03-05 09:06:52
2073,2073,263,23,2026030509,3,1,10091,0.87,5,0,True,2026-03-05 09:11:52
2074,2074,263,8,2026030509,3,1,10524,0.96,4,0,False,2026-03-05 09:14:52
2075,2075,32,12,2026030322,1,1,8136,0.93,4,0,False,2026-03-03 22:11:11
2076,2076,146,11,2026010217,1,4,9255,0.27,2,0,False,2026-01-02 17:55:52
2077,2077,47,23,2025122007,3,1,5040,0.91,4,0,False,2025-12-20 07:56:31
2078,2078,194,14,2026032205,5,1,9082,0.85,5,0,True,2026-03-22 05:16:17
2079,2079,172,20,2026012920,3,1,7572,0.84,5,0,False,2026-01-29 20:37:41
2080,2080,172,5,2026012920,3,1,5064,0.88,4,0,False,2026-01-29 20:39:41
2081,2081,891,23,2026021801,1,1,4665,0.9,4,0,True,2026-02-18 01:19:40
2082,2082,50,9,2025090221,2,1,7292,0.97,,0,True,2025-09-02 21:54:23
2083,2083,83,2,2025112718,6,1,10202,0.91,4,0,False,2025-11-27 18:45:37
2084,2084,83,5,2025112718,6,1,10066,0.94,,0,False,2025-11-27 18:49:37
2085,2085,83,9,2025112718,6,1,6783,0.88,,0,True,2025-11-27 18:53:37
2086,2086,445,19,2026021414,2,3,6309,0.2,2,2,False,2026-02-14 14:40:02
2087,2087,33,20,2026021716,2,1,12722,0.89,,0,True,2026-02-17 16:04:54
2088,2088,33,5,2026021716,2,1,6482,0.84,4,0,False,2026-02-17 16:08:54
2089,2089,521,4,2025112608,2,1,8794,0.83,5,0,True,2025-11-26 08:20:42
2090,2090,521,10,2025112608,2,1,8360,0.97,4,0,False,2025-11-26 08:24:42
2091,2091,83,13,2025101623,1,1,4910,0.96,4,0,True,2025-10-16 23:42:38
2092,2092,83,14,2025101623,1,2,13371,0.1,2,0,False,2025-10-16 23:44:38
2093,2093,25,13,2025091100,2,1,10535,0.83,4,0,False,2025-09-11 00:13:38
2094,2094,25,14,2025091100,2,1,13871,0.91,3,0,False,2025-09-11 00:15:38
2095,2095,74,4,2025102709,1,1,10230,0.86,4,0,True,2025-10-27 09:42:50
2096,2096,74,10,2025102709,1,3,14694,0.34,1,0,False,2025-10-27 09:47:50
2097,2097,963,17,2026012717,3,1,5915,0.96,5,0,True,2026-01-27 17:58:00
2098,2098,963,16,2026012718,3,1,5917,0.87,5,0,True,2026-01-27 18:00:00
2099,2099,198,2,2025090716,1,3,5939,0.3,1,1,False,2025-09-07 16:09:16
2100,2100,198,5,2025090716,1,1,12057,0.92,,0,False,2025-09-07 16:11:16
2101,2101,198,9,2025090716,1,1,6305,0.89,5,1,True,2025-09-07 16:19:16
2102,2102,328,4,2025121213,2,1,7486,0.91,4,0,True,2025-12-12 13:51:46
2103,2103,86,4,2025091922,1,1,8039,0.83,5,0,True,2025-09-19 22:19:18
2104,2104,86,10,2025091922,1,1,7875,0.95,4,0,False,2025-09-19 22:24:18
2105,2105,223,1,2025122913,1,1,14564,0.94,3,0,False,2025-12-29 13:30:10
2106,2106,379,17,2025121711,1,1,4201,0.98,5,0,False,2025-12-17 11:44:06
2107,2107,379,16,2025121711,1,1,9690,0.88,5,0,True,2025-12-17 11:48:06
2108,2108,229,6,2025102721,1,1,10337,0.88,4,0,False,2025-10-27 21:30:20
2109,2109,78,1,2025102013,1,2,11897,0.35,1,1,False,2025-10-20 13:15:33
2110,2110,78,3,2025102013,1,4,3784,0.16,,0,False,2025-10-20 13:19:33
2111,2111,78,8,2025102013,1,1,5343,0.92,5,0,False,2025-10-20 13:25:33
2112,2112,253,6,2025090407,1,6,5993,0.0,2,0,False,2025-09-04 07:50:26
2113,2113,253,15,2025090407,1,1,11417,0.91,4,0,False,2025-09-04 07:53:26
2114,2114,47,13,2025121809,1,4,5597,0.19,2,0,False,2025-12-18 09:36:11
2115,2115,47,14,2025121809,1,1,8851,0.97,4,0,True,2025-12-18 09:38:11
2116,2116,1102,6,2026012700,3,1,14178,0.82,,0,False,2026-01-27 00:30:44
2117,2117,349,1,2026012800,2,1,6192,0.82,,1,True,2026-01-28 00:39:11
2118,2118,349,3,2026012800,2,1,7674,0.87,5,0,False,2026-01-28 00:43:11
2119,2119,349,8,2026012800,2,1,5266,0.84,5,0,False,2026-01-28 00:47:11
2120,2120,79,19,2026011604,1,1,14998,0.85,5,0,False,2026-01-16 04:10:22
2121,2121,79,23,2026011604,1,1,4108,0.88,,0,False,2026-01-16 04:15:22
2122,2122,79,8,2026011604,1,1,7335,0.91,4,0,True,2026-01-16 04:16:22
2123,2123,316,4,2026022100,3,1,10643,0.82,5,0,False,2026-02-21 00:16:40
2124,2124,316,10,2026022100,3,1,9558,0.87,5,0,False,2026-02-21 00:20:40
2125,2125,885,20,2025091006,6,1,12600,0.88,4,0,False,2025-09-10 06:10:36
2126,2126,133,20,2025092003,1,1,10238,0.86,4,0,True,2025-09-20 03:46:54
2127,2127,133,5,2025092003,1,1,8596,0.97,4,0,False,2025-09-20 03:51:54
2128,2128,264,1,2025102517,2,1,11517,0.88,5,0,False,2025-10-25 17:01:10
2129,2129,264,3,2025102517,2,1,3849,0.95,5,0,True,2025-10-25 17:05:10
2130,2130,264,8,2025102517,2,1,12093,0.84,4,1,True,2025-10-25 17:07:10
2131,2131,10,6,2025100209,1,1,12458,0.97,4,0,True,2025-10-02 09:48:28
2132,2132,10,15,2025100209,1,1,11875,0.97,,0,False,2025-10-02 09:53:28
2133,2133,135,17,2025111611,1,1,9236,0.85,5,0,False,2025-11-16 11:40:51
2134,2134,135,16,2025111611,1,1,12511,0.97,5,0,True,2025-11-16 11:44:51
2135,2135,42,13,2026012913,1,1,13531,0.88,,0,False,2026-01-29 13:56:06
2136,2136,42,14,2026012913,1,2,5846,0.05,1,0,False,2026-01-29 13:59:06
2137,2137,27,6,2026022812,4,1,7139,0.91,5,0,True,2026-02-28 12:53:36
2138,2138,27,15,2026022812,4,1,7229,0.98,5,0,False,2026-02-28 12:55:36
2139,2139,70,13,2025110106,2,2,4498,0.15,2,0,False,2025-11-01 06:20:03
2140,2140,70,14,2025110106,2,1,11682,0.85,5,0,False,2025-11-01 06:23:03
2141,2141,19,6,2025092321,2,1,8300,0.88,4,0,False,2025-09-23 21:51:21
2142,2142,20,13,2026012013,1,1,8380,0.92,5,0,True,2026-01-20 13:10:37
2143,2143,20,14,2026012013,1,1,10008,0.98,4,0,True,2026-01-20 13:14:37
2144,2144,202,10,2026022518,1,1,6937,0.87,4,0,True,2026-02-25 18:49:56
2145,2145,1035,2,2026011607,5,1,4657,0.89,4,0,False,2026-01-16 07:48:36
2146,2146,1035,5,2026011607,5,1,13128,0.94,3,0,True,2026-01-16 07:53:36
2147,2147,1035,9,2026011607,5,1,6215,0.92,4,0,True,2026-01-16 07:52:36
2148,2148,319,2,2025103006,2,1,14008,0.91,,0,True,2025-10-30 06:27:06
2149,2149,319,5,2025103006,2,1,5716,0.86,4,0,False,2025-10-30 06:32:06
2150,2150,319,9,2025103006,2,2,9660,0.29,2,0,False,2025-10-30 06:33:06
2151,2151,126,3,2025112600,1,1,7711,0.85,3,0,False,2025-11-26 00:47:44
2152,2152,103,6,2025120517,4,1,11928,0.86,4,0,False,2025-12-05 17:41:59
2153,2153,103,15,2025120517,4,1,7924,0.84,4,0,False,2025-12-05 17:46:59
2154,2154,345,16,2025120704,1,1,4375,0.87,4,0,False,2025-12-07 04:00:55
2155,2155,537,12,2025091302,1,1,7309,0.85,4,0,False,2025-09-13 02:43:55
2156,2156,127,13,2025102710,1,1,9687,0.95,4,0,False,2025-10-27 10:50:12
2157,2157,127,14,2025102710,1,1,12366,0.88,4,0,False,2025-10-27 10:54:12
2158,2158,89,13,2026021317,3,1,5962,0.95,3,0,False,2026-02-13 17:18:26
2159,2159,89,14,2026021317,3,1,9169,0.98,4,0,False,2026-02-13 17:23:26
2160,2160,43,25,2025092209,1,1,8935,0.93,4,0,False,2025-09-22 09:31:18
2161,2161,311,13,2025112400,4,1,9782,0.84,4,0,False,2025-11-24 00:42:24
2162,2162,311,14,2025112400,4,1,3802,0.85,5,0,False,2025-11-24 00:45:24
2163,2163,109,15,2026031116,3,1,11219,0.96,4,1,False,2026-03-11 16:43:53
2164,2164,70,13,2026032601,1,1,4619,0.85,5,0,False,2026-03-26 01:09:35
2165,2165,70,14,2026032601,1,1,10995,0.93,4,1,False,2026-03-26 01:13:35
2166,2166,60,17,2025112515,1,7,4143,0.31,,0,False,2025-11-25 15:50:34
2167,2167,724,13,2026032112,1,1,7181,0.96,4,0,False,2026-03-21 12:02:19
2168,2168,724,14,2026032112,1,1,12551,0.88,,0,False,2026-03-21 12:07:19
2169,2169,225,23,2026021416,1,1,10824,0.92,4,0,False,2026-02-14 16:57:29
2170,2170,300,17,2025091015,5,1,7985,0.95,4,0,True,2025-09-10 15:56:46
2171,2171,300,16,2025091015,5,1,3714,0.97,4,1,False,2025-09-10 15:58:46
2172,2172,897,19,2025122315,1,1,14454,0.83,,0,False,2025-12-23 15:31:34
2173,2173,897,23,2025122315,1,1,7664,0.92,3,1,True,2025-12-23 15:33:34
2174,2174,897,8,2025122315,1,1,9109,0.9,3,0,True,2025-12-23 15:41:34
2175,2175,326,4,2025112700,1,1,5196,0.9,4,0,False,2025-11-27 00:08:40
2176,2176,326,10,2025112700,1,1,12385,0.87,4,0,True,2025-11-27 00:13:40
2177,2177,11,19,2025091518,3,1,8345,0.92,5,0,False,2025-09-15 18:44:44
2178,2178,11,23,2025091518,3,1,12176,0.84,4,0,False,2025-09-15 18:46:44
2179,2179,11,8,2025091518,3,1,9536,0.91,5,0,True,2025-09-15 18:48:44
2180,2180,385,6,2025111818,1,1,12486,0.94,5,0,True,2025-11-18 18:26:48
2181,2181,57,3,2025122505,2,1,7622,0.93,4,0,True,2025-12-25 05:34:59
2182,2182,284,6,2026031801,1,6,9191,0.0,,0,False,2026-03-18 01:54:01
2183,2183,284,15,2026031801,1,1,12679,0.91,4,0,False,2026-03-18 01:56:01
2184,2184,808,25,2025100620,1,1,6628,0.87,4,0,False,2025-10-06 20:02:29
2185,2185,139,4,2026022601,1,1,7060,0.95,5,0,True,2026-02-26 01:22:32
2186,2186,139,10,2026022601,1,1,13918,0.89,,0,True,2026-02-26 01:26:32
2187,2187,58,19,2025090407,1,1,7734,0.94,4,0,False,2025-09-04 07:20:27
2188,2188,58,23,2025090407,1,1,11912,0.97,,0,True,2025-09-04 07:25:27
2189,2189,58,8,2025090407,1,5,6950,0.23,,0,False,2025-09-04 07:28:27
2190,2190,302,2,2025102116,1,1,8455,0.93,4,0,True,2025-10-21 16:10:21
2191,2191,302,5,2025102116,1,1,11024,0.93,5,0,False,2025-10-21 16:12:21
2192,2192,302,9,2025102116,1,1,6971,0.95,5,0,False,2025-10-21 16:14:21
2193,2193,287,17,2026010404,2,1,4366,0.88,5,0,True,2026-01-04 04:26:01
2194,2194,287,16,2026010404,2,1,3986,0.86,4,0,False,2026-01-04 04:31:01
2195,2195,125,10,2025110301,5,1,7986,0.88,5,0,False,2025-11-03 01:04:24
2196,2196,27,8,2025093019,6,1,10603,0.88,4,1,False,2025-09-30 19:48:03
2197,2197,35,19,2026031117,1,4,7480,0.02,1,0,False,2026-03-11 17:37:05
2198,2198,10,17,2025091400,2,1,12814,0.96,,0,False,2025-09-14 00:45:19
2199,2199,10,16,2025091400,2,1,11760,0.87,4,0,True,2025-09-14 00:48:19
2200,2200,301,20,2025101304,1,1,10469,0.88,,0,False,2025-10-13 04:44:25
2201,2201,301,5,2025101304,1,1,7102,0.93,4,0,True,2025-10-13 04:49:25
2202,2202,1185,22,2026031212,1,3,9323,0.11,2,1,False,2026-03-12 12:23:04
2203,2203,295,16,2025111715,2,5,6014,0.24,,0,False,2025-11-17 15:23:27
2204,2204,144,20,2025092014,3,1,6046,0.82,5,0,True,2025-09-20 14:34:49
2205,2205,144,5,2025092014,3,1,6946,0.92,5,0,False,2025-09-20 14:36:49
2206,2206,97,7,2026020817,1,1,13355,0.83,3,1,False,2026-02-08 17:06:36
2207,2207,663,19,2025120112,2,1,7842,0.87,5,0,False,2025-12-01 12:27:31
2208,2208,663,23,2025120112,2,1,13532,0.97,3,0,False,2025-12-01 12:30:31
2209,2209,663,8,2025120112,2,1,14076,0.86,,0,False,2025-12-01 12:31:31
2210,2210,169,13,2025120411,1,1,14106,0.95,4,0,True,2025-12-04 11:43:06
2211,2211,21,23,2025122801,6,1,5146,0.96,,1,True,2025-12-28 01:05:42
2212,2212,112,24,2025112216,1,1,7285,0.85,4,0,False,2025-11-22 16:49:51
2213,2213,289,5,2025101919,2,1,5401,0.89,5,0,False,2025-10-19 19:08:44
2214,2214,215,4,2026011600,2,1,8551,0.96,5,0,False,2026-01-16 00:00:16
2215,2215,71,20,2026020220,4,1,10782,0.88,5,0,True,2026-02-02 20:28:05
2216,2216,71,5,2026020220,4,1,10174,0.93,4,0,False,2026-02-02 20:30:05
2217,2217,98,1,2025111301,1,1,15198,0.91,4,0,False,2025-11-13 01:24:06
2218,2218,98,3,2025111301,1,3,8555,0.21,2,0,False,2025-11-13 01:29:06
2219,2219,98,8,2025111301,1,1,4180,0.88,5,0,True,2025-11-13 01:30:06
2220,2220,956,19,2025121811,1,1,7278,0.91,4,0,True,2025-12-18 11:43:59
2221,2221,956,23,2025121811,1,1,5015,0.88,3,0,False,2025-12-18 11:47:59
2222,2222,956,8,2025121811,1,1,4414,0.83,5,1,True,2025-12-18 11:51:59
2223,2223,303,6,2025121200,2,1,4515,0.96,4,0,False,2025-12-12 00:59:38
2224,2224,303,15,2025121201,2,1,6156,0.91,3,0,True,2025-12-12 01:01:38
2225,2225,4,1,2026030400,2,1,10646,0.98,4,0,False,2026-03-04 00:04:25
2226,2226,4,3,2026030400,2,1,5650,0.96,4,0,True,2026-03-04 00:07:25
2227,2227,4,8,2026030400,2,1,14168,0.96,3,0,False,2026-03-04 00:08:25
2228,2228,1022,13,2025121123,2,1,11393,0.93,5,0,True,2025-12-11 23:01:37
2229,2229,405,23,2025111823,3,1,8698,0.93,5,0,False,2025-11-18 23:29:01
2230,2230,348,20,2026012600,2,1,7112,0.94,4,0,False,2026-01-26 00:50:18
2231,2231,348,5,2026012600,2,1,8298,0.88,4,0,False,2026-01-26 00:54:18
2232,2232,172,22,2026010614,3,1,13301,0.9,5,0,False,2026-01-06 14:23:59
2233,2233,90,22,2026030623,5,1,13102,0.97,5,0,False,2026-03-06 23:13:04
2234,2234,1136,17,2026032503,1,1,3774,0.95,4,0,False,2026-03-25 03:28:34
2235,2235,1136,16,2026032503,1,1,13695,0.94,5,0,False,2026-03-25 03:32:34
2236,2236,343,4,2026013123,4,1,5389,0.93,5,0,True,2026-01-31 23:45:25
2237,2237,343,10,2026013123,4,1,7865,0.83,,0,True,2026-01-31 23:49:25
2238,2238,151,1,2025111503,1,1,14292,0.97,5,1,False,2025-11-15 03:38:07
2239,2239,201,16,2025112814,4,1,3778,0.95,4,0,False,2025-11-28 14:22:14
2240,2240,977,17,2025100815,2,1,3779,0.83,4,0,False,2025-10-08 15:15:46
2241,2241,977,16,2025100815,2,2,9326,0.2,1,0,False,2025-10-08 15:19:46
2242,2242,20,4,2026020802,3,1,6647,0.95,4,0,True,2026-02-08 02:22:27
2243,2243,20,10,2026020802,3,1,11571,0.91,4,0,False,2026-02-08 02:25:27
2244,2244,855,20,2026011407,3,1,12278,0.95,4,0,False,2026-01-14 07:13:33
2245,2245,855,5,2026011407,3,1,9306,0.91,5,0,True,2026-01-14 07:16:33
2246,2246,78,1,2026031422,3,1,9987,0.87,3,0,False,2026-03-14 22:00:24
2247,2247,78,3,2026031422,3,1,10546,0.93,5,0,False,2026-03-14 22:04:24
2248,2248,78,8,2026031422,3,1,7798,0.84,4,0,True,2026-03-14 22:06:24
2249,2249,1194,22,2025121406,1,1,7732,0.89,5,0,False,2025-12-14 06:17:54
2250,2250,78,20,2025110717,1,1,6317,0.9,5,1,True,2025-11-07 17:02:28
2251,2251,78,5,2025110717,1,1,4030,0.86,5,0,True,2025-11-07 17:04:28
2252,2252,71,14,2026012511,3,1,13369,0.83,4,0,False,2026-01-25 11:59:59
2253,2253,954,23,2025102806,2,1,7227,0.95,,0,False,2025-10-28 06:44:28
2254,2254,69,1,2026022713,1,1,7379,0.83,4,0,True,2026-02-27 13:37:19
2255,2255,69,3,2026022713,1,1,6578,0.88,5,0,True,2026-02-27 13:40:19
2256,2256,69,8,2026022713,1,2,10934,0.16,,0,False,2026-02-27 13:43:19
2257,2257,56,17,2026030109,1,1,7027,0.92,4,0,True,2026-03-01 09:05:59
2258,2258,56,16,2026030109,1,1,4324,0.92,4,0,False,2026-03-01 09:08:59
2259,2259,768,16,2026022400,2,1,11362,0.89,5,0,True,2026-02-24 00:39:57
2260,2260,143,15,2026012323,1,1,4577,0.95,4,0,False,2026-01-23 23:15:57
2261,2261,217,4,2025103118,1,1,12930,0.89,5,0,True,2025-10-31 18:28:53
2262,2262,217,10,2025103118,1,1,12242,0.91,5,0,False,2025-10-31 18:30:53
2263,2263,110,4,2025100218,1,1,11181,0.82,,0,True,2025-10-02 18:44:35
2264,2264,110,10,2025100218,1,1,10073,0.91,3,0,True,2025-10-02 18:47:35
2265,2265,842,20,2025121400,1,4,7070,0.02,1,0,False,2025-12-14 00:43:41
2266,2266,842,5,2025121400,1,1,6095,0.87,3,0,False,2025-12-14 00:48:41
2267,2267,168,2,2026010301,4,1,7692,0.83,5,0,True,2026-01-03 01:25:03
2268,2268,168,5,2026010301,4,3,7550,0.06,1,0,False,2026-01-03 01:30:03
2269,2269,168,9,2026010301,4,1,8227,0.86,3,0,False,2026-01-03 01:31:03
2270,2270,24,20,2026012912,1,1,11546,0.91,5,0,True,2026-01-29 12:38:12
2271,2271,24,5,2026012912,1,1,11664,0.89,4,0,False,2026-01-29 12:43:12
2272,2272,56,6,2025111107,1,1,10805,0.97,,0,False,2025-11-11 07:11:27
2273,2273,56,15,2025111107,1,1,13639,0.82,5,0,False,2025-11-11 07:15:27
2274,2274,55,17,2026011602,1,1,8679,0.91,3,0,False,2026-01-16 02:03:34
2275,2275,55,16,2026011602,1,1,10081,0.9,5,0,True,2026-01-16 02:07:34
2276,2276,301,2,2026022411,1,1,11899,0.95,5,0,False,2026-02-24 11:06:30
2277,2277,301,5,2026022411,1,1,10281,0.86,4,0,True,2026-02-24 11:09:30
2278,2278,301,9,2026022411,1,1,10954,0.89,4,0,True,2026-02-24 11:16:30
2279,2279,195,19,2025120223,3,1,9729,0.84,5,0,False,2025-12-02 23:05:52
2280,2280,195,23,2025120223,3,1,10651,0.95,5,0,True,2025-12-02 23:07:52
2281,2281,195,8,2025120223,3,7,10517,0.04,,0,False,2025-12-02 23:11:52
2282,2282,364,4,2025110722,1,1,11905,0.84,4,0,False,2025-11-07 22:52:36
2283,2283,970,13,2025122920,1,1,4057,0.91,5,0,False,2025-12-29 20:41:27
2284,2284,970,14,2025122920,1,2,14197,0.08,2,0,False,2025-12-29 20:44:27
2285,2285,397,19,2025100122,6,1,7747,0.93,,0,True,2025-10-01 22:04:37
2286,2286,18,13,2026010710,1,5,5042,0.24,2,0,False,2026-01-07 10:14:36
2287,2287,18,14,2026010710,1,2,4034,0.17,2,0,False,2026-01-07 10:17:36
2288,2288,35,16,2026020320,1,1,7829,0.94,5,0,False,2026-02-03 20:43:50
2289,2289,208,19,2025122023,2,1,6808,0.97,4,0,False,2025-12-20 23:04:57
2290,2290,208,23,2025122023,2,1,12758,0.98,4,0,False,2025-12-20 23:09:57
2291,2291,208,8,2025122023,2,1,7161,0.96,3,0,True,2025-12-20 23:08:57
2292,2292,364,4,2026010100,1,1,11005,0.84,5,0,False,2026-01-01 00:56:31
2293,2293,364,10,2026010101,1,1,14776,0.94,5,0,True,2026-01-01 01:01:31
2294,2294,158,17,2026030920,1,1,13288,0.93,5,1,False,2026-03-09 20:31:22
2295,2295,248,4,2025111608,3,1,7813,0.89,4,0,True,2025-11-16 08:49:48
2296,2296,67,2,2026022804,3,4,4300,0.18,1,0,False,2026-02-28 04:32:27
2297,2297,67,5,2026022804,3,1,6376,0.92,3,0,False,2026-02-28 04:34:27
2298,2298,67,9,2026022804,3,1,11899,0.94,4,0,False,2026-02-28 04:40:27
2299,2299,661,19,2025112312,2,1,15356,0.96,,0,True,2025-11-23 12:28:35
2300,2300,933,13,2026011203,1,1,7862,0.96,3,0,False,2026-01-12 03:54:39
2301,2301,933,14,2026011203,1,1,6685,0.96,4,0,False,2026-01-12 03:59:39
2302,2302,155,20,2025091519,1,1,7823,0.84,4,0,False,2025-09-15 19:52:20
2303,2303,155,5,2025091519,1,1,11405,0.85,3,0,True,2025-09-15 19:54:20
2304,2304,241,20,2026011011,1,1,11315,0.87,5,0,False,2026-01-10 11:21:29
2305,2305,84,6,2025092911,2,1,5222,0.94,4,0,False,2025-09-29 11:17:27
2306,2306,84,15,2025092911,2,2,10725,0.34,2,0,False,2025-09-29 11:19:27
2307,2307,209,4,2025112210,2,1,7797,0.85,4,0,True,2025-11-22 10:12:14
2308,2308,209,10,2025112210,2,1,8760,0.92,5,0,False,2025-11-22 10:16:14
2309,2309,19,4,2025120517,1,1,10079,0.84,4,0,False,2025-12-05 17:28:14
2310,2310,19,10,2025120517,1,1,5504,0.98,5,0,True,2025-12-05 17:31:14
2311,2311,84,13,2026020620,1,1,10676,0.97,4,0,False,2026-02-06 20:39:49
2312,2312,84,14,2026020620,1,1,5388,0.86,5,0,False,2026-02-06 20:43:49
2313,2313,114,3,2026032917,4,3,9021,0.22,1,2,False,2026-03-29 17:15:29
2314,2314,364,6,2025092300,1,1,8915,0.95,3,0,False,2025-09-23 00:07:02
2315,2315,364,15,2025092300,1,1,6559,0.91,,0,True,2025-09-23 00:11:02
2316,2316,137,20,2026012712,2,1,7796,0.86,4,0,True,2026-01-27 12:48:48
2317,2317,137,5,2026012712,2,1,3966,0.91,5,0,False,2026-01-27 12:50:48
2318,2318,580,6,2026011415,1,1,6834,0.85,5,0,True,2026-01-14 15:52:27
2319,2319,580,15,2026011415,1,1,7119,0.91,4,0,True,2026-01-14 15:56:27
2320,2320,31,13,2026022207,2,1,12908,0.88,4,0,False,2026-02-22 07:06:47
2321,2321,31,14,2026022207,2,1,4055,0.87,4,0,True,2026-02-22 07:09:47
2322,2322,111,12,2026032311,2,1,13613,0.96,4,0,False,2026-03-23 11:17:20
2323,2323,167,2,2026010605,3,1,12269,0.83,4,0,False,2026-01-06 05:36:58
2324,2324,167,5,2026010605,3,1,12033,0.95,4,0,True,2026-01-06 05:38:58
2325,2325,167,9,2026010605,3,1,11585,0.98,5,0,False,2026-01-06 05:42:58
2326,2326,238,13,2026011204,1,1,10798,0.89,5,0,False,2026-01-12 04:54:03
2327,2327,238,14,2026011204,1,1,7220,0.92,,0,True,2026-01-12 04:56:03
2328,2328,79,15,2026030423,1,1,9249,0.88,4,1,False,2026-03-04 23:58:57
2329,2329,396,22,2026012100,1,1,8349,0.86,5,0,False,2026-01-21 00:25:18
2330,2330,63,21,2026012205,6,7,5272,0.32,1,0,False,2026-01-22 05:25:29
2331,2331,545,19,2026020623,3,1,9330,0.87,4,0,False,2026-02-06 23:45:41
2332,2332,587,6,2026021703,4,1,7643,0.97,5,0,True,2026-02-17 03:04:40
2333,2333,587,15,2026021703,4,1,12124,0.85,4,0,False,2026-02-17 03:09:40
2334,2334,22,8,2026021420,2,1,4548,0.94,4,0,False,2026-02-14 20:40:00
2335,2335,59,1,2026032121,2,2,14471,0.27,2,0,False,2026-03-21 21:34:26
2336,2336,59,3,2026032121,2,1,8516,0.95,5,0,True,2026-03-21 21:38:26
2337,2337,59,8,2026032121,2,1,12288,0.96,5,0,False,2026-03-21 21:42:26
2338,2338,207,20,2025112523,1,1,14003,0.85,4,0,False,2025-11-25 23:27:18
2339,2339,207,5,2025112523,1,1,7511,0.92,5,0,False,2025-11-25 23:32:18
2340,2340,22,17,2025122605,1,4,7301,0.26,1,0,False,2025-12-26 05:33:48
2341,2341,22,16,2025122605,1,1,6535,0.96,4,0,False,2025-12-26 05:38:48
2342,2342,871,20,2026010408,1,1,13619,0.9,,0,False,2026-01-04 08:47:23
2343,2343,871,5,2026010408,1,1,8166,0.9,5,0,True,2026-01-04 08:52:23
2344,2344,338,23,2025122102,1,1,4150,0.89,4,0,False,2025-12-21 02:48:47
2345,2345,553,20,2026030506,2,6,11564,0.0,1,0,False,2026-03-05 06:29:20
2346,2346,553,5,2026030506,2,1,4945,0.92,4,0,False,2026-03-05 06:33:20
2347,2347,204,7,2025112023,1,1,4248,0.92,3,0,False,2025-11-20 23:52:39
2348,2348,130,5,2025120408,1,1,9164,0.87,4,0,False,2025-12-04 08:03:32
2349,2349,167,6,2025120520,5,1,3920,0.89,3,0,False,2025-12-05 20:54:10
2350,2350,167,15,2025120520,5,1,4849,0.82,,1,False,2025-12-05 20:56:10
2351,2351,74,17,2025122919,3,4,10238,0.21,2,0,False,2025-12-29 19:38:41
2352,2352,74,16,2025122919,3,1,11037,0.84,5,0,False,2025-12-29 19:40:41
2353,2353,84,13,2026030114,1,1,11676,0.9,5,0,True,2026-03-01 14:11:54
2354,2354,84,14,2026030114,1,1,9981,0.94,4,0,False,2026-03-01 14:15:54
2355,2355,45,17,2026020305,2,1,13838,0.98,5,1,True,2026-02-03 05:57:37
2356,2356,45,16,2026020306,2,1,6746,0.93,3,0,True,2026-02-03 06:00:37
2357,2357,925,13,2026032602,3,1,4597,0.89,,0,True,2026-03-26 02:17:30
2358,2358,925,14,2026032602,3,1,8738,0.91,4,0,False,2026-03-26 02:20:30
2359,2359,74,17,2025100609,1,1,13623,0.87,4,0,True,2025-10-06 09:33:05
2360,2360,74,16,2025100609,1,6,6427,0.0,,1,False,2025-10-06 09:35:05
2361,2361,68,4,2026013023,3,1,11776,0.94,5,0,False,2026-01-30 23:21:56
2362,2362,68,10,2026013023,3,1,11004,0.84,3,1,True,2026-01-30 23:26:56
2363,2363,356,17,2025110716,1,1,13890,0.91,3,0,True,2025-11-07 16:22:15
2364,2364,356,16,2025110716,1,1,9331,0.93,4,0,False,2025-11-07 16:26:15
2365,2365,621,17,2025112105,1,1,9614,0.98,5,0,True,2025-11-21 05:46:03
2366,2366,719,17,2025110811,3,1,8796,0.85,5,0,False,2025-11-08 11:26:35
2367,2367,719,16,2025110811,3,1,6912,0.93,3,0,True,2025-11-08 11:28:35
2368,2368,20,7,2025123003,1,1,13108,0.85,5,0,False,2025-12-30 03:18:12
2369,2369,724,24,2025092112,5,3,6485,0.17,1,2,False,2025-09-21 12:52:52
2370,2370,89,4,2026020406,1,1,5638,0.96,,0,False,2026-02-04 06:58:21
2371,2371,89,10,2026020407,1,1,6635,0.89,4,0,False,2026-02-04 07:02:21
2372,2372,313,13,2026020612,2,1,8704,0.89,5,0,True,2026-02-06 12:00:16
2373,2373,313,14,2026020612,2,1,5310,0.91,,0,False,2026-02-06 12:04:16
2374,2374,1017,1,2025122615,1,1,6714,0.97,5,0,True,2025-12-26 15:41:40
2375,2375,1017,3,2025122615,1,1,12325,0.88,5,0,True,2025-12-26 15:46:40
2376,2376,1017,8,2025122615,1,1,6016,0.84,5,0,True,2025-12-26 15:47:40
2377,2377,228,2,2025102005,2,1,13829,0.92,4,0,False,2025-10-20 05:54:00
2378,2378,228,5,2025102005,2,1,13086,0.82,4,0,False,2025-10-20 05:59:00
2379,2379,228,9,2025102005,2,1,15389,0.82,5,0,True,2025-10-20 05:58:00
2380,2380,1011,6,2026011522,2,2,11290,0.05,1,1,False,2026-01-15 22:02:07
2381,2381,1011,15,2026011522,2,1,6835,0.92,5,0,True,2026-01-15 22:06:07
2382,2382,1018,3,2025102713,1,1,4077,0.95,4,0,False,2025-10-27 13:08:58
2383,2383,45,13,2026020616,1,4,6680,0.06,,0,False,2026-02-06 16:10:43
2384,2384,164,16,2026020315,1,1,4081,0.92,4,0,False,2026-02-03 15:15:13
2385,2385,26,19,2026031513,2,1,11372,0.93,4,0,True,2026-03-15 13:17:02
2386,2386,723,8,2026021521,2,1,9394,0.97,4,0,False,2026-02-15 21:04:51
2387,2387,1148,20,2025120215,2,1,4077,0.84,,0,False,2025-12-02 15:06:18
2388,2388,1148,5,2025120215,2,1,8278,0.96,5,0,True,2025-12-02 15:08:18
2389,2389,292,3,2026022200,3,1,7900,0.82,4,0,False,2026-02-22 00:21:36
2390,2390,241,18,2026010415,1,1,12930,0.91,5,0,True,2026-01-04 15:20:09
2391,2391,1072,6,2025111207,2,1,4622,0.97,4,0,True,2025-11-12 07:31:44
2392,2392,1072,15,2025111207,2,1,12819,0.84,5,0,False,2025-11-12 07:35:44
2393,2393,233,20,2026012909,3,1,12462,0.93,5,0,True,2026-01-29 09:42:39
2394,2394,233,5,2026012909,3,1,5515,0.85,4,0,True,2026-01-29 09:45:39
2395,2395,47,20,2026012212,4,1,11645,0.94,5,0,False,2026-01-22 12:42:48
2396,2396,47,5,2026012212,4,1,12738,0.92,4,0,False,2026-01-22 12:47:48
2397,2397,1121,19,2025121908,1,1,10646,0.92,3,0,False,2025-12-19 08:33:35
2398,2398,1121,23,2025121908,1,1,8198,0.85,4,0,False,2025-12-19 08:37:35
2399,2399,1121,8,2025121908,1,1,8469,0.83,5,0,False,2025-12-19 08:43:35
2400,2400,140,17,2025112509,3,1,8094,0.92,4,0,False,2025-11-25 09:17:51
2401,2401,140,16,2025112509,3,1,8790,0.83,4,0,False,2025-11-25 09:21:51
2402,2402,309,20,2026021910,1,1,11962,0.83,,0,False,2026-02-19 10:41:13
2403,2403,309,5,2026021910,1,1,9062,0.88,4,0,True,2026-02-19 10:43:13
2404,2404,340,13,2025103114,1,1,13533,0.95,4,0,False,2025-10-31 14:53:01
2405,2405,340,14,2025103114,1,1,10841,0.83,5,0,False,2025-10-31 14:58:01
2406,2406,15,17,2025110501,6,2,4879,0.32,2,0,False,2025-11-05 01:56:05
2407,2407,101,4,2025120413,1,1,9279,0.94,4,0,False,2025-12-04 13:25:22
2408,2408,101,10,2025120413,1,1,12166,0.91,5,0,True,2025-12-04 13:27:22
2409,2409,81,13,2026022404,2,1,8597,0.83,4,0,True,2026-02-24 04:42:51
2410,2410,19,12,2025103019,1,1,9555,0.88,3,0,False,2025-10-30 19:31:36
2411,2411,392,1,2025112419,2,1,11328,0.87,4,0,False,2025-11-24 19:19:16
2412,2412,392,3,2025112419,2,1,8074,0.92,4,0,False,2025-11-24 19:23:16
2413,2413,392,8,2025112419,2,4,11572,0.27,1,0,False,2025-11-24 19:29:16
2414,2414,25,3,2025101004,1,1,5272,0.84,5,0,True,2025-10-10 04:34:45
2415,2415,304,2,2025110411,1,1,12176,0.85,5,0,False,2025-11-04 11:52:53
2416,2416,304,5,2025110411,1,1,9913,0.9,4,0,False,2025-11-04 11:56:53
2417,2417,304,9,2025110411,1,1,8444,0.88,4,0,False,2025-11-04 11:56:53
2418,2418,92,19,2026021601,1,1,14539,0.85,4,0,True,2026-02-16 01:41:13
2419,2419,92,23,2026021601,1,1,5544,0.97,5,0,True,2026-02-16 01:43:13
2420,2420,92,8,2026021601,1,1,5498,0.89,,0,False,2026-02-16 01:49:13
2421,2421,100,4,2025120807,3,1,13790,0.83,5,0,True,2025-12-08 07:14:39
2422,2422,100,10,2025120807,3,1,9170,0.88,,0,False,2025-12-08 07:17:39
2423,2423,107,21,2026022220,2,1,15151,0.87,5,0,False,2026-02-22 20:38:03
2424,2424,46,17,2025102711,1,1,9336,0.93,5,0,False,2025-10-27 11:27:55
2425,2425,46,16,2025102711,1,1,10293,0.88,4,1,False,2025-10-27 11:31:55
2426,2426,563,9,2026030602,2,1,15454,0.89,4,0,False,2026-03-06 02:11:15
2427,2427,1,13,2025090810,1,1,13364,0.84,5,0,False,2025-09-08 10:02:09
2428,2428,1,14,2025090810,1,1,9271,0.84,4,0,False,2025-09-08 10:05:09
2429,2429,239,13,2025113002,1,3,5351,0.07,,0,False,2025-11-30 02:08:16
2430,2430,239,14,2025113002,1,1,5418,0.93,5,0,True,2025-11-30 02:13:16
2431,2431,11,13,2026012803,2,1,8841,0.93,4,0,False,2026-01-28 03:50:49
2432,2432,11,14,2026012803,2,1,7572,0.84,5,0,True,2026-01-28 03:55:49
2433,2433,512,4,2026021302,1,1,10833,0.9,4,0,False,2026-02-13 02:01:18
2434,2434,512,10,2026021302,1,2,8512,0.04,2,0,False,2026-02-13 02:06:18
2435,2435,26,17,2025112307,3,1,8777,0.83,4,0,False,2025-11-23 07:11:13
2436,2436,26,16,2025112307,3,1,7386,0.86,4,0,False,2025-11-23 07:15:13
2437,2437,385,2,2026020903,5,1,3880,0.82,5,0,False,2026-02-09 03:11:30
2438,2438,385,5,2026020903,5,1,9676,0.86,4,0,False,2026-02-09 03:16:30
2439,2439,385,9,2026020903,5,1,7973,0.82,4,0,False,2026-02-09 03:17:30
2440,2440,353,16,2025120211,3,1,12270,0.95,4,0,False,2025-12-02 11:39:09
2441,2441,1017,6,2025102406,2,1,8980,0.85,4,0,False,2025-10-24 06:25:32
2442,2442,1017,15,2025102406,2,1,12999,0.84,4,0,False,2025-10-24 06:30:32
2443,2443,45,10,2025121016,1,1,11099,0.86,5,0,True,2025-12-10 16:34:34
2444,2444,55,9,2026030107,1,2,10613,0.27,2,0,False,2026-03-01 07:02:45
2445,2445,137,1,2026022303,2,4,14717,0.23,2,0,False,2026-02-23 03:39:35
2446,2446,137,3,2026022303,2,1,11837,0.94,4,0,False,2026-02-23 03:44:35
2447,2447,137,8,2026022303,2,1,12256,0.84,3,0,True,2026-02-23 03:47:35
2448,2448,73,4,2025121400,1,2,13325,0.14,1,0,False,2025-12-14 00:16:30
2449,2449,534,19,2025122309,1,1,13904,0.93,4,0,True,2025-12-23 09:03:39
2450,2450,534,23,2025122309,1,1,11609,0.94,4,0,False,2025-12-23 09:08:39
2451,2451,534,8,2025122309,1,1,8319,0.85,3,0,True,2025-12-23 09:07:39
2452,2452,737,13,2026012615,1,1,6351,0.86,4,0,False,2026-01-26 15:40:37
2453,2453,737,14,2026012615,1,1,8590,0.95,4,0,False,2026-01-26 15:44:37
2454,2454,310,4,2026021720,2,1,14249,0.97,5,0,False,2026-02-17 20:10:56
2455,2455,310,10,2026021720,2,1,6875,0.86,4,0,False,2026-02-17 20:15:56
2456,2456,298,2,2025092122,2,1,13195,0.84,4,0,False,2025-09-21 22:44:39
2457,2457,298,5,2025092122,2,1,4797,0.85,,0,False,2025-09-21 22:46:39
2458,2458,298,9,2025092122,2,1,5056,0.94,4,0,True,2025-09-21 22:54:39
2459,2459,34,19,2025092717,1,1,8260,0.84,5,0,False,2025-09-27 17:47:56
2460,2460,34,23,2025092717,1,1,13883,0.94,5,0,True,2025-09-27 17:51:56
2461,2461,34,8,2025092717,1,1,5083,0.89,5,0,True,2025-09-27 17:51:56
2462,2462,104,4,2025120820,3,1,6448,0.96,5,0,True,2025-12-08 20:51:09
2463,2463,104,10,2025120820,3,1,14550,0.91,4,0,False,2025-12-08 20:54:09
2464,2464,275,11,2025090523,3,1,4139,0.97,3,0,False,2025-09-05 23:14:13
2465,2465,110,1,2026031415,4,2,10406,0.33,1,0,False,2026-03-14 15:17:33
2466,2466,110,3,2026031415,4,1,13376,0.95,5,0,False,2026-03-14 15:22:33
2467,2467,110,8,2026031415,4,1,10314,0.91,4,0,False,2026-03-14 15:23:33
2468,2468,798,1,2026021711,1,1,14619,0.97,5,0,False,2026-02-17 11:55:46
2469,2469,192,8,2026012907,3,1,10584,0.83,4,0,False,2026-01-29 07:25:07
2470,2470,392,19,2026022313,4,1,9602,0.87,5,0,True,2026-02-23 13:23:02
2471,2471,392,23,2026022313,4,1,7258,0.93,,0,False,2026-02-23 13:25:02
2472,2472,392,8,2026022313,4,1,6357,0.88,5,0,False,2026-02-23 13:27:02
2473,2473,192,12,2026022608,3,1,11631,0.89,4,0,True,2026-02-26 08:30:09
2474,2474,283,19,2026013115,1,1,7485,0.89,4,0,False,2026-01-31 15:36:46
2475,2475,283,23,2026013115,1,1,7029,0.87,,0,False,2026-01-31 15:39:46
2476,2476,283,8,2026013115,1,1,3886,0.88,5,0,False,2026-01-31 15:44:46
2477,2477,135,6,2026020714,5,3,11504,0.33,,0,False,2026-02-07 14:13:04
2478,2478,503,15,2026020923,1,1,10356,0.94,4,0,False,2026-02-09 23:52:26
2479,2479,67,19,2026011523,1,3,7130,0.08,1,0,False,2026-01-15 23:04:09
2480,2480,67,23,2026011523,1,1,6451,0.93,3,0,False,2026-01-15 23:09:09
2481,2481,67,8,2026011523,1,1,6044,0.93,5,0,True,2026-01-15 23:10:09
2482,2482,293,20,2025112913,1,1,9890,0.96,5,0,False,2025-11-29 13:45:13
2483,2483,293,5,2025112913,1,1,5838,0.93,3,0,False,2025-11-29 13:49:13
2484,2484,179,6,2026013111,2,1,4240,0.87,4,0,False,2026-01-31 11:43:36
2485,2485,179,15,2026013111,2,1,11545,0.96,5,0,True,2026-01-31 11:47:36
2486,2486,106,1,2025120516,1,1,10308,0.87,4,0,False,2025-12-05 16:56:58
2487,2487,106,3,2025120517,1,1,4189,0.98,,0,False,2025-12-05 17:01:58
2488,2488,106,8,2025120517,1,1,6656,0.92,4,1,False,2025-12-05 17:06:58
2489,2489,392,4,2025102120,4,6,10341,0.0,2,0,False,2025-10-21 20:15:35
2490,2490,392,10,2025102120,4,1,13846,0.97,5,0,False,2025-10-21 20:20:35
2491,2491,275,19,2026030807,1,1,11696,0.85,4,0,False,2026-03-08 07:32:38
2492,2492,275,23,2026030807,1,1,10697,0.93,4,1,False,2026-03-08 07:34:38
2493,2493,275,8,2026030807,1,1,4017,0.91,4,0,False,2026-03-08 07:38:38
2494,2494,377,13,2025121817,1,2,3759,0.24,,0,False,2025-12-18 17:15:23
2495,2495,377,14,2025121817,1,1,12380,0.88,4,0,False,2025-12-18 17:20:23
2496,2496,42,13,2025092719,1,1,9524,0.87,5,0,False,2025-09-27 19:12:40
2497,2497,42,14,2025092719,1,1,10224,0.85,3,1,False,2025-09-27 19:17:40
2498,2498,251,4,2026011200,1,1,8541,0.9,,0,False,2026-01-12 00:26:58
2499,2499,251,10,2026011200,1,1,14738,0.95,5,0,True,2026-01-12 00:28:58
2500,2500,41,17,2026030820,2,1,5450,0.89,3,0,True,2026-03-08 20:30:12
2501,2501,41,16,2026030820,2,1,13815,0.96,4,0,True,2026-03-08 20:35:12
2502,2502,23,6,2025112809,2,1,3761,0.86,4,0,False,2025-11-28 09:05:11
2503,2503,23,15,2025112809,2,1,5389,0.91,4,0,False,2025-11-28 09:08:11
2504,2504,1094,4,2026012318,1,1,5317,0.92,3,0,False,2026-01-23 18:51:45
2505,2505,200,2,2026022618,6,1,13248,0.87,5,0,False,2026-02-26 18:45:40
2506,2506,200,5,2026022618,6,1,4848,0.92,4,0,False,2026-02-26 18:50:40
2507,2507,200,9,2026022618,6,1,12554,0.86,,0,False,2026-02-26 18:55:40
2508,2508,846,13,2026011401,1,1,13589,0.92,4,0,False,2026-01-14 01:49:18
2509,2509,846,14,2026011401,1,1,8736,0.84,,0,False,2026-01-14 01:54:18
2510,2510,239,6,2026022708,2,1,14197,0.86,,0,False,2026-02-27 08:00:52
2511,2511,88,21,2026021023,1,1,12912,0.82,3,0,False,2026-02-10 23:08:30
2512,2512,162,13,2025122204,1,2,10459,0.05,1,0,False,2025-12-22 04:12:15
2513,2513,70,9,2025100403,5,1,6862,0.93,4,0,True,2025-10-04 03:51:48
2514,2514,56,2,2025120809,1,1,4777,0.98,3,0,True,2025-12-08 09:28:56
2515,2515,56,5,2025120809,1,1,12342,0.95,4,0,False,2025-12-08 09:31:56
2516,2516,56,9,2025120809,1,1,8970,0.87,4,0,False,2025-12-08 09:36:56
2517,2517,1089,22,2026010418,1,1,14750,0.95,3,1,False,2026-01-04 18:58:08
2518,2518,51,6,2026021519,3,1,7022,0.86,4,0,True,2026-02-15 19:47:08
2519,2519,273,1,2026020614,1,1,12399,0.96,5,0,True,2026-02-06 14:03:36
2520,2520,273,3,2026020614,1,1,4560,0.93,4,0,False,2026-02-06 14:06:36
2521,2521,273,8,2026020614,1,1,6052,0.86,4,0,False,2026-02-06 14:11:36
2522,2522,450,17,2026021610,3,1,13113,0.86,4,0,False,2026-02-16 10:37:17
2523,2523,450,16,2026021610,3,1,6701,0.96,5,0,False,2026-02-16 10:39:17
2524,2524,367,4,2025110802,1,1,9034,0.95,4,1,False,2025-11-08 02:37:14
2525,2525,367,10,2025110802,1,1,8411,0.87,5,1,False,2025-11-08 02:42:14
2526,2526,1158,6,2026021215,1,1,11214,0.82,5,0,True,2026-02-12 15:35:00
2527,2527,1158,15,2026021215,1,1,5756,0.83,,0,False,2026-02-12 15:38:00
2528,2528,40,16,2025110714,2,1,13329,0.87,5,0,True,2025-11-07 14:38:07
2529,2529,81,6,2026021414,1,1,6260,0.88,3,0,False,2026-02-14 14:08:53
2530,2530,81,15,2026021414,1,1,4283,0.84,4,0,False,2026-02-14 14:12:53
2531,2531,513,4,2025093014,3,1,10080,0.88,5,0,False,2025-09-30 14:28:40
2532,2532,513,10,2025093014,3,1,6803,0.98,5,0,False,2025-09-30 14:32:40
2533,2533,223,19,2026032521,5,1,7153,0.86,,0,False,2026-03-25 21:18:52
2534,2534,223,23,2026032521,5,1,5897,0.95,4,0,False,2026-03-25 21:23:52
2535,2535,223,8,2026032521,5,1,10787,0.96,5,0,False,2026-03-25 21:22:52
2536,2536,40,20,2026032006,5,2,10014,0.11,2,0,False,2026-03-20 06:53:12
2537,2537,40,5,2026032006,5,1,8714,0.89,4,0,False,2026-03-20 06:57:12
2538,2538,65,1,2026021209,3,1,6573,0.83,4,0,False,2026-02-12 09:35:45
2539,2539,65,3,2026021209,3,1,5308,0.9,4,0,False,2026-02-12 09:38:45
2540,2540,65,8,2026021209,3,5,10022,0.31,2,1,False,2026-02-12 09:41:45
2541,2541,267,19,2025101513,2,1,14762,0.95,4,1,False,2025-10-15 13:27:14
2542,2542,267,23,2025101513,2,1,12822,0.93,4,0,False,2025-10-15 13:31:14
2543,2543,267,8,2025101513,2,1,6257,0.85,3,0,False,2025-10-15 13:33:14
2544,2544,47,18,2025111108,1,1,8332,0.92,4,1,False,2025-11-11 08:17:03
2545,2545,237,8,2025112214,1,1,14002,0.97,4,0,False,2025-11-22 14:06:59
2546,2546,129,13,2025120911,2,1,12945,0.96,4,1,False,2025-12-09 11:35:55
2547,2547,129,14,2025120911,2,1,12894,0.9,4,0,False,2025-12-09 11:40:55
2548,2548,219,13,2025101514,1,1,8675,0.92,4,0,False,2025-10-15 14:35:00
2549,2549,219,14,2025101514,1,1,6101,0.97,5,1,True,2025-10-15 14:37:00
2550,2550,10,17,2026011501,1,1,4001,0.9,4,0,False,2026-01-15 01:28:57
2551,2551,10,16,2026011501,1,1,6335,0.93,4,0,False,2026-01-15 01:30:57
2552,2552,33,6,2025120923,1,4,8452,0.05,1,0,False,2025-12-09 23:40:26
2553,2553,33,15,2025120923,1,1,12011,0.98,4,0,False,2025-12-09 23:42:26
2554,2554,390,4,2026020106,2,1,10076,0.89,4,0,False,2026-02-01 06:53:24
2555,2555,390,10,2026020106,2,1,13620,0.85,5,0,True,2026-02-01 06:58:24
2556,2556,354,2,2025091200,1,3,11756,0.33,,0,False,2025-09-12 00:17:27
2557,2557,354,5,2025091200,1,7,8846,0.2,2,2,False,2025-09-12 00:21:27
2558,2558,354,9,2025091200,1,1,10885,0.84,5,0,False,2025-09-12 00:27:27
2559,2559,305,17,2026012523,1,1,5824,0.83,4,0,True,2026-01-25 23:24:48
2560,2560,305,16,2026012523,1,3,5372,0.16,,0,False,2026-01-25 23:28:48
2561,2561,24,1,2026012214,3,1,5196,0.96,4,0,False,2026-01-22 14:58:48
2562,2562,24,3,2026012215,3,1,6644,0.83,4,0,True,2026-01-22 15:03:48
2563,2563,24,8,2026012215,3,1,13763,0.91,5,1,False,2026-01-22 15:04:48
2564,2564,268,17,2025120714,1,1,8317,0.95,5,0,False,2025-12-07 14:42:42
2565,2565,268,16,2025120714,1,2,6144,0.34,2,0,False,2025-12-07 14:45:42
2566,2566,259,2,2026011806,1,1,4907,0.83,4,0,True,2026-01-18 06:58:57
2567,2567,259,5,2026011807,1,1,14043,0.83,4,0,False,2026-01-18 07:00:57
2568,2568,259,9,2026011807,1,1,14400,0.95,5,0,True,2026-01-18 07:02:57
2569,2569,138,2,2025091020,4,1,8866,0.95,5,0,False,2025-09-10 20:25:27
2570,2570,138,5,2025091020,4,1,11665,0.93,4,0,False,2025-09-10 20:30:27
2571,2571,138,9,2025091020,4,1,6527,0.98,4,0,True,2025-09-10 20:31:27
2572,2572,21,2,2025101114,1,1,5597,0.93,4,0,False,2025-10-11 14:02:15
2573,2573,21,5,2025101114,1,1,13080,0.89,4,0,False,2025-10-11 14:04:15
2574,2574,21,9,2025101114,1,1,13246,0.96,4,0,False,2025-10-11 14:06:15
2575,2575,64,13,2025090919,3,1,6198,0.88,4,0,True,2025-09-09 19:00:47
2576,2576,64,14,2025090919,3,1,7345,0.95,4,0,False,2025-09-09 19:05:47
2577,2577,1180,19,2026022223,1,1,15074,0.84,4,0,False,2026-02-22 23:49:15
2578,2578,1180,23,2026022223,1,1,10012,0.88,4,1,True,2026-02-22 23:52:15
2579,2579,1180,8,2026022223,1,1,12818,0.95,4,1,False,2026-02-22 23:55:15
2580,2580,217,1,2026020208,1,1,8700,0.87,5,0,True,2026-02-02 08:22:10
2581,2581,217,3,2026020208,1,1,12236,0.82,4,0,False,2026-02-02 08:27:10
2582,2582,217,8,2026020208,1,1,12200,0.88,5,0,False,2026-02-02 08:30:10
2583,2583,232,1,2026032100,4,1,12471,0.84,,0,False,2026-03-21 00:35:39
2584,2584,232,3,2026032100,4,1,7335,0.89,,0,False,2026-03-21 00:37:39
2585,2585,232,8,2026032100,4,1,4305,0.87,4,0,True,2026-03-21 00:43:39
2586,2586,31,20,2025112608,3,1,8512,0.82,,0,False,2025-11-26 08:19:34
2587,2587,31,5,2025112608,3,1,7522,0.91,4,0,True,2025-11-26 08:23:34
2588,2588,240,20,2026013120,6,1,4134,0.85,5,0,True,2026-01-31 20:33:44
2589,2589,240,5,2026013120,6,1,8797,0.97,5,0,False,2026-01-31 20:36:44
2590,2590,591,20,2026011307,6,1,11177,0.93,,0,False,2026-01-13 07:48:21
2591,2591,591,5,2026011307,6,1,6235,0.91,4,0,False,2026-01-13 07:53:21
2592,2592,222,4,2026021908,3,1,15186,0.88,4,0,False,2026-02-19 08:22:22
2593,2593,222,10,2026021908,3,1,6281,0.88,4,0,True,2026-02-19 08:27:22
2594,2594,1077,2,2025122202,4,1,9684,0.88,,0,False,2025-12-22 02:30:25
2595,2595,1077,5,2025122202,4,1,5640,0.86,4,0,False,2025-12-22 02:32:25
2596,2596,1077,9,2025122202,4,1,14130,0.87,4,0,False,2025-12-22 02:34:25
2597,2597,1004,13,2026020800,1,1,8549,0.91,5,0,True,2026-02-08 00:57:33
2598,2598,322,1,2026010613,3,1,6622,0.86,5,0,False,2026-01-06 13:59:25
2599,2599,322,3,2026010614,3,1,5766,0.94,,0,False,2026-01-06 14:04:25
2600,2600,322,8,2026010614,3,1,3816,0.92,4,1,False,2026-01-06 14:03:25
2601,2601,25,24,2025101411,1,1,14205,0.89,5,0,False,2025-10-14 11:23:45
2602,2602,76,2,2025101819,3,5,6865,0.18,2,0,False,2025-10-18 19:22:10
2603,2603,76,5,2025101819,3,1,12886,0.88,5,0,True,2025-10-18 19:26:10
2604,2604,76,9,2025101819,3,1,9299,0.93,4,0,True,2025-10-18 19:32:10
2605,2605,221,8,2026030109,2,1,4850,0.97,,0,False,2026-03-01 09:20:05
2606,2606,38,17,2025111322,2,2,10214,0.03,,0,False,2025-11-13 22:42:48
2607,2607,37,4,2026012115,3,1,14954,0.86,4,0,False,2026-01-21 15:27:50
2608,2608,37,10,2026012115,3,1,12576,0.92,5,0,True,2026-01-21 15:30:50
2609,2609,5,2,2025120500,2,1,6144,0.98,4,0,False,2025-12-05 00:33:01
2610,2610,5,5,2025120500,2,1,7638,0.97,4,0,False,2025-12-05 00:38:01
2611,2611,5,9,2025120500,2,1,8055,0.92,4,0,False,2025-12-05 00:41:01
2612,2612,921,9,2026021411,1,1,13882,0.86,,0,False,2026-02-14 11:35:24
2613,2613,34,4,2025110202,1,1,13186,0.92,4,0,False,2025-11-02 02:33:59
2614,2614,34,10,2025110202,1,1,5914,0.88,5,0,False,2025-11-02 02:37:59
2615,2615,930,17,2025110503,1,1,8065,0.88,3,0,True,2025-11-05 03:36:56
2616,2616,1062,20,2026030201,1,1,8565,0.82,4,1,False,2026-03-02 01:43:21
2617,2617,1062,5,2026030201,1,1,11723,0.87,5,0,False,2026-03-02 01:45:21
2618,2618,69,19,2025122710,1,1,14245,0.96,4,0,False,2025-12-27 10:11:29
2619,2619,649,9,2025120907,2,4,12471,0.35,,0,False,2025-12-09 07:25:44
2620,2620,383,17,2026021315,1,1,8478,0.84,4,0,False,2026-02-13 15:46:45
2621,2621,383,16,2026021315,1,1,10219,0.82,3,0,True,2026-02-13 15:49:45
2622,2622,10,19,2026031716,6,1,7806,0.91,4,0,True,2026-03-17 16:25:37
2623,2623,12,17,2026030312,2,1,8461,0.89,5,0,False,2026-03-03 12:35:33
2624,2624,45,1,2025100712,1,1,6136,0.91,4,0,False,2025-10-07 12:26:24
2625,2625,45,3,2025100712,1,1,10180,0.93,5,0,True,2025-10-07 12:29:24
2626,2626,45,8,2025100712,1,1,4019,0.94,4,1,True,2025-10-07 12:32:24
2627,2627,123,2,2025100216,2,1,4480,0.84,5,1,True,2025-10-02 16:46:32
2628,2628,123,5,2025100216,2,3,6215,0.05,1,0,False,2025-10-02 16:51:32
2629,2629,123,9,2025100216,2,6,7332,0.0,2,1,False,2025-10-02 16:52:32
2630,2630,330,11,2025111700,3,1,4193,0.94,4,0,False,2025-11-17 00:45:11
2631,2631,34,8,2026022609,1,1,3851,0.95,4,0,False,2026-02-26 09:08:24
2632,2632,775,13,2025120901,1,1,4201,0.89,4,0,False,2025-12-09 01:40:50
2633,2633,775,14,2025120901,1,1,5256,0.94,5,0,True,2025-12-09 01:44:50
2634,2634,90,23,2026020315,1,1,3997,0.87,4,0,True,2026-02-03 15:29:37
2635,2635,1093,23,2026020618,1,5,7706,0.25,1,0,False,2026-02-06 18:19:37
2636,2636,40,2,2026032300,1,1,8140,0.92,5,0,True,2026-03-23 00:30:07
2637,2637,1064,16,2026031305,6,1,4465,0.94,5,0,False,2026-03-13 05:10:13
2638,2638,27,11,2026010708,1,1,6602,0.89,5,0,False,2026-01-07 08:12:25
2639,2639,67,1,2026011110,6,1,13314,0.97,5,1,False,2026-01-11 10:30:46
2640,2640,67,3,2026011110,6,1,8770,0.91,3,0,False,2026-01-11 10:35:46
2641,2641,67,8,2026011110,6,1,9081,0.98,4,0,False,2026-01-11 10:36:46
2642,2642,505,6,2026012021,1,1,5146,0.89,4,0,False,2026-01-20 21:03:48
2643,2643,505,15,2026012021,1,1,8704,0.98,5,0,True,2026-01-20 21:06:48
2644,2644,201,13,2025102618,1,3,9543,0.19,,1,False,2025-10-26 18:57:19
2645,2645,201,14,2025102619,1,1,6450,0.83,5,0,False,2025-10-26 19:02:19
2646,2646,530,20,2025111813,1,1,12016,0.89,5,0,True,2025-11-18 13:20:51
2647,2647,530,5,2025111813,1,7,5433,0.17,1,0,False,2025-11-18 13:23:51
2648,2648,444,6,2026030610,1,1,7309,0.97,,0,False,2026-03-06 10:08:08
2649,2649,444,15,2026030610,1,1,6084,0.96,5,0,False,2026-03-06 10:13:08
2650,2650,402,2,2026021700,2,1,4538,0.98,4,0,False,2026-02-17 00:14:40
2651,2651,402,5,2026021700,2,1,13241,0.9,4,0,False,2026-02-17 00:16:40
2652,2652,402,9,2026021700,2,1,9139,0.87,5,0,False,2026-02-17 00:22:40
2653,2653,93,2,2025101404,1,1,8366,0.84,5,0,False,2025-10-14 04:15:02
2654,2654,90,19,2026010918,1,5,13444,0.09,1,0,False,2026-01-09 18:07:16
2655,2655,309,21,2026010706,2,1,10961,0.92,5,0,False,2026-01-07 06:08:08
2656,2656,95,16,2025121114,1,1,8723,0.9,,0,True,2025-12-11 14:12:55
2657,2657,217,19,2025112202,2,1,15433,0.95,4,0,False,2025-11-22 02:09:01
2658,2658,217,23,2025112202,2,1,7270,0.92,3,0,False,2025-11-22 02:13:01
2659,2659,217,8,2025112202,2,1,3923,0.85,5,0,True,2025-11-22 02:15:01
2660,2660,57,17,2026020622,1,1,5964,0.83,4,0,True,2026-02-06 22:39:07
2661,2661,57,16,2026020622,1,1,9123,0.85,4,0,False,2026-02-06 22:44:07
2662,2662,86,1,2026022306,1,1,15033,0.9,3,0,False,2026-02-23 06:52:26
2663,2663,86,3,2026022306,1,1,11097,0.93,4,0,False,2026-02-23 06:54:26
2664,2664,86,8,2026022306,1,1,7820,0.84,3,1,True,2026-02-23 06:56:26
2665,2665,164,17,2026012500,2,1,7784,0.84,4,0,False,2026-01-25 00:49:40
2666,2666,164,16,2026012500,2,1,3933,0.84,5,0,False,2026-01-25 00:51:40
2667,2667,98,4,2026021806,4,1,15359,0.97,4,1,True,2026-02-18 06:43:21
2668,2668,140,17,2025122000,1,1,13213,0.88,4,0,False,2025-12-20 00:11:46
2669,2669,140,16,2025122000,1,1,11866,0.85,4,0,True,2025-12-20 00:14:46
2670,2670,255,7,2026030817,1,1,4711,0.96,4,0,False,2026-03-08 17:38:16
2671,2671,671,6,2025091501,2,1,6028,0.88,5,0,False,2025-09-15 01:37:54
2672,2672,671,15,2025091501,2,1,6152,0.91,4,1,False,2025-09-15 01:42:54
2673,2673,184,13,2026012422,1,1,4799,0.97,4,0,False,2026-01-24 22:32:48
2674,2674,359,4,2025110709,2,1,7680,0.92,4,0,False,2025-11-07 09:09:13
2675,2675,359,10,2025110709,2,1,8788,0.83,5,0,False,2025-11-07 09:14:13
2676,2676,327,6,2025092912,2,1,7375,0.92,4,1,False,2025-09-29 12:23:01
2677,2677,26,2,2025110715,4,1,8283,0.9,5,0,True,2025-11-07 15:36:41
2678,2678,539,17,2026010121,2,1,6870,0.96,,0,True,2026-01-01 21:12:00
2679,2679,539,16,2026010121,2,1,12767,0.98,4,1,False,2026-01-01 21:14:00
2680,2680,88,12,2026020921,2,1,13003,0.96,4,0,True,2026-02-09 21:00:09
2681,2681,370,9,2025101918,1,1,12422,0.98,4,0,False,2025-10-19 18:39:18
2682,2682,372,13,2026012702,1,1,11369,0.93,4,0,False,2026-01-27 02:58:23
2683,2683,372,14,2026012703,1,1,13639,0.83,,0,False,2026-01-27 03:00:23
2684,2684,964,1,2025122907,3,1,6166,0.98,5,0,False,2025-12-29 07:03:42
2685,2685,964,3,2025122907,3,1,11772,0.89,3,1,True,2025-12-29 07:08:42
2686,2686,964,8,2025122907,3,3,3873,0.25,2,0,False,2025-12-29 07:13:42
2687,2687,23,13,2026030712,6,1,5718,0.84,5,0,True,2026-03-07 12:30:14
2688,2688,23,14,2026030712,6,1,8124,0.93,4,0,False,2026-03-07 12:34:14
2689,2689,150,2,2025090807,6,1,11421,0.9,3,1,False,2025-09-08 07:49:32
2690,2690,150,5,2025090807,6,1,11356,0.96,4,0,True,2025-09-08 07:54:32
2691,2691,150,9,2025090807,6,1,13977,0.87,4,0,True,2025-09-08 07:53:32
2692,2692,400,6,2026012615,2,1,4273,0.93,4,0,True,2026-01-26 15:23:54
2693,2693,400,15,2026012615,2,3,9632,0.29,2,0,False,2026-01-26 15:25:54
2694,2694,53,17,2025121406,2,1,13821,0.94,5,0,False,2025-12-14 06:41:22
2695,2695,53,16,2025121406,2,4,9671,0.22,,1,False,2025-12-14 06:43:22
2696,2696,572,19,2026031320,2,1,12394,0.96,4,0,False,2026-03-13 20:08:15
2697,2697,572,23,2026031320,2,1,13784,0.85,4,0,False,2026-03-13 20:12:15
2698,2698,572,8,2026031320,2,1,5551,0.85,4,0,False,2026-03-13 20:16:15
2699,2699,390,17,2025121914,1,1,10976,0.97,,0,False,2025-12-19 14:18:58
2700,2700,390,16,2025121914,1,1,12442,0.94,5,0,True,2025-12-19 14:23:58
2701,2701,358,1,2026012515,3,1,14809,0.94,5,0,False,2026-01-25 15:19:22
2702,2702,600,20,2026010103,2,1,9228,0.91,3,0,True,2026-01-01 03:52:22
2703,2703,600,5,2026010103,2,1,9118,0.83,4,1,False,2026-01-01 03:55:22
2704,2704,313,13,2026021722,1,1,5609,0.98,5,0,True,2026-02-17 22:36:56
2705,2705,313,14,2026021722,1,1,12452,0.9,5,0,False,2026-02-17 22:38:56
2706,2706,359,22,2026031901,6,1,14451,0.95,3,0,False,2026-03-19 01:11:24
2707,2707,226,19,2025120317,2,1,5653,0.93,5,0,True,2025-12-03 17:00:53
2708,2708,226,23,2025120317,2,1,11815,0.89,4,0,False,2025-12-03 17:03:53
2709,2709,226,8,2025120317,2,6,6386,0.0,1,0,False,2025-12-03 17:06:53
2710,2710,238,18,2026012200,4,1,7884,0.96,5,0,False,2026-01-22 00:51:36
2711,2711,255,1,2025122918,1,1,9129,0.97,4,0,False,2025-12-29 18:30:07
2712,2712,255,3,2025122918,1,3,12470,0.16,2,0,False,2025-12-29 18:33:07
2713,2713,255,8,2025122918,1,1,11007,0.84,5,0,True,2025-12-29 18:38:07
2714,2714,717,17,2026022107,2,1,8503,0.91,4,0,False,2026-02-21 07:53:16
2715,2715,235,3,2026022320,1,4,13223,0.35,,2,False,2026-02-23 20:11:28
2716,2716,1152,1,2026011718,2,1,14526,0.89,5,0,True,2026-01-17 18:27:43
2717,2717,133,1,2025120702,1,1,8971,0.9,5,0,False,2025-12-07 02:40:21
2718,2718,133,3,2025120702,1,1,12783,0.97,3,0,False,2025-12-07 02:44:21
2719,2719,133,8,2025120702,1,1,11324,0.93,4,1,False,2025-12-07 02:46:21
2720,2720,165,17,2025120807,6,1,8607,0.84,4,0,False,2025-12-08 07:49:21
2721,2721,165,16,2025120807,6,1,11761,0.89,5,1,False,2025-12-08 07:51:21
2722,2722,161,19,2025110305,4,1,15248,0.96,5,1,True,2025-11-03 05:29:36
2723,2723,161,23,2025110305,4,1,4478,0.96,5,0,False,2025-11-03 05:31:36
2724,2724,161,8,2025110305,4,4,12066,0.1,2,0,False,2025-11-03 05:39:36
2725,2725,152,17,2025113007,2,7,12256,0.06,,0,False,2025-11-30 07:06:16
2726,2726,152,16,2025113007,2,2,9946,0.23,,0,False,2025-11-30 07:09:16
2727,2727,13,20,2026010202,1,1,12426,0.9,4,0,False,2026-01-02 02:15:16
2728,2728,187,1,2025091507,1,1,12541,0.85,5,0,False,2025-09-15 07:34:31
2729,2729,187,3,2025091507,1,1,9952,0.85,3,0,False,2025-09-15 07:37:31
2730,2730,187,8,2025091507,1,3,10076,0.31,2,0,False,2025-09-15 07:42:31
2731,2731,1035,6,2026011013,2,1,11615,0.94,4,0,False,2026-01-10 13:40:53
2732,2732,1035,15,2026011013,2,1,10363,0.89,3,0,False,2026-01-10 13:43:53
2733,2733,253,17,2025112611,3,1,5814,0.87,4,0,True,2025-11-26 11:55:28
2734,2734,253,16,2025112612,3,1,7189,0.93,3,0,False,2025-11-26 12:00:28
2735,2735,118,1,2026031709,5,1,10642,0.92,5,0,True,2026-03-17 09:41:22
2736,2736,118,3,2026031709,5,1,4384,0.82,5,0,False,2026-03-17 09:46:22
2737,2737,118,8,2026031709,5,1,7352,0.87,,0,False,2026-03-17 09:47:22
2738,2738,588,10,2026020923,1,1,14564,0.91,5,0,True,2026-02-09 23:08:57
2739,2739,554,19,2025120710,1,1,9866,0.98,4,0,False,2025-12-07 10:28:33
2740,2740,554,23,2025120710,1,1,11883,0.97,4,0,False,2025-12-07 10:32:33
2741,2741,554,8,2025120710,1,1,6371,0.85,5,0,False,2025-12-07 10:34:33
2742,2742,302,19,2025122709,1,1,14546,0.86,5,0,False,2025-12-27 09:36:02
2743,2743,302,23,2025122709,1,1,14123,0.89,3,0,False,2025-12-27 09:40:02
2744,2744,302,8,2025122709,1,1,7713,0.83,,0,True,2025-12-27 09:44:02
2745,2745,9,19,2025101621,1,2,5873,0.12,2,0,False,2025-10-16 21:34:42
2746,2746,9,23,2025101621,1,4,7279,0.33,1,0,False,2025-10-16 21:36:42
2747,2747,9,8,2025101621,1,1,14118,0.85,4,0,True,2025-10-16 21:42:42
2748,2748,219,3,2026010307,6,1,13225,0.89,5,0,False,2026-01-03 07:44:01
2749,2749,89,17,2026031210,2,1,7632,0.82,4,0,False,2026-03-12 10:21:17
2750,2750,89,16,2026031210,2,1,12120,0.93,3,0,True,2026-03-12 10:26:17
2751,2751,871,18,2025121513,1,1,9712,0.93,4,0,False,2025-12-15 13:54:18
2752,2752,1000,25,2026022407,2,1,4799,0.83,5,0,True,2026-02-24 07:29:12
2753,2753,383,17,2025100706,2,1,5920,0.83,4,0,False,2025-10-07 06:27:17
2754,2754,383,16,2025100706,2,1,12660,0.96,4,0,True,2025-10-07 06:32:17
2755,2755,1054,12,2025111313,2,1,8361,0.97,5,0,False,2025-11-13 13:26:23
2756,2756,86,20,2025110711,1,1,12738,0.83,5,0,True,2025-11-07 11:17:18
2757,2757,86,5,2025110711,1,1,13251,0.93,4,0,False,2025-11-07 11:21:18
2758,2758,381,16,2025122115,2,1,9023,0.95,5,0,False,2025-12-21 15:20:56
2759,2759,3,3,2026030812,5,1,7992,0.87,,0,False,2026-03-08 12:22:25
2760,2760,383,4,2026030400,2,1,8041,0.96,4,0,False,2026-03-04 00:36:02
2761,2761,383,10,2026030400,2,1,7710,0.84,4,0,True,2026-03-04 00:40:02
2762,2762,849,4,2025111911,1,1,14868,0.87,3,1,False,2025-11-19 11:42:20
2763,2763,849,10,2025111911,1,1,8084,0.93,4,0,False,2025-11-19 11:44:20
2764,2764,280,2,2025091508,2,1,5241,0.97,5,0,False,2025-09-15 08:28:46
2765,2765,280,5,2025091508,2,1,4582,0.89,5,0,True,2025-09-15 08:31:46
2766,2766,280,9,2025091508,2,1,13976,0.83,5,0,True,2025-09-15 08:32:46
2767,2767,28,25,2025101601,1,1,6303,0.96,4,1,False,2025-10-16 01:17:23
2768,2768,863,13,2025120700,2,3,10103,0.09,2,0,False,2025-12-07 00:59:30
2769,2769,863,14,2025120701,2,1,11224,0.94,4,0,False,2025-12-07 01:04:30
2770,2770,23,7,2026011506,1,1,4958,0.93,,0,False,2026-01-15 06:27:31
2771,2771,1118,25,2026021310,1,1,13093,0.98,,0,False,2026-02-13 10:59:29
2772,2772,780,20,2025122922,4,4,10202,0.1,,0,False,2025-12-29 22:58:39
2773,2773,780,5,2025122923,4,1,11256,0.84,5,1,True,2025-12-29 23:01:39
2774,2774,220,1,2026010222,3,1,8242,0.83,5,0,False,2026-01-02 22:32:36
2775,2775,220,3,2026010222,3,1,12457,0.96,5,0,True,2026-01-02 22:35:36
2776,2776,220,8,2026010222,3,1,13908,0.93,5,0,False,2026-01-02 22:40:36
2777,2777,52,1,2026030203,3,1,7316,0.9,5,0,False,2026-03-02 03:11:50
2778,2778,52,3,2026030203,3,1,13861,0.88,,0,True,2026-03-02 03:15:50
2779,2779,52,8,2026030203,3,1,6404,0.97,,0,False,2026-03-02 03:21:50
2780,2780,71,4,2026032811,2,1,8940,0.96,5,0,True,2026-03-28 11:24:39
2781,2781,71,10,2026032811,2,1,10098,0.86,4,0,False,2026-03-28 11:26:39
2782,2782,896,19,2025121612,5,1,11558,0.86,5,0,True,2025-12-16 12:55:31
2783,2783,896,23,2025121613,5,1,4311,0.96,5,0,False,2025-12-16 13:00:31
2784,2784,896,8,2025121613,5,1,8113,0.82,4,0,False,2025-12-16 13:03:31
2785,2785,24,2,2026021823,2,1,5637,0.96,3,0,False,2026-02-18 23:37:12
2786,2786,24,5,2026021823,2,1,12160,0.96,5,0,True,2026-02-18 23:42:12
2787,2787,24,9,2026021823,2,1,15331,0.82,4,0,False,2026-02-18 23:47:12
2788,2788,1115,20,2025121014,2,1,7492,0.94,,0,False,2025-12-10 14:38:21
2789,2789,1115,5,2025121014,2,1,8167,0.95,4,0,False,2025-12-10 14:40:21
2790,2790,95,12,2026012506,2,2,13546,0.0,1,1,False,2026-01-25 06:02:20
2791,2791,333,6,2025122417,5,1,5321,0.9,4,0,True,2025-12-24 17:34:25
2792,2792,333,15,2025122417,5,1,12466,0.95,4,0,False,2025-12-24 17:39:25
2793,2793,559,11,2025112617,3,5,13605,0.07,1,0,False,2025-11-26 17:58:19
2794,2794,155,2,2026011910,1,1,4015,0.95,5,0,False,2026-01-19 10:04:24
2795,2795,155,5,2026011910,1,1,11292,0.85,5,1,False,2026-01-19 10:08:24
2796,2796,155,9,2026011910,1,1,14443,0.9,5,0,False,2026-01-19 10:14:24
2797,2797,383,20,2025122817,5,1,5964,0.94,4,0,False,2025-12-28 17:41:46
2798,2798,1143,23,2026030504,6,1,5539,0.87,4,0,False,2026-03-05 04:26:49
2799,2799,991,15,2025092706,1,1,13285,0.93,4,0,False,2025-09-27 06:57:54
2800,2800,94,23,2025112219,1,1,11669,0.89,,0,False,2025-11-22 19:47:24
2801,2801,366,19,2025091906,1,4,12347,0.1,2,0,False,2025-09-19 06:27:20
2802,2802,366,23,2025091906,1,1,12977,0.86,5,0,False,2025-09-19 06:29:20
2803,2803,366,8,2025091906,1,6,13948,0.0,1,0,False,2025-09-19 06:35:20
2804,2804,328,17,2026031910,3,1,9585,0.9,5,0,False,2026-03-19 10:12:23
2805,2805,328,16,2026031910,3,1,5969,0.91,5,0,True,2026-03-19 10:17:23
2806,2806,98,23,2025121617,1,1,4760,0.91,5,0,False,2025-12-16 17:06:31
2807,2807,796,22,2026030209,4,4,6979,0.0,,0,False,2026-03-02 09:00:32
2808,2808,163,20,2025112318,1,1,11971,0.83,4,0,False,2025-11-23 18:29:45
2809,2809,163,5,2025112318,1,1,11719,0.87,5,0,True,2025-11-23 18:34:45
2810,2810,399,21,2026032019,3,1,14167,0.98,5,0,False,2026-03-20 19:08:56
2811,2811,1114,1,2026031219,1,1,7569,0.87,4,0,False,2026-03-12 19:06:44
2812,2812,1114,3,2026031219,1,1,13293,0.85,4,1,False,2026-03-12 19:08:44
2813,2813,1114,8,2026031219,1,1,9607,0.89,3,0,False,2026-03-12 19:16:44
2814,2814,731,21,2025112320,6,3,7188,0.27,2,2,False,2025-11-23 20:01:03
2815,2815,506,7,2025111705,2,5,11023,0.21,,0,False,2025-11-17 05:25:26
2816,2816,74,17,2026032208,2,1,13203,0.93,4,0,False,2026-03-22 08:29:43
2817,2817,11,4,2025091423,1,1,9988,0.93,5,0,False,2025-09-14 23:22:09
2818,2818,11,10,2025091423,1,1,12778,0.85,4,0,True,2025-09-14 23:27:09
2819,2819,355,13,2025121419,1,1,13498,0.88,5,0,True,2025-12-14 19:27:41
2820,2820,227,9,2026022119,2,6,10035,0.0,1,0,False,2026-02-21 19:59:54
2821,2821,40,20,2025111723,6,1,10072,0.98,3,0,True,2025-11-17 23:09:41
2822,2822,40,5,2025111723,6,1,7657,0.97,4,1,False,2025-11-17 23:13:41
2823,2823,932,15,2025091403,3,1,10789,0.83,4,0,False,2025-09-14 03:39:09
2824,2824,44,20,2025102823,3,1,14069,0.87,5,0,False,2025-10-28 23:59:07
2825,2825,44,5,2025102900,3,5,10244,0.29,,0,False,2025-10-29 00:01:07
2826,2826,502,19,2025112702,1,1,11557,0.84,4,0,False,2025-11-27 02:46:20
2827,2827,502,23,2025112702,1,1,11847,0.96,5,0,False,2025-11-27 02:49:20
2828,2828,502,8,2025112702,1,1,7458,0.91,4,0,True,2025-11-27 02:52:20
2829,2829,674,2,2026031809,1,2,11003,0.33,1,0,False,2026-03-18 09:39:15
2830,2830,60,7,2025113021,2,1,5795,0.88,5,0,False,2025-11-30 21:46:57
2831,2831,216,4,2025090605,1,1,14361,0.93,4,0,False,2025-09-06 05:49:32
2832,2832,216,10,2025090605,1,1,10841,0.92,4,0,False,2025-09-06 05:51:32
2833,2833,396,17,2026031405,2,1,7079,0.93,4,0,True,2026-03-14 05:02:34
2834,2834,396,16,2026031405,2,1,12372,0.98,,0,False,2026-03-14 05:07:34
2835,2835,62,4,2025102221,2,1,13484,0.89,,0,False,2025-10-22 21:39:35
2836,2836,62,10,2025102221,2,1,13352,0.88,4,0,True,2025-10-22 21:42:35
2837,2837,287,17,2026021121,3,1,10841,0.94,4,0,True,2026-02-11 21:57:55
2838,2838,287,16,2026021122,3,1,8576,0.94,4,0,False,2026-02-11 22:02:55
2839,2839,204,19,2025122600,2,1,5015,0.91,4,0,False,2025-12-26 00:05:51
2840,2840,102,19,2025123021,1,3,12237,0.27,1,0,False,2025-12-30 21:19:11
2841,2841,102,23,2025123021,1,1,8435,0.92,5,1,False,2025-12-30 21:24:11
2842,2842,102,8,2025123021,1,1,9729,0.94,4,0,False,2025-12-30 21:27:11
2843,2843,203,1,2026031918,1,2,8342,0.28,2,0,False,2026-03-19 18:36:41
2844,2844,203,3,2026031918,1,1,11256,0.94,4,0,False,2026-03-19 18:41:41
2845,2845,203,8,2026031918,1,1,8089,0.94,4,0,False,2026-03-19 18:42:41
2846,2846,299,20,2025092616,1,1,10758,0.83,3,0,False,2025-09-26 16:45:02
2847,2847,299,5,2025092616,1,1,8771,0.85,5,0,True,2025-09-26 16:47:02
2848,2848,467,21,2026022206,2,1,12935,0.92,5,0,True,2026-02-22 06:41:59
2849,2849,585,20,2026032016,1,1,9692,0.87,,0,False,2026-03-20 16:26:45
2850,2850,270,19,2025112919,3,1,13089,0.97,5,0,True,2025-11-29 19:28:36
2851,2851,270,23,2025112919,3,1,9034,0.94,5,0,False,2025-11-29 19:31:36
2852,2852,270,8,2025112919,3,1,12762,0.88,4,0,False,2025-11-29 19:32:36
2853,2853,257,15,2025122019,1,1,13632,0.86,5,0,True,2025-12-20 19:48:58
2854,2854,232,20,2025112313,1,2,13394,0.18,2,0,False,2025-11-23 13:37:27
2855,2855,232,5,2025112313,1,1,7342,0.95,,0,True,2025-11-23 13:42:27
2856,2856,825,20,2026011811,2,1,4227,0.85,4,0,False,2026-01-18 11:51:01
2857,2857,825,5,2026011811,2,3,8784,0.02,1,0,False,2026-01-18 11:56:01
2858,2858,88,13,2026021405,2,1,13249,0.88,4,0,False,2026-02-14 05:28:51
2859,2859,88,14,2026021405,2,1,7595,0.85,4,0,False,2026-02-14 05:30:51
2860,2860,649,12,2026020515,2,1,14166,0.93,5,1,False,2026-02-05 15:26:12
2861,2861,564,4,2026010618,1,3,5020,0.25,2,0,False,2026-01-06 18:40:28
2862,2862,564,10,2026010618,1,1,7741,0.87,3,0,False,2026-01-06 18:43:28
2863,2863,557,1,2026031003,1,6,12629,0.0,,0,False,2026-03-10 03:49:23
2864,2864,557,3,2026031003,1,1,5184,0.91,4,0,False,2026-03-10 03:51:23
2865,2865,557,8,2026031003,1,1,9536,0.88,5,0,True,2026-03-10 03:53:23
2866,2866,282,19,2025112618,1,3,5127,0.23,1,0,False,2025-11-26 18:53:12
2867,2867,332,20,2026011612,3,1,9690,0.97,5,1,False,2026-01-16 12:17:45
2868,2868,956,20,2026030807,1,1,9483,0.84,5,0,True,2026-03-08 07:31:56
2869,2869,956,5,2026030807,1,6,8044,0.0,,0,False,2026-03-08 07:34:56
2870,2870,16,2,2025112303,5,1,11055,0.9,4,0,True,2025-11-23 03:08:37
2871,2871,16,5,2025112303,5,1,6670,0.84,5,0,False,2025-11-23 03:10:37
2872,2872,16,9,2025112303,5,1,14697,0.92,,0,False,2025-11-23 03:14:37
2873,2873,128,19,2025121106,2,1,13880,0.91,3,0,False,2025-12-11 06:13:05
2874,2874,128,23,2025121106,2,1,7468,0.84,5,0,False,2025-12-11 06:15:05
2875,2875,128,8,2025121106,2,1,12022,0.85,4,0,False,2025-12-11 06:19:05
2876,2876,286,6,2025112308,1,1,11972,0.87,4,0,False,2025-11-23 08:12:44
2877,2877,286,15,2025112308,1,1,13050,0.96,5,0,False,2025-11-23 08:14:44
2878,2878,781,12,2025092003,1,2,10617,0.02,1,0,False,2025-09-20 03:08:30
2879,2879,37,23,2025123105,4,1,12565,0.94,5,0,False,2025-12-31 05:19:46
2880,2880,369,9,2026031408,1,1,10773,0.91,4,1,False,2026-03-14 08:15:58
2881,2881,153,24,2026021816,1,1,11526,0.84,,0,False,2026-02-18 16:30:02
2882,2882,269,1,2026011415,2,1,5263,0.86,4,0,False,2026-01-14 15:12:15
2883,2883,269,3,2026011415,2,1,6635,0.96,5,0,False,2026-01-14 15:16:15
2884,2884,269,8,2026011415,2,1,10098,0.92,4,0,False,2026-01-14 15:18:15
2885,2885,835,1,2026031814,1,1,9808,0.9,5,0,True,2026-03-18 14:11:57
2886,2886,835,3,2026031814,1,1,10047,0.87,,0,True,2026-03-18 14:16:57
2887,2887,835,8,2026031814,1,1,12549,0.83,5,0,True,2026-03-18 14:21:57
2888,2888,3,6,2025122719,1,1,10467,0.92,5,0,False,2025-12-27 19:47:27
2889,2889,3,15,2025122719,1,3,11745,0.06,2,0,False,2025-12-27 19:49:27
2890,2890,89,17,2025110117,3,1,6124,0.85,5,0,True,2025-11-01 17:56:40
2891,2891,89,16,2025110117,3,1,3711,0.87,5,0,False,2025-11-01 17:59:40
2892,2892,436,10,2026022510,2,1,7460,0.84,,1,True,2026-02-25 10:56:08
2893,2893,120,11,2026020804,1,1,3972,0.84,4,0,False,2026-02-08 04:04:14
2894,2894,1083,6,2026031702,1,1,6106,0.93,3,0,True,2026-03-17 02:32:31
2895,2895,1083,15,2026031702,1,1,8241,0.96,4,0,True,2026-03-17 02:36:31
2896,2896,331,1,2025093012,3,1,15406,0.86,,0,False,2025-09-30 12:01:40
2897,2897,331,3,2025093012,3,1,6134,0.91,5,0,True,2025-09-30 12:06:40
2898,2898,331,8,2025093012,3,1,13902,0.9,4,0,True,2025-09-30 12:05:40
2899,2899,797,2,2026022809,2,1,10391,0.91,4,0,False,2026-02-28 09:36:15
2900,2900,797,5,2026022809,2,1,9147,0.92,5,0,False,2026-02-28 09:41:15
2901,2901,797,9,2026022809,2,1,7088,0.87,,0,False,2026-02-28 09:46:15
2902,2902,502,6,2026010116,1,1,5801,0.84,4,0,False,2026-01-01 16:56:04
2903,2903,502,15,2026010116,1,1,12827,0.83,4,0,False,2026-01-01 16:59:04
2904,2904,266,4,2026010722,1,1,7602,0.94,4,1,False,2026-01-07 22:15:00
2905,2905,266,10,2026010722,1,1,5725,0.9,4,0,False,2026-01-07 22:19:00
2906,2906,256,19,2026022703,1,3,8524,0.07,2,0,False,2026-02-27 03:32:16
2907,2907,256,23,2026022703,1,1,5932,0.92,4,0,False,2026-02-27 03:37:16
2908,2908,256,8,2026022703,1,1,5046,0.83,5,0,False,2026-02-27 03:36:16
2909,2909,1065,2,2025112517,1,6,13380,0.0,1,0,False,2025-11-25 17:18:56
2910,2910,1065,5,2025112517,1,1,7054,0.88,4,0,False,2025-11-25 17:23:56
2911,2911,1065,9,2025112517,1,2,8981,0.3,1,1,False,2025-11-25 17:28:56
2912,2912,557,20,2026022602,3,2,14074,0.02,1,0,False,2026-02-26 02:54:45
2913,2913,557,5,2026022602,3,1,9531,0.92,4,0,False,2026-02-26 02:58:45
2914,2914,388,2,2026021617,3,1,5843,0.83,5,0,False,2026-02-16 17:33:38
2915,2915,388,5,2026021617,3,1,7297,0.86,4,0,False,2026-02-16 17:36:38
2916,2916,388,9,2026021617,3,1,8512,0.91,3,0,False,2026-02-16 17:43:38
2917,2917,51,11,2025112907,1,1,5627,0.89,4,0,True,2025-11-29 07:28:35
2918,2918,399,20,2026032408,2,1,3994,0.94,4,0,True,2026-03-24 08:42:50
2919,2919,399,5,2026032408,2,1,3761,0.98,5,0,True,2026-03-24 08:47:50
2920,2920,187,6,2025102509,1,1,7182,0.92,4,0,False,2025-10-25 09:54:07
2921,2921,187,15,2025102509,1,1,10914,0.91,4,0,False,2025-10-25 09:59:07
2922,2922,79,4,2026031911,1,1,12059,0.94,4,0,False,2026-03-19 11:44:10
2923,2923,79,10,2026031911,1,1,9475,0.88,,0,True,2026-03-19 11:46:10
2924,2924,1166,13,2025100800,2,1,12914,0.87,5,0,True,2025-10-08 00:48:38
2925,2925,1166,14,2025100800,2,1,7982,0.95,4,0,True,2025-10-08 00:52:38
2926,2926,9,15,2026013007,2,1,7394,0.93,4,0,False,2026-01-30 07:51:57
2927,2927,76,20,2025102320,2,1,9799,0.94,5,0,False,2025-10-23 20:02:33
2928,2928,76,5,2025102320,2,1,5410,0.92,4,0,False,2025-10-23 20:06:33
2929,2929,760,13,2025111510,1,1,11697,0.88,4,0,False,2025-11-15 10:49:00
2930,2930,63,13,2026021310,1,1,12799,0.83,4,1,False,2026-02-13 10:38:30
2931,2931,63,14,2026021310,1,1,13658,0.95,5,0,True,2026-02-13 10:42:30
2932,2932,360,4,2026031107,1,2,10045,0.08,1,0,False,2026-03-11 07:12:37
2933,2933,1,4,2025122006,1,1,14891,0.85,3,1,False,2025-12-20 06:17:59
2934,2934,1,10,2025122006,1,1,11299,0.9,4,0,False,2025-12-20 06:19:59
2935,2935,923,23,2025120711,2,1,5167,0.98,5,0,False,2025-12-07 11:00:03
2936,2936,918,1,2025112709,1,1,14568,0.86,4,0,False,2025-11-27 09:25:55
2937,2937,918,3,2025112709,1,2,8706,0.07,1,0,False,2025-11-27 09:27:55
2938,2938,918,8,2025112709,1,3,6292,0.14,2,1,False,2025-11-27 09:31:55
2939,2939,934,4,2026021311,2,1,13010,0.93,5,0,True,2026-02-13 11:30:21
2940,2940,36,2,2026010916,3,1,10478,0.85,5,1,False,2026-01-09 16:25:04
2941,2941,36,5,2026010916,3,1,14199,0.89,5,0,False,2026-01-09 16:30:04
2942,2942,36,9,2026010916,3,1,14911,0.83,5,0,True,2026-01-09 16:35:04
2943,2943,1026,19,2026011406,4,1,11729,0.97,,0,False,2026-01-14 06:37:01
2944,2944,1026,23,2026011406,4,3,11773,0.05,1,0,False,2026-01-14 06:42:01
2945,2945,1026,8,2026011406,4,1,12190,0.95,5,0,False,2026-01-14 06:45:01
2946,2946,425,19,2026011118,2,1,8909,0.88,5,0,False,2026-01-11 18:16:50
2947,2947,183,21,2025111601,1,1,14838,0.94,4,0,False,2025-11-16 01:51:40
2948,2948,270,24,2026011823,2,1,5442,0.86,5,0,True,2026-01-18 23:46:35
2949,2949,615,1,2026011500,3,1,13743,0.88,4,0,True,2026-01-15 00:37:19
2950,2950,615,3,2026011500,3,1,13544,0.85,5,0,True,2026-01-15 00:42:19
2951,2951,615,8,2026011500,3,1,11213,0.86,5,0,False,2026-01-15 00:41:19
2952,2952,1103,1,2025121701,2,1,10148,0.95,5,0,False,2025-12-17 01:39:40
2953,2953,1103,3,2025121701,2,1,13226,0.9,5,0,False,2025-12-17 01:42:40
2954,2954,1103,8,2025121701,2,1,8065,0.97,4,0,False,2025-12-17 01:45:40
2955,2955,1194,24,2026020112,1,1,14345,0.97,,0,True,2026-02-01 12:37:08
2956,2956,80,1,2026010916,2,1,15293,0.83,5,0,True,2026-01-09 16:42:41
2957,2957,80,3,2026010916,2,1,5583,0.91,5,0,False,2026-01-09 16:44:41
2958,2958,80,8,2026010916,2,1,12192,0.89,5,0,False,2026-01-09 16:50:41
2959,2959,71,13,2025092510,1,1,12352,0.92,4,0,False,2025-09-25 10:31:08
2960,2960,71,14,2025092510,1,5,6705,0.12,,0,False,2025-09-25 10:35:08
2961,2961,56,20,2026020117,4,1,12576,0.94,3,0,True,2026-02-01 17:58:20
2962,2962,56,5,2026020118,4,1,5254,0.92,4,0,False,2026-02-01 18:00:20
2963,2963,278,19,2025103111,1,1,9070,0.84,5,0,True,2025-10-31 11:13:49
2964,2964,278,23,2025103111,1,6,3891,0.0,2,0,False,2025-10-31 11:18:49
2965,2965,278,8,2025103111,1,1,9653,0.92,5,0,False,2025-10-31 11:17:49
2966,2966,9,19,2026021406,1,1,13698,0.94,5,0,True,2026-02-14 06:52:19
2967,2967,9,23,2026021406,1,1,11276,0.86,4,0,False,2026-02-14 06:55:19
2968,2968,9,8,2026021407,1,1,7997,0.93,3,0,False,2026-02-14 07:00:19
2969,2969,210,1,2026022819,1,1,11389,0.95,4,0,False,2026-02-28 19:45:09
2970,2970,210,3,2026022819,1,1,9034,0.97,4,0,False,2026-02-28 19:49:09
2971,2971,210,8,2026022819,1,1,13080,0.98,5,0,False,2026-02-28 19:53:09
2972,2972,1190,6,2025112401,6,1,9307,0.96,4,0,False,2025-11-24 01:39:00
2973,2973,1190,15,2025112401,6,1,4318,0.88,4,0,False,2025-11-24 01:41:00
2974,2974,306,4,2026021804,1,1,5052,0.88,,0,False,2026-02-18 04:49:35
2975,2975,306,10,2026021804,1,1,5985,0.92,4,0,False,2026-02-18 04:51:35
2976,2976,362,1,2025112107,1,1,9787,0.91,,0,True,2025-11-21 07:10:40
2977,2977,24,1,2026032619,3,1,7038,0.84,,0,False,2026-03-26 19:48:13
2978,2978,24,3,2026032619,3,1,8571,0.97,3,0,False,2026-03-26 19:50:13
2979,2979,24,8,2026032619,3,1,13530,0.9,4,0,False,2026-03-26 19:58:13
2980,2980,62,5,2026032409,1,1,5086,0.87,4,0,True,2026-03-24 09:24:40
2981,2981,215,25,2026033021,2,1,5313,0.86,4,0,False,2026-03-30 21:51:11
2982,2982,56,19,2026011208,2,1,13409,0.87,3,0,True,2026-01-12 08:36:37
2983,2983,56,23,2026011208,2,1,7989,0.96,5,0,False,2026-01-12 08:41:37
2984,2984,56,8,2026011208,2,1,8519,0.93,4,0,False,2026-01-12 08:46:37
2985,2985,85,17,2026031314,2,1,9146,0.87,5,1,True,2026-03-13 14:05:29
2986,2986,85,16,2026031314,2,1,7146,0.88,5,0,False,2026-03-13 14:10:29
2987,2987,100,1,2026031816,2,1,12405,0.89,5,0,True,2026-03-18 16:48:40
2988,2988,100,3,2026031816,2,1,5624,0.91,4,0,False,2026-03-18 16:53:40
2989,2989,100,8,2026031816,2,1,11605,0.87,5,0,False,2026-03-18 16:58:40
2990,2990,312,13,2025110107,4,1,10516,0.87,5,0,False,2025-11-01 07:21:03
2991,2991,312,14,2025110107,4,1,6935,0.96,4,0,False,2025-11-01 07:25:03
2992,2992,106,16,2026020421,1,1,11079,0.86,,0,False,2026-02-04 21:36:25
2993,2993,80,2,2025090910,3,1,4728,0.93,4,0,True,2025-09-09 10:04:16
2994,2994,80,5,2025090910,3,1,14136,0.93,4,0,True,2025-09-09 10:08:16
2995,2995,80,9,2025090910,3,1,9747,0.97,4,0,True,2025-09-09 10:08:16
2996,2996,317,12,2025122906,5,1,7217,0.89,5,0,False,2025-12-29 06:51:39
2997,2997,583,20,2026031818,1,1,13211,0.95,4,0,True,2026-03-18 18:37:43
2998,2998,583,5,2026031818,1,1,9771,0.83,4,0,False,2026-03-18 18:42:43
2999,2999,361,3,2026010400,2,1,13793,0.86,5,0,False,2026-01-04 00:29:45
3000,3000,73,14,2025092723,1,1,12741,0.82,3,0,False,2025-09-27 23:05:31
3001,3001,24,4,2025101306,1,1,8888,0.83,5,0,True,2025-10-13 06:53:00
3002,3002,24,10,2025101306,1,1,8869,0.91,4,0,True,2025-10-13 06:58:00
3003,3003,328,2,2026012317,2,1,10453,0.87,,0,False,2026-01-23 17:35:48
3004,3004,328,5,2026012317,2,1,5913,0.94,4,0,False,2026-01-23 17:40:48
3005,3005,328,9,2026012317,2,1,11631,0.93,4,0,True,2026-01-23 17:41:48
3006,3006,211,14,2025102903,1,1,6427,0.92,4,0,False,2025-10-29 03:50:31
3007,3007,300,19,2026021622,2,1,9953,0.93,4,0,False,2026-02-16 22:02:55
3008,3008,300,23,2026021622,2,1,7914,0.9,5,0,True,2026-02-16 22:05:55
3009,3009,300,8,2026021622,2,1,9058,0.91,5,0,True,2026-02-16 22:08:55
3010,3010,178,7,2025123102,2,1,3882,0.92,5,0,False,2025-12-31 02:17:10
3011,3011,1017,20,2026020615,1,1,5979,0.84,,0,True,2026-02-06 15:32:44
3012,3012,1017,5,2026020615,1,1,5934,0.94,5,0,False,2026-02-06 15:35:44
3013,3013,271,1,2025102416,1,1,11337,0.93,5,0,True,2025-10-24 16:23:22
3014,3014,271,3,2025102416,1,1,12233,0.89,,0,False,2025-10-24 16:25:22
3015,3015,271,8,2025102416,1,1,13270,0.83,4,0,False,2025-10-24 16:33:22
3016,3016,601,15,2026010518,2,1,4586,0.89,4,0,False,2026-01-05 18:21:45
3017,3017,103,21,2025102212,3,1,11786,0.86,5,0,True,2025-10-22 12:08:09
3018,3018,50,2,2025091511,1,1,4706,0.96,5,0,True,2025-09-15 11:28:04
3019,3019,50,5,2025091511,1,1,5334,0.9,4,0,False,2025-09-15 11:30:04
3020,3020,50,9,2025091511,1,3,13645,0.22,1,0,False,2025-09-15 11:34:04
3021,3021,1033,14,2025112605,1,1,12603,0.87,5,0,True,2025-11-26 05:08:20
3022,3022,79,6,2025112209,2,1,11727,0.89,,0,True,2025-11-22 09:59:08
3023,3023,369,5,2025091919,1,2,13786,0.34,,2,False,2025-09-19 19:51:17
3024,3024,411,17,2026020608,1,1,8541,0.88,,0,False,2026-02-06 08:31:52
3025,3025,411,16,2026020608,1,1,4010,0.92,4,0,True,2026-02-06 08:36:52
3026,3026,114,2,2026021500,3,1,3802,0.98,5,0,True,2026-02-15 00:34:08
3027,3027,114,5,2026021500,3,1,10714,0.94,4,1,True,2026-02-15 00:39:08
3028,3028,114,9,2026021500,3,1,12467,0.98,4,0,False,2026-02-15 00:40:08
3029,3029,611,4,2025110901,1,1,14987,0.95,3,0,True,2025-11-09 01:30:10
3030,3030,85,20,2026032507,1,1,10480,0.83,4,0,False,2026-03-25 07:34:14
3031,3031,85,5,2026032507,1,1,9135,0.89,4,0,False,2026-03-25 07:38:14
3032,3032,166,22,2025102506,1,1,5126,0.84,5,0,True,2025-10-25 06:08:15
3033,3033,118,1,2026021618,1,1,6363,0.97,5,0,False,2026-02-16 18:48:44
3034,3034,118,3,2026021618,1,1,6652,0.89,5,0,True,2026-02-16 18:50:44
3035,3035,118,8,2026021618,1,1,7490,0.85,5,1,False,2026-02-16 18:56:44
3036,3036,796,17,2025121605,6,1,6785,0.95,5,0,False,2025-12-16 05:13:12
3037,3037,796,16,2025121605,6,1,8042,0.86,4,0,True,2025-12-16 05:15:12
3038,3038,247,22,2026010904,1,1,6061,0.84,3,0,True,2026-01-09 04:09:46
3039,3039,92,17,2026031605,1,1,10526,0.88,4,0,True,2026-03-16 05:34:29
3040,3040,92,16,2026031605,1,3,6870,0.27,2,0,False,2026-03-16 05:37:29
3041,3041,812,13,2025090211,1,1,5271,0.97,3,0,False,2025-09-02 11:00:45
3042,3042,812,14,2025090211,1,1,6713,0.94,4,0,True,2025-09-02 11:02:45
3043,3043,376,4,2026031020,4,1,13670,0.92,5,0,True,2026-03-10 20:35:23
3044,3044,376,10,2026031020,4,1,8878,0.88,4,0,True,2026-03-10 20:40:23
3045,3045,523,2,2025110809,6,1,13638,0.96,5,0,False,2025-11-08 09:43:35
3046,3046,523,5,2025110809,6,1,9856,0.92,4,0,True,2025-11-08 09:46:35
3047,3047,523,9,2025110809,6,4,5707,0.29,,0,False,2025-11-08 09:53:35
3048,3048,379,12,2025122507,3,1,11850,0.97,4,0,True,2025-12-25 07:03:44
3049,3049,1172,13,2026012604,1,1,6686,0.96,4,0,True,2026-01-26 04:15:52
3050,3050,1172,14,2026012604,1,1,9975,0.94,,0,False,2026-01-26 04:18:52
3051,3051,658,20,2025111614,2,1,7309,0.82,5,0,False,2025-11-16 14:14:44
3052,3052,658,5,2025111614,2,1,12805,0.83,4,1,False,2025-11-16 14:16:44
3053,3053,201,5,2025092008,2,1,12283,0.9,4,0,False,2025-09-20 08:36:43
3054,3054,670,3,2026031220,1,3,5423,0.05,,0,False,2026-03-12 20:51:17
3055,3055,171,20,2026030709,4,1,13442,0.97,4,0,False,2026-03-07 09:21:30
3056,3056,372,19,2026021407,3,6,6968,0.0,,2,False,2026-02-14 07:26:50
3057,3057,127,24,2025120314,3,1,10762,0.94,5,1,False,2025-12-03 14:26:09
3058,3058,222,13,2025102213,4,1,5551,0.85,4,0,False,2025-10-22 13:15:11
3059,3059,222,14,2025102213,4,1,13648,0.89,,0,False,2025-10-22 13:20:11
3060,3060,790,10,2026010816,1,1,7907,0.92,5,0,False,2026-01-08 16:38:45
3061,3061,520,4,2026030313,1,1,13042,0.89,5,0,True,2026-03-03 13:39:04
3062,3062,520,10,2026030313,1,1,8915,0.97,5,0,True,2026-03-03 13:41:04
3063,3063,64,19,2025093023,2,1,12822,0.88,4,0,False,2025-09-30 23:11:02
3064,3064,64,23,2025093023,2,1,5924,0.87,4,0,True,2025-09-30 23:14:02
3065,3065,64,8,2025093023,2,1,5563,0.97,4,0,False,2025-09-30 23:19:02
3066,3066,48,17,2025111619,1,1,5055,0.85,4,0,False,2025-11-16 19:52:24
3067,3067,48,16,2025111619,1,1,13000,0.87,,0,False,2025-11-16 19:57:24
3068,3068,365,12,2026030812,3,1,11605,0.97,5,0,False,2026-03-08 12:04:30
3069,3069,272,2,2026021401,5,1,4953,0.92,4,1,True,2026-02-14 01:36:15
3070,3070,272,5,2026021401,5,1,11227,0.83,5,0,False,2026-02-14 01:40:15
3071,3071,272,9,2026021401,5,1,11113,0.94,4,0,False,2026-02-14 01:44:15
3072,3072,115,13,2026021013,1,1,3778,0.88,5,0,False,2026-02-10 13:17:46
3073,3073,115,14,2026021013,1,1,13189,0.88,5,0,True,2026-02-10 13:21:46
3074,3074,82,2,2025101213,1,1,6861,0.94,5,0,True,2025-10-12 13:26:15
3075,3075,82,5,2025101213,1,7,4863,0.04,2,0,False,2025-10-12 13:29:15
3076,3076,82,9,2025101213,1,1,7549,0.97,5,0,True,2025-10-12 13:36:15
3077,3077,788,17,2025121707,1,1,11883,0.96,3,1,True,2025-12-17 07:28:46
3078,3078,788,16,2025121707,1,1,10450,0.88,3,0,True,2025-12-17 07:31:46
3079,3079,1000,13,2025110300,3,1,6614,0.87,,0,True,2025-11-03 00:05:30
3080,3080,1000,14,2025110300,3,1,6479,0.86,4,0,False,2025-11-03 00:08:30
3081,3081,75,2,2025122019,3,1,13927,0.86,4,0,False,2025-12-20 19:38:46
3082,3082,75,5,2025122019,3,1,7793,0.83,5,0,True,2025-12-20 19:42:46
3083,3083,75,9,2025122019,3,4,8111,0.27,1,0,False,2025-12-20 19:42:46
3084,3084,23,3,2026030519,3,1,10243,0.85,5,1,False,2026-03-05 19:13:46
3085,3085,236,2,2026012101,2,1,9592,0.85,5,0,True,2026-01-21 01:07:18
3086,3086,236,5,2026012101,2,1,4803,0.87,,0,False,2026-01-21 01:09:18
3087,3087,236,9,2026012101,2,1,15037,0.96,5,0,True,2026-01-21 01:17:18
3088,3088,130,1,2025122622,2,1,14582,0.87,4,0,True,2025-12-26 22:24:31
3089,3089,130,3,2025122622,2,1,11953,0.85,5,0,False,2025-12-26 22:26:31
3090,3090,130,8,2025122622,2,1,9628,0.94,4,0,False,2025-12-26 22:28:31
3091,3091,148,13,2025111322,3,1,4200,0.82,4,0,True,2025-11-13 22:50:08
3092,3092,148,14,2025111322,3,1,8659,0.84,5,0,False,2025-11-13 22:54:08
3093,3093,177,20,2026031518,1,1,13528,0.93,4,0,True,2026-03-15 18:07:50
3094,3094,177,5,2026031518,1,1,10521,0.93,,0,False,2026-03-15 18:12:50
3095,3095,82,11,2025101909,1,1,6824,0.91,3,1,True,2025-10-19 09:28:18
3096,3096,95,17,2025110808,1,1,3902,0.86,4,0,False,2025-11-08 08:36:17
3097,3097,95,16,2025110808,1,1,10139,0.96,,0,False,2025-11-08 08:39:17
3098,3098,25,6,2025120414,1,1,6303,0.97,,0,False,2025-12-04 14:05:31
3099,3099,168,19,2026030107,1,1,15395,0.84,,0,True,2026-03-01 07:31:54
3100,3100,168,23,2026030107,1,1,11396,0.97,4,0,False,2026-03-01 07:36:54
3101,3101,168,8,2026030107,1,1,6624,0.84,3,0,False,2026-03-01 07:41:54
3102,3102,729,4,2025092110,2,1,14803,0.82,5,0,False,2025-09-21 10:25:45
3103,3103,729,10,2025092110,2,1,7253,0.84,5,0,False,2025-09-21 10:30:45
3104,3104,55,2,2025122506,1,1,7532,0.9,5,0,False,2025-12-25 06:07:56
3105,3105,55,5,2025122506,1,1,6473,0.86,5,0,False,2025-12-25 06:11:56
3106,3106,55,9,2025122506,1,1,12527,0.92,,0,False,2025-12-25 06:13:56
3107,3107,170,1,2025100103,1,1,13537,0.97,5,0,True,2025-10-01 03:27:34
3108,3108,170,3,2025100103,1,1,13179,0.83,3,0,False,2025-10-01 03:31:34
3109,3109,170,8,2025100103,1,1,4634,0.87,4,0,False,2025-10-01 03:31:34
3110,3110,646,17,2025090214,1,1,10245,0.93,5,0,False,2025-09-02 14:43:32
3111,3111,646,16,2025090214,1,1,4858,0.9,5,0,True,2025-09-02 14:47:32
3112,3112,1004,12,2026013004,1,1,9774,0.94,4,0,True,2026-01-30 04:15:51
3113,3113,103,7,2025111612,2,1,9506,0.88,3,0,False,2025-11-16 12:11:56
3114,3114,443,1,2026032309,2,1,12026,0.84,4,0,False,2026-03-23 09:24:23
3115,3115,469,11,2025090503,2,2,6004,0.31,,0,False,2025-09-05 03:29:44
3116,3116,41,15,2026030909,4,1,7246,0.85,,0,False,2026-03-09 09:54:19
3117,3117,259,19,2025113004,1,1,10245,0.96,5,0,False,2025-11-30 04:06:35
3118,3118,259,23,2025113004,1,2,10632,0.26,,0,False,2025-11-30 04:08:35
3119,3119,259,8,2025113004,1,1,7072,0.85,3,0,False,2025-11-30 04:16:35
3120,3120,1165,17,2025090714,1,3,13226,0.27,,1,False,2025-09-07 14:31:06
3121,3121,355,2,2025091113,2,1,5218,0.89,4,0,False,2025-09-11 13:34:16
3122,3122,355,5,2025091113,2,1,4088,0.9,4,0,False,2025-09-11 13:36:16
3123,3123,355,9,2025091113,2,3,15394,0.34,1,0,False,2025-09-11 13:44:16
3124,3124,250,2,2025111417,1,1,4037,0.96,4,0,True,2025-11-14 17:28:08
3125,3125,250,5,2025111417,1,1,5825,0.86,5,0,True,2025-11-14 17:32:08
3126,3126,250,9,2025111417,1,1,11473,0.96,5,1,True,2025-11-14 17:38:08
3127,3127,4,2,2025122518,1,1,11439,0.94,5,0,True,2025-12-25 18:11:52
3128,3128,4,5,2025122518,1,1,10634,0.84,4,0,False,2025-12-25 18:14:52
3129,3129,4,9,2025122518,1,2,13564,0.13,,0,False,2025-12-25 18:21:52
3130,3130,300,15,2026031306,2,1,11570,0.97,5,0,True,2026-03-13 06:40:16
3131,3131,23,3,2025121409,2,1,12001,0.92,5,0,True,2025-12-14 09:02:21
3132,3132,12,13,2026011915,1,1,11175,0.95,3,0,False,2026-01-19 15:03:26
3133,3133,12,14,2026011915,1,1,13182,0.91,5,0,True,2026-01-19 15:06:26
3134,3134,537,2,2025091621,1,1,5437,0.9,5,0,False,2025-09-16 21:17:38
3135,3135,537,5,2025091621,1,1,8269,0.88,4,0,False,2025-09-16 21:21:38
3136,3136,537,9,2025091621,1,1,10180,0.91,4,0,False,2025-09-16 21:23:38
3137,3137,1030,20,2025112820,4,1,9518,0.83,4,0,False,2025-11-28 20:13:01
3138,3138,1030,5,2025112820,4,1,9405,0.93,4,0,False,2025-11-28 20:17:01
3139,3139,468,1,2026010310,1,1,14630,0.93,4,0,False,2026-01-03 10:59:09
3140,3140,468,3,2026010311,1,1,5434,0.96,4,0,False,2026-01-03 11:02:09
3141,3141,468,8,2026010311,1,1,8242,0.89,4,1,False,2026-01-03 11:03:09
3142,3142,469,2,2025123020,6,1,12505,0.84,4,0,False,2025-12-30 20:43:28
3143,3143,469,5,2025123020,6,1,12743,0.96,,0,False,2025-12-30 20:47:28
3144,3144,469,9,2025123020,6,1,12100,0.89,,0,True,2025-12-30 20:53:28
3145,3145,88,13,2026031313,2,1,11288,0.84,3,0,True,2026-03-13 13:38:34
3146,3146,88,14,2026031313,2,1,8373,0.85,4,0,True,2026-03-13 13:40:34
3147,3147,68,4,2026032013,1,1,12911,0.94,5,0,False,2026-03-20 13:14:19
3148,3148,68,10,2026032013,1,1,5934,0.95,3,0,True,2026-03-20 13:18:19
3149,3149,1082,15,2026031917,1,1,8328,0.95,4,0,False,2026-03-19 17:28:50
3150,3150,37,2,2026032001,2,1,9908,0.86,5,0,False,2026-03-20 01:26:08
3151,3151,37,5,2026032001,2,1,11476,0.84,4,1,False,2026-03-20 01:28:08
3152,3152,37,9,2026032001,2,1,7532,0.96,4,0,True,2026-03-20 01:32:08
3153,3153,136,17,2026030211,1,1,4896,0.96,5,0,True,2026-03-02 11:21:39
3154,3154,136,16,2026030211,1,2,4142,0.21,,0,False,2026-03-02 11:25:39
3155,3155,9,4,2025090519,2,2,10067,0.3,1,0,False,2025-09-05 19:56:10
3156,3156,9,10,2025090520,2,1,10988,0.89,,0,True,2025-09-05 20:01:10
3157,3157,271,20,2025102404,1,4,13712,0.23,2,0,False,2025-10-24 04:26:34
3158,3158,271,5,2025102404,1,1,9097,0.93,4,0,False,2025-10-24 04:29:34
3159,3159,179,6,2026010208,1,1,13727,0.92,3,0,True,2026-01-02 08:08:26
3160,3160,179,15,2026010208,1,1,12795,0.85,4,0,True,2026-01-02 08:12:26
3161,3161,69,4,2025120612,5,1,13123,0.85,4,0,False,2025-12-06 12:55:32
3162,3162,69,10,2025120613,5,1,15329,0.9,5,0,False,2025-12-06 13:00:32
3163,3163,625,13,2026012501,5,1,7846,0.93,4,0,False,2026-01-25 01:02:26
3164,3164,625,14,2026012501,5,1,10698,0.86,5,0,True,2026-01-25 01:06:26
3165,3165,16,6,2026021704,1,5,7106,0.16,,0,False,2026-02-17 04:15:59
3166,3166,16,15,2026021704,1,1,8455,0.95,5,0,False,2026-02-17 04:18:59
3167,3167,135,2,2026020604,1,2,9503,0.13,,0,False,2026-02-06 04:05:22
3168,3168,135,5,2026020604,1,5,13767,0.02,,1,False,2026-02-06 04:10:22
3169,3169,135,9,2026020604,1,4,14235,0.09,1,0,False,2026-02-06 04:11:22
3170,3170,1057,4,2026010400,2,1,11090,0.93,5,1,True,2026-01-04 00:22:22
3171,3171,676,23,2026030713,3,1,8081,0.92,4,0,False,2026-03-07 13:00:48
3172,3172,195,4,2026020320,1,1,10018,0.86,4,0,False,2026-02-03 20:01:32
3173,3173,195,10,2026020320,1,1,6900,0.88,4,0,False,2026-02-03 20:05:32
3174,3174,394,13,2026030921,2,1,8285,0.84,4,0,False,2026-03-09 21:45:50
3175,3175,394,14,2026030921,2,1,5819,0.97,4,0,False,2026-03-09 21:48:50
3176,3176,31,9,2026013008,2,1,11006,0.86,,0,False,2026-01-30 08:28:13
3177,3177,50,2,2026012601,5,1,12414,0.97,5,0,False,2026-01-26 01:06:02
3178,3178,50,5,2026012601,5,5,13328,0.1,2,0,False,2026-01-26 01:09:02
3179,3179,50,9,2026012601,5,1,9471,0.97,4,0,False,2026-01-26 01:12:02
3180,3180,319,7,2025113019,5,1,5882,0.98,4,0,False,2025-11-30 19:35:52
3181,3181,241,25,2025112404,3,7,9915,0.04,1,0,False,2025-11-24 04:47:12
3182,3182,181,4,2025110411,4,1,11269,0.93,4,0,False,2025-11-04 11:09:38
3183,3183,181,10,2025110411,4,1,9073,0.9,4,0,False,2025-11-04 11:13:38
3184,3184,8,4,2025111019,1,1,12803,0.93,5,0,True,2025-11-10 19:50:38
3185,3185,8,10,2025111019,1,1,7132,0.96,,0,True,2025-11-10 19:53:38
3186,3186,1167,24,2025121704,1,7,11113,0.06,2,0,False,2025-12-17 04:39:00
3187,3187,689,6,2026031906,1,2,13993,0.05,1,0,False,2026-03-19 06:57:33
3188,3188,689,15,2026031907,1,1,8275,0.84,5,0,False,2026-03-19 07:00:33
3189,3189,74,1,2026010421,1,3,15220,0.22,,0,False,2026-01-04 21:49:52
3190,3190,74,3,2026010421,1,1,4184,0.84,4,0,False,2026-01-04 21:54:52
3191,3191,74,8,2026010421,1,7,10809,0.18,1,1,False,2026-01-04 21:55:52
3192,3192,858,15,2025122922,1,1,4093,0.94,4,1,True,2025-12-29 22:55:09
3193,3193,235,17,2026021216,2,1,13328,0.93,4,0,False,2026-02-12 16:28:51
3194,3194,235,16,2026021216,2,1,6583,0.83,5,0,False,2026-02-12 16:30:51
3195,3195,144,5,2025122310,1,1,5900,0.84,,1,False,2025-12-23 10:48:42
3196,3196,580,9,2025121418,3,1,7395,0.93,5,0,False,2025-12-14 18:08:59
3197,3197,831,10,2025121114,2,1,11187,0.96,4,0,False,2025-12-11 14:44:31
3198,3198,1106,20,2026021920,2,1,5109,0.89,5,1,False,2026-02-19 20:11:41
3199,3199,1106,5,2026021920,2,1,11957,0.84,4,0,False,2026-02-19 20:16:41
3200,3200,71,17,2026031018,1,7,5494,0.1,1,0,False,2026-03-10 18:27:32
3201,3201,71,16,2026031018,1,1,7938,0.93,4,0,True,2026-03-10 18:31:32
3202,3202,1160,13,2026022003,1,4,12038,0.07,1,0,False,2026-02-20 03:44:36
3203,3203,1160,14,2026022003,1,1,13358,0.91,,0,False,2026-02-20 03:48:36
3204,3204,16,24,2025112523,1,1,12926,0.94,4,0,False,2025-11-25 23:55:00
3205,3205,1168,1,2025103106,1,1,6886,0.9,5,0,False,2025-10-31 06:10:22
3206,3206,43,20,2025122818,1,1,9166,0.95,5,0,False,2025-12-28 18:11:48
3207,3207,43,5,2025122818,1,1,7012,0.92,5,0,True,2025-12-28 18:14:48
3208,3208,81,8,2026031010,3,1,12483,0.85,5,0,True,2026-03-10 10:51:12
3209,3209,871,15,2026021421,4,1,4420,0.82,4,1,True,2026-02-14 21:49:09
3210,3210,82,13,2026012520,3,1,13387,0.83,3,1,False,2026-01-25 20:56:40
3211,3211,82,14,2026012521,3,1,10870,0.96,4,0,False,2026-01-25 21:01:40
3212,3212,397,19,2026012712,1,1,5101,0.96,5,0,False,2026-01-27 12:33:05
3213,3213,397,23,2026012712,1,1,6145,0.95,4,0,True,2026-01-27 12:37:05
3214,3214,397,8,2026012712,1,1,7531,0.86,4,0,False,2026-01-27 12:43:05
3215,3215,76,6,2026033109,1,1,7284,0.85,5,0,True,2026-03-31 09:21:17
3216,3216,76,15,2026033109,1,4,5713,0.01,2,0,False,2026-03-31 09:24:17
3217,3217,1110,13,2025090322,5,1,4864,0.88,4,0,False,2025-09-03 22:38:37
3218,3218,1110,14,2025090322,5,1,3815,0.97,5,0,True,2025-09-03 22:42:37
3219,3219,164,19,2026032009,1,1,11564,0.95,4,0,False,2026-03-20 09:23:19
3220,3220,561,13,2026022303,5,1,10156,0.88,5,1,False,2026-02-23 03:25:05
3221,3221,115,17,2025090414,3,1,4856,0.87,5,0,False,2025-09-04 14:29:10
3222,3222,115,16,2025090414,3,1,13420,0.92,4,0,False,2025-09-04 14:31:10
3223,3223,216,13,2025102702,3,1,4365,0.89,5,0,False,2025-10-27 02:22:03
3224,3224,216,14,2025102702,3,1,12321,0.91,5,0,True,2025-10-27 02:25:03
3225,3225,365,19,2025100817,1,1,6437,0.89,5,0,True,2025-10-08 17:43:07
3226,3226,365,23,2025100817,1,1,7616,0.91,4,0,False,2025-10-08 17:45:07
3227,3227,365,8,2025100817,1,1,8006,0.84,4,0,False,2025-10-08 17:47:07
3228,3228,151,17,2025121817,1,1,10133,0.84,4,0,True,2025-12-18 17:00:24
3229,3229,151,16,2025121817,1,1,11151,0.89,4,0,False,2025-12-18 17:02:24
3230,3230,243,19,2026012415,5,1,10376,0.89,,0,False,2026-01-24 15:06:13
3231,3231,243,23,2026012415,5,1,7031,0.97,4,0,False,2026-01-24 15:11:13
3232,3232,243,8,2026012415,5,1,11301,0.94,4,0,False,2026-01-24 15:14:13
3233,3233,971,13,2026010608,4,1,10780,0.94,,0,False,2026-01-06 08:03:15
3234,3234,783,19,2026021501,1,1,9652,0.88,5,0,False,2026-02-15 01:03:09
3235,3235,783,23,2026021501,1,1,11587,0.9,5,0,True,2026-02-15 01:07:09
3236,3236,783,8,2026021501,1,6,11801,0.0,1,0,False,2026-02-15 01:07:09
3237,3237,306,20,2025100713,1,1,5352,0.85,,0,False,2025-10-07 13:47:39
3238,3238,38,19,2026010922,1,1,9434,0.94,4,0,False,2026-01-09 22:33:48
3239,3239,55,17,2025102522,1,1,4297,0.86,4,0,False,2025-10-25 22:08:49
3240,3240,55,16,2025102522,1,1,12522,0.84,4,0,True,2025-10-25 22:12:49
3241,3241,83,19,2025120806,1,2,9638,0.06,1,0,False,2025-12-08 06:31:21
3242,3242,83,23,2025120806,1,1,13534,0.88,4,0,False,2025-12-08 06:34:21
3243,3243,83,8,2025120806,1,1,12957,0.9,5,0,False,2025-12-08 06:37:21
3244,3244,200,1,2025102514,1,6,12933,0.0,1,0,False,2025-10-25 14:13:39
3245,3245,200,3,2025102514,1,1,5817,0.87,5,0,False,2025-10-25 14:16:39
3246,3246,200,8,2025102514,1,1,7914,0.92,4,0,False,2025-10-25 14:23:39
3247,3247,20,19,2025120417,5,1,6594,0.91,4,0,False,2025-12-04 17:08:19
3248,3248,20,23,2025120417,5,1,7257,0.84,5,0,True,2025-12-04 17:13:19
3249,3249,20,8,2025120417,5,1,4830,0.85,5,0,False,2025-12-04 17:14:19
3250,3250,1002,13,2025112701,3,1,12540,0.91,4,0,False,2025-11-27 01:44:50
3251,3251,1002,14,2025112701,3,1,7226,0.96,5,0,False,2025-11-27 01:48:50
3252,3252,697,20,2025092811,4,1,10935,0.97,5,0,True,2025-09-28 11:14:33
3253,3253,73,2,2026012003,5,1,6604,0.94,4,1,False,2026-01-20 03:58:16
3254,3254,73,5,2026012004,5,1,3763,0.94,4,0,True,2026-01-20 04:03:16
3255,3255,73,9,2026012004,5,1,9112,0.86,4,0,False,2026-01-20 04:06:16
3256,3256,49,20,2026031702,2,1,14047,0.93,,1,False,2026-03-17 02:22:56
3257,3257,49,5,2026031702,2,1,7615,0.96,4,0,False,2026-03-17 02:25:56
3258,3258,197,17,2025091913,4,1,7276,0.87,4,0,True,2025-09-19 13:40:26
3259,3259,452,1,2025112500,2,1,11948,0.85,,0,False,2025-11-25 00:20:54
3260,3260,452,3,2025112500,2,1,10469,0.96,4,0,False,2025-11-25 00:25:54
3261,3261,452,8,2025112500,2,1,8439,0.87,4,0,True,2025-11-25 00:26:54
3262,3262,166,13,2025112410,3,1,12356,0.98,5,0,False,2025-11-24 10:50:27
3263,3263,166,14,2025112410,3,1,11327,0.94,5,0,True,2025-11-24 10:52:27
3264,3264,62,17,2025092717,1,1,9613,0.93,4,0,False,2025-09-27 17:39:59
3265,3265,157,1,2026031205,3,1,11474,0.89,4,0,True,2026-03-12 05:19:43
3266,3266,157,3,2026031205,3,1,5795,0.83,5,0,True,2026-03-12 05:23:43
3267,3267,157,8,2026031205,3,1,6943,0.9,5,0,True,2026-03-12 05:27:43
3268,3268,40,1,2026012202,1,3,12731,0.07,1,0,False,2026-01-22 02:44:21
3269,3269,40,3,2026012202,1,1,5696,0.9,4,1,False,2026-01-22 02:46:21
3270,3270,40,8,2026012202,1,1,6816,0.94,4,0,False,2026-01-22 02:50:21
3271,3271,50,13,2026012217,2,1,13393,0.82,5,0,False,2026-01-22 17:56:43
3272,3272,50,14,2026012217,2,1,8517,0.97,4,0,False,2026-01-22 17:59:43
3273,3273,153,2,2026030909,5,1,9881,0.87,4,0,False,2026-03-09 09:49:45
3274,3274,366,1,2025112613,2,1,10832,0.89,4,0,False,2025-11-26 13:00:47
3275,3275,366,3,2025112613,2,1,10698,0.87,4,0,False,2025-11-26 13:02:47
3276,3276,366,8,2025112613,2,1,7152,0.88,5,0,False,2025-11-26 13:10:47
3277,3277,535,6,2026010611,2,1,13624,0.96,,0,False,2026-01-06 11:32:13
3278,3278,535,15,2026010611,2,1,7647,0.94,4,0,True,2026-01-06 11:37:13
3279,3279,76,2,2026030303,1,1,12659,0.87,5,1,True,2026-03-03 03:50:20
3280,3280,76,5,2026030303,1,1,12218,0.88,4,0,False,2026-03-03 03:55:20
3281,3281,76,9,2026030304,1,1,14897,0.92,4,0,False,2026-03-03 04:00:20
3282,3282,77,22,2025090817,5,1,6420,0.97,5,0,True,2025-09-08 17:09:06
3283,3283,90,18,2025102303,1,1,13191,0.91,4,0,True,2025-10-23 03:16:07
3284,3284,81,6,2025122217,2,1,13692,0.9,,0,True,2025-12-22 17:12:02
3285,3285,81,15,2025122217,2,1,4155,0.93,4,1,False,2025-12-22 17:14:02
3286,3286,65,6,2026031423,1,1,6892,0.84,4,0,True,2026-03-14 23:16:56
3287,3287,678,10,2025112413,3,3,14745,0.06,1,1,False,2025-11-24 13:11:48
3288,3288,213,6,2025091421,2,1,11661,0.97,3,0,False,2025-09-14 21:53:27
3289,3289,150,1,2025090616,2,1,8482,0.88,4,0,False,2025-09-06 16:04:39
3290,3290,150,3,2025090616,2,1,7283,0.96,4,0,False,2025-09-06 16:07:39
3291,3291,150,8,2025090616,2,1,8688,0.97,4,0,False,2025-09-06 16:14:39
3292,3292,35,2,2026022823,4,3,4243,0.19,1,0,False,2026-02-28 23:56:31
3293,3293,16,24,2025120212,2,1,14304,0.91,5,0,True,2025-12-02 12:52:20
3294,3294,54,20,2025111921,2,6,7217,0.0,,0,False,2025-11-19 21:45:42
3295,3295,54,5,2025111921,2,1,11087,0.84,5,0,True,2025-11-19 21:47:42
3296,3296,121,3,2025091816,1,1,7224,0.91,5,0,True,2025-09-18 16:08:47
3297,3297,140,2,2026030623,1,3,12498,0.32,,0,False,2026-03-06 23:19:13
3298,3298,140,5,2026030623,1,1,12009,0.82,4,0,False,2026-03-06 23:22:13
3299,3299,140,9,2026030623,1,1,7803,0.89,4,1,True,2026-03-06 23:27:13
3300,3300,281,17,2025111805,1,1,13666,0.93,4,0,True,2025-11-18 05:55:38
3301,3301,281,16,2025111805,1,3,3743,0.16,,0,False,2025-11-18 05:57:38
3302,3302,227,20,2025110322,5,5,13693,0.18,2,0,False,2025-11-03 22:52:54
3303,3303,227,5,2025110322,5,1,10134,0.94,,0,False,2025-11-03 22:54:54
3304,3304,89,4,2025091623,1,6,12447,0.0,2,0,False,2025-09-16 23:58:22
3305,3305,89,10,2025091700,1,1,6930,0.94,4,0,False,2025-09-17 00:03:22
3306,3306,261,17,2025110621,1,2,9980,0.01,,0,False,2025-11-06 21:02:33
3307,3307,261,16,2025110621,1,1,4379,0.92,4,0,True,2025-11-06 21:04:33
3308,3308,20,13,2026032022,3,1,8148,0.94,4,0,False,2026-03-20 22:58:09
3309,3309,20,14,2026032023,3,1,14034,0.97,5,0,False,2026-03-20 23:03:09
3310,3310,50,15,2025120905,2,1,12586,0.87,5,0,False,2025-12-09 05:11:49
3311,3311,241,4,2025092513,6,1,11588,0.87,4,0,False,2025-09-25 13:59:25
3312,3312,163,17,2025112219,1,1,5249,0.84,3,0,True,2025-11-22 19:56:25
3313,3313,163,16,2025112220,1,1,4357,0.97,4,0,False,2025-11-22 20:00:25
3314,3314,46,13,2025112004,2,1,11243,0.87,4,0,True,2025-11-20 04:39:49
3315,3315,46,14,2025112004,2,1,14122,0.94,3,0,False,2025-11-20 04:43:49
3316,3316,368,19,2026030307,3,1,15148,0.9,,0,False,2026-03-03 07:50:14
3317,3317,368,23,2026030307,3,1,13973,0.94,5,1,False,2026-03-03 07:53:14
3318,3318,368,8,2026030307,3,5,10641,0.08,2,0,False,2026-03-03 07:58:14
3319,3319,305,20,2026032514,1,1,8928,0.93,4,0,False,2026-03-25 14:03:24
3320,3320,305,5,2026032514,1,1,12761,0.88,5,0,False,2026-03-25 14:08:24
3321,3321,163,6,2026020503,1,1,3748,0.96,5,0,False,2026-02-05 03:40:16
3322,3322,163,15,2026020503,1,2,4668,0.15,1,0,False,2026-02-05 03:43:16
3323,3323,369,20,2025102301,2,1,7169,0.98,4,0,False,2025-10-23 01:26:40
3324,3324,369,5,2025102301,2,1,8220,0.85,4,0,True,2025-10-23 01:31:40
3325,3325,123,21,2025101620,5,1,12654,0.87,4,0,True,2025-10-16 20:19:15
3326,3326,869,17,2025121305,1,5,8603,0.22,2,0,False,2025-12-13 05:45:41
3327,3327,869,16,2025121305,1,1,13924,0.9,5,0,True,2025-12-13 05:49:41
3328,3328,1137,19,2026020617,2,1,13210,0.93,4,0,False,2026-02-06 17:37:40
3329,3329,1137,23,2026020617,2,1,13887,0.94,4,0,False,2026-02-06 17:40:40
3330,3330,1137,8,2026020617,2,1,3734,0.92,5,1,True,2026-02-06 17:47:40
3331,3331,95,2,2025110107,3,1,7543,0.9,5,1,False,2025-11-01 07:17:53
3332,3332,95,5,2025110107,3,1,4948,0.91,4,1,False,2025-11-01 07:22:53
3333,3333,95,9,2025110107,3,1,12838,0.88,4,0,False,2025-11-01 07:21:53
3334,3334,361,10,2026012810,1,1,5217,0.92,,0,False,2026-01-28 10:27:55
3335,3335,410,1,2026011415,1,1,7409,0.89,4,0,True,2026-01-14 15:10:28
3336,3336,410,3,2026011415,1,1,10020,0.9,,0,False,2026-01-14 15:12:28
3337,3337,410,8,2026011415,1,5,3847,0.15,1,0,False,2026-01-14 15:20:28
3338,3338,902,4,2026010119,1,2,12874,0.02,,0,False,2026-01-01 19:56:59
3339,3339,902,10,2026010120,1,1,7189,0.97,4,0,True,2026-01-01 20:01:59
3340,3340,52,9,2026013105,3,1,11237,0.83,4,0,False,2026-01-31 05:24:57
3341,3341,644,13,2026022403,1,1,7917,0.87,4,0,False,2026-02-24 03:05:02
3342,3342,644,14,2026022403,1,1,10632,0.9,4,1,False,2026-02-24 03:10:02
3343,3343,1140,17,2026021909,2,1,11724,0.87,4,0,False,2026-02-19 09:28:28
3344,3344,1140,16,2026021909,2,1,11387,0.82,4,0,False,2026-02-19 09:31:28
3345,3345,301,7,2026032723,1,3,13311,0.22,1,0,False,2026-03-27 23:13:33
3346,3346,82,1,2026032807,3,1,5416,0.98,4,0,False,2026-03-28 07:05:08
3347,3347,82,3,2026032807,3,1,10671,0.92,5,0,False,2026-03-28 07:09:08
3348,3348,82,8,2026032807,3,1,3980,0.87,4,0,False,2026-03-28 07:15:08
3349,3349,98,3,2025100303,1,2,8381,0.05,1,1,False,2025-10-03 03:14:51
3350,3350,245,13,2026031410,1,3,8969,0.28,2,0,False,2026-03-14 10:37:15
3351,3351,245,14,2026031410,1,1,11124,0.95,5,0,False,2026-03-14 10:40:15
3352,3352,1036,19,2026010719,2,1,8661,0.97,5,0,True,2026-01-07 19:45:47
3353,3353,1036,23,2026010719,2,1,6234,0.94,5,0,False,2026-01-07 19:49:47
3354,3354,1036,8,2026010719,2,1,8458,0.87,5,0,False,2026-01-07 19:51:47
3355,3355,580,19,2025100722,3,1,7869,0.96,5,0,False,2025-10-07 22:52:55
3356,3356,580,23,2025100722,3,1,7874,0.85,5,0,True,2025-10-07 22:57:55
3357,3357,580,8,2025100722,3,1,4323,0.95,5,0,True,2025-10-07 22:56:55
3358,3358,18,11,2025121204,2,1,11396,0.87,4,0,False,2025-12-12 04:08:38
3359,3359,67,2,2026022821,2,1,9167,0.92,4,0,False,2026-02-28 21:40:19
3360,3360,67,5,2026022821,2,1,4056,0.87,5,0,False,2026-02-28 21:44:19
3361,3361,67,9,2026022821,2,1,11678,0.88,4,1,False,2026-02-28 21:48:19
3362,3362,246,4,2026031319,1,1,8089,0.96,,0,False,2026-03-13 19:22:29
3363,3363,246,10,2026031319,1,1,11301,0.93,5,1,False,2026-03-13 19:24:29
3364,3364,74,17,2025113004,1,1,10743,0.87,4,1,False,2025-11-30 04:52:15
3365,3365,74,16,2025113004,1,1,11420,0.92,,0,True,2025-11-30 04:55:15
3366,3366,256,3,2025122317,1,1,11870,0.9,,0,False,2025-12-23 17:56:41
3367,3367,550,20,2026022500,1,1,4653,0.88,4,0,False,2026-02-25 00:09:22
3368,3368,550,5,2026022500,1,1,5519,0.95,5,0,True,2026-02-25 00:11:22
3369,3369,16,19,2026012714,1,1,8148,0.83,5,0,False,2026-01-27 14:48:29
3370,3370,57,2,2025110123,1,1,7802,0.95,4,1,True,2025-11-01 23:17:22
3371,3371,57,5,2025110123,1,1,5438,0.89,4,0,False,2025-11-01 23:20:22
3372,3372,57,9,2025110123,1,1,7575,0.87,5,0,False,2025-11-01 23:21:22
3373,3373,1009,18,2025122113,6,1,11131,0.89,5,0,False,2025-12-21 13:38:50
3374,3374,53,17,2025112617,3,1,9618,0.93,4,0,False,2025-11-26 17:37:34
3375,3375,53,16,2025112617,3,1,12498,0.94,4,0,False,2025-11-26 17:40:34
3376,3376,1160,3,2026031514,2,1,9169,0.88,3,0,False,2026-03-15 14:42:36
3377,3377,21,20,2025121715,2,1,13271,0.89,5,1,True,2025-12-17 15:17:19
3378,3378,21,5,2025121715,2,3,12323,0.11,1,0,False,2025-12-17 15:21:19
3379,3379,254,1,2025120403,3,1,9935,0.92,4,0,True,2025-12-04 03:00:02
3380,3380,254,3,2025120403,3,1,6047,0.92,5,0,True,2025-12-04 03:02:02
3381,3381,254,8,2025120403,3,1,4638,0.94,,0,False,2025-12-04 03:08:02
3382,3382,93,1,2025100103,3,1,6734,0.93,4,0,False,2025-10-01 03:03:42
3383,3383,93,3,2025100103,3,1,5138,0.82,4,0,False,2025-10-01 03:06:42
3384,3384,93,8,2025100103,3,1,6635,0.87,4,0,False,2025-10-01 03:11:42
3385,3385,384,5,2026021010,3,1,9517,0.96,4,0,True,2026-02-10 10:45:59
3386,3386,168,2,2026031718,1,3,5026,0.29,2,1,False,2026-03-17 18:07:28
3387,3387,168,5,2026031718,1,1,7624,0.91,4,0,True,2026-03-17 18:12:28
3388,3388,168,9,2026031718,1,1,11070,0.89,3,0,False,2026-03-17 18:13:28
3389,3389,372,3,2025111915,1,1,4922,0.85,4,0,False,2025-11-19 15:14:31
3390,3390,130,6,2026012120,1,1,8810,0.89,5,0,False,2026-01-21 20:47:07
3391,3391,130,15,2026012120,1,1,12014,0.91,4,0,False,2026-01-21 20:52:07
3392,3392,1172,20,2025112023,5,1,10068,0.9,3,0,False,2025-11-20 23:19:45
3393,3393,1172,5,2025112023,5,1,7803,0.88,5,0,True,2025-11-20 23:22:45
3394,3394,2,13,2025101803,1,3,5182,0.34,,0,False,2025-10-18 03:09:15
3395,3395,2,14,2025101803,1,1,9644,0.98,5,0,False,2025-10-18 03:14:15
3396,3396,68,6,2026010809,1,1,9480,0.88,4,0,False,2026-01-08 09:38:22
3397,3397,68,15,2026010809,1,1,8769,0.94,4,0,False,2026-01-08 09:42:22
3398,3398,1,23,2025122601,1,1,12281,0.82,5,0,True,2025-12-26 01:16:07
3399,3399,184,17,2026021022,1,1,6178,0.95,3,1,False,2026-02-10 22:35:27
3400,3400,184,16,2026021022,1,1,13246,0.91,5,0,True,2026-02-10 22:38:27
3401,3401,350,22,2026021505,1,1,6687,0.92,5,0,True,2026-02-15 05:05:12
3402,3402,991,15,2026031511,2,1,7444,0.85,4,0,False,2026-03-15 11:47:38
3403,3403,391,6,2026031117,2,1,9209,0.97,4,1,False,2026-03-11 17:55:15
3404,3404,391,15,2026031117,2,1,13550,0.9,3,0,True,2026-03-11 17:58:15
3405,3405,1180,4,2025112716,1,1,10618,0.84,4,0,False,2025-11-27 16:21:30
3406,3406,1180,10,2025112716,1,1,15344,0.87,4,0,True,2025-11-27 16:26:30
3407,3407,640,20,2025120705,2,1,9102,0.83,5,0,False,2025-12-07 05:44:24
3408,3408,640,5,2025120705,2,1,13520,0.92,4,0,True,2025-12-07 05:48:24
3409,3409,72,1,2026031514,4,1,9394,0.86,4,0,False,2026-03-15 14:17:43
3410,3410,74,17,2025100407,1,6,5893,0.0,1,0,False,2025-10-04 07:18:32
3411,3411,74,16,2025100407,1,4,12933,0.11,1,0,False,2025-10-04 07:23:32
3412,3412,8,13,2025102205,2,1,8940,0.96,5,0,False,2025-10-22 05:23:00
3413,3413,8,14,2025102205,2,1,12482,0.83,5,0,False,2025-10-22 05:28:00
3414,3414,108,1,2026011108,2,1,13447,0.92,5,0,False,2026-01-11 08:26:13
3415,3415,108,3,2026011108,2,1,13385,0.92,5,0,False,2026-01-11 08:29:13
3416,3416,108,8,2026011108,2,1,6226,0.97,5,0,True,2026-01-11 08:36:13
3417,3417,10,17,2026012800,2,3,10881,0.19,,0,False,2026-01-28 00:31:43
3418,3418,10,16,2026012800,2,6,14085,0.0,1,0,False,2026-01-28 00:34:43
3419,3419,263,2,2026021815,1,1,3985,0.9,,0,False,2026-02-18 15:08:35
3420,3420,263,5,2026021815,1,1,9849,0.94,4,0,False,2026-02-18 15:13:35
3421,3421,263,9,2026021815,1,4,10693,0.2,2,0,False,2026-02-18 15:18:35
3422,3422,772,7,2026020805,2,1,13547,0.87,4,0,False,2026-02-08 05:21:11
3423,3423,145,17,2025090312,1,1,4520,0.92,4,0,False,2025-09-03 12:32:46
3424,3424,145,16,2025090312,1,1,5248,0.83,4,0,True,2025-09-03 12:37:46
3425,3425,293,20,2025110817,1,1,12933,0.94,5,0,False,2025-11-08 17:20:48
3426,3426,293,5,2025110817,1,1,8868,0.96,5,0,True,2025-11-08 17:22:48
3427,3427,201,2,2025090609,5,1,8946,0.97,4,0,False,2025-09-06 09:07:56
3428,3428,201,5,2025090609,5,1,8337,0.93,5,0,False,2025-09-06 09:12:56
3429,3429,201,9,2025090609,5,1,14084,0.86,5,0,False,2025-09-06 09:17:56
3430,3430,32,17,2025101300,5,1,3917,0.9,4,0,True,2025-10-13 00:13:30
3431,3431,32,16,2025101300,5,1,6569,0.91,4,0,False,2025-10-13 00:16:30
3432,3432,21,19,2025100423,2,1,9813,0.92,5,0,True,2025-10-04 23:02:42
3433,3433,284,11,2025092519,2,1,12584,0.86,5,0,True,2025-09-25 19:42:00
3434,3434,360,20,2026030220,1,1,4863,0.95,4,0,False,2026-03-02 20:30:04
3435,3435,360,5,2026030220,1,2,12713,0.21,,0,False,2026-03-02 20:34:04
3436,3436,196,21,2025122300,1,1,8350,0.89,4,0,False,2025-12-23 00:49:41
3437,3437,818,1,2026031200,1,1,10061,0.85,3,0,True,2026-03-12 00:33:34
3438,3438,818,3,2026031200,1,2,11398,0.3,1,0,False,2026-03-12 00:37:34
3439,3439,818,8,2026031200,1,1,4871,0.95,4,0,False,2026-03-12 00:37:34
3440,3440,1163,22,2026032321,2,1,12273,0.96,3,0,True,2026-03-23 21:28:45
3441,3441,179,6,2025091408,1,1,5514,0.82,4,0,False,2025-09-14 08:12:34
3442,3442,179,15,2025091408,1,1,9002,0.92,5,0,True,2025-09-14 08:15:34
3443,3443,842,20,2025112310,1,1,8765,0.86,4,0,False,2025-11-23 10:56:03
3444,3444,842,5,2025112311,1,1,8568,0.85,4,0,False,2025-11-23 11:01:03
3445,3445,1048,17,2026021115,1,1,5543,0.97,5,0,True,2026-02-11 15:01:27
3446,3446,1048,16,2026021115,1,1,10790,0.94,4,0,True,2026-02-11 15:05:27
3447,3447,75,17,2025113012,1,1,9733,0.94,4,1,True,2025-11-30 12:28:46
3448,3448,75,16,2025113012,1,1,12622,0.96,4,0,False,2025-11-30 12:33:46
3449,3449,406,8,2025092715,1,1,10717,0.85,4,1,False,2025-09-27 15:06:40
3450,3450,966,12,2025122612,1,1,13918,0.94,5,0,True,2025-12-26 12:42:05
3451,3451,120,15,2025111203,1,1,12391,0.96,4,0,False,2025-11-12 03:45:05
3452,3452,329,1,2025122003,3,1,7381,0.97,,0,False,2025-12-20 03:27:09
3453,3453,329,3,2025122003,3,1,12076,0.9,5,0,False,2025-12-20 03:32:09
3454,3454,329,8,2025122003,3,1,6646,0.89,5,0,False,2025-12-20 03:37:09
3455,3455,1193,17,2026031107,2,1,10470,0.94,5,0,False,2026-03-11 07:03:33
3456,3456,1193,16,2026031107,2,1,8296,0.95,4,0,False,2026-03-11 07:06:33
3457,3457,583,23,2025121502,1,1,7642,0.94,5,0,True,2025-12-15 02:49:32
3458,3458,76,12,2025102319,1,1,12380,0.95,5,0,True,2025-10-23 19:32:10
3459,3459,950,1,2025100413,1,1,13275,0.86,4,0,False,2025-10-04 13:16:25
3460,3460,950,3,2025100413,1,1,11019,0.93,5,0,True,2025-10-04 13:21:25
3461,3461,950,8,2025100413,1,1,10854,0.84,5,0,False,2025-10-04 13:26:25
3462,3462,28,12,2025102817,1,1,8486,0.91,,0,False,2025-10-28 17:12:53
3463,3463,64,6,2026021812,1,1,14183,0.91,4,0,False,2026-02-18 12:49:22
3464,3464,64,15,2026021812,1,1,7015,0.93,4,0,True,2026-02-18 12:54:22
3465,3465,756,2,2025122223,1,1,7099,0.84,5,0,True,2025-12-22 23:52:17
3466,3466,756,5,2025122223,1,1,11885,0.83,5,0,True,2025-12-22 23:57:17
3467,3467,756,9,2025122223,1,1,8646,0.89,,0,False,2025-12-22 23:56:17
3468,3468,360,2,2025112919,2,1,6054,0.86,4,0,True,2025-11-29 19:59:34
3469,3469,123,13,2026010221,3,1,6367,0.97,5,0,True,2026-01-02 21:24:29
3470,3470,123,14,2026010221,3,5,12335,0.22,2,0,False,2026-01-02 21:28:29
3471,3471,11,24,2026020908,2,1,5288,0.88,3,0,False,2026-02-09 08:05:28
3472,3472,182,2,2026012307,4,1,4091,0.84,4,0,True,2026-01-23 07:05:27
3473,3473,182,5,2026012307,4,1,7318,0.87,,0,False,2026-01-23 07:10:27
3474,3474,182,9,2026012307,4,1,9486,0.89,3,0,True,2026-01-23 07:11:27
3475,3475,64,17,2026032403,1,1,3950,0.82,3,0,True,2026-03-24 03:47:14
3476,3476,64,16,2026032403,1,1,4118,0.88,4,0,False,2026-03-24 03:50:14
3477,3477,330,14,2025091303,1,1,5699,0.86,4,0,True,2025-09-13 03:38:26
3478,3478,25,17,2026022501,1,1,8495,0.97,5,0,False,2026-02-25 01:40:05
3479,3479,25,16,2026022501,1,5,12692,0.06,,0,False,2026-02-25 01:43:05
3480,3480,559,17,2025122103,1,1,10533,0.91,4,0,False,2025-12-21 03:30:35
3481,3481,559,16,2025122103,1,1,7435,0.83,4,0,True,2025-12-21 03:33:35
3482,3482,41,13,2025092522,1,1,6458,0.93,4,0,True,2025-09-25 22:30:52
3483,3483,41,14,2025092522,1,1,8315,0.95,4,0,True,2025-09-25 22:35:52
3484,3484,477,16,2026031321,2,1,12910,0.92,5,0,True,2026-03-13 21:09:47
3485,3485,413,1,2025102217,2,1,7097,0.87,4,0,True,2025-10-22 17:16:52
3486,3486,413,3,2025102217,2,1,8162,0.95,4,0,True,2025-10-22 17:18:52
3487,3487,413,8,2025102217,2,1,12827,0.87,3,0,False,2025-10-22 17:26:52
3488,3488,64,1,2026030922,2,1,6756,0.86,5,0,True,2026-03-09 22:36:06
3489,3489,64,3,2026030922,2,1,6983,0.97,5,0,True,2026-03-09 22:41:06
3490,3490,64,8,2026030922,2,1,12382,0.93,4,0,False,2026-03-09 22:44:06
3491,3491,356,16,2026020812,1,1,7290,0.88,,0,False,2026-02-08 12:28:53
3492,3492,398,16,2025122319,1,2,13435,0.0,2,0,False,2025-12-23 19:21:23
3493,3493,330,5,2026011710,3,2,10288,0.09,1,0,False,2026-01-17 10:20:26
3494,3494,147,19,2026011814,1,1,6616,0.87,5,0,True,2026-01-18 14:51:34
3495,3495,147,23,2026011814,1,1,12768,0.83,4,1,False,2026-01-18 14:56:34
3496,3496,147,8,2026011814,1,1,12140,0.88,4,0,False,2026-01-18 14:59:34
3497,3497,310,17,2025091910,1,4,12503,0.3,1,2,False,2025-09-19 10:28:47
3498,3498,310,16,2025091910,1,1,8455,0.95,5,0,False,2025-09-19 10:31:47
3499,3499,10,19,2025100323,3,1,12365,0.87,5,0,True,2025-10-03 23:44:59
3500,3500,10,23,2025100323,3,1,10532,0.91,5,0,False,2025-10-03 23:46:59
3501,3501,10,8,2025100323,3,1,9211,0.88,5,0,False,2025-10-03 23:48:59
3502,3502,1038,4,2025121411,3,1,8368,0.94,4,0,False,2025-12-14 11:51:04
3503,3503,152,17,2025100820,4,1,8840,0.84,5,0,False,2025-10-08 20:06:25
3504,3504,330,6,2025112316,3,1,13140,0.95,5,0,True,2025-11-23 16:00:09
3505,3505,330,15,2025112316,3,1,4849,0.89,4,0,True,2025-11-23 16:05:09
3506,3506,80,20,2026010804,1,1,12698,0.88,5,0,False,2026-01-08 04:43:38
3507,3507,80,5,2026010804,1,1,12911,0.91,4,0,False,2026-01-08 04:46:38
3508,3508,744,6,2026012019,1,1,9396,0.88,5,0,True,2026-01-20 19:36:17
3509,3509,744,15,2026012019,1,1,8256,0.85,5,0,True,2026-01-20 19:40:17
3510,3510,898,17,2026010310,1,1,13895,0.82,5,0,True,2026-01-03 10:59:20
3511,3511,898,16,2026010311,1,1,3737,0.97,3,1,False,2026-01-03 11:03:20
3512,3512,440,19,2025122512,1,5,11927,0.35,1,0,False,2025-12-25 12:41:38
3513,3513,440,23,2025122512,1,1,12286,0.98,4,0,False,2025-12-25 12:43:38
3514,3514,440,8,2025122512,1,1,8705,0.9,5,0,False,2025-12-25 12:47:38
3515,3515,972,19,2025121404,2,1,14774,0.88,5,0,False,2025-12-14 04:08:34
3516,3516,972,23,2025121404,2,1,8219,0.89,5,0,True,2025-12-14 04:11:34
3517,3517,972,8,2025121404,2,1,7687,0.95,5,0,False,2025-12-14 04:16:34
3518,3518,214,23,2025092707,1,1,11819,0.93,3,0,False,2025-09-27 07:48:10
3519,3519,269,1,2025111601,3,1,7585,0.97,5,0,True,2025-11-16 01:54:00
3520,3520,1063,2,2025092404,1,1,11569,0.88,4,0,False,2025-09-24 04:43:50
3521,3521,1063,5,2025092404,1,1,11379,0.98,5,0,False,2025-09-24 04:45:50
3522,3522,1063,9,2025092404,1,1,9843,0.97,3,0,False,2025-09-24 04:53:50
3523,3523,373,1,2025110109,2,1,12567,0.92,4,0,False,2025-11-01 09:59:40
3524,3524,373,3,2025110110,2,1,7739,0.89,4,0,False,2025-11-01 10:02:40
3525,3525,373,8,2025110110,2,1,8762,0.98,5,0,True,2025-11-01 10:09:40
3526,3526,82,20,2026030717,1,1,4434,0.89,5,0,True,2026-03-07 17:09:12
3527,3527,82,5,2026030717,1,1,9449,0.88,,1,False,2026-03-07 17:14:12
3528,3528,640,8,2026013121,1,1,4608,0.96,4,0,False,2026-01-31 21:49:23
3529,3529,385,20,2026012810,6,1,6268,0.87,5,0,True,2026-01-28 10:00:07
3530,3530,385,5,2026012810,6,1,7364,0.89,5,0,True,2026-01-28 10:02:07
3531,3531,1036,3,2026031417,1,1,4224,0.96,4,0,False,2026-03-14 17:44:06
3532,3532,190,20,2025111221,3,1,8559,0.94,,0,False,2025-11-12 21:01:03
3533,3533,190,5,2025111221,3,1,9398,0.84,4,0,False,2025-11-12 21:05:03
3534,3534,1146,6,2025090414,2,3,8439,0.17,,0,False,2025-09-04 14:16:56
3535,3535,1146,15,2025090414,2,1,12648,0.93,5,0,False,2025-09-04 14:19:56
3536,3536,342,18,2026032603,1,1,6765,0.86,4,0,True,2026-03-26 03:03:29
3537,3537,110,19,2026012113,2,4,14633,0.17,2,0,False,2026-01-21 13:16:23
3538,3538,110,23,2026012113,2,1,7815,0.85,5,0,True,2026-01-21 13:18:23
3539,3539,110,8,2026012113,2,1,10632,0.82,3,0,False,2026-01-21 13:24:23
3540,3540,34,2,2025123109,1,2,9194,0.24,,0,False,2025-12-31 09:48:41
3541,3541,34,5,2025123109,1,4,11067,0.09,,0,False,2025-12-31 09:51:41
3542,3542,34,9,2025123109,1,1,7749,0.82,4,0,False,2025-12-31 09:52:41
3543,3543,183,13,2026012512,1,1,5656,0.94,,0,False,2026-01-25 12:04:53
3544,3544,183,14,2026012512,1,1,3932,0.9,,0,True,2026-01-25 12:09:53
3545,3545,6,1,2026021000,1,1,5412,0.86,4,0,False,2026-02-10 00:00:15
3546,3546,6,3,2026021000,1,1,9255,0.94,5,0,False,2026-02-10 00:02:15
3547,3547,6,8,2026021000,1,1,13388,0.92,5,0,False,2026-02-10 00:06:15
3548,3548,327,3,2025101208,1,1,4930,0.89,5,0,False,2025-10-12 08:50:05
3549,3549,1069,15,2025122304,3,1,9380,0.84,5,0,False,2025-12-23 04:42:05
3550,3550,792,2,2026021600,1,1,8959,0.95,5,0,True,2026-02-16 00:00:40
3551,3551,742,6,2026013007,1,5,9499,0.26,1,0,False,2026-01-30 07:48:42
3552,3552,742,15,2026013007,1,1,12093,0.88,4,0,False,2026-01-30 07:50:42
3553,3553,64,20,2025122104,1,1,8462,0.97,5,0,False,2025-12-21 04:12:34
3554,3554,149,20,2026013014,1,1,4076,0.96,5,0,False,2026-01-30 14:10:16
3555,3555,149,5,2026013014,1,1,11715,0.96,,0,False,2026-01-30 14:13:16
3556,3556,29,4,2025111216,2,1,13914,0.97,4,0,False,2025-11-12 16:54:03
3557,3557,29,10,2025111216,2,1,5592,0.96,4,0,True,2025-11-12 16:56:03
3558,3558,127,22,2025121818,2,1,12100,0.97,4,0,True,2025-12-18 18:49:56
3559,3559,130,17,2026012301,2,1,7632,0.97,4,0,True,2026-01-23 01:50:03
3560,3560,130,16,2026012301,2,1,5711,0.85,4,0,False,2026-01-23 01:53:03
3561,3561,310,21,2026012617,6,1,7198,0.97,,0,False,2026-01-26 17:55:26
3562,3562,6,1,2026012905,1,1,14361,0.97,4,0,False,2026-01-29 05:25:32
3563,3563,6,3,2026012905,1,1,8318,0.88,4,0,True,2026-01-29 05:30:32
3564,3564,6,8,2026012905,1,2,5726,0.33,,0,False,2026-01-29 05:29:32
3565,3565,174,19,2026021403,2,1,15399,0.9,5,0,False,2026-02-14 03:28:57
3566,3566,16,1,2025100905,1,1,11459,0.86,4,1,False,2025-10-09 05:37:53
3567,3567,16,3,2025100905,1,1,9365,0.89,5,0,False,2025-10-09 05:39:53
3568,3568,16,8,2025100905,1,1,7169,0.94,4,0,True,2025-10-09 05:43:53
3569,3569,1024,6,2025121904,1,1,11005,0.94,4,0,False,2025-12-19 04:18:51
3570,3570,1024,15,2025121904,1,2,9340,0.28,2,0,False,2025-12-19 04:20:51
3571,3571,30,20,2025121920,6,1,12452,0.85,4,0,False,2025-12-19 20:11:20
3572,3572,30,5,2025121920,6,1,8375,0.95,5,0,False,2025-12-19 20:15:20
3573,3573,901,13,2025122118,1,3,7704,0.25,,0,False,2025-12-21 18:19:49
3574,3574,901,14,2025122118,1,1,8897,0.86,5,0,True,2025-12-21 18:22:49
3575,3575,25,23,2026021107,2,1,4818,0.98,5,0,False,2026-02-11 07:45:40
3576,3576,486,7,2026032100,2,1,14140,0.96,4,0,False,2026-03-21 00:44:40
3577,3577,556,3,2025102505,1,1,14027,0.85,,1,False,2025-10-25 05:27:42
3578,3578,315,19,2026011510,2,1,10784,0.85,,0,False,2026-01-15 10:40:26
3579,3579,315,23,2026011510,2,1,14049,0.91,5,0,False,2026-01-15 10:45:26
3580,3580,315,8,2026011510,2,4,4194,0.23,1,0,False,2026-01-15 10:46:26
3581,3581,77,22,2026031607,1,1,10573,0.87,4,0,False,2026-03-16 07:18:13
3582,3582,802,20,2025091722,1,1,9484,0.82,5,0,False,2025-09-17 22:24:30
3583,3583,802,5,2025091722,1,1,8500,0.86,5,0,False,2025-09-17 22:29:30
3584,3584,391,14,2026030609,1,1,9357,0.95,4,0,True,2026-03-06 09:28:25
3585,3585,38,17,2026012905,1,1,7501,0.86,5,0,True,2026-01-29 05:53:07
3586,3586,38,16,2026012905,1,1,7807,0.89,4,0,False,2026-01-29 05:58:07
3587,3587,562,17,2025102120,2,1,13371,0.85,3,0,False,2025-10-21 20:26:30
3588,3588,562,16,2025102120,2,1,13985,0.9,4,0,False,2025-10-21 20:28:30
3589,3589,233,1,2026032302,2,1,13151,0.88,5,0,True,2026-03-23 02:37:13
3590,3590,233,3,2026032302,2,1,11227,0.95,5,0,False,2026-03-23 02:41:13
3591,3591,233,8,2026032302,2,1,7713,0.86,4,0,False,2026-03-23 02:43:13
3592,3592,407,4,2025112500,1,1,11221,0.96,4,0,False,2025-11-25 00:07:45
3593,3593,407,10,2025112500,1,1,5907,0.9,5,0,True,2025-11-25 00:11:45
3594,3594,53,13,2026021316,3,1,4879,0.94,5,0,False,2026-02-13 16:58:56
3595,3595,53,14,2026021317,3,1,10333,0.92,5,0,False,2026-02-13 17:03:56
3596,3596,71,19,2026021708,1,1,6042,0.91,5,0,False,2026-02-17 08:21:51
3597,3597,71,23,2026021708,1,1,10153,0.98,4,0,True,2026-02-17 08:25:51
3598,3598,71,8,2026021708,1,1,4965,0.84,,0,False,2026-02-17 08:27:51
3599,3599,17,1,2026031813,4,1,8201,0.94,4,0,False,2026-03-18 13:26:13
3600,3600,17,3,2026031813,4,1,9678,0.98,5,0,False,2026-03-18 13:31:13
3601,3601,17,8,2026031813,4,1,13214,0.96,5,0,False,2026-03-18 13:36:13
3602,3602,145,1,2026022707,1,1,7984,0.91,5,0,False,2026-02-27 07:04:07
3603,3603,145,3,2026022707,1,1,12696,0.92,3,0,False,2026-02-27 07:09:07
3604,3604,145,8,2026022707,1,4,5418,0.2,1,0,False,2026-02-27 07:14:07
3605,3605,39,19,2026020621,3,2,13777,0.15,2,0,False,2026-02-06 21:34:39
3606,3606,39,23,2026020621,3,1,4804,0.83,4,0,False,2026-02-06 21:38:39
3607,3607,39,8,2026020621,3,1,10477,0.92,3,0,False,2026-02-06 21:40:39
3608,3608,205,12,2026032809,1,4,12658,0.13,1,0,False,2026-03-28 09:48:16
3609,3609,218,14,2025092400,1,1,7350,0.91,5,0,True,2025-09-24 00:23:09
3610,3610,118,19,2025122121,2,1,14807,0.94,4,0,False,2025-12-21 21:46:54
3611,3611,118,23,2025122121,2,1,11872,0.85,4,0,False,2025-12-21 21:50:54
3612,3612,118,8,2025122121,2,1,12218,0.87,4,0,True,2025-12-21 21:54:54
3613,3613,475,12,2025120620,2,1,8787,0.83,4,0,False,2025-12-06 20:46:23
3614,3614,1026,17,2026030316,2,1,12810,0.82,3,0,False,2026-03-03 16:02:06
3615,3615,1026,16,2026030316,2,1,10831,0.9,,1,False,2026-03-03 16:07:06
3616,3616,64,24,2026032616,2,1,10414,0.95,5,0,True,2026-03-26 16:55:08
3617,3617,66,15,2025122623,1,1,6123,0.85,4,0,False,2025-12-26 23:27:07
3618,3618,796,6,2026021511,2,1,14166,0.85,4,0,True,2026-02-15 11:39:29
3619,3619,87,6,2025123123,1,6,11453,0.0,1,0,False,2025-12-31 23:26:46
3620,3620,87,15,2025123123,1,3,6384,0.32,2,0,False,2025-12-31 23:31:46
3621,3621,81,4,2026012401,6,1,14512,0.91,5,0,False,2026-01-24 01:56:24
3622,3622,81,10,2026012401,6,1,12140,0.87,,0,True,2026-01-24 01:58:24
3623,3623,311,19,2026032516,3,1,15350,0.96,4,0,True,2026-03-25 16:01:24
3624,3624,311,23,2026032516,3,1,10094,0.86,5,1,False,2026-03-25 16:05:24
3625,3625,311,8,2026032516,3,1,11522,0.91,4,0,False,2026-03-25 16:11:24
3626,3626,84,3,2026030607,1,1,13871,0.89,4,0,False,2026-03-06 07:56:19
3627,3627,262,17,2026032122,2,1,4166,0.85,5,0,False,2026-03-21 22:49:36
3628,3628,262,16,2026032122,2,1,7470,0.87,4,0,True,2026-03-21 22:53:36
3629,3629,263,2,2025122905,2,1,11389,0.85,4,0,False,2025-12-29 05:19:06
3630,3630,263,5,2025122905,2,1,10358,0.86,,0,False,2025-12-29 05:22:06
3631,3631,263,9,2025122905,2,1,12738,0.95,5,0,True,2025-12-29 05:25:06
3632,3632,921,1,2026031915,2,1,5001,0.94,4,0,False,2026-03-19 15:46:58
3633,3633,271,17,2026010515,2,1,10661,0.95,,0,False,2026-01-05 15:14:15
3634,3634,291,4,2026031202,4,1,13245,0.91,5,0,False,2026-03-12 02:07:05
3635,3635,291,10,2026031202,4,1,9789,0.95,5,0,False,2026-03-12 02:11:05
3636,3636,123,6,2025091908,2,1,4145,0.96,5,0,False,2025-09-19 08:11:36
3637,3637,123,15,2025091908,2,1,6117,0.92,5,0,False,2025-09-19 08:13:36
3638,3638,45,13,2026011508,1,1,11889,0.87,3,0,False,2026-01-15 08:25:59
3639,3639,45,14,2026011508,1,1,10946,0.85,5,0,False,2026-01-15 08:30:59
3640,3640,605,19,2026010122,2,3,14021,0.11,1,0,False,2026-01-01 22:49:49
3641,3641,605,23,2026010122,2,1,10866,0.88,5,0,False,2026-01-01 22:53:49
3642,3642,605,8,2026010122,2,3,5044,0.24,1,0,False,2026-01-01 22:57:49
3643,3643,757,15,2026020701,1,1,4160,0.87,4,0,False,2026-02-07 01:47:19
3644,3644,55,8,2026012802,1,7,5083,0.25,1,0,False,2026-01-28 02:36:25
3645,3645,32,20,2025120401,2,1,12863,0.9,4,0,True,2025-12-04 01:23:39
3646,3646,32,5,2025120401,2,1,5725,0.89,,0,False,2025-12-04 01:26:39
3647,3647,49,17,2026012900,2,1,12942,0.9,4,0,False,2026-01-29 00:41:01
3648,3648,49,16,2026012900,2,1,3749,0.94,4,0,True,2026-01-29 00:44:01
3649,3649,436,15,2026032001,2,1,12435,0.82,3,0,False,2026-03-20 01:02:33
3650,3650,413,17,2026020210,3,1,11443,0.87,4,0,False,2026-02-02 10:26:10
3651,3651,413,16,2026020210,3,1,8390,0.84,,0,True,2026-02-02 10:28:10
3652,3652,18,25,2026030115,1,3,5577,0.18,1,0,False,2026-03-01 15:57:50
3653,3653,327,3,2026012720,1,2,4389,0.23,1,0,False,2026-01-27 20:17:19
3654,3654,688,1,2026012604,5,1,15206,0.9,4,0,False,2026-01-26 04:32:45
3655,3655,688,3,2026012604,5,1,9406,0.95,5,0,True,2026-01-26 04:37:45
3656,3656,688,8,2026012604,5,1,7264,0.86,5,0,True,2026-01-26 04:36:45
3657,3657,216,17,2025110407,3,1,8562,0.9,4,0,False,2025-11-04 07:30:54
3658,3658,216,16,2025110407,3,1,10367,0.92,5,0,False,2025-11-04 07:33:54
3659,3659,75,24,2025091500,1,1,14013,0.97,5,0,True,2025-09-15 00:15:18
3660,3660,258,6,2026021007,3,1,4534,0.93,4,0,False,2026-02-10 07:49:48
3661,3661,258,15,2026021007,3,1,5595,0.9,3,0,False,2026-02-10 07:54:48
3662,3662,1109,4,2026032710,1,1,7959,0.92,4,0,False,2026-03-27 10:45:17
3663,3663,124,17,2025101014,1,1,9420,0.84,4,0,True,2025-10-10 14:46:00
3664,3664,124,16,2025101014,1,3,6350,0.18,1,0,False,2025-10-10 14:48:00
3665,3665,1033,19,2026031509,3,1,13283,0.88,5,0,False,2026-03-15 09:39:11
3666,3666,1033,23,2026031509,3,1,9218,0.96,5,0,True,2026-03-15 09:44:11
3667,3667,1033,8,2026031509,3,1,5051,0.83,4,0,False,2026-03-15 09:43:11
3668,3668,925,20,2025112900,1,1,9352,0.84,4,0,False,2025-11-29 00:36:48
3669,3669,925,5,2025112900,1,1,9747,0.95,5,0,True,2025-11-29 00:39:48
3670,3670,345,4,2026021708,3,1,7212,0.86,4,1,False,2026-02-17 08:02:11
3671,3671,57,15,2026013107,1,1,11486,0.94,4,0,True,2026-01-31 07:54:44
3672,3672,1,2,2026030900,1,1,5731,0.96,3,0,True,2026-03-09 00:22:54
3673,3673,1,5,2026030900,1,1,6935,0.87,4,0,True,2026-03-09 00:25:54
3674,3674,1,9,2026030900,1,1,7013,0.95,4,0,False,2026-03-09 00:32:54
3675,3675,121,19,2025093002,2,1,12884,0.96,5,0,False,2025-09-30 02:45:43
3676,3676,126,1,2026033012,2,1,7561,0.9,4,0,True,2026-03-30 12:02:42
3677,3677,126,3,2026033012,2,1,13830,0.85,3,0,False,2026-03-30 12:05:42
3678,3678,126,8,2026033012,2,1,7754,0.86,4,0,True,2026-03-30 12:06:42
3679,3679,836,20,2025102816,1,1,5725,0.87,4,0,False,2025-10-28 16:34:20
3680,3680,836,5,2025102816,1,1,8520,0.91,4,0,False,2025-10-28 16:38:20
3681,3681,46,4,2025122218,3,1,11607,0.88,5,0,True,2025-12-22 18:36:13
3682,3682,46,10,2025122218,3,1,10412,0.92,5,0,False,2025-12-22 18:40:13
3683,3683,337,7,2026010706,3,1,7081,0.88,,0,False,2026-01-07 06:32:23
3684,3684,213,13,2025090702,1,1,8924,0.91,4,0,True,2025-09-07 02:04:28
3685,3685,213,14,2025090702,1,1,3885,0.84,4,0,False,2025-09-07 02:06:28
3686,3686,168,2,2026010910,4,1,9686,0.95,5,0,False,2026-01-09 10:04:34
3687,3687,168,5,2026010910,4,1,12930,0.86,5,0,False,2026-01-09 10:06:34
3688,3688,168,9,2026010910,4,1,14499,0.86,5,0,False,2026-01-09 10:08:34
3689,3689,7,1,2026012607,2,1,7312,0.88,3,0,False,2026-01-26 07:39:01
3690,3690,1167,10,2025110803,4,1,10519,0.92,4,0,False,2025-11-08 03:17:23
3691,3691,546,14,2025102804,6,1,5754,0.94,4,1,False,2025-10-28 04:42:13
3692,3692,248,19,2025102110,3,1,13576,0.82,4,1,False,2025-10-21 10:33:50
3693,3693,248,23,2025102110,3,1,10555,0.85,,0,False,2025-10-21 10:38:50
3694,3694,248,8,2025102110,3,1,12828,0.85,5,0,False,2025-10-21 10:37:50
3695,3695,356,1,2025120720,1,1,6355,0.85,4,0,False,2025-12-07 20:06:15
3696,3696,356,3,2025120720,1,1,6240,0.85,3,1,False,2025-12-07 20:09:15
3697,3697,356,8,2025120720,1,1,4348,0.95,5,0,True,2025-12-07 20:10:15
3698,3698,325,17,2025122020,4,1,4734,0.93,5,0,False,2025-12-20 20:09:14
3699,3699,325,16,2025122020,4,1,13465,0.84,4,0,True,2025-12-20 20:14:14
3700,3700,63,6,2025102320,6,1,7776,0.84,5,0,False,2025-10-23 20:00:22
3701,3701,63,15,2025102320,6,1,11988,0.96,4,0,False,2025-10-23 20:04:22
3702,3702,563,15,2026020102,2,1,8117,0.92,5,0,True,2026-02-01 02:25:01
3703,3703,66,17,2026020723,1,1,9208,0.92,4,0,True,2026-02-07 23:38:43
3704,3704,255,19,2025121301,3,1,7372,0.83,4,0,False,2025-12-13 01:46:37
3705,3705,255,23,2025121301,3,1,3738,0.94,,0,False,2025-12-13 01:48:37
3706,3706,255,8,2025121301,3,1,10589,0.95,4,0,False,2025-12-13 01:52:37
3707,3707,35,1,2025100317,1,1,12123,0.97,4,0,True,2025-10-03 17:18:28
3708,3708,35,3,2025100317,1,1,10052,0.88,5,0,True,2025-10-03 17:21:28
3709,3709,35,8,2025100317,1,1,9911,0.88,,0,True,2025-10-03 17:24:28
3710,3710,16,1,2025103123,1,1,12620,0.84,5,0,True,2025-10-31 23:32:58
3711,3711,16,3,2025103123,1,5,9630,0.21,2,0,False,2025-10-31 23:36:58
3712,3712,16,8,2025103123,1,1,9151,0.93,3,0,False,2025-10-31 23:36:58
3713,3713,181,6,2025113017,3,1,9622,0.88,4,0,False,2025-11-30 17:23:24
3714,3714,33,5,2026021915,2,1,10637,0.84,4,1,False,2026-02-19 15:17:11
3715,3715,89,12,2025110510,4,1,11413,0.83,4,0,True,2025-11-05 10:14:04
3716,3716,103,19,2025103000,4,1,6999,0.93,4,0,False,2025-10-30 00:54:08
3717,3717,103,23,2025103000,4,1,12286,0.9,5,0,False,2025-10-30 00:59:08
3718,3718,103,8,2025103000,4,1,5434,0.94,5,0,True,2025-10-30 00:58:08
3719,3719,1072,6,2025101604,2,1,8702,0.93,4,0,False,2025-10-16 04:17:00
3720,3720,1072,15,2025101604,2,1,11399,0.97,,0,False,2025-10-16 04:22:00
3721,3721,855,1,2026011404,2,1,13892,0.87,,0,False,2026-01-14 04:55:14
3722,3722,855,3,2026011404,2,1,5187,0.82,4,0,False,2026-01-14 04:57:14
3723,3723,855,8,2026011405,2,1,4302,0.83,3,0,True,2026-01-14 05:05:14
3724,3724,355,4,2026022320,3,1,14619,0.82,4,0,False,2026-02-23 20:20:16
3725,3725,355,10,2026022320,3,1,10196,0.82,5,0,False,2026-02-23 20:25:16
3726,3726,39,23,2026011610,4,1,10600,0.97,5,0,True,2026-01-16 10:35:36
3727,3727,62,2,2025110708,3,1,10851,0.9,5,0,False,2025-11-07 08:04:36
3728,3728,62,5,2025110708,3,1,8514,0.97,3,0,False,2025-11-07 08:07:36
3729,3729,62,9,2025110708,3,1,8675,0.89,4,0,False,2025-11-07 08:08:36
3730,3730,1048,4,2026022701,2,1,10219,0.86,,0,False,2026-02-27 01:00:20
3731,3731,737,13,2026021504,1,3,8852,0.3,2,0,False,2026-02-15 04:00:58
3732,3732,737,14,2026021504,1,1,7192,0.92,4,0,True,2026-02-15 04:02:58
3733,3733,1199,21,2025101119,2,1,5194,0.95,5,0,False,2025-10-11 19:27:16
3734,3734,258,18,2025091900,1,1,12332,0.88,4,0,False,2025-09-19 00:12:42
3735,3735,5,11,2025101216,2,1,8082,0.9,5,0,True,2025-10-12 16:26:40
3736,3736,129,19,2026030209,1,1,8955,0.88,5,1,True,2026-03-02 09:30:35
3737,3737,129,23,2026030209,1,1,12932,0.87,4,0,True,2026-03-02 09:35:35
3738,3738,129,8,2026030209,1,5,12826,0.18,2,0,False,2026-03-02 09:34:35
3739,3739,186,12,2025091222,1,1,9436,0.95,,0,True,2025-09-12 22:22:10
3740,3740,278,13,2026032600,1,1,13634,0.9,4,0,True,2026-03-26 00:45:06
3741,3741,278,14,2026032600,1,1,9374,0.89,5,0,True,2026-03-26 00:48:06
3742,3742,11,19,2026012709,2,1,11451,0.91,5,0,False,2026-01-27 09:18:56
3743,3743,11,23,2026012709,2,1,11242,0.84,,0,False,2026-01-27 09:21:56
3744,3744,11,8,2026012709,2,1,6324,0.96,4,0,False,2026-01-27 09:26:56
3745,3745,1067,19,2025111207,2,4,10636,0.29,2,1,False,2025-11-12 07:50:19
3746,3746,1067,23,2025111207,2,1,7979,0.85,4,0,True,2025-11-12 07:55:19
3747,3747,1067,8,2025111207,2,1,7002,0.9,5,0,True,2025-11-12 07:58:19
3748,3748,219,13,2026020820,1,1,6733,0.87,4,1,False,2026-02-08 20:04:54
3749,3749,219,14,2026020820,1,1,4773,0.86,4,0,False,2026-02-08 20:07:54
3750,3750,313,17,2025102701,6,1,3735,0.96,4,0,False,2025-10-27 01:16:28
3751,3751,313,16,2025102701,6,1,13658,0.96,5,0,False,2025-10-27 01:20:28
3752,3752,380,6,2025112810,2,1,5330,0.89,4,0,False,2025-11-28 10:41:31
3753,3753,380,15,2025112810,2,1,14130,0.84,4,1,True,2025-11-28 10:43:31
3754,3754,342,19,2025100520,1,1,14449,0.93,4,0,False,2025-10-05 20:23:42
3755,3755,342,23,2025100520,1,1,5766,0.96,4,0,True,2025-10-05 20:27:42
3756,3756,342,8,2025100520,1,1,8971,0.91,5,0,False,2025-10-05 20:29:42
3757,3757,781,13,2026030414,1,1,10902,0.82,4,0,False,2026-03-04 14:46:14
3758,3758,781,14,2026030414,1,1,10650,0.85,4,0,False,2026-03-04 14:49:14
3759,3759,422,1,2025122901,2,1,12358,0.88,5,0,True,2025-12-29 01:54:29
3760,3760,422,3,2025122901,2,1,7736,0.92,5,0,False,2025-12-29 01:58:29
3761,3761,422,8,2025122902,2,1,7489,0.86,5,0,False,2025-12-29 02:00:29
3762,3762,29,13,2025112110,2,1,11699,0.95,4,0,True,2025-11-21 10:45:52
3763,3763,29,14,2025112110,2,6,8974,0.0,,0,False,2025-11-21 10:47:52
3764,3764,231,9,2025102121,2,1,7935,0.94,3,0,False,2025-10-21 21:15:34
3765,3765,439,2,2026032107,3,1,12765,0.91,4,0,False,2026-03-21 07:12:39
3766,3766,1085,17,2026032012,1,1,7547,0.89,4,0,False,2026-03-20 12:17:51
3767,3767,1085,16,2026032012,1,1,11784,0.82,4,1,False,2026-03-20 12:19:51
3768,3768,871,4,2026030513,1,1,14671,0.93,,0,False,2026-03-05 13:24:13
3769,3769,871,10,2026030513,1,2,8118,0.07,1,0,False,2026-03-05 13:27:13
3770,3770,18,2,2026030917,6,1,4150,0.85,5,0,False,2026-03-09 17:22:37
3771,3771,18,5,2026030917,6,1,12176,0.96,4,0,False,2026-03-09 17:25:37
3772,3772,18,9,2026030917,6,1,9891,0.84,4,0,False,2026-03-09 17:32:37
3773,3773,174,8,2025121504,1,3,13627,0.11,1,0,False,2025-12-15 04:44:05
3774,3774,388,19,2025112911,2,1,5560,0.95,,0,False,2025-11-29 11:53:01
3775,3775,388,23,2025112911,2,1,8840,0.93,5,0,False,2025-11-29 11:58:01
3776,3776,388,8,2025112912,2,7,10489,0.03,2,0,False,2025-11-29 12:01:01
3777,3777,603,20,2025121211,1,1,11027,0.94,5,0,False,2025-12-12 11:50:19
3778,3778,603,5,2025121211,1,3,9623,0.02,,1,False,2025-12-12 11:53:19
3779,3779,1122,22,2026011519,1,1,6917,0.86,5,0,True,2026-01-15 19:52:36
3780,3780,335,20,2026010200,2,1,13983,0.82,4,1,False,2026-01-02 00:57:06
3781,3781,820,18,2025122418,1,2,10800,0.09,,0,False,2025-12-24 18:59:30
3782,3782,240,1,2025092601,1,2,9127,0.14,,0,False,2025-09-26 01:53:57
3783,3783,139,19,2025121323,1,1,7326,0.87,5,0,False,2025-12-13 23:35:40
3784,3784,139,23,2025121323,1,1,6852,0.87,4,0,True,2025-12-13 23:40:40
3785,3785,139,8,2025121323,1,1,6495,0.94,3,0,False,2025-12-13 23:45:40
3786,3786,33,6,2026032303,2,4,4068,0.13,1,0,False,2026-03-23 03:30:29
3787,3787,33,15,2026032303,2,1,4857,0.82,5,0,False,2026-03-23 03:32:29
3788,3788,78,13,2026021817,2,1,5363,0.98,5,0,False,2026-02-18 17:07:01
3789,3789,78,14,2026021817,2,1,10286,0.85,4,0,False,2026-02-18 17:10:01
3790,3790,49,4,2025121516,1,1,13275,0.86,5,0,True,2025-12-15 16:04:16
3791,3791,478,3,2026010219,5,1,7666,0.96,3,0,True,2026-01-02 19:07:14
3792,3792,325,22,2025121521,2,1,12496,0.92,5,0,False,2025-12-15 21:53:01
3793,3793,98,9,2025100704,5,1,5081,0.97,5,0,True,2025-10-07 04:27:20
3794,3794,93,18,2026011106,1,1,8438,0.98,5,0,False,2026-01-11 06:45:53
3795,3795,730,1,2026032109,2,1,12820,0.9,5,0,False,2026-03-21 09:34:56
3796,3796,730,3,2026032109,2,1,8969,0.9,4,0,False,2026-03-21 09:38:56
3797,3797,730,8,2026032109,2,1,10637,0.91,5,0,False,2026-03-21 09:40:56
3798,3798,254,20,2025122616,3,1,5037,0.97,5,0,False,2025-12-26 16:13:14
3799,3799,254,5,2025122616,3,1,13151,0.85,5,0,True,2025-12-26 16:16:14
3800,3800,309,19,2025101507,3,1,14423,0.88,5,0,True,2025-10-15 07:19:24
3801,3801,309,23,2025101507,3,1,13386,0.89,5,0,False,2025-10-15 07:23:24
3802,3802,309,8,2025101507,3,1,11522,0.93,5,0,False,2025-10-15 07:29:24
3803,3803,951,17,2025101410,3,1,3999,0.83,,0,False,2025-10-14 10:26:15
3804,3804,951,16,2025101410,3,1,13872,0.87,5,0,True,2025-10-14 10:30:15
3805,3805,835,17,2025121406,1,1,12704,0.85,4,0,False,2025-12-14 06:36:40
3806,3806,835,16,2025121406,1,1,10417,0.93,5,0,True,2025-12-14 06:40:40
3807,3807,685,6,2026021122,1,4,3861,0.12,1,0,False,2026-02-11 22:55:32
3808,3808,685,15,2026021122,1,1,6041,0.94,4,0,False,2026-02-11 22:58:32
3809,3809,279,19,2026021212,1,1,11985,0.96,5,0,False,2026-02-12 12:55:07
3810,3810,279,23,2026021212,1,1,14123,0.97,5,0,False,2026-02-12 12:57:07
3811,3811,279,8,2026021213,1,1,13531,0.96,4,0,True,2026-02-12 13:05:07
3812,3812,612,17,2026010120,1,1,11534,0.88,4,0,False,2026-01-01 20:46:53
3813,3813,612,16,2026010120,1,1,8417,0.86,4,0,True,2026-01-01 20:51:53
3814,3814,20,20,2025120116,2,1,6582,0.93,5,0,True,2025-12-01 16:32:32
3815,3815,20,5,2025120116,2,1,4715,0.83,4,0,False,2025-12-01 16:34:32
3816,3816,233,1,2025113010,1,1,14494,0.94,5,1,False,2025-11-30 10:05:40
3817,3817,233,3,2025113010,1,1,10781,0.9,4,0,False,2025-11-30 10:08:40
3818,3818,233,8,2025113010,1,1,5179,0.86,4,0,False,2025-11-30 10:11:40
3819,3819,355,20,2026011605,1,1,4816,0.87,,0,True,2026-01-16 05:08:54
3820,3820,257,2,2026020710,1,1,6789,0.84,3,0,True,2026-02-07 10:33:18
3821,3821,257,5,2026020710,1,1,10789,0.92,4,0,False,2026-02-07 10:35:18
3822,3822,257,9,2026020710,1,4,14136,0.32,,0,False,2026-02-07 10:41:18
3823,3823,391,22,2026012008,3,1,12853,0.9,4,0,True,2026-01-20 08:53:26
3824,3824,321,4,2026010508,1,1,12437,0.9,4,0,False,2026-01-05 08:35:34
3825,3825,321,10,2026010508,1,1,8241,0.88,,0,False,2026-01-05 08:37:34
3826,3826,183,13,2026012317,2,1,11685,0.84,,0,False,2026-01-23 17:40:35
3827,3827,183,14,2026012317,2,1,13440,0.96,4,1,False,2026-01-23 17:43:35
3828,3828,52,15,2026032419,1,1,5067,0.9,4,1,False,2026-03-24 19:57:57
3829,3829,6,6,2026011416,2,1,11663,0.95,4,0,False,2026-01-14 16:07:52
3830,3830,350,13,2025120617,1,1,5906,0.82,5,0,False,2025-12-06 17:55:42
3831,3831,350,14,2025120617,1,1,6649,0.93,4,0,False,2025-12-06 17:59:42
3832,3832,179,20,2025101001,1,1,4733,0.83,4,0,True,2025-10-10 01:10:57
3833,3833,179,5,2025101001,1,1,10956,0.94,4,0,False,2025-10-10 01:12:57
3834,3834,1064,16,2025101619,1,1,8209,0.93,,0,False,2025-10-16 19:01:12
3835,3835,28,1,2026022311,3,7,12295,0.25,,0,False,2026-02-23 11:43:52
3836,3836,28,3,2026022311,3,1,5066,0.92,5,0,False,2026-02-23 11:46:52
3837,3837,28,8,2026022311,3,1,6263,0.96,4,1,True,2026-02-23 11:47:52
3838,3838,597,6,2025110117,5,2,9182,0.03,2,0,False,2025-11-01 17:15:22
3839,3839,370,2,2026010618,1,1,4378,0.98,4,0,False,2026-01-06 18:57:48
3840,3840,687,1,2025110304,6,1,8971,0.87,3,0,False,2025-11-03 04:57:13
3841,3841,687,3,2025110304,6,1,13975,0.87,,0,False,2025-11-03 04:59:13
3842,3842,687,8,2025110305,6,1,8189,0.92,4,0,False,2025-11-03 05:03:13
3843,3843,1144,20,2026031208,1,1,9860,0.86,4,0,False,2026-03-12 08:05:32
3844,3844,205,6,2025112014,1,1,11895,0.94,4,0,False,2025-11-20 14:21:15
3845,3845,33,11,2026030612,3,1,5597,0.85,5,0,True,2026-03-06 12:57:37
3846,3846,269,17,2025100901,6,1,9501,0.91,5,0,False,2025-10-09 01:23:07
3847,3847,269,16,2025100901,6,1,9042,0.88,5,0,True,2025-10-09 01:25:07
3848,3848,79,13,2026030813,4,1,10325,0.92,,0,False,2026-03-08 13:15:20
3849,3849,79,14,2026030813,4,1,9080,0.83,4,0,True,2026-03-08 13:17:20
3850,3850,69,20,2026020622,6,1,4404,0.86,5,0,False,2026-02-06 22:08:47
3851,3851,69,5,2026020622,6,4,6155,0.23,1,1,False,2026-02-06 22:12:47
3852,3852,981,22,2026021511,2,1,8603,0.83,4,0,False,2026-02-15 11:10:45
3853,3853,283,8,2025103104,2,1,5690,0.94,5,0,True,2025-10-31 04:53:20
3854,3854,551,19,2026010614,1,1,13796,0.96,4,0,False,2026-01-06 14:42:26
3855,3855,551,23,2026010614,1,1,8352,0.97,5,0,True,2026-01-06 14:44:26
3856,3856,551,8,2026010614,1,1,11600,0.84,5,0,False,2026-01-06 14:50:26
3857,3857,176,2,2026011418,2,1,5622,0.85,5,0,True,2026-01-14 18:43:46
3858,3858,176,5,2026011418,2,1,11113,0.91,4,0,False,2026-01-14 18:45:46
3859,3859,176,9,2026011418,2,1,12599,0.91,4,0,False,2026-01-14 18:51:46
3860,3860,85,2,2026030314,1,1,11323,0.91,4,0,False,2026-03-03 14:51:17
3861,3861,85,5,2026030314,1,1,5184,0.96,,0,False,2026-03-03 14:56:17
3862,3862,85,9,2026030314,1,1,11798,0.88,4,0,False,2026-03-03 14:57:17
3863,3863,5,17,2026032922,2,1,4474,0.96,5,0,True,2026-03-29 22:31:39
3864,3864,5,16,2026032922,2,1,9222,0.89,4,0,False,2026-03-29 22:36:39
3865,3865,855,2,2026032422,1,1,10349,0.89,4,0,False,2026-03-24 22:12:59
3866,3866,855,5,2026032422,1,1,4590,0.88,5,0,True,2026-03-24 22:16:59
3867,3867,855,9,2026032422,1,1,7364,0.96,4,0,True,2026-03-24 22:20:59
3868,3868,315,13,2025112112,1,1,11287,0.86,5,0,False,2025-11-21 12:33:23
3869,3869,315,14,2025112112,1,1,8410,0.95,4,0,True,2025-11-21 12:38:23
3870,3870,465,14,2025100418,1,1,12933,0.98,,0,True,2025-10-04 18:21:47
3871,3871,9,1,2025090314,1,1,15300,0.93,3,0,False,2025-09-03 14:12:26
3872,3872,9,3,2025090314,1,1,9810,0.91,5,0,True,2025-09-03 14:14:26
3873,3873,9,8,2025090314,1,1,8859,0.89,5,0,True,2025-09-03 14:16:26
3874,3874,665,1,2025092317,1,3,8081,0.09,1,0,False,2025-09-23 17:39:50
3875,3875,665,3,2025092317,1,1,13910,0.92,3,0,False,2025-09-23 17:41:50
3876,3876,665,8,2025092317,1,1,12022,0.87,4,0,False,2025-09-23 17:47:50
3877,3877,257,1,2025112622,1,1,8665,0.95,4,0,False,2025-11-26 22:37:33
3878,3878,257,3,2025112622,1,1,9758,0.97,4,0,False,2025-11-26 22:41:33
3879,3879,257,8,2025112622,1,1,10871,0.85,4,0,True,2025-11-26 22:41:33
3880,3880,206,12,2026022217,1,7,12393,0.22,2,0,False,2026-02-22 17:26:30
3881,3881,27,2,2025091020,3,1,7931,0.97,,0,True,2025-09-10 20:28:35
3882,3882,27,5,2025091020,3,1,13210,0.94,4,0,False,2025-09-10 20:30:35
3883,3883,27,9,2025091020,3,1,7382,0.94,4,0,False,2025-09-10 20:34:35
3884,3884,138,19,2025121308,3,7,8336,0.24,1,0,False,2025-12-13 08:06:27
3885,3885,138,23,2025121308,3,1,10891,0.88,4,0,False,2025-12-13 08:11:27
3886,3886,138,8,2025121308,3,1,8567,0.96,4,0,True,2025-12-13 08:14:27
3887,3887,42,2,2025123120,2,1,10704,0.87,4,0,False,2025-12-31 20:47:28
3888,3888,42,5,2025123120,2,1,13467,0.87,5,0,True,2025-12-31 20:50:28
3889,3889,42,9,2025123120,2,1,13897,0.89,5,0,True,2025-12-31 20:55:28
3890,3890,1177,4,2025122408,3,1,8739,0.92,5,0,False,2025-12-24 08:02:56
3891,3891,1177,10,2025122408,3,1,8943,0.82,4,0,False,2025-12-24 08:04:56
3892,3892,369,8,2026032406,1,2,6215,0.01,,0,False,2026-03-24 06:47:14
3893,3893,78,8,2025102317,3,1,11886,0.89,4,0,True,2025-10-23 17:01:01
3894,3894,142,17,2026030808,1,1,11654,0.85,4,0,False,2026-03-08 08:21:51
3895,3895,142,16,2026030808,1,1,6811,0.94,,0,True,2026-03-08 08:23:51
3896,3896,13,6,2026022703,1,4,10190,0.13,2,0,False,2026-02-27 03:11:02
3897,3897,13,15,2026022703,1,1,10483,0.93,5,0,False,2026-02-27 03:13:02
3898,3898,153,22,2026020609,1,1,11199,0.91,5,0,True,2026-02-06 09:52:12
3899,3899,897,17,2026031603,1,1,6515,0.83,5,0,True,2026-03-16 03:28:19
3900,3900,80,1,2026010414,1,1,15013,0.92,4,0,False,2026-01-04 14:09:15
3901,3901,80,3,2026010414,1,1,4720,0.89,4,0,True,2026-01-04 14:14:15
3902,3902,80,8,2026010414,1,1,7934,0.82,4,0,False,2026-01-04 14:17:15
3903,3903,249,1,2026022510,5,1,10215,0.91,4,0,False,2026-02-25 10:43:51
3904,3904,249,3,2026022510,5,1,7247,0.92,4,1,True,2026-02-25 10:48:51
3905,3905,249,8,2026022510,5,1,8945,0.89,5,0,True,2026-02-25 10:47:51
3906,3906,305,10,2026030509,1,1,12293,0.94,3,0,False,2026-03-05 09:37:39
3907,3907,968,8,2026010905,1,1,8407,0.96,4,0,False,2026-01-09 05:05:44
3908,3908,25,2,2026010314,1,1,5656,0.83,5,0,False,2026-01-03 14:55:29
3909,3909,25,5,2026010314,1,1,7829,0.84,4,0,False,2026-01-03 14:59:29
3910,3910,25,9,2026010314,1,1,5639,0.91,4,0,False,2026-01-03 14:59:29
3911,3911,793,6,2026031211,1,1,10269,0.97,4,0,False,2026-03-12 11:29:12
3912,3912,793,15,2026031211,1,1,10027,0.87,4,0,False,2026-03-12 11:31:12
3913,3913,300,17,2026030823,3,1,6152,0.87,4,0,False,2026-03-08 23:47:17
3914,3914,300,16,2026030823,3,1,11289,0.85,4,0,False,2026-03-08 23:52:17
3915,3915,1149,13,2026011813,1,7,6381,0.09,1,0,False,2026-01-18 13:27:05
3916,3916,1149,14,2026011813,1,1,13794,0.93,4,0,False,2026-01-18 13:30:05
3917,3917,61,20,2026032815,2,1,10602,0.92,4,0,False,2026-03-28 15:31:41
3918,3918,160,2,2026021514,1,1,8814,0.86,5,0,False,2026-02-15 14:41:30
3919,3919,339,25,2025111909,2,1,4215,0.86,4,1,False,2025-11-19 09:06:31
3920,3920,24,13,2026021412,3,1,12982,0.89,4,0,False,2026-02-14 12:50:29
3921,3921,24,14,2026021412,3,4,13413,0.15,1,1,False,2026-02-14 12:52:29
3922,3922,93,8,2025123102,1,1,11743,0.9,4,0,False,2025-12-31 02:33:39
3923,3923,787,1,2026021609,5,1,14348,0.93,4,0,False,2026-02-16 09:01:21
3924,3924,879,7,2026021507,1,3,10251,0.14,,0,False,2026-02-15 07:24:27
3925,3925,32,20,2026022202,3,1,7842,0.95,3,1,False,2026-02-22 02:23:29
3926,3926,32,5,2026022202,3,1,11210,0.97,4,0,True,2026-02-22 02:26:29
3927,3927,925,13,2025112922,3,1,4697,0.97,5,0,False,2025-11-29 22:48:09
3928,3928,925,14,2025112922,3,1,5038,0.96,5,0,True,2025-11-29 22:51:09
3929,3929,5,17,2026031718,1,1,8884,0.92,,0,False,2026-03-17 18:07:29
3930,3930,5,16,2026031718,1,4,6381,0.24,,1,False,2026-03-17 18:10:29
3931,3931,1094,2,2025110407,3,1,7732,0.97,5,0,True,2025-11-04 07:00:52
3932,3932,1189,15,2026031402,2,1,6083,0.87,4,0,False,2026-03-14 02:37:42
3933,3933,93,19,2026022515,2,1,12445,0.83,,0,False,2026-02-25 15:20:48
3934,3934,93,23,2026022515,2,1,12054,0.97,4,0,False,2026-02-25 15:25:48
3935,3935,93,8,2026022515,2,1,4920,0.95,4,1,False,2026-02-25 15:28:48
3936,3936,298,13,2026022002,6,1,5684,0.86,4,0,False,2026-02-20 02:27:55
3937,3937,298,14,2026022002,6,1,4524,0.9,,0,False,2026-02-20 02:30:55
3938,3938,800,2,2025111005,1,1,12363,0.91,3,0,False,2025-11-10 05:06:39
3939,3939,800,5,2025111005,1,1,5616,0.98,5,0,True,2025-11-10 05:09:39
3940,3940,800,9,2025111005,1,1,12657,0.97,4,0,False,2025-11-10 05:12:39
3941,3941,236,4,2025091919,1,1,12369,0.92,4,0,False,2025-09-19 19:24:48
3942,3942,236,10,2025091919,1,1,7023,0.92,5,0,True,2025-09-19 19:28:48
3943,3943,50,6,2025101011,1,4,11822,0.03,1,2,False,2025-10-10 11:05:53
3944,3944,229,21,2025112418,6,1,11078,0.88,3,0,True,2025-11-24 18:24:08
3945,3945,392,13,2026020412,2,1,7012,0.85,4,0,False,2026-02-04 12:35:42
3946,3946,102,19,2025103017,2,1,15498,0.9,4,0,False,2025-10-30 17:20:31
3947,3947,102,23,2025103017,2,1,13863,0.87,5,0,False,2025-10-30 17:25:31
3948,3948,102,8,2025103017,2,1,12206,0.85,5,0,True,2025-10-30 17:30:31
3949,3949,84,19,2025102819,2,1,14317,0.97,4,0,False,2025-10-28 19:10:40
3950,3950,50,1,2025102808,1,4,9654,0.2,1,0,False,2025-10-28 08:20:39
3951,3951,603,12,2026031205,2,1,7430,0.85,,1,False,2026-03-12 05:38:07
3952,3952,349,19,2026022611,1,1,12615,0.92,4,0,True,2026-02-26 11:57:29
3953,3953,349,23,2026022611,1,5,6510,0.28,,0,False,2026-02-26 11:59:29
3954,3954,349,8,2026022612,1,1,12249,0.92,5,0,False,2026-02-26 12:07:29
3955,3955,467,1,2026020402,1,1,11910,0.86,5,0,True,2026-02-04 02:42:01
3956,3956,467,3,2026020402,1,1,13498,0.85,4,0,False,2026-02-04 02:44:01
3957,3957,467,8,2026020402,1,1,11858,0.97,5,0,False,2026-02-04 02:52:01
3958,3958,728,6,2026012818,1,1,7962,0.83,5,0,True,2026-01-28 18:35:45
3959,3959,62,1,2026031109,1,1,9113,0.94,4,0,False,2026-03-11 09:46:02
3960,3960,62,3,2026031109,1,1,8126,0.95,5,0,False,2026-03-11 09:50:02
3961,3961,62,8,2026031109,1,1,13115,0.86,4,0,False,2026-03-11 09:56:02
3962,3962,388,15,2025111409,5,1,10483,0.89,,0,False,2025-11-14 09:36:20
3963,3963,2,2,2026022100,4,1,6837,0.92,4,0,True,2026-02-21 00:53:26
3964,3964,2,5,2026022100,4,1,8187,0.98,4,0,False,2026-02-21 00:58:26
3965,3965,2,9,2026022101,4,1,11593,0.97,3,0,False,2026-02-21 01:01:26
3966,3966,365,2,2026030514,2,1,3716,0.86,,0,False,2026-03-05 14:33:51
3967,3967,365,5,2026030514,2,1,9764,0.87,4,0,False,2026-03-05 14:38:51
3968,3968,365,9,2026030514,2,1,12808,0.89,4,0,True,2026-03-05 14:43:51
3969,3969,91,20,2025092402,2,1,13726,0.95,4,0,True,2025-09-24 02:44:12
3970,3970,91,5,2025092402,2,1,4083,0.85,4,0,False,2025-09-24 02:49:12
3971,3971,714,11,2026012501,1,1,8555,0.95,3,0,True,2026-01-25 01:11:08
3972,3972,298,3,2026031022,2,1,9890,0.85,,0,False,2026-03-10 22:02:11
3973,3973,803,1,2026030608,1,1,5945,0.83,4,0,False,2026-03-06 08:37:49
3974,3974,803,3,2026030608,1,1,11388,0.84,5,0,False,2026-03-06 08:39:49
3975,3975,803,8,2026030608,1,1,10960,0.84,5,1,True,2026-03-06 08:47:49
3976,3976,991,18,2026012917,1,1,12076,0.96,4,0,False,2026-01-29 17:21:39
3977,3977,235,13,2026031015,2,1,7251,0.91,,0,True,2026-03-10 15:57:03
3978,3978,235,14,2026031016,2,1,6599,0.94,4,0,False,2026-03-10 16:02:03
3979,3979,77,4,2026031509,1,1,10455,0.89,5,0,True,2026-03-15 09:02:34
3980,3980,77,10,2026031509,1,5,8540,0.07,,0,False,2026-03-15 09:06:34
3981,3981,774,3,2026021103,3,1,12476,0.94,,0,False,2026-02-11 03:14:30
3982,3982,252,13,2025112501,1,1,13004,0.89,4,0,False,2025-11-25 01:05:47
3983,3983,330,12,2025112411,4,1,5635,0.9,4,0,False,2025-11-24 11:00:21
3984,3984,690,2,2025092516,2,1,13434,0.95,3,1,False,2025-09-25 16:43:46
3985,3985,690,5,2025092516,2,1,12651,0.87,4,1,False,2025-09-25 16:48:46
3986,3986,690,9,2025092516,2,1,14170,0.86,4,0,True,2025-09-25 16:47:46
3987,3987,28,22,2025092913,1,3,5818,0.35,,0,False,2025-09-29 13:05:46
3988,3988,681,13,2026032307,1,1,5384,0.92,5,0,True,2026-03-23 07:19:21
3989,3989,681,14,2026032307,1,1,10404,0.95,4,0,False,2026-03-23 07:24:21
3990,3990,202,11,2026030204,3,1,11558,0.86,5,0,True,2026-03-02 04:22:01
3991,3991,364,6,2026010412,1,2,12218,0.03,1,1,False,2026-01-04 12:02:22
3992,3992,28,20,2026011407,1,1,8024,0.92,5,0,False,2026-01-14 07:23:33
3993,3993,28,5,2026011407,1,1,7171,0.91,5,0,False,2026-01-14 07:25:33
3994,3994,123,6,2025091601,4,1,6074,0.86,5,0,True,2025-09-16 01:14:30
3995,3995,123,15,2025091601,4,1,6410,0.9,4,0,False,2025-09-16 01:19:30
3996,3996,52,9,2026011907,1,1,5068,0.95,3,0,False,2026-01-19 07:16:01
3997,3997,95,13,2026012514,3,1,9639,0.84,5,0,False,2026-01-25 14:30:25
3998,3998,95,14,2026012514,3,1,7234,0.97,4,0,True,2026-01-25 14:33:25
3999,3999,73,6,2026022802,3,1,6071,0.93,4,0,True,2026-02-28 02:01:58
4000,4000,73,15,2026022802,3,1,10785,0.95,4,0,False,2026-02-28 02:04:58
4001,4001,178,4,2025090320,1,1,13572,0.86,5,1,False,2025-09-03 20:28:07
4002,4002,178,10,2025090320,1,1,13864,0.85,5,0,True,2025-09-03 20:32:07
4003,4003,135,17,2025122522,1,1,10708,0.96,5,0,True,2025-12-25 22:29:14
4004,4004,48,15,2026011914,2,2,5926,0.12,1,0,False,2026-01-19 14:38:29
4005,4005,468,15,2025100310,1,3,11060,0.3,2,0,False,2025-10-03 10:46:23
4006,4006,1165,25,2025112320,1,1,12626,0.89,,0,False,2025-11-23 20:12:02
4007,4007,357,3,2025122701,1,1,9152,0.91,4,0,False,2025-12-27 01:51:59
4008,4008,56,2,2026022406,3,1,10095,0.94,,0,False,2026-02-24 06:29:18
4009,4009,56,5,2026022406,3,1,11674,0.94,5,0,False,2026-02-24 06:33:18
4010,4010,56,9,2026022406,3,1,11282,0.87,4,0,False,2026-02-24 06:39:18
4011,4011,51,4,2025090600,3,1,14269,0.93,5,0,True,2025-09-06 00:04:43
4012,4012,51,10,2025090600,3,1,11161,0.9,4,1,False,2025-09-06 00:09:43
4013,4013,397,9,2025111822,1,1,7489,0.93,4,0,False,2025-11-18 22:40:24
4014,4014,22,17,2025122507,6,4,11816,0.17,1,0,False,2025-12-25 07:01:32
4015,4015,32,4,2025092313,2,1,7886,0.87,,0,False,2025-09-23 13:26:59
4016,4016,32,10,2025092313,2,1,10228,0.88,4,0,True,2025-09-23 13:28:59
4017,4017,247,18,2025090123,4,1,11243,0.9,3,0,False,2025-09-01 23:34:38
4018,4018,297,7,2025121120,2,1,9167,0.98,4,0,False,2025-12-11 20:51:19
4019,4019,347,13,2025122111,1,2,11799,0.07,2,2,False,2025-12-21 11:36:56
4020,4020,347,14,2025122111,1,1,4890,0.91,,0,False,2025-12-21 11:41:56
4021,4021,23,13,2026020822,1,1,11698,0.83,5,0,False,2026-02-08 22:13:10
4022,4022,23,14,2026020822,1,1,12811,0.95,4,0,False,2026-02-08 22:18:10
4023,4023,10,16,2026032411,1,1,5715,0.93,5,0,True,2026-03-24 11:02:04
4024,4024,140,10,2026022305,1,4,13647,0.04,1,0,False,2026-02-23 05:17:46
4025,4025,560,4,2025103007,4,1,13733,0.9,5,0,False,2025-10-30 07:02:45
4026,4026,560,10,2025103007,4,2,10637,0.3,1,0,False,2025-10-30 07:05:45
4027,4027,191,2,2026020522,1,1,4837,0.97,3,0,False,2026-02-05 22:37:35
4028,4028,191,5,2026020522,1,1,6257,0.83,4,0,False,2026-02-05 22:40:35
4029,4029,191,9,2026020522,1,4,14268,0.33,1,0,False,2026-02-05 22:41:35
4030,4030,271,10,2025100615,1,1,11602,0.88,5,1,True,2025-10-06 15:55:29
4031,4031,200,6,2025102619,1,1,10809,0.93,5,0,False,2025-10-26 19:13:53
4032,4032,889,12,2026021123,1,1,5863,0.84,4,0,True,2026-02-11 23:08:22
4033,4033,21,19,2025123114,1,1,10536,0.83,5,0,False,2025-12-31 14:55:57
4034,4034,67,20,2025111009,1,1,6154,0.97,5,0,False,2025-11-10 09:13:24
4035,4035,67,5,2025111009,1,1,14050,0.83,5,0,True,2025-11-10 09:15:24
4036,4036,162,1,2025120302,1,1,9553,0.98,,0,False,2025-12-03 02:19:59
4037,4037,162,3,2025120302,1,1,12754,0.96,3,0,True,2025-12-03 02:21:59
4038,4038,162,8,2025120302,1,3,8780,0.13,1,0,False,2025-12-03 02:29:59
4039,4039,73,17,2025101810,1,1,9610,0.86,5,0,False,2025-10-18 10:23:02
4040,4040,73,16,2025101810,1,1,11924,0.94,5,0,True,2025-10-18 10:27:02
4041,4041,335,6,2025090914,1,1,3814,0.84,4,0,False,2025-09-09 14:07:31
4042,4042,335,15,2025090914,1,1,11178,0.84,4,0,False,2025-09-09 14:09:31
4043,4043,36,19,2025110301,1,1,7613,0.86,3,0,False,2025-11-03 01:26:33
4044,4044,36,23,2025110301,1,1,12513,0.94,5,0,True,2025-11-03 01:30:33
4045,4045,36,8,2025110301,1,1,12804,0.85,4,0,True,2025-11-03 01:36:33
4046,4046,25,13,2025091222,3,1,8475,0.9,5,0,True,2025-09-12 22:28:03
4047,4047,392,19,2026030211,5,1,5251,0.96,4,0,False,2026-03-02 11:32:23
4048,4048,392,23,2026030211,5,4,13247,0.31,,0,False,2026-03-02 11:34:23
4049,4049,392,8,2026030211,5,1,11057,0.87,,0,False,2026-03-02 11:42:23
4050,4050,296,2,2025111905,1,1,12244,0.97,4,0,True,2025-11-19 05:17:41
4051,4051,296,5,2025111905,1,1,3798,0.89,4,0,True,2025-11-19 05:22:41
4052,4052,296,9,2025111905,1,1,7781,0.95,3,0,True,2025-11-19 05:21:41
4053,4053,925,3,2025111906,1,1,13137,0.85,4,0,True,2025-11-19 06:06:18
4054,4054,979,1,2026031107,1,1,9393,0.89,3,0,False,2026-03-11 07:46:55
4055,4055,979,3,2026031107,1,1,10353,0.92,4,0,False,2026-03-11 07:48:55
4056,4056,979,8,2026031107,1,6,12599,0.0,,0,False,2026-03-11 07:50:55
4057,4057,289,2,2026011619,1,1,10397,0.97,4,0,False,2026-01-16 19:03:02
4058,4058,289,5,2026011619,1,1,9121,0.89,5,0,True,2026-01-16 19:08:02
4059,4059,289,9,2026011619,1,1,10008,0.83,5,0,False,2026-01-16 19:11:02
4060,4060,1153,1,2025103114,4,1,10487,0.84,4,0,False,2025-10-31 14:58:01
4061,4061,1153,3,2025103115,4,1,9165,0.9,5,0,True,2025-10-31 15:00:01
4062,4062,1153,8,2025103115,4,1,10407,0.97,5,0,False,2025-10-31 15:04:01
4063,4063,274,4,2026032818,4,1,5699,0.85,5,0,False,2026-03-28 18:37:01
4064,4064,105,16,2025102022,1,1,12339,0.91,5,0,True,2025-10-20 22:25:52
4065,4065,32,15,2026021515,3,1,3984,0.96,5,0,False,2026-02-15 15:01:44
4066,4066,734,1,2025120717,2,1,9544,0.97,4,1,False,2025-12-07 17:15:21
4067,4067,734,3,2025120717,2,1,12053,0.98,4,0,False,2025-12-07 17:20:21
4068,4068,734,8,2025120717,2,1,14083,0.91,4,0,True,2025-12-07 17:25:21
4069,4069,603,17,2026020818,2,1,6388,0.91,4,0,False,2026-02-08 18:51:10
4070,4070,603,16,2026020818,2,1,6823,0.86,4,0,False,2026-02-08 18:54:10
4071,4071,327,1,2025100122,1,1,9350,0.93,,1,False,2025-10-01 22:54:09
4072,4072,327,3,2025100122,1,1,7479,0.82,4,0,False,2025-10-01 22:57:09
4073,4073,327,8,2025100123,1,1,10768,0.93,3,1,False,2025-10-01 23:04:09
4074,4074,116,19,2026020823,1,2,8937,0.3,2,0,False,2026-02-08 23:59:46
4075,4075,397,1,2025112320,1,1,12889,0.86,4,0,True,2025-11-23 20:08:22
4076,4076,397,3,2025112320,1,1,8401,0.84,4,0,True,2025-11-23 20:13:22
4077,4077,397,8,2025112320,1,2,7451,0.16,2,0,False,2025-11-23 20:14:22
4078,4078,94,11,2025122411,5,1,5300,0.89,,0,True,2025-12-24 11:33:11
4079,4079,234,20,2026011511,1,1,13602,0.82,4,0,False,2026-01-15 11:04:20
4080,4080,234,5,2026011511,1,2,5404,0.23,2,0,False,2026-01-15 11:07:20
4081,4081,906,1,2025090503,4,1,7127,0.9,5,0,False,2025-09-05 03:05:47
4082,4082,906,3,2025090503,4,1,4774,0.85,4,0,True,2025-09-05 03:10:47
4083,4083,906,8,2025090503,4,1,7264,0.83,,0,False,2025-09-05 03:13:47
4084,4084,176,4,2025112003,2,1,8300,0.97,5,0,False,2025-11-20 03:36:12
4085,4085,176,10,2025112003,2,1,13595,0.82,4,0,False,2025-11-20 03:38:12
4086,4086,69,2,2026011805,1,1,10370,0.91,5,0,True,2026-01-18 05:36:32
4087,4087,69,5,2026011805,1,1,6343,0.86,5,0,False,2026-01-18 05:38:32
4088,4088,69,9,2026011805,1,1,8037,0.88,5,0,False,2026-01-18 05:40:32
4089,4089,228,6,2025120701,1,1,8793,0.89,5,1,True,2025-12-07 01:30:14
4090,4090,228,15,2025120701,1,1,8775,0.89,3,0,False,2025-12-07 01:35:14
4091,4091,5,13,2025110210,2,4,11576,0.09,1,0,False,2025-11-02 10:02:31
4092,4092,5,14,2025110210,2,1,13558,0.93,4,0,False,2025-11-02 10:05:31
4093,4093,99,1,2026031603,3,1,13468,0.95,5,0,False,2026-03-16 03:35:55
4094,4094,99,3,2026031603,3,1,10609,0.86,4,0,False,2026-03-16 03:40:55
4095,4095,99,8,2026031603,3,1,14060,0.97,4,0,False,2026-03-16 03:41:55
4096,4096,234,3,2025120205,1,1,4181,0.83,5,1,False,2025-12-02 05:59:34
4097,4097,283,2,2026012903,1,1,10868,0.91,,0,False,2026-01-29 03:08:00
4098,4098,283,5,2026012903,1,4,12686,0.27,1,0,False,2026-01-29 03:11:00
4099,4099,283,9,2026012903,1,1,14112,0.85,4,0,False,2026-01-29 03:16:00
4100,4100,22,5,2026010823,3,1,13714,0.82,4,0,False,2026-01-08 23:38:12
4101,4101,365,4,2026020309,1,1,14726,0.94,4,0,False,2026-02-03 09:30:54
4102,4102,365,10,2026020309,1,1,9040,0.89,,0,True,2026-02-03 09:33:54
4103,4103,703,2,2026012314,4,1,12294,0.87,4,0,False,2026-01-23 14:54:24
4104,4104,703,5,2026012314,4,1,4907,0.86,4,0,True,2026-01-23 14:57:24
4105,4105,703,9,2026012315,4,1,8114,0.87,5,0,False,2026-01-23 15:00:24
4106,4106,861,6,2026010106,1,3,4719,0.3,2,0,False,2026-01-01 06:29:02
4107,4107,861,15,2026010106,1,1,12799,0.85,4,0,False,2026-01-01 06:34:02
4108,4108,22,24,2026021206,1,1,5041,0.89,5,0,False,2026-02-12 06:38:40
4109,4109,577,19,2025091308,1,1,11149,0.96,4,0,True,2025-09-13 08:28:14
4110,4110,577,23,2025091308,1,3,13425,0.3,2,0,False,2025-09-13 08:30:14
4111,4111,577,8,2025091308,1,1,7085,0.96,5,0,True,2025-09-13 08:32:14
4112,4112,71,19,2026011301,3,1,11119,0.96,3,0,False,2026-01-13 01:23:47
4113,4113,71,23,2026011301,3,1,12797,0.87,4,1,False,2026-01-13 01:27:47
4114,4114,71,8,2026011301,3,1,9284,0.93,5,0,False,2026-01-13 01:27:47
4115,4115,815,16,2026011008,1,4,10771,0.0,1,1,False,2026-01-10 08:38:46
4116,4116,685,22,2025121905,4,1,7695,0.83,4,0,True,2025-12-19 05:30:43
4117,4117,371,23,2026020103,2,1,10041,0.86,5,0,False,2026-02-01 03:06:10
4118,4118,1126,17,2025121517,1,1,4050,0.85,5,0,True,2025-12-15 17:14:47
4119,4119,1126,16,2025121517,1,1,13347,0.91,5,0,True,2025-12-15 17:17:47
4120,4120,292,18,2026012519,2,1,5469,0.94,4,0,True,2026-01-25 19:26:52
4121,4121,6,10,2026012208,2,1,14236,0.84,5,0,True,2026-01-22 08:50:58
4122,4122,800,6,2025092306,2,1,4849,0.92,5,0,True,2025-09-23 06:50:03
4123,4123,26,17,2025111622,1,1,9313,0.92,,0,False,2025-11-16 22:56:45
4124,4124,26,16,2025111623,1,2,10566,0.13,1,0,False,2025-11-16 23:01:45
4125,4125,791,2,2025110411,2,1,11657,0.95,4,0,True,2025-11-04 11:08:22
4126,4126,791,5,2025110411,2,1,7005,0.92,5,0,False,2025-11-04 11:13:22
4127,4127,791,9,2025110411,2,1,14655,0.92,4,0,False,2025-11-04 11:14:22
4128,4128,95,2,2026031008,3,1,6374,0.87,4,0,True,2026-03-10 08:45:54
4129,4129,95,5,2026031008,3,1,9877,0.85,,0,False,2026-03-10 08:49:54
4130,4130,95,9,2026031008,3,1,11338,0.86,4,0,False,2026-03-10 08:55:54
4131,4131,500,20,2026021803,2,1,4989,0.9,4,0,False,2026-02-18 03:35:59
4132,4132,500,5,2026021803,2,1,13910,0.93,4,0,True,2026-02-18 03:39:59
4133,4133,16,9,2025121915,1,1,7466,0.89,4,0,False,2025-12-19 15:19:14
4134,4134,159,9,2025120119,1,1,6480,0.86,3,0,False,2025-12-01 19:52:20
4135,4135,74,13,2025101910,3,1,7441,0.85,5,0,False,2025-10-19 10:53:33
4136,4136,243,4,2026032004,2,1,5006,0.92,4,0,False,2026-03-20 04:25:12
4137,4137,203,4,2025091218,3,1,12833,0.88,,0,False,2025-09-12 18:03:20
4138,4138,203,10,2025091218,3,1,12851,0.95,5,0,True,2025-09-12 18:07:20
4139,4139,21,20,2026020422,2,6,12903,0.0,,0,False,2026-02-04 22:36:40
4140,4140,21,5,2026020422,2,1,5827,0.97,4,0,False,2026-02-04 22:38:40
4141,4141,658,1,2026021203,2,1,5496,0.95,4,0,False,2026-02-12 03:23:50
4142,4142,658,3,2026021203,2,1,7905,0.86,,0,True,2026-02-12 03:26:50
4143,4143,658,8,2026021203,2,1,4492,0.84,5,0,True,2026-02-12 03:31:50
4144,4144,340,17,2025093022,2,1,13353,0.85,3,0,True,2025-09-30 22:45:52
4145,4145,6,11,2025121918,1,1,5004,0.89,4,0,True,2025-12-19 18:53:13
4146,4146,830,17,2025111309,1,2,14140,0.33,,0,False,2025-11-13 09:37:35
4147,4147,830,16,2025111309,1,1,5226,0.84,4,0,False,2025-11-13 09:41:35
4148,4148,53,24,2025122904,5,1,15085,0.86,5,0,True,2025-12-29 04:47:42
4149,4149,47,13,2025112904,3,1,6571,0.88,4,0,False,2025-11-29 04:34:34
4150,4150,47,14,2025112904,3,3,12459,0.02,1,0,False,2025-11-29 04:38:34
4151,4151,328,22,2026011712,1,1,11053,0.84,4,0,False,2026-01-17 12:49:38
4152,4152,893,2,2025122707,1,1,11154,0.94,4,0,False,2025-12-27 07:14:11
4153,4153,893,5,2025122707,1,1,12105,0.93,3,0,False,2025-12-27 07:19:11
4154,4154,893,9,2025122707,1,1,10564,0.93,5,0,False,2025-12-27 07:18:11
4155,4155,331,20,2025111007,1,1,5087,0.92,4,0,False,2025-11-10 07:17:08
4156,4156,331,5,2025111007,1,1,9157,0.98,4,0,False,2025-11-10 07:20:08
4157,4157,74,15,2025121006,2,1,12476,0.94,3,0,False,2025-12-10 06:21:02
4158,4158,42,17,2025121111,2,1,10278,0.89,4,0,True,2025-12-11 11:26:35
4159,4159,42,16,2025121111,2,1,13397,0.92,5,0,True,2025-12-11 11:31:35
4160,4160,330,1,2025103117,1,1,9100,0.88,4,0,False,2025-10-31 17:41:08
4161,4161,330,3,2025103117,1,1,13275,0.93,4,0,True,2025-10-31 17:44:08
4162,4162,330,8,2025103117,1,3,12878,0.32,,0,False,2025-10-31 17:47:08
4163,4163,5,19,2026011206,1,1,8050,0.86,5,0,False,2026-01-12 06:11:11
4164,4164,48,17,2026013003,2,1,6119,0.97,5,0,True,2026-01-30 03:50:57
4165,4165,48,16,2026013003,2,1,10951,0.88,5,0,False,2026-01-30 03:54:57
4166,4166,66,13,2025112910,1,1,9491,0.88,,0,False,2025-11-29 10:30:12
4167,4167,66,14,2025112910,1,1,3947,0.85,5,0,False,2025-11-29 10:35:12
4168,4168,275,4,2026030715,2,6,14215,0.0,2,0,False,2026-03-07 15:19:58
4169,4169,275,10,2026030715,2,1,11622,0.91,5,0,False,2026-03-07 15:23:58
4170,4170,327,25,2025090805,1,3,3758,0.26,2,1,False,2025-09-08 05:13:00
4171,4171,937,19,2026022203,1,1,7165,0.83,5,1,False,2026-02-22 03:05:13
4172,4172,937,23,2026022203,1,1,13291,0.93,4,0,False,2026-02-22 03:09:13
4173,4173,937,8,2026022203,1,1,7954,0.85,3,0,False,2026-02-22 03:15:13
4174,4174,76,6,2026032805,1,1,11526,0.86,5,0,True,2026-03-28 05:05:27
4175,4175,76,15,2026032805,1,1,3706,0.83,4,0,False,2026-03-28 05:07:27
4176,4176,55,20,2026031501,2,1,14025,0.98,3,0,False,2026-03-15 01:13:39
4177,4177,55,5,2026031501,2,1,10501,0.83,5,0,False,2026-03-15 01:16:39
4178,4178,83,16,2025100317,2,1,4108,0.89,4,0,True,2025-10-03 17:47:17
4179,4179,32,1,2025111504,1,6,6484,0.0,1,0,False,2025-11-15 04:47:38
4180,4180,32,3,2025111504,1,7,9978,0.1,,1,False,2025-11-15 04:49:38
4181,4181,32,8,2025111504,1,1,6130,0.83,4,0,False,2025-11-15 04:55:38
4182,4182,348,6,2025102017,1,1,4324,0.94,,0,False,2025-10-20 17:21:43
4183,4183,348,15,2025102017,1,3,11124,0.23,2,0,False,2025-10-20 17:26:43
4184,4184,857,2,2025110405,2,2,7914,0.21,2,0,False,2025-11-04 05:26:26
4185,4185,857,5,2025110405,2,1,10101,0.92,4,0,False,2025-11-04 05:28:26
4186,4186,857,9,2025110405,2,1,12370,0.91,4,0,False,2025-11-04 05:36:26
4187,4187,860,13,2026022710,2,1,13582,0.94,,0,False,2026-02-27 10:09:48
4188,4188,701,25,2025102600,2,1,10289,0.97,4,0,False,2025-10-26 00:36:20
4189,4189,66,13,2025091800,1,1,12622,0.96,3,0,False,2025-09-18 00:38:02
4190,4190,66,14,2025091800,1,1,11377,0.82,4,0,False,2025-09-18 00:43:02
4191,4191,79,20,2025122310,3,1,11418,0.85,4,0,True,2025-12-23 10:09:03
4192,4192,79,5,2025122310,3,1,9417,0.92,3,0,False,2025-12-23 10:12:03
4193,4193,27,8,2025110809,2,1,7930,0.97,5,0,False,2025-11-08 09:42:47
4194,4194,1121,20,2025090609,4,1,7495,0.94,4,1,False,2025-09-06 09:16:39
4195,4195,1121,5,2025090609,4,1,5337,0.94,,0,True,2025-09-06 09:20:39
4196,4196,33,1,2026010213,2,1,12027,0.96,5,0,False,2026-01-02 13:53:40
4197,4197,33,3,2026010213,2,1,11099,0.87,,0,False,2026-01-02 13:57:40
4198,4198,33,8,2026010213,2,1,10796,0.82,4,0,False,2026-01-02 13:57:40
4199,4199,1177,19,2025122914,4,1,8136,0.95,4,0,False,2025-12-29 14:43:13
4200,4200,1177,23,2025122914,4,1,9923,0.87,4,0,False,2025-12-29 14:47:13
4201,4201,1177,8,2025122914,4,1,9826,0.95,4,0,False,2025-12-29 14:53:13
4202,4202,320,6,2026013021,6,1,3978,0.94,3,0,False,2026-01-30 21:42:29
4203,4203,320,15,2026013021,6,1,4956,0.97,5,0,False,2026-01-30 21:46:29
4204,4204,1187,13,2025102222,2,1,6173,0.83,4,0,False,2025-10-22 22:49:47
4205,4205,294,12,2025093013,2,1,11975,0.92,4,0,False,2025-09-30 13:51:51
4206,4206,28,22,2025102003,3,1,11694,0.91,5,0,True,2025-10-20 03:39:14
4207,4207,347,1,2025111507,1,1,14296,0.85,,0,False,2025-11-15 07:00:47
4208,4208,347,3,2025111507,1,1,11871,0.9,5,0,False,2025-11-15 07:03:47
4209,4209,347,8,2025111507,1,1,10653,0.84,,0,False,2025-11-15 07:06:47
4210,4210,44,13,2026032819,1,1,10103,0.87,5,0,True,2026-03-28 19:09:31
4211,4211,44,14,2026032819,1,1,13263,0.82,5,0,False,2026-03-28 19:13:31
4212,4212,32,1,2025110521,2,1,8370,0.95,4,0,False,2025-11-05 21:14:41
4213,4213,32,3,2025110521,2,1,12881,0.84,5,0,False,2025-11-05 21:17:41
4214,4214,32,8,2025110521,2,1,13905,0.86,3,0,False,2025-11-05 21:24:41
4215,4215,802,19,2025120807,1,1,13454,0.84,4,0,False,2025-12-08 07:41:48
4216,4216,802,23,2025120807,1,1,5409,0.85,4,0,True,2025-12-08 07:43:48
4217,4217,802,8,2025120807,1,1,13959,0.87,4,0,False,2025-12-08 07:47:48
4218,4218,3,19,2025112511,1,1,13760,0.97,4,0,False,2025-11-25 11:13:43
4219,4219,3,23,2025112511,1,3,10838,0.09,1,0,False,2025-11-25 11:17:43
4220,4220,3,8,2025112511,1,1,5789,0.92,4,0,False,2025-11-25 11:19:43
4221,4221,122,25,2026011617,2,1,7768,0.82,4,0,False,2026-01-16 17:13:34
4222,4222,216,2,2026011608,3,1,5335,0.94,5,0,True,2026-01-16 08:45:57
4223,4223,216,5,2026011608,3,1,14011,0.91,5,0,False,2026-01-16 08:50:57
4224,4224,216,9,2026011608,3,1,5134,0.87,4,0,False,2026-01-16 08:51:57
4225,4225,41,19,2026030417,6,1,14856,0.88,4,1,False,2026-03-04 17:41:52
4226,4226,41,23,2026030417,6,1,7835,0.87,4,1,False,2026-03-04 17:43:52
4227,4227,41,8,2026030417,6,1,12512,0.82,5,0,False,2026-03-04 17:45:52
4228,4228,48,9,2025091816,3,1,9015,0.94,3,0,False,2025-09-18 16:51:35
4229,4229,76,21,2025110505,1,1,11305,0.9,,0,True,2025-11-05 05:22:34
4230,4230,54,1,2026020903,2,1,14039,0.82,5,0,False,2026-02-09 03:16:04
4231,4231,54,3,2026020903,2,1,12515,0.82,4,0,True,2026-02-09 03:18:04
4232,4232,54,8,2026020903,2,1,13974,0.94,5,0,False,2026-02-09 03:26:04
4233,4233,926,2,2025111408,1,1,7059,0.89,5,0,False,2025-11-14 08:49:49
4234,4234,926,5,2025111408,1,1,4832,0.92,4,0,False,2025-11-14 08:54:49
4235,4235,926,9,2025111408,1,1,7078,0.98,3,0,True,2025-11-14 08:53:49
4236,4236,41,23,2025110501,2,1,7594,0.89,4,0,False,2025-11-05 01:24:50
4237,4237,51,19,2026013023,2,1,8763,0.88,3,0,False,2026-01-30 23:11:26
4238,4238,51,23,2026013023,2,1,6133,0.9,4,0,False,2026-01-30 23:15:26
4239,4239,51,8,2026013023,2,1,5296,0.92,5,0,False,2026-01-30 23:17:26
4240,4240,25,19,2025091117,1,1,14587,0.84,4,0,False,2025-09-11 17:16:34
4241,4241,25,23,2025091117,1,1,8576,0.96,5,1,False,2025-09-11 17:18:34
4242,4242,25,8,2025091117,1,1,11305,0.92,4,0,True,2025-09-11 17:26:34
4243,4243,950,13,2025100813,5,1,13961,0.91,5,0,True,2025-10-08 13:39:16
4244,4244,950,14,2025100813,5,1,13315,0.9,4,0,False,2025-10-08 13:43:16
4245,4245,726,14,2026030221,1,1,6737,0.91,3,0,False,2026-03-02 21:49:54
4246,4246,685,1,2026011705,1,6,8445,0.0,1,1,False,2026-01-17 05:53:38
4247,4247,344,6,2026010407,2,1,14125,0.98,,0,False,2026-01-04 07:23:44
4248,4248,344,15,2026010407,2,1,3917,0.91,4,1,False,2026-01-04 07:25:44
4249,4249,105,6,2026022120,3,1,8376,0.86,4,0,False,2026-02-21 20:39:13
4250,4250,105,15,2026022120,3,7,4351,0.12,2,0,False,2026-02-21 20:41:13
4251,4251,339,13,2025113023,3,1,6310,0.88,,0,False,2025-11-30 23:41:44
4252,4252,339,14,2025113023,3,1,4590,0.89,4,0,False,2025-11-30 23:46:44
4253,4253,249,1,2026010818,5,1,11841,0.93,3,0,False,2026-01-08 18:35:11
4254,4254,249,3,2026010818,5,1,8027,0.94,3,0,True,2026-01-08 18:40:11
4255,4255,249,8,2026010818,5,2,12935,0.07,1,0,False,2026-01-08 18:41:11
4256,4256,109,20,2025120702,6,1,9596,0.96,4,0,False,2025-12-07 02:38:28
4257,4257,109,5,2025120702,6,1,12557,0.9,5,0,False,2025-12-07 02:42:28
4258,4258,394,9,2026011018,6,1,12749,0.93,4,0,False,2026-01-10 18:13:47
4259,4259,14,17,2025102610,1,1,9420,0.86,4,0,False,2025-10-26 10:29:48
4260,4260,14,16,2025102610,1,1,8396,0.98,4,0,False,2025-10-26 10:33:48
4261,4261,368,17,2026011911,2,1,9186,0.85,3,0,False,2026-01-19 11:04:52
4262,4262,368,16,2026011911,2,1,10923,0.91,5,0,True,2026-01-19 11:06:52
4263,4263,123,13,2026011413,1,1,4954,0.86,,0,True,2026-01-14 13:58:47
4264,4264,123,14,2026011414,1,1,3795,0.96,5,0,True,2026-01-14 14:03:47
4265,4265,386,19,2025120406,1,1,14717,0.95,4,0,False,2025-12-04 06:56:33
4266,4266,386,23,2025120406,1,1,8145,0.98,4,0,False,2025-12-04 06:59:33
4267,4267,386,8,2025120407,1,1,12166,0.87,4,0,False,2025-12-04 07:02:33
4268,4268,64,20,2026031616,2,1,8731,0.9,4,0,False,2026-03-16 16:56:33
4269,4269,64,5,2026031617,2,1,13830,0.83,4,0,True,2026-03-16 17:00:33
4270,4270,96,19,2026030121,3,1,7198,0.82,4,0,False,2026-03-01 21:41:58
4271,4271,96,23,2026030121,3,1,13992,0.93,4,0,True,2026-03-01 21:43:58
4272,4272,96,8,2026030121,3,1,10938,0.92,4,0,False,2026-03-01 21:49:58
4273,4273,97,4,2026030818,2,1,8435,0.86,4,0,True,2026-03-08 18:23:33
4274,4274,241,13,2025120405,1,1,7006,0.98,4,0,False,2025-12-04 05:27:14
4275,4275,241,14,2025120405,1,1,8930,0.83,5,0,True,2025-12-04 05:31:14
4276,4276,24,6,2025101019,3,1,13480,0.85,4,0,False,2025-10-10 19:12:23
4277,4277,665,1,2025111810,1,1,6216,0.92,,1,True,2025-11-18 10:57:48
4278,4278,665,3,2025111811,1,4,8561,0.17,1,0,False,2025-11-18 11:02:48
4279,4279,665,8,2025111811,1,1,9849,0.89,4,0,False,2025-11-18 11:03:48
4280,4280,63,2,2026012117,2,1,6502,0.91,,0,True,2026-01-21 17:20:06
4281,4281,63,5,2026012117,2,1,7431,0.94,3,0,False,2026-01-21 17:22:06
4282,4282,63,9,2026012117,2,1,10994,0.92,5,1,False,2026-01-21 17:24:06
4283,4283,398,6,2025123111,1,1,6219,0.98,4,0,False,2025-12-31 11:57:34
4284,4284,398,15,2025123112,1,3,7585,0.25,1,0,False,2025-12-31 12:01:34
4285,4285,155,8,2025100104,2,1,9660,0.92,,0,True,2025-10-01 04:22:40
4286,4286,50,19,2025121409,1,1,8587,0.95,,0,False,2025-12-14 09:32:51
4287,4287,50,23,2025121409,1,1,6220,0.9,5,0,True,2025-12-14 09:36:51
4288,4288,50,8,2025121409,1,1,13200,0.94,4,0,False,2025-12-14 09:38:51
4289,4289,14,16,2025122200,2,1,13919,0.95,,0,True,2025-12-22 00:55:00
4290,4290,1109,1,2026020600,2,2,6680,0.31,1,0,False,2026-02-06 00:42:59
4291,4291,95,20,2026012309,1,1,10216,0.94,5,0,False,2026-01-23 09:09:32
4292,4292,95,5,2026012309,1,1,5880,0.9,5,0,False,2026-01-23 09:14:32
4293,4293,51,4,2025111021,1,1,12038,0.83,4,0,True,2025-11-10 21:23:40
4294,4294,51,10,2025111021,1,1,8967,0.84,5,0,True,2025-11-10 21:28:40
4295,4295,24,23,2025100615,1,1,6066,0.84,4,0,True,2025-10-06 15:20:57
4296,4296,266,6,2025101804,2,1,8406,0.84,5,0,True,2025-10-18 04:12:24
4297,4297,266,15,2025101804,2,1,5281,0.84,5,0,True,2025-10-18 04:15:24
4298,4298,186,6,2025111112,1,1,7522,0.92,5,0,False,2025-11-11 12:37:39
4299,4299,186,15,2025111112,1,1,10431,0.98,4,0,False,2025-11-11 12:40:39
4300,4300,85,9,2026031300,1,1,14766,0.87,5,0,False,2026-03-13 00:24:22
4301,4301,194,2,2026012611,4,1,10124,0.82,4,0,False,2026-01-26 11:14:30
4302,4302,194,5,2026012611,4,1,9178,0.84,,0,False,2026-01-26 11:17:30
4303,4303,194,9,2026012611,4,1,12034,0.9,,0,False,2026-01-26 11:20:30
4304,4304,44,22,2026010402,2,1,7986,0.96,4,0,False,2026-01-04 02:16:39
4305,4305,59,13,2026031803,1,7,6924,0.33,,0,False,2026-03-18 03:10:33
4306,4306,59,14,2026031803,1,1,7263,0.97,4,0,False,2026-03-18 03:12:33
4307,4307,1184,1,2025123017,3,1,6571,0.95,3,0,False,2025-12-30 17:12:49
4308,4308,1184,3,2025123017,3,3,6236,0.32,1,0,False,2025-12-30 17:16:49
4309,4309,1184,8,2025123017,3,1,12994,0.93,4,0,False,2025-12-30 17:20:49
4310,4310,380,2,2026022809,1,1,11221,0.92,4,0,False,2026-02-28 09:50:09
4311,4311,115,18,2025111617,3,1,9683,0.9,4,0,False,2025-11-16 17:51:01
4312,4312,24,1,2025090917,2,1,8033,0.9,5,0,True,2025-09-09 17:37:19
4313,4313,24,3,2025090917,2,1,3793,0.85,5,0,True,2025-09-09 17:42:19
4314,4314,24,8,2025090917,2,1,11940,0.83,4,0,False,2025-09-09 17:47:19
4315,4315,146,17,2026022513,1,1,9648,0.86,4,1,False,2026-02-25 13:46:38
4316,4316,146,16,2026022513,1,1,3711,0.93,4,0,False,2026-02-25 13:51:38
4317,4317,100,12,2025102121,3,1,9728,0.84,4,0,False,2025-10-21 21:26:10
4318,4318,158,5,2025122802,1,1,13032,0.96,4,0,False,2025-12-28 02:47:17
4319,4319,1049,13,2026011519,2,1,9023,0.95,4,0,False,2026-01-15 19:02:17
4320,4320,1049,14,2026011519,2,3,5997,0.3,,2,False,2026-01-15 19:05:17
4321,4321,326,10,2026010306,4,1,8114,0.88,5,0,False,2026-01-03 06:28:54
4322,4322,13,20,2025092613,2,1,4978,0.96,4,0,False,2025-09-26 13:27:27
4323,4323,13,5,2025092613,2,1,8216,0.88,5,0,False,2025-09-26 13:30:27
4324,4324,85,20,2026020414,1,1,7513,0.85,4,1,False,2026-02-04 14:38:07
4325,4325,85,5,2026020414,1,1,4300,0.83,3,0,True,2026-02-04 14:40:07
4326,4326,89,1,2025122222,1,1,14607,0.84,5,0,False,2025-12-22 22:56:09
4327,4327,89,3,2025122222,1,1,4711,0.91,5,0,False,2025-12-22 22:58:09
4328,4328,89,8,2025122223,1,1,6534,0.94,5,0,False,2025-12-22 23:02:09
4329,4329,85,20,2026021416,1,2,8197,0.16,2,0,False,2026-02-14 16:37:38
4330,4330,85,5,2026021416,1,5,5144,0.13,1,0,False,2026-02-14 16:40:38
4331,4331,242,1,2026022507,1,1,9379,0.89,5,0,False,2026-02-25 07:31:08
4332,4332,242,3,2026022507,1,1,5673,0.83,4,0,False,2026-02-25 07:34:08
4333,4333,242,8,2026022507,1,1,7473,0.9,5,0,True,2026-02-25 07:37:08
4334,4334,35,2,2026010909,4,1,9758,0.94,5,0,True,2026-01-09 09:59:48
4335,4335,35,5,2026010910,4,1,9034,0.88,5,1,True,2026-01-09 10:03:48
4336,4336,35,9,2026010910,4,1,8529,0.96,4,0,False,2026-01-09 10:07:48
4337,4337,375,2,2026020811,1,1,8716,0.87,3,0,False,2026-02-08 11:09:07
4338,4338,375,5,2026020811,1,1,4264,0.82,4,0,False,2026-02-08 11:12:07
4339,4339,375,9,2026020811,1,1,8846,0.84,5,0,True,2026-02-08 11:19:07
4340,4340,30,19,2025090703,2,1,9405,0.95,5,0,True,2025-09-07 03:11:57
4341,4341,8,19,2026031611,5,1,8026,0.91,5,0,False,2026-03-16 11:34:59
4342,4342,8,23,2026031611,5,1,7908,0.87,3,0,False,2026-03-16 11:39:59
4343,4343,8,8,2026031611,5,1,6135,0.85,5,0,False,2026-03-16 11:42:59
4344,4344,79,20,2025111917,2,1,4314,0.96,4,0,False,2025-11-19 17:33:15
4345,4345,79,5,2025111917,2,1,8141,0.94,5,0,False,2025-11-19 17:36:15
4346,4346,408,4,2026031116,2,1,7207,0.83,4,0,False,2026-03-11 16:22:53
4347,4347,408,10,2026031116,2,1,8587,0.95,5,0,True,2026-03-11 16:24:53
4348,4348,486,6,2026011709,1,1,10046,0.95,4,0,False,2026-01-17 09:10:26
4349,4349,486,15,2026011709,1,5,9031,0.32,2,0,False,2026-01-17 09:12:26
4350,4350,360,13,2026012802,1,1,4026,0.89,4,0,True,2026-01-28 02:29:45
4351,4351,1,24,2025120307,2,1,13661,0.9,5,0,True,2025-12-03 07:04:36
4352,4352,864,17,2025112015,1,1,9276,0.92,4,0,True,2025-11-20 15:21:34
4353,4353,864,16,2025112015,1,1,4573,0.87,,0,False,2025-11-20 15:23:34
4354,4354,13,1,2025111221,1,1,14402,0.97,4,0,True,2025-11-12 21:16:38
4355,4355,13,3,2025111221,1,1,9791,0.86,4,1,False,2025-11-12 21:18:38
4356,4356,13,8,2025111221,1,1,10912,0.94,5,0,False,2025-11-12 21:22:38
4357,4357,286,4,2026032500,3,1,14992,0.91,4,1,False,2026-03-25 00:40:43
4358,4358,41,13,2025100717,2,1,4081,0.94,4,0,False,2025-10-07 17:06:23
4359,4359,41,14,2025100717,2,1,5423,0.95,4,0,False,2025-10-07 17:08:23
4360,4360,185,5,2026033104,4,3,6941,0.29,1,1,False,2026-03-31 04:10:01
4361,4361,18,20,2026021304,1,1,9024,0.9,4,0,True,2026-02-13 04:37:53
4362,4362,18,5,2026021304,1,1,7008,0.93,,0,False,2026-02-13 04:41:53
4363,4363,41,6,2025090117,1,1,3734,0.93,4,0,False,2025-09-01 17:41:05
4364,4364,41,15,2025090117,1,1,7621,0.95,3,0,True,2025-09-01 17:44:05
4365,4365,30,1,2026020515,2,1,11562,0.9,5,0,True,2026-02-05 15:00:35
4366,4366,30,3,2026020515,2,1,4486,0.88,4,0,False,2026-02-05 15:02:35
4367,4367,30,8,2026020515,2,1,10813,0.93,5,0,False,2026-02-05 15:08:35
4368,4368,43,23,2025110522,3,1,4316,0.84,4,0,False,2025-11-05 22:16:46
4369,4369,137,13,2025111006,3,1,12390,0.87,4,0,True,2025-11-10 06:28:03
4370,4370,137,14,2025111006,3,1,13936,0.95,,0,False,2025-11-10 06:33:03
4371,4371,66,15,2025111421,6,1,7522,0.92,3,0,True,2025-11-14 21:20:21
4372,4372,268,13,2026011817,1,1,7498,0.96,5,0,False,2026-01-18 17:37:32
4373,4373,268,14,2026011817,1,1,7349,0.96,4,0,False,2026-01-18 17:39:32
4374,4374,201,4,2025122903,1,1,9677,0.85,5,0,True,2025-12-29 03:45:23
4375,4375,201,10,2025122903,1,1,8320,0.91,5,0,True,2025-12-29 03:48:23
4376,4376,394,2,2026022420,3,1,12269,0.95,4,0,False,2026-02-24 20:45:06
4377,4377,394,5,2026022420,3,2,8899,0.33,2,0,False,2026-02-24 20:50:06
4378,4378,394,9,2026022420,3,1,11906,0.85,4,0,False,2026-02-24 20:55:06
4379,4379,40,17,2026020823,1,1,7510,0.87,4,0,False,2026-02-08 23:18:41
4380,4380,40,16,2026020823,1,1,10090,0.96,4,0,False,2026-02-08 23:23:41
4381,4381,7,10,2025120706,2,1,8688,0.84,5,0,False,2025-12-07 06:19:29
4382,4382,267,12,2025112621,2,2,5410,0.31,,0,False,2025-11-26 21:53:19
4383,4383,588,19,2026032923,2,2,8701,0.25,2,1,False,2026-03-29 23:42:16
4384,4384,588,23,2026032923,2,1,12347,0.86,4,0,True,2026-03-29 23:45:16
4385,4385,588,8,2026032923,2,1,11829,0.94,4,0,True,2026-03-29 23:50:16
4386,4386,33,13,2026021908,1,5,5877,0.11,2,0,False,2026-02-19 08:02:10
4387,4387,33,14,2026021908,1,1,4609,0.95,3,0,False,2026-02-19 08:05:10
4388,4388,171,11,2026012516,1,1,14137,0.94,4,0,False,2026-01-25 16:39:16
4389,4389,656,13,2025093003,3,1,11429,0.88,4,0,False,2025-09-30 03:58:11
4390,4390,1186,24,2025101504,1,1,7560,0.93,5,0,False,2025-10-15 04:14:58
4391,4391,80,17,2025120408,1,1,4685,0.93,5,0,False,2025-12-04 08:19:18
4392,4392,80,16,2025120408,1,1,7876,0.97,3,0,False,2025-12-04 08:21:18
4393,4393,297,1,2026010612,1,1,10407,0.93,5,0,False,2026-01-06 12:44:18
4394,4394,297,3,2026010612,1,1,12823,0.89,4,0,False,2026-01-06 12:49:18
4395,4395,297,8,2026010612,1,1,11418,0.86,4,0,False,2026-01-06 12:54:18
4396,4396,85,15,2025111205,1,1,9533,0.91,5,0,True,2025-11-12 05:30:48
4397,4397,334,6,2026021619,2,1,9287,0.88,4,0,False,2026-02-16 19:07:34
4398,4398,78,19,2025120312,2,1,9888,0.88,4,0,True,2025-12-03 12:13:09
4399,4399,51,9,2025092009,1,1,8291,0.86,5,0,True,2025-09-20 09:35:41
4400,4400,1136,1,2026030111,1,1,6022,0.93,5,0,False,2026-03-01 11:08:35
4401,4401,72,6,2026033002,4,6,12182,0.0,,0,False,2026-03-30 02:47:02
4402,4402,72,15,2026033002,4,1,11337,0.84,5,0,False,2026-03-30 02:51:02
4403,4403,73,6,2026010219,3,1,12475,0.96,5,0,False,2026-01-02 19:13:44
4404,4404,73,15,2026010219,3,1,13986,0.9,4,0,False,2026-01-02 19:17:44
4405,4405,1074,18,2026012613,2,1,11689,0.96,4,0,False,2026-01-26 13:14:14
4406,4406,180,17,2026030101,1,1,10362,0.95,4,0,False,2026-03-01 01:22:30
4407,4407,180,16,2026030101,1,5,5105,0.07,,0,False,2026-03-01 01:27:30
4408,4408,246,13,2026031216,1,1,10505,0.91,5,0,True,2026-03-12 16:01:35
4409,4409,246,14,2026031216,1,1,12638,0.87,5,0,True,2026-03-12 16:03:35
4410,4410,283,20,2026021522,1,1,14021,0.85,4,0,False,2026-02-15 22:37:25
4411,4411,283,5,2026021522,1,1,10908,0.92,5,1,False,2026-02-15 22:41:25
4412,4412,366,19,2025101103,1,1,12472,0.91,4,0,True,2025-10-11 03:22:10
4413,4413,366,23,2025101103,1,1,4124,0.87,4,0,False,2025-10-11 03:25:10
4414,4414,366,8,2025101103,1,1,9288,0.83,5,0,True,2025-10-11 03:28:10
4415,4415,1187,25,2026010421,1,1,4784,0.87,,0,False,2026-01-04 21:11:26
4416,4416,680,2,2026012310,3,1,13624,0.82,4,0,False,2026-01-23 10:05:21
4417,4417,680,5,2026012310,3,1,8823,0.95,4,0,False,2026-01-23 10:07:21
4418,4418,680,9,2026012310,3,1,5132,0.96,4,0,False,2026-01-23 10:11:21
4419,4419,1083,6,2026010212,3,2,11091,0.33,2,0,False,2026-01-02 12:58:38
4420,4420,1083,15,2026010213,3,1,11056,0.91,5,0,False,2026-01-02 13:00:38
4421,4421,70,20,2026030618,2,1,7245,0.85,3,0,False,2026-03-06 18:45:07
4422,4422,70,5,2026030618,2,1,11414,0.97,4,0,False,2026-03-06 18:49:07
4423,4423,237,20,2025123117,1,1,5618,0.87,4,1,False,2025-12-31 17:58:41
4424,4424,237,5,2025123118,1,1,11047,0.85,4,0,False,2025-12-31 18:03:41
4425,4425,274,1,2025091120,1,4,15063,0.05,1,0,False,2025-09-11 20:46:57
4426,4426,274,3,2025091120,1,1,9290,0.97,5,1,False,2025-09-11 20:50:57
4427,4427,274,8,2025091120,1,1,11935,0.85,5,0,False,2025-09-11 20:56:57
4428,4428,825,1,2025100723,1,1,14761,0.92,4,0,False,2025-10-07 23:51:58
4429,4429,825,3,2025100723,1,6,9721,0.0,,0,False,2025-10-07 23:53:58
4430,4430,825,8,2025100723,1,1,4697,0.89,4,0,False,2025-10-07 23:59:58
4431,4431,1132,4,2026031912,1,7,11881,0.24,2,0,False,2026-03-19 12:10:57
4432,4432,1132,10,2026031912,1,1,9492,0.94,4,0,False,2026-03-19 12:12:57
4433,4433,73,16,2025090117,1,6,9336,0.0,1,0,False,2025-09-01 17:03:40
4434,4434,100,19,2025102120,2,1,5773,0.95,,0,False,2025-10-21 20:10:46
4435,4435,100,23,2025102120,2,1,13022,0.87,4,0,False,2025-10-21 20:12:46
4436,4436,100,8,2025102120,2,1,4110,0.87,5,0,False,2025-10-21 20:18:46
4437,4437,1171,1,2025101422,1,1,11821,0.98,5,1,False,2025-10-14 22:38:47
4438,4438,1171,3,2025101422,1,1,6904,0.92,4,0,False,2025-10-14 22:43:47
4439,4439,1171,8,2025101422,1,1,5609,0.83,5,0,True,2025-10-14 22:48:47
4440,4440,102,6,2025091214,3,1,12884,0.94,,0,False,2025-09-12 14:04:05
4441,4441,102,15,2025091214,3,1,10446,0.87,5,0,True,2025-09-12 14:06:05
4442,4442,851,2,2026011608,2,1,14163,0.87,5,0,False,2026-01-16 08:07:33
4443,4443,851,5,2026011608,2,1,12986,0.97,5,0,True,2026-01-16 08:11:33
4444,4444,851,9,2026011608,2,1,11559,0.92,5,0,False,2026-01-16 08:11:33
4445,4445,366,17,2026011905,2,1,13630,0.93,4,0,False,2026-01-19 05:57:57
4446,4446,366,16,2026011905,2,5,6041,0.24,2,0,False,2026-01-19 05:59:57
4447,4447,935,11,2026032923,2,1,4088,0.95,4,0,True,2026-03-29 23:34:38
4448,4448,204,17,2025100309,6,1,4708,0.93,4,0,True,2025-10-03 09:24:15
4449,4449,204,16,2025100309,6,1,13407,0.83,4,0,False,2025-10-03 09:29:15
4450,4450,341,1,2025121616,3,1,5548,0.96,4,1,False,2025-12-16 16:00:09
4451,4451,341,3,2025121616,3,1,5914,0.88,5,0,True,2025-12-16 16:04:09
4452,4452,341,8,2025121616,3,1,9030,0.84,5,0,False,2025-12-16 16:08:09
4453,4453,99,13,2025123108,1,1,12940,0.86,4,0,True,2025-12-31 08:27:17
4454,4454,19,22,2025092401,1,2,6813,0.17,2,0,False,2025-09-24 01:47:00
4455,4455,754,6,2026032009,1,1,10439,0.94,,0,True,2026-03-20 09:08:29
4456,4456,40,14,2026010308,6,1,4961,0.97,5,1,True,2026-01-03 08:15:08
4457,4457,383,1,2025112511,1,1,11392,0.88,,0,False,2025-11-25 11:33:58
4458,4458,918,4,2025111220,1,2,7870,0.1,,0,False,2025-11-12 20:43:40
4459,4459,918,10,2025111220,1,1,8272,0.86,5,0,True,2025-11-12 20:45:40
4460,4460,1188,17,2025090614,1,4,6196,0.15,1,0,False,2025-09-06 14:51:58
4461,4461,1188,16,2025090614,1,1,11349,0.83,5,0,False,2025-09-06 14:56:58
4462,4462,973,12,2025092021,2,1,5077,0.96,5,0,False,2025-09-20 21:51:44
4463,4463,103,17,2025123111,1,1,6948,0.92,4,0,True,2025-12-31 11:55:09
4464,4464,103,16,2025123111,1,5,6511,0.17,2,0,False,2025-12-31 11:59:09
4465,4465,18,6,2025110306,2,1,7697,0.88,5,0,False,2025-11-03 06:54:57
4466,4466,18,15,2025110306,2,4,5522,0.29,2,2,False,2025-11-03 06:57:57
4467,4467,74,20,2025122308,1,1,4770,0.85,5,0,True,2025-12-23 08:24:28
4468,4468,74,5,2025122308,1,2,8736,0.1,1,0,False,2025-12-23 08:26:28
4469,4469,85,17,2026011906,2,1,5881,0.88,5,0,False,2026-01-19 06:55:42
4470,4470,1098,5,2025092203,1,1,13263,0.88,,0,False,2025-09-22 03:22:56
4471,4471,239,12,2026011408,1,1,11037,0.87,3,0,False,2026-01-14 08:35:24
4472,4472,559,15,2026031600,1,1,4356,0.85,5,0,False,2026-03-16 00:40:57
4473,4473,933,1,2025122002,2,1,12923,0.84,3,0,True,2025-12-20 02:45:18
4474,4474,933,3,2025122002,2,1,13037,0.84,,0,False,2025-12-20 02:47:18
4475,4475,933,8,2025122002,2,1,8689,0.97,4,0,False,2025-12-20 02:51:18
4476,4476,34,20,2025101621,2,1,4349,0.87,5,0,False,2025-10-16 21:16:31
4477,4477,34,5,2025101621,2,1,4813,0.9,5,0,True,2025-10-16 21:18:31
4478,4478,36,19,2026031205,1,1,13450,0.9,4,0,False,2026-03-12 05:13:59
4479,4479,36,23,2026031205,1,1,8653,0.84,4,0,True,2026-03-12 05:16:59
4480,4480,36,8,2026031205,1,1,8306,0.94,5,0,True,2026-03-12 05:21:59
4481,4481,264,17,2026011320,2,1,11854,0.89,3,0,False,2026-01-13 20:38:53
4482,4482,325,6,2025121817,2,1,7485,0.92,4,0,False,2025-12-18 17:20:21
4483,4483,325,15,2025121817,2,1,10208,0.89,3,0,False,2025-12-18 17:23:21
4484,4484,404,2,2025101615,1,1,10997,0.93,5,0,True,2025-10-16 15:58:53
4485,4485,404,5,2025101616,1,1,11282,0.9,4,0,False,2025-10-16 16:03:53
4486,4486,404,9,2025101616,1,1,13519,0.92,5,0,False,2025-10-16 16:04:53
4487,4487,162,4,2026010608,3,1,12179,0.94,5,0,True,2026-01-06 08:43:08
4488,4488,328,20,2025102019,3,1,14184,0.89,3,0,False,2025-10-20 19:19:58
4489,4489,1107,3,2025092904,2,1,9458,0.86,4,0,True,2025-09-29 04:54:00
4490,4490,33,17,2025112014,1,1,13964,0.88,4,0,False,2025-11-20 14:53:02
4491,4491,33,16,2025112014,1,1,6256,0.87,4,0,False,2025-11-20 14:55:02
4492,4492,153,24,2025112605,1,1,8028,0.9,4,0,True,2025-11-26 05:36:28
4493,4493,83,20,2025090908,1,1,5450,0.85,3,0,False,2025-09-09 08:53:05
4494,4494,83,5,2025090908,1,1,6489,0.92,4,0,True,2025-09-09 08:58:05
4495,4495,17,4,2025120300,2,1,5970,0.95,5,0,False,2025-12-03 00:07:46
4496,4496,1,20,2026011405,5,1,7852,0.94,4,0,False,2026-01-14 05:45:50
4497,4497,1,5,2026011405,5,1,5395,0.88,5,0,True,2026-01-14 05:49:50
4498,4498,9,22,2025091405,1,1,11748,0.94,4,0,False,2025-09-14 05:52:57
4499,4499,1037,4,2025112618,2,1,14446,0.92,4,0,False,2025-11-26 18:08:52
4500,4500,103,2,2026021511,5,1,8398,0.85,3,0,False,2026-02-15 11:42:26
4501,4501,103,5,2026021511,5,1,7858,0.89,4,0,False,2026-02-15 11:44:26
4502,4502,103,9,2026021511,5,1,9801,0.91,5,0,False,2026-02-15 11:50:26
4503,4503,396,20,2025110609,6,1,12153,0.9,,1,False,2025-11-06 09:41:24
4504,4504,396,5,2025110609,6,2,13211,0.23,1,0,False,2025-11-06 09:43:24
4505,4505,63,6,2025112618,1,1,4191,0.83,4,0,False,2025-11-26 18:02:55
4506,4506,63,15,2025112618,1,1,12692,0.86,5,0,False,2025-11-26 18:05:55
4507,4507,11,23,2025101321,1,1,11352,0.94,4,0,False,2025-10-13 21:57:37
4508,4508,59,2,2026030501,4,1,4270,0.83,4,0,False,2026-03-05 01:47:58
4509,4509,59,5,2026030501,4,2,9708,0.21,2,0,False,2026-03-05 01:52:58
4510,4510,59,9,2026030501,4,1,12617,0.83,5,0,True,2026-03-05 01:51:58
4511,4511,51,1,2026020906,1,1,12390,0.94,5,0,True,2026-02-09 06:49:41
4512,4512,51,3,2026020906,1,1,10208,0.86,4,1,False,2026-02-09 06:53:41
4513,4513,51,8,2026020906,1,1,8946,0.83,5,0,False,2026-02-09 06:57:41
4514,4514,400,22,2025110815,1,1,7944,0.83,4,0,False,2025-11-08 15:53:38
4515,4515,384,2,2026021308,1,1,6027,0.94,4,0,False,2026-02-13 08:20:46
4516,4516,384,5,2026021308,1,1,11538,0.83,4,0,False,2026-02-13 08:23:46
4517,4517,384,9,2026021308,1,3,9232,0.24,1,1,False,2026-02-13 08:30:46
4518,4518,988,17,2026022703,6,1,8330,0.82,5,1,True,2026-02-27 03:07:11
4519,4519,61,4,2025111520,1,1,13559,0.92,4,0,False,2025-11-15 20:56:14
4520,4520,61,10,2025111520,1,1,8908,0.82,5,1,True,2025-11-15 20:58:14
4521,4521,15,17,2026032614,1,1,3793,0.93,3,0,False,2026-03-26 14:10:25
4522,4522,15,16,2026032614,1,1,5526,0.86,5,0,True,2026-03-26 14:12:25
4523,4523,205,16,2026021407,3,1,11946,0.92,5,0,False,2026-02-14 07:10:08
4524,4524,823,19,2026010614,3,1,14406,0.94,5,0,False,2026-01-06 14:38:59
4525,4525,823,23,2026010614,3,1,12138,0.87,5,0,True,2026-01-06 14:41:59
4526,4526,823,8,2026010614,3,1,4933,0.84,,0,False,2026-01-06 14:46:59
4527,4527,8,1,2026031621,2,1,12169,0.92,4,0,False,2026-03-16 21:49:14
4528,4528,81,6,2025112916,1,1,11635,0.84,4,0,False,2025-11-29 16:02:09
4529,4529,81,15,2025112916,1,3,4522,0.12,1,0,False,2025-11-29 16:05:09
4530,4530,145,6,2025111304,2,1,4822,0.84,5,0,True,2025-11-13 04:31:45
4531,4531,260,10,2025111416,3,1,5076,0.86,5,0,True,2025-11-14 16:31:23
4532,4532,1052,6,2026032118,2,1,5231,0.87,,0,True,2026-03-21 18:29:05
4533,4533,1052,15,2026032118,2,1,13093,0.84,3,0,True,2026-03-21 18:32:05
4534,4534,383,20,2026032900,1,1,12032,0.94,,0,False,2026-03-29 00:21:07
4535,4535,383,5,2026032900,1,1,9609,0.89,5,0,True,2026-03-29 00:23:07
4536,4536,314,20,2025093013,1,1,9897,0.88,5,0,True,2025-09-30 13:10:24
4537,4537,92,10,2026011406,1,1,9862,0.85,5,0,False,2026-01-14 06:33:47
4538,4538,755,2,2025103115,2,1,5318,0.93,4,0,True,2025-10-31 15:48:09
4539,4539,755,5,2025103115,2,1,11557,0.92,5,0,False,2025-10-31 15:52:09
4540,4540,755,9,2025103115,2,1,8810,0.96,5,0,True,2025-10-31 15:52:09
4541,4541,62,1,2026022412,2,1,8371,0.94,4,0,False,2026-02-24 12:48:10
4542,4542,62,3,2026022412,2,1,5134,0.87,4,0,False,2026-02-24 12:53:10
4543,4543,62,8,2026022412,2,1,7389,0.94,,1,False,2026-02-24 12:56:10
4544,4544,180,21,2025100113,6,1,15292,0.95,5,0,True,2025-10-01 13:36:09
4545,4545,119,7,2025121303,1,1,6005,0.84,5,0,False,2025-12-13 03:44:34
4546,4546,45,5,2025122307,2,1,8674,0.91,3,0,False,2025-12-23 07:05:35
4547,4547,36,2,2026021012,3,1,6902,0.85,,0,False,2026-02-10 12:29:43
4548,4548,36,5,2026021012,3,1,12175,0.94,4,0,True,2026-02-10 12:33:43
4549,4549,36,9,2026021012,3,1,6339,0.89,5,0,False,2026-02-10 12:33:43
4550,4550,173,4,2025101002,1,1,12694,0.93,5,1,True,2025-10-10 02:33:16
4551,4551,173,10,2025101002,1,1,11141,0.9,4,0,False,2025-10-10 02:38:16
4552,4552,614,13,2025103119,3,1,6007,0.89,,0,False,2025-10-31 19:16:12
4553,4553,614,14,2025103119,3,1,5432,0.89,5,0,True,2025-10-31 19:20:12
4554,4554,867,20,2026022323,2,1,6056,0.82,5,0,True,2026-02-23 23:24:48
4555,4555,867,5,2026022323,2,1,3719,0.84,,0,False,2026-02-23 23:28:48
4556,4556,714,4,2026021701,2,4,12811,0.16,,0,False,2026-02-17 01:25:36
4557,4557,714,10,2026021701,2,1,6458,0.95,5,0,False,2026-02-17 01:29:36
4558,4558,117,20,2026022704,1,1,8977,0.94,4,0,False,2026-02-27 04:11:23
4559,4559,468,4,2025111214,1,1,10880,0.85,5,0,True,2025-11-12 14:03:07
4560,4560,468,10,2025111214,1,1,12637,0.84,5,0,False,2025-11-12 14:07:07
4561,4561,235,23,2026031902,3,1,11691,0.93,5,0,True,2026-03-19 02:27:12
4562,4562,59,19,2026020809,1,1,15435,0.97,4,0,False,2026-02-08 09:10:01
4563,4563,59,23,2026020809,1,1,4480,0.85,4,0,False,2026-02-08 09:14:01
4564,4564,59,8,2026020809,1,1,7557,0.93,5,0,False,2026-02-08 09:18:01
4565,4565,19,17,2026022715,1,4,8602,0.25,,1,False,2026-02-27 15:31:08
4566,4566,26,2,2025101710,1,1,10079,0.98,3,0,False,2025-10-17 10:29:10
4567,4567,26,5,2025101710,1,1,4070,0.97,4,0,True,2025-10-17 10:32:10
4568,4568,26,9,2025101710,1,4,5323,0.17,2,0,False,2025-10-17 10:37:10
4569,4569,76,4,2026031509,1,1,13003,0.93,4,0,False,2026-03-15 09:03:59
4570,4570,76,10,2026031509,1,1,6613,0.88,5,0,False,2026-03-15 09:05:59
4571,4571,85,4,2026012316,1,4,6024,0.1,,0,False,2026-01-23 16:41:12
4572,4572,85,10,2026012316,1,1,6442,0.84,5,0,False,2026-01-23 16:44:12
4573,4573,64,17,2025091208,1,1,6591,0.86,5,0,False,2025-09-12 08:31:13
4574,4574,64,16,2025091208,1,1,11957,0.98,4,0,True,2025-09-12 08:33:13
4575,4575,314,16,2025120809,1,1,9961,0.97,4,0,True,2025-12-08 09:02:45
4576,4576,64,21,2025120517,2,1,5688,0.96,4,0,False,2025-12-05 17:27:05
4577,4577,88,18,2025111722,1,1,7872,0.84,5,0,True,2025-11-17 22:33:11
4578,4578,418,4,2026022705,1,1,12930,0.87,,0,False,2026-02-27 05:26:41
4579,4579,418,10,2026022705,1,1,15329,0.93,5,1,False,2026-02-27 05:29:41
4580,4580,475,6,2026020903,3,1,3976,0.91,3,0,False,2026-02-09 03:15:15
4581,4581,475,15,2026020903,3,1,11258,0.97,3,0,False,2026-02-09 03:18:15
4582,4582,350,22,2025121900,3,1,8859,0.97,3,0,False,2025-12-19 00:54:27
4583,4583,268,22,2026011612,1,1,12368,0.84,5,0,False,2026-01-16 12:01:08
4584,4584,95,13,2026020122,2,1,11095,0.93,4,0,False,2026-02-01 22:04:39
4585,4585,95,14,2026020122,2,1,3972,0.98,5,0,True,2026-02-01 22:09:39
4586,4586,70,5,2025121206,1,1,13648,0.88,3,1,False,2025-12-12 06:00:08
4587,4587,333,12,2026010403,3,1,13142,0.88,4,0,False,2026-01-04 03:16:33
4588,4588,547,19,2025112409,1,1,8545,0.85,4,0,False,2025-11-24 09:42:37
4589,4589,547,23,2025112409,1,1,10076,0.83,4,0,False,2025-11-24 09:46:37
4590,4590,547,8,2025112409,1,1,6688,0.91,4,1,False,2025-11-24 09:48:37
4591,4591,1,23,2025101419,5,1,11749,0.87,4,0,False,2025-10-14 19:00:54
4592,4592,2,2,2025121514,3,2,11106,0.05,1,0,False,2025-12-15 14:08:17
4593,4593,2,5,2025121514,3,1,12377,0.94,5,0,False,2025-12-15 14:10:17
4594,4594,2,9,2025121514,3,7,6733,0.06,2,0,False,2025-12-15 14:12:17
4595,4595,69,2,2026010212,1,1,11040,0.96,4,0,False,2026-01-02 12:34:57
4596,4596,69,5,2026010212,1,1,4613,0.84,4,0,False,2026-01-02 12:38:57
4597,4597,69,9,2026010212,1,1,5378,0.97,5,0,True,2026-01-02 12:44:57
4598,4598,48,20,2025101112,1,2,7106,0.1,1,0,False,2025-10-11 12:27:32
4599,4599,48,5,2025101112,1,1,9721,0.93,5,0,False,2025-10-11 12:31:32
4600,4600,1011,6,2026020219,2,1,8565,0.83,5,1,False,2026-02-02 19:24:13
4601,4601,1011,15,2026020219,2,1,6910,0.97,5,0,True,2026-02-02 19:28:13
4602,4602,483,6,2026031603,1,1,8807,0.94,4,0,False,2026-03-16 03:25:58
4603,4603,178,11,2026011809,2,1,4556,0.87,5,0,False,2026-01-18 09:45:09
4604,4604,300,11,2026020822,1,1,9129,0.82,5,0,False,2026-02-08 22:38:29
4605,4605,193,14,2025123021,1,1,8605,0.83,5,0,True,2025-12-30 21:11:57
4606,4606,156,21,2025090322,1,1,12613,0.83,4,0,False,2025-09-03 22:42:34
4607,4607,777,6,2025110313,1,5,6559,0.28,2,0,False,2025-11-03 13:02:27
4608,4608,777,15,2025110313,1,1,5902,0.95,,0,False,2025-11-03 13:06:27
4609,4609,134,4,2025121022,4,1,10162,0.86,5,0,False,2025-12-10 22:47:49
4610,4610,40,9,2026021223,1,1,8719,0.91,4,0,False,2026-02-12 23:57:32
4611,4611,792,2,2026010621,1,1,9266,0.88,5,0,False,2026-01-06 21:41:26
4612,4612,792,5,2026010621,1,1,4423,0.87,4,1,True,2026-01-06 21:46:26
4613,4613,792,9,2026010621,1,1,6036,0.87,5,0,True,2026-01-06 21:45:26
4614,4614,87,20,2026021217,3,1,8979,0.83,5,0,True,2026-02-12 17:11:01
4615,4615,87,5,2026021217,3,1,8110,0.84,5,1,False,2026-02-12 17:16:01
4616,4616,741,12,2025120807,3,1,8165,0.93,4,0,False,2025-12-08 07:43:57
4617,4617,5,13,2025122617,3,1,4290,0.97,4,0,False,2025-12-26 17:17:29
4618,4618,5,14,2025122617,3,1,9181,0.87,5,0,True,2025-12-26 17:22:29
4619,4619,37,19,2025111708,1,1,14490,0.98,,0,False,2025-11-17 08:25:33
4620,4620,37,23,2025111708,1,1,13316,0.93,3,0,False,2025-11-17 08:27:33
4621,4621,37,8,2025111708,1,1,12819,0.95,4,0,False,2025-11-17 08:31:33
4622,4622,744,12,2025121319,2,1,10404,0.85,4,0,True,2025-12-13 19:28:03
4623,4623,740,2,2025102623,3,1,4041,0.93,4,0,True,2025-10-26 23:56:26
4624,4624,740,5,2025102623,3,1,9501,0.84,3,0,False,2025-10-26 23:59:26
4625,4625,740,9,2025102700,3,4,14606,0.3,1,0,False,2025-10-27 00:02:26
4626,4626,138,19,2025101322,1,1,11932,0.96,5,0,False,2025-10-13 22:16:25
4627,4627,138,23,2025101322,1,1,5093,0.96,5,0,True,2025-10-13 22:21:25
4628,4628,138,8,2025101322,1,1,12151,0.9,5,0,True,2025-10-13 22:26:25
4629,4629,551,22,2026031816,1,1,7618,0.9,4,0,False,2026-03-18 16:42:37
4630,4630,29,2,2025120115,2,3,11722,0.27,1,0,False,2025-12-01 15:33:27
4631,4631,29,5,2025120115,2,1,4370,0.94,4,0,False,2025-12-01 15:38:27
4632,4632,29,9,2025120115,2,1,13314,0.97,4,0,True,2025-12-01 15:37:27
4633,4633,55,13,2025102912,2,1,12904,0.84,4,0,False,2025-10-29 12:29:16
4634,4634,55,14,2025102912,2,1,8466,0.9,5,0,True,2025-10-29 12:33:16
4635,4635,352,19,2025122803,1,1,5716,0.85,4,0,True,2025-12-28 03:49:20
4636,4636,255,8,2026030416,3,1,7372,0.9,4,0,False,2026-03-04 16:33:29
4637,4637,923,16,2026011122,2,1,9392,0.92,4,0,True,2026-01-11 22:01:00
4638,4638,70,6,2026031420,1,1,10555,0.92,,0,False,2026-03-14 20:06:22
4639,4639,70,15,2026031420,1,1,14085,0.83,4,1,False,2026-03-14 20:10:22
4640,4640,50,2,2026032000,3,5,14131,0.23,2,0,False,2026-03-20 00:17:14
4641,4641,50,5,2026032000,3,1,7717,0.95,4,0,False,2026-03-20 00:20:14
4642,4642,50,9,2026032000,3,6,9437,0.0,1,0,False,2026-03-20 00:25:14
4643,4643,305,19,2026033017,1,1,14592,0.83,5,0,True,2026-03-30 17:38:54
4644,4644,77,24,2025121519,2,1,5902,0.87,5,0,False,2025-12-15 19:16:12
4645,4645,76,22,2026011402,1,1,11295,0.91,5,0,False,2026-01-14 02:02:35
4646,4646,819,20,2025122706,2,1,6322,0.9,5,0,False,2025-12-27 06:03:06
4647,4647,819,5,2025122706,2,1,7457,0.87,3,0,False,2025-12-27 06:08:06
4648,4648,76,13,2025101822,1,1,13816,0.84,5,0,False,2025-10-18 22:17:34
4649,4649,76,14,2025101822,1,1,5870,0.86,4,0,False,2025-10-18 22:21:34
4650,4650,1190,9,2025101816,3,1,5024,0.85,4,0,False,2025-10-18 16:57:13
4651,4651,756,2,2026030712,1,2,6095,0.3,2,0,False,2026-03-07 12:54:43
4652,4652,756,5,2026030712,1,1,4507,0.92,4,0,False,2026-03-07 12:58:43
4653,4653,756,9,2026030712,1,1,14898,0.86,4,0,False,2026-03-07 12:58:43
4654,4654,321,7,2026031011,1,7,6799,0.19,,1,False,2026-03-10 11:00:33
4655,4655,196,18,2026011717,4,1,13589,0.97,4,0,True,2026-01-17 17:40:57
4656,4656,1164,24,2026012220,1,1,6529,0.91,5,0,False,2026-01-22 20:32:04
4657,4657,936,6,2026031519,2,1,3733,0.93,4,0,True,2026-03-15 19:50:45
4658,4658,57,24,2026022118,2,1,12434,0.95,4,0,False,2026-02-21 18:36:34
4659,4659,506,1,2026021108,1,1,5523,0.84,5,0,False,2026-02-11 08:58:20
4660,4660,506,3,2026021109,1,1,6857,0.97,4,0,True,2026-02-11 09:00:20
4661,4661,506,8,2026021109,1,1,11858,0.82,4,0,False,2026-02-11 09:06:20
4662,4662,52,4,2025120904,3,1,7736,0.84,4,0,False,2025-12-09 04:02:22
4663,4663,52,10,2025120904,3,1,6826,0.98,3,0,False,2025-12-09 04:07:22
4664,4664,228,6,2025110921,6,1,13047,0.88,,0,False,2025-11-09 21:53:35
4665,4665,228,15,2025110921,6,1,12964,0.95,4,0,True,2025-11-09 21:55:35
4666,4666,231,20,2026011721,1,1,8562,0.96,3,0,False,2026-01-17 21:58:55
4667,4667,231,5,2026011722,1,1,7341,0.88,4,0,False,2026-01-17 22:01:55
4668,4668,42,1,2026030309,6,1,10115,0.96,5,0,True,2026-03-03 09:18:10
4669,4669,42,3,2026030309,6,1,14167,0.86,4,0,False,2026-03-03 09:23:10
4670,4670,42,8,2026030309,6,1,4921,0.91,5,0,True,2026-03-03 09:22:10
4671,4671,69,4,2025100905,1,1,7197,0.85,4,0,False,2025-10-09 05:10:13
4672,4672,34,1,2025111102,3,1,8808,0.94,3,0,False,2025-11-11 02:48:07
4673,4673,34,3,2025111102,3,5,6557,0.24,2,0,False,2025-11-11 02:52:07
4674,4674,34,8,2025111102,3,1,10144,0.84,4,0,False,2025-11-11 02:54:07
4675,4675,651,16,2026030116,1,1,4577,0.83,4,0,False,2026-03-01 16:14:52
4676,4676,104,10,2026011704,1,1,11291,0.98,4,0,False,2026-01-17 04:50:09
4677,4677,38,16,2026011811,1,1,9194,0.89,3,0,False,2026-01-18 11:40:50
4678,4678,469,6,2025122414,2,1,8434,0.89,,0,True,2025-12-24 14:33:57
4679,4679,250,19,2026012503,1,4,13381,0.1,,0,False,2026-01-25 03:21:57
4680,4680,250,23,2026012503,1,3,9323,0.04,1,0,False,2026-01-25 03:24:57
4681,4681,250,8,2026012503,1,1,8909,0.83,5,0,False,2026-01-25 03:29:57
4682,4682,56,1,2025110322,2,1,13596,0.92,5,0,False,2025-11-03 22:30:48
4683,4683,56,3,2025110322,2,1,9749,0.9,4,0,False,2025-11-03 22:32:48
4684,4684,56,8,2025110322,2,1,13742,0.87,5,0,True,2025-11-03 22:36:48
4685,4685,274,17,2026030722,2,1,8668,0.92,3,0,False,2026-03-07 22:57:45
4686,4686,274,16,2026030723,2,1,11805,0.87,4,0,False,2026-03-07 23:00:45
4687,4687,246,15,2025092507,2,1,4629,0.9,4,0,False,2025-09-25 07:22:21
4688,4688,33,20,2026012621,6,1,7344,0.84,,0,False,2026-01-26 21:41:53
4689,4689,33,5,2026012621,6,1,12919,0.89,3,0,False,2026-01-26 21:44:53
4690,4690,47,19,2026011506,4,1,11031,0.94,5,0,False,2026-01-15 06:49:20
4691,4691,47,23,2026011506,4,1,9448,0.83,5,0,False,2026-01-15 06:54:20
4692,4692,47,8,2026011506,4,1,4950,0.85,5,0,True,2026-01-15 06:57:20
4693,4693,324,20,2025092614,1,1,8434,0.9,5,1,False,2025-09-26 14:47:21
4694,4694,324,5,2025092614,1,1,13010,0.9,4,0,True,2025-09-26 14:49:21
4695,4695,67,25,2026030316,2,7,4254,0.16,,0,False,2026-03-03 16:55:30
4696,4696,1049,19,2026021802,1,1,8835,0.89,3,0,False,2026-02-18 02:06:46
4697,4697,1049,23,2026021802,1,1,13687,0.95,5,0,True,2026-02-18 02:08:46
4698,4698,1049,8,2026021802,1,1,14140,0.83,3,0,False,2026-02-18 02:14:46
4699,4699,339,1,2026012822,1,3,11524,0.05,2,0,False,2026-01-28 22:17:50
4700,4700,339,3,2026012822,1,1,7692,0.88,3,0,False,2026-01-28 22:19:50
4701,4701,339,8,2026012822,1,2,6152,0.01,1,0,False,2026-01-28 22:21:50
4702,4702,40,20,2025111115,2,1,4285,0.97,3,0,True,2025-11-11 15:56:58
4703,4703,40,5,2025111115,2,1,12978,0.96,,0,False,2025-11-11 15:58:58
4704,4704,81,20,2026012404,5,1,5500,0.96,5,0,True,2026-01-24 04:22:53
4705,4705,81,5,2026012404,5,5,7458,0.33,,0,False,2026-01-24 04:26:53
4706,4706,269,20,2025103006,1,1,10026,0.97,,0,False,2025-10-30 06:57:37
4707,4707,269,5,2025103007,1,2,6254,0.31,1,0,False,2025-10-30 07:02:37
4708,4708,76,20,2026011201,1,2,5070,0.1,,0,False,2026-01-12 01:27:42
4709,4709,348,17,2026030422,3,1,13820,0.83,5,0,False,2026-03-04 22:33:43
4710,4710,348,16,2026030422,3,6,7826,0.0,1,0,False,2026-03-04 22:37:43
4711,4711,42,17,2025112322,1,1,5747,0.92,4,0,False,2025-11-23 22:27:27
4712,4712,42,16,2025112322,1,2,13786,0.14,2,0,False,2025-11-23 22:30:27
4713,4713,40,20,2025120415,1,1,11714,0.9,4,0,False,2025-12-04 15:40:21
4714,4714,40,5,2025120415,1,1,8603,0.92,3,0,False,2025-12-04 15:45:21
4715,4715,70,19,2026012912,3,1,14972,0.88,5,0,False,2026-01-29 12:14:31
4716,4716,70,23,2026012912,3,1,7910,0.92,,0,False,2026-01-29 12:18:31
4717,4717,70,8,2026012912,3,1,7911,0.89,5,0,False,2026-01-29 12:24:31
4718,4718,1111,24,2026032500,1,1,15375,0.89,,0,True,2026-03-25 00:11:12
4719,4719,109,4,2025120905,2,1,7843,0.96,5,0,True,2025-12-09 05:39:50
4720,4720,109,10,2025120905,2,1,9743,0.87,5,0,False,2025-12-09 05:44:50
4721,4721,784,23,2025122219,1,1,6244,0.85,5,0,False,2025-12-22 19:39:34
4722,4722,750,17,2025120102,3,1,7223,0.97,5,0,False,2025-12-01 02:03:43
4723,4723,750,16,2025120102,3,1,10050,0.97,5,0,True,2025-12-01 02:06:43
4724,4724,628,17,2025112017,2,1,14093,0.94,5,0,True,2025-11-20 17:31:20
4725,4725,2,20,2025112604,2,1,13718,0.95,4,1,False,2025-11-26 04:37:33
4726,4726,125,1,2026022518,1,1,13656,0.84,3,0,False,2026-02-25 18:55:13
4727,4727,125,3,2026022519,1,1,6328,0.85,4,0,False,2026-02-25 19:00:13
4728,4728,125,8,2026022518,1,1,4339,0.89,5,0,True,2026-02-25 18:59:13
4729,4729,20,15,2025121905,4,6,13620,0.0,,0,False,2025-12-19 05:21:15
4730,4730,480,12,2025111510,1,4,3947,0.3,1,0,False,2025-11-15 10:48:53
4731,4731,195,1,2025121411,2,1,8091,0.87,4,0,False,2025-12-14 11:49:43
4732,4732,195,3,2025121411,2,1,10995,0.85,4,0,False,2025-12-14 11:52:43
4733,4733,195,8,2025121411,2,1,4706,0.84,4,0,True,2025-12-14 11:55:43
4734,4734,69,19,2026012320,6,1,9781,0.96,,0,False,2026-01-23 20:56:48
4735,4735,69,23,2026012320,6,3,9949,0.35,1,1,False,2026-01-23 20:59:48
4736,4736,69,8,2026012321,6,1,11994,0.9,4,0,False,2026-01-23 21:04:48
4737,4737,19,6,2026031310,2,1,11475,0.96,4,0,False,2026-03-13 10:26:44
4738,4738,19,15,2026031310,2,1,11635,0.87,5,0,False,2026-03-13 10:30:44
4739,4739,49,19,2025121506,5,1,5432,0.95,4,0,False,2025-12-15 06:15:56
4740,4740,49,23,2025121506,5,1,13712,0.82,4,0,False,2025-12-15 06:19:56
4741,4741,49,8,2025121506,5,1,8283,0.95,4,0,False,2025-12-15 06:19:56
4742,4742,275,15,2025091312,2,1,7221,0.84,5,0,False,2025-09-13 12:10:16
4743,4743,104,24,2025120400,3,1,10754,0.92,4,0,False,2025-12-04 00:30:55
4744,4744,297,17,2026031522,1,1,6578,0.95,5,0,True,2026-03-15 22:04:32
4745,4745,297,16,2026031522,1,1,5715,0.9,5,0,False,2026-03-15 22:07:32
4746,4746,29,17,2025101618,1,1,8516,0.88,4,0,True,2025-10-16 18:15:49
4747,4747,29,16,2025101618,1,2,7309,0.15,1,0,False,2025-10-16 18:18:49
4748,4748,858,2,2026020508,1,1,4624,0.93,4,0,False,2026-02-05 08:26:33
4749,4749,858,5,2026020508,1,1,6305,0.94,,0,False,2026-02-05 08:30:33
4750,4750,858,9,2026020508,1,1,8311,0.89,4,0,False,2026-02-05 08:36:33
4751,4751,173,6,2026030523,5,1,6209,0.93,5,0,False,2026-03-05 23:37:12
4752,4752,173,15,2026030523,5,1,5940,0.84,4,1,False,2026-03-05 23:42:12
4753,4753,293,20,2026011616,1,1,10184,0.92,,0,False,2026-01-16 16:52:49
4754,4754,293,5,2026011616,1,1,5327,0.89,5,0,True,2026-01-16 16:56:49
4755,4755,26,17,2026010313,1,1,10141,0.94,4,0,False,2026-01-03 13:08:25
4756,4756,26,16,2026010313,1,1,9751,0.94,4,0,True,2026-01-03 13:10:25
4757,4757,263,2,2025120708,1,1,7639,0.85,5,0,False,2025-12-07 08:16:17
4758,4758,263,5,2025120708,1,4,8139,0.18,2,0,False,2025-12-07 08:21:17
4759,4759,263,9,2025120708,1,3,12384,0.1,1,0,False,2025-12-07 08:22:17
4760,4760,202,13,2026010912,4,1,6567,0.9,3,0,True,2026-01-09 12:12:01
4761,4761,202,14,2026010912,4,1,4351,0.97,4,0,False,2026-01-09 12:15:01
4762,4762,404,13,2026022806,1,1,4080,0.83,5,0,False,2026-02-28 06:34:37
4763,4763,1166,20,2026021410,2,7,4474,0.25,2,0,False,2026-02-14 10:17:48
4764,4764,1166,5,2026021410,2,1,7872,0.96,5,0,True,2026-02-14 10:22:48
4765,4765,797,3,2026032522,1,5,12226,0.09,2,0,False,2026-03-25 22:16:21
4766,4766,732,20,2025122519,1,1,12115,0.91,5,0,True,2025-12-25 19:37:53
4767,4767,732,5,2025122519,1,1,13230,0.9,5,0,False,2025-12-25 19:42:53
4768,4768,44,4,2025100221,2,1,11771,0.91,5,0,True,2025-10-02 21:03:32
4769,4769,44,10,2025100221,2,1,11897,0.97,4,0,False,2025-10-02 21:05:32
4770,4770,31,14,2025111805,2,1,5117,0.84,4,0,False,2025-11-18 05:03:45
4771,4771,365,2,2026012908,4,1,11715,0.87,5,0,False,2026-01-29 08:35:02
4772,4772,365,5,2026012908,4,1,13028,0.92,5,0,False,2026-01-29 08:38:02
4773,4773,365,9,2026012908,4,1,11991,0.93,5,0,False,2026-01-29 08:41:02
4774,4774,551,4,2026011022,5,1,10250,0.83,5,0,False,2026-01-10 22:05:43
4775,4775,551,10,2026011022,5,1,12467,0.87,4,0,False,2026-01-10 22:10:43
4776,4776,29,4,2026010709,1,1,10468,0.98,4,1,True,2026-01-07 09:10:34
4777,4777,29,10,2026010709,1,1,11812,0.82,4,0,False,2026-01-07 09:13:34
4778,4778,1084,13,2026021914,2,1,5582,0.87,5,0,False,2026-02-19 14:12:51
4779,4779,1084,14,2026021914,2,1,5782,0.98,5,0,True,2026-02-19 14:17:51
4780,4780,917,19,2026031810,5,1,6066,0.96,4,0,True,2026-03-18 10:30:35
4781,4781,917,23,2026031810,5,1,10512,0.93,4,0,False,2026-03-18 10:33:35
4782,4782,917,8,2026031810,5,1,11734,0.97,5,0,True,2026-03-18 10:40:35
4783,4783,88,13,2026031109,1,1,14187,0.92,4,0,False,2026-03-11 09:23:03
4784,4784,88,14,2026031109,1,3,13708,0.16,,0,False,2026-03-11 09:25:03
4785,4785,1133,14,2026012713,3,1,10597,0.85,5,0,True,2026-01-27 13:00:39
4786,4786,324,8,2025120202,1,1,5255,0.93,4,1,False,2025-12-02 02:34:31
4787,4787,407,19,2025120804,4,1,9511,0.98,3,1,True,2025-12-08 04:07:44
4788,4788,407,23,2025120804,4,1,5557,0.94,4,0,False,2025-12-08 04:10:44
4789,4789,407,8,2025120804,4,1,4568,0.94,4,0,False,2025-12-08 04:17:44
4790,4790,349,13,2026011721,4,1,12026,0.97,,0,False,2026-01-17 21:13:57
4791,4791,349,14,2026011721,4,1,13951,0.9,4,0,False,2026-01-17 21:18:57
4792,4792,219,15,2026021505,2,1,13556,0.87,5,0,False,2026-02-15 05:30:40
4793,4793,163,2,2026031416,5,1,4039,0.92,5,0,True,2026-03-14 16:39:56
4794,4794,337,24,2026032904,5,1,11973,0.93,,0,False,2026-03-29 04:01:50
4795,4795,346,13,2026032118,1,1,7440,0.97,,0,False,2026-03-21 18:13:32
4796,4796,346,14,2026032118,1,1,4344,0.86,3,0,False,2026-03-21 18:17:32
4797,4797,1194,8,2026012814,1,1,7774,0.87,4,0,False,2026-01-28 14:35:13
4798,4798,323,2,2026013115,6,1,13376,0.97,5,0,True,2026-01-31 15:04:00
4799,4799,323,5,2026013115,6,1,10227,0.85,,1,False,2026-01-31 15:08:00
4800,4800,323,9,2026013115,6,1,8213,0.88,4,0,False,2026-01-31 15:14:00
4801,4801,324,9,2026020505,2,1,8132,0.85,5,0,False,2026-02-05 05:48:02
4802,4802,92,2,2026012004,1,5,4482,0.2,1,2,False,2026-01-20 04:20:23
4803,4803,92,5,2026012004,1,1,7221,0.86,,0,False,2026-01-20 04:22:23
4804,4804,92,9,2026012004,1,1,6271,0.86,4,0,True,2026-01-20 04:28:23
4805,4805,652,13,2025102905,4,1,10147,0.9,5,0,False,2025-10-29 05:44:45
4806,4806,652,14,2025102905,4,1,8522,0.95,4,0,False,2025-10-29 05:46:45
4807,4807,1086,2,2025110907,2,1,5123,0.91,4,0,False,2025-11-09 07:52:05
4808,4808,1086,5,2025110907,2,1,7565,0.94,4,0,False,2025-11-09 07:56:05
4809,4809,1086,9,2025110907,2,1,14613,0.83,5,0,False,2025-11-09 07:58:05
4810,4810,25,21,2026021108,1,1,11948,0.9,4,0,False,2026-02-11 08:18:55
4811,4811,368,14,2026021204,1,1,11287,0.88,5,0,False,2026-02-12 04:12:39
4812,4812,20,4,2026030417,3,1,13019,0.94,4,0,False,2026-03-04 17:00:39
4813,4813,20,10,2026030417,3,1,7634,0.92,5,0,True,2026-03-04 17:02:39
4814,4814,92,13,2025111110,5,1,14138,0.82,5,0,False,2025-11-11 10:02:34
4815,4815,92,14,2025111110,5,1,12941,0.97,4,0,False,2025-11-11 10:07:34
4816,4816,298,13,2026033005,2,1,7132,0.92,4,0,True,2026-03-30 05:58:04
4817,4817,298,14,2026033006,2,1,4119,0.91,,0,False,2026-03-30 06:01:04
4818,4818,63,19,2026012121,2,1,8512,0.93,5,1,False,2026-01-21 21:08:44
4819,4819,63,23,2026012121,2,1,11978,0.97,4,0,True,2026-01-21 21:11:44
4820,4820,63,8,2026012121,2,1,4945,0.88,4,0,True,2026-01-21 21:14:44
4821,4821,167,23,2025122903,3,1,10966,0.95,4,0,False,2025-12-29 03:16:40
4822,4822,86,14,2025102920,1,1,12800,0.86,4,0,True,2025-10-29 20:33:02
4823,4823,361,2,2026031509,1,1,10721,0.9,5,0,False,2026-03-15 09:54:45
4824,4824,361,5,2026031509,1,1,11537,0.86,5,0,True,2026-03-15 09:59:45
4825,4825,361,9,2026031510,1,1,8209,0.92,4,0,False,2026-03-15 10:00:45
4826,4826,657,20,2026020313,2,1,10805,0.84,4,0,False,2026-02-03 13:26:02
4827,4827,657,5,2026020313,2,1,9149,0.88,4,1,True,2026-02-03 13:28:02
4828,4828,625,23,2026031907,2,1,5880,0.98,4,0,False,2026-03-19 07:13:14
4829,4829,303,13,2025091101,5,2,13436,0.07,1,1,False,2025-09-11 01:37:42
4830,4830,303,14,2025091101,5,3,10390,0.05,,0,False,2025-09-11 01:41:42
4831,4831,176,1,2026012319,1,1,11771,0.98,5,0,False,2026-01-23 19:26:40
4832,4832,176,3,2026012319,1,1,13674,0.9,4,1,True,2026-01-23 19:29:40
4833,4833,176,8,2026012319,1,1,13014,0.89,,0,False,2026-01-23 19:36:40
4834,4834,10,9,2025112400,1,2,8856,0.14,1,0,False,2025-11-24 00:54:35
4835,4835,84,20,2026031909,1,1,10146,0.84,4,0,False,2026-03-19 09:32:39
4836,4836,84,5,2026031909,1,1,11442,0.82,4,0,False,2026-03-19 09:35:39
4837,4837,201,17,2025111912,1,1,11319,0.93,4,0,True,2025-11-19 12:25:26
4838,4838,201,16,2025111912,1,1,3835,0.9,5,1,True,2025-11-19 12:29:26
4839,4839,317,14,2026021608,1,1,8828,0.98,5,0,False,2026-02-16 08:01:00
4840,4840,990,20,2025101303,1,1,7397,0.88,5,0,True,2025-10-13 03:56:33
4841,4841,1054,20,2026010405,3,1,13615,0.83,4,0,False,2026-01-04 05:28:00
4842,4842,1054,5,2026010405,3,1,9907,0.85,5,0,True,2026-01-04 05:33:00
4843,4843,26,8,2026010501,5,1,4681,0.82,4,0,False,2026-01-05 01:35:29
4844,4844,208,20,2026021105,1,1,8929,0.86,4,0,True,2026-02-11 05:47:02
4845,4845,119,22,2026012713,1,1,5614,0.96,4,0,False,2026-01-27 13:03:25
4846,4846,818,2,2025101414,5,1,13291,0.97,,0,True,2025-10-14 14:45:01
4847,4847,818,5,2025101414,5,1,10845,0.96,4,0,False,2025-10-14 14:48:01
4848,4848,818,9,2025101414,5,1,15076,0.84,5,0,False,2025-10-14 14:51:01
4849,4849,501,25,2025111322,2,1,7117,0.97,4,0,False,2025-11-13 22:36:03
4850,4850,72,17,2025100201,2,1,13493,0.88,5,0,False,2025-10-02 01:36:15
4851,4851,72,16,2025100201,2,3,5534,0.29,2,0,False,2025-10-02 01:38:15
4852,4852,20,19,2025120705,1,5,14468,0.34,2,0,False,2025-12-07 05:16:49
4853,4853,20,23,2025120705,1,1,10922,0.84,4,0,True,2025-12-07 05:19:49
4854,4854,20,8,2025120705,1,4,6765,0.33,1,0,False,2025-12-07 05:26:49
4855,4855,17,17,2025102710,1,1,5272,0.91,4,0,True,2025-10-27 10:54:54
4856,4856,17,16,2025102710,1,4,12355,0.19,,0,False,2025-10-27 10:59:54
4857,4857,98,13,2025092717,1,1,9486,0.86,,0,False,2025-09-27 17:27:05
4858,4858,98,14,2025092717,1,5,4542,0.32,2,0,False,2025-09-27 17:32:05
4859,4859,130,19,2026010302,1,1,5774,0.86,5,0,False,2026-01-03 02:23:39
4860,4860,130,23,2026010302,1,1,10111,0.91,,0,False,2026-01-03 02:28:39
4861,4861,130,8,2026010302,1,2,7323,0.29,,1,False,2026-01-03 02:31:39
4862,4862,16,13,2026020115,1,1,4041,0.95,3,0,False,2026-02-01 15:10:26
4863,4863,758,14,2026012400,1,1,5276,0.9,5,0,True,2026-01-24 00:59:59
4864,4864,93,6,2025121320,4,1,12981,0.87,4,0,False,2025-12-13 20:26:54
4865,4865,93,15,2025121320,4,1,10623,0.82,4,0,True,2025-12-13 20:31:54
4866,4866,82,25,2025092900,4,1,14060,0.92,4,0,True,2025-09-29 00:03:49
4867,4867,40,6,2026022220,1,1,7784,0.92,5,1,False,2026-02-22 20:03:41
4868,4868,40,15,2026022220,1,2,12449,0.34,1,1,False,2026-02-22 20:06:41
4869,4869,586,4,2025121306,3,1,10241,0.86,4,0,False,2025-12-13 06:01:07
4870,4870,586,10,2025121306,3,1,14073,0.91,5,1,False,2025-12-13 06:06:07
4871,4871,15,19,2025122823,2,1,5870,0.87,5,0,False,2025-12-28 23:09:06
4872,4872,760,17,2025121500,1,1,8184,0.83,4,0,False,2025-12-15 00:28:13
4873,4873,760,16,2025121500,1,1,5575,0.96,,0,False,2025-12-15 00:30:13
4874,4874,474,9,2025101515,1,1,6527,0.93,4,1,True,2025-10-15 15:57:38
4875,4875,804,14,2026020606,3,1,8839,0.91,4,0,False,2026-02-06 06:27:59
4876,4876,71,19,2026021823,1,1,8745,0.96,5,0,True,2026-02-18 23:22:02
4877,4877,71,23,2026021823,1,1,6723,0.95,4,0,False,2026-02-18 23:25:02
4878,4878,71,8,2026021823,1,1,10123,0.87,5,0,False,2026-02-18 23:30:02
4879,4879,139,4,2025120402,1,1,6420,0.83,4,0,True,2025-12-04 02:27:07
4880,4880,139,10,2025120402,1,1,6862,0.83,,0,False,2025-12-04 02:29:07
4881,4881,1039,13,2025090304,1,1,6498,0.98,5,0,True,2025-09-03 04:55:16
4882,4882,1039,14,2025090304,1,1,9930,0.96,5,1,False,2025-09-03 04:58:16
4883,4883,375,6,2026012202,1,1,6928,0.9,,0,False,2026-01-22 02:13:47
4884,4884,375,15,2026012202,1,1,8737,0.93,4,0,False,2026-01-22 02:17:47
4885,4885,9,19,2026022317,1,3,14662,0.14,2,0,False,2026-02-23 17:26:21
4886,4886,9,23,2026022317,1,1,6146,0.9,4,0,False,2026-02-23 17:28:21
4887,4887,9,8,2026022317,1,1,13285,0.92,4,0,False,2026-02-23 17:30:21
4888,4888,347,6,2025122217,2,1,5127,0.91,3,0,False,2025-12-22 17:20:13
4889,4889,347,15,2025122217,2,1,5621,0.92,4,0,False,2025-12-22 17:22:13
4890,4890,98,17,2025120515,3,1,5488,0.88,5,0,True,2025-12-05 15:43:03
4891,4891,98,16,2025120515,3,1,10670,0.88,4,0,True,2025-12-05 15:47:03
4892,4892,239,3,2025102009,1,1,5523,0.9,3,0,True,2025-10-20 09:34:51
4893,4893,212,10,2025112719,4,1,10884,0.88,4,0,False,2025-11-27 19:58:20
4894,4894,525,4,2026030608,1,1,6276,0.89,5,0,True,2026-03-06 08:51:42
4895,4895,525,10,2026030608,1,1,11268,0.86,4,0,False,2026-03-06 08:53:42
4896,4896,94,23,2025112704,1,1,3986,0.82,5,0,True,2025-11-27 04:04:42
4897,4897,393,17,2026010519,1,1,5737,0.88,3,0,False,2026-01-05 19:00:43
4898,4898,393,16,2026010519,1,1,4167,0.95,4,0,True,2026-01-05 19:02:43
4899,4899,329,6,2025121507,3,1,13745,0.85,4,0,False,2025-12-15 07:48:51
4900,4900,329,15,2025121507,3,1,4434,0.85,,0,False,2025-12-15 07:50:51
4901,4901,15,4,2026011803,1,5,14661,0.23,1,0,False,2026-01-18 03:55:13
4902,4902,15,10,2026011803,1,1,10000,0.97,5,0,False,2026-01-18 03:59:13
4903,4903,29,19,2026011323,1,1,14995,0.92,5,0,False,2026-01-13 23:39:57
4904,4904,380,1,2025111508,2,1,9767,0.93,4,0,False,2025-11-15 08:34:29
4905,4905,380,3,2025111508,2,1,10579,0.96,5,0,True,2025-11-15 08:36:29
4906,4906,380,8,2025111508,2,1,8427,0.98,4,0,False,2025-11-15 08:38:29
4907,4907,53,6,2025101021,2,1,13681,0.9,4,0,False,2025-10-10 21:46:46
4908,4908,53,15,2025101021,2,1,12912,0.92,,0,False,2025-10-10 21:49:46
4909,4909,47,9,2025112309,4,1,11000,0.86,4,0,False,2025-11-23 09:18:47
4910,4910,49,17,2026033006,2,1,10637,0.85,4,0,False,2026-03-30 06:39:03
4911,4911,191,1,2025123119,1,1,13451,0.86,5,0,False,2025-12-31 19:29:23
4912,4912,191,3,2025123119,1,1,8406,0.93,4,0,True,2025-12-31 19:32:23
4913,4913,191,8,2025123119,1,1,11139,0.87,5,0,False,2025-12-31 19:35:23
4914,4914,230,20,2026031806,1,1,7224,0.84,4,1,False,2026-03-18 06:56:02
4915,4915,772,25,2026011007,1,1,9922,0.9,5,0,True,2026-01-10 07:57:43
4916,4916,750,24,2026021607,2,1,10257,0.86,4,0,False,2026-02-16 07:41:20
4917,4917,32,3,2025091908,1,1,7134,0.85,5,0,False,2025-09-19 08:42:23
4918,4918,1084,20,2025101217,2,1,7988,0.84,4,0,False,2025-10-12 17:40:20
4919,4919,1084,5,2025101217,2,1,5790,0.86,4,0,False,2025-10-12 17:43:20
4920,4920,80,4,2025111903,1,1,12218,0.84,5,0,False,2025-11-19 03:16:51
4921,4921,226,3,2025103006,2,1,6750,0.84,4,0,False,2025-10-30 06:15:11
4922,4922,53,17,2026021305,1,1,12918,0.93,4,0,False,2026-02-13 05:38:01
4923,4923,53,16,2026021305,1,6,5057,0.0,1,0,False,2026-02-13 05:40:01
4924,4924,75,4,2025111802,1,1,12688,0.89,,0,False,2025-11-18 02:29:46
4925,4925,535,6,2026012706,4,1,13899,0.82,5,0,True,2026-01-27 06:45:14
4926,4926,535,15,2026012706,4,1,11592,0.98,5,0,True,2026-01-27 06:50:14
4927,4927,178,4,2026013113,2,1,14308,0.98,4,0,False,2026-01-31 13:31:14
4928,4928,178,10,2026013113,2,1,14807,0.84,4,0,False,2026-01-31 13:36:14
4929,4929,3,17,2025121813,1,1,11123,0.87,5,0,False,2025-12-18 13:51:38
4930,4930,3,16,2025121813,1,1,13417,0.96,3,0,False,2025-12-18 13:54:38
4931,4931,157,17,2026010208,3,1,10337,0.83,4,0,True,2026-01-02 08:50:19
4932,4932,157,16,2026010208,3,1,13753,0.92,5,0,True,2026-01-02 08:52:19
4933,4933,403,3,2025122300,1,1,4601,0.83,3,0,True,2025-12-23 00:40:23
4934,4934,518,20,2026022708,1,1,12242,0.92,5,0,False,2026-02-27 08:21:17
4935,4935,518,5,2026022708,1,1,9162,0.85,4,0,False,2026-02-27 08:25:17
4936,4936,31,18,2026011802,1,7,12091,0.0,2,0,False,2026-01-18 02:41:23
4937,4937,14,2,2025120722,1,1,9412,0.87,4,1,True,2025-12-07 22:06:39
4938,4938,14,5,2025120722,1,1,6346,0.93,4,0,False,2025-12-07 22:08:39
4939,4939,14,9,2025120722,1,1,7814,0.95,4,0,False,2025-12-07 22:16:39
4940,4940,91,13,2025102400,2,1,8438,0.85,,0,False,2025-10-24 00:24:56
4941,4941,91,14,2025102400,2,1,5964,0.83,4,0,False,2025-10-24 00:26:56
4942,4942,72,17,2026020317,3,1,6598,0.95,,1,False,2026-02-03 17:48:03
4943,4943,72,16,2026020317,3,1,9994,0.91,4,0,False,2026-02-03 17:50:03
4944,4944,1008,18,2025110207,1,2,3950,0.27,2,0,False,2025-11-02 07:14:15
4945,4945,356,4,2026011412,3,1,6921,0.83,4,0,True,2026-01-14 12:09:36
4946,4946,41,8,2026011508,2,3,11362,0.11,2,0,False,2026-01-15 08:54:12
4947,4947,964,17,2026022706,1,1,7421,0.83,4,1,True,2026-02-27 06:35:01
4948,4948,964,16,2026022706,1,1,10511,0.85,,0,False,2026-02-27 06:38:01
4949,4949,491,4,2025110700,1,1,13837,0.92,4,0,False,2025-11-07 00:56:25
4950,4950,491,10,2025110701,1,3,9958,0.15,1,1,False,2025-11-07 01:00:25
4951,4951,6,4,2026030109,2,1,15495,0.84,3,0,False,2026-03-01 09:36:50
4952,4952,6,10,2026030109,2,1,8207,0.83,4,0,False,2026-03-01 09:41:50
4953,4953,441,6,2026010713,2,1,12080,0.96,5,0,False,2026-01-07 13:00:16
4954,4954,441,15,2026010713,2,1,7888,0.92,5,0,False,2026-01-07 13:03:16
4955,4955,155,4,2026021811,6,1,11349,0.84,5,0,True,2026-02-18 11:37:47
4956,4956,155,10,2026021811,6,1,15496,0.84,,1,False,2026-02-18 11:42:47
4957,4957,85,19,2025112004,2,1,8224,0.89,4,0,True,2025-11-20 04:58:51
4958,4958,85,23,2025112005,2,1,3970,0.92,5,0,True,2025-11-20 05:00:51
4959,4959,85,8,2025112005,2,1,10473,0.92,4,0,False,2025-11-20 05:04:51
4960,4960,51,6,2025103016,5,1,10049,0.86,4,0,False,2025-10-30 16:04:36
4961,4961,233,20,2026031902,1,1,12118,0.92,,0,False,2026-03-19 02:13:51
4962,4962,233,5,2026031902,1,5,5872,0.24,1,0,False,2026-03-19 02:16:51
4963,4963,525,4,2026030719,3,1,14879,0.97,5,0,False,2026-03-07 19:52:36
4964,4964,22,2,2026032401,3,1,10512,0.94,4,0,False,2026-03-24 01:47:03
4965,4965,22,5,2026032401,3,1,10226,0.91,4,1,False,2026-03-24 01:50:03
4966,4966,22,9,2026032401,3,1,14278,0.85,4,0,False,2026-03-24 01:57:03
4967,4967,153,25,2025122514,1,1,6812,0.93,4,0,True,2025-12-25 14:01:13
4968,4968,104,1,2026022319,5,1,8646,0.83,5,0,True,2026-02-23 19:02:25
4969,4969,104,3,2026022319,5,1,4983,0.95,,0,False,2026-02-23 19:07:25
4970,4970,104,8,2026022319,5,1,7539,0.82,5,0,True,2026-02-23 19:08:25
4971,4971,319,11,2025120910,2,1,4276,0.84,5,0,False,2025-12-09 10:00:59
4972,4972,45,8,2025101521,1,1,5429,0.91,5,0,True,2025-10-15 21:01:21
4973,4973,1072,20,2026012715,2,1,6277,0.86,5,0,False,2026-01-27 15:35:07
4974,4974,1174,18,2026020617,3,1,13418,0.92,5,0,True,2026-02-06 17:37:59
4975,4975,630,13,2026020619,1,1,10301,0.88,4,0,True,2026-02-06 19:47:05
4976,4976,630,14,2026020619,1,1,12827,0.83,5,0,False,2026-02-06 19:49:05
4977,4977,629,19,2026022107,2,1,8415,0.85,5,1,True,2026-02-21 07:20:01
4978,4978,2,4,2025121520,2,1,6236,0.91,4,0,False,2025-12-15 20:17:06
4979,4979,2,10,2025121520,2,1,5021,0.86,4,0,False,2025-12-15 20:22:06
4980,4980,460,17,2025121821,1,1,13376,0.96,4,0,True,2025-12-18 21:43:48
4981,4981,460,16,2025121821,1,3,5526,0.34,2,0,False,2025-12-18 21:45:48
4982,4982,158,20,2026012601,3,1,5578,0.9,4,0,False,2026-01-26 01:01:29
4983,4983,158,5,2026012601,3,1,8945,0.86,4,0,False,2026-01-26 01:06:29
4984,4984,349,19,2025110820,1,1,10346,0.96,4,0,False,2025-11-08 20:19:11
4985,4985,349,23,2025110820,1,1,12170,0.83,4,1,False,2025-11-08 20:22:11
4986,4986,349,8,2025110820,1,1,11899,0.95,4,0,False,2025-11-08 20:23:11
4987,4987,210,1,2025122721,3,1,10544,0.96,5,0,False,2025-12-27 21:46:09
4988,4988,210,3,2025122721,3,1,5678,0.95,5,0,False,2025-12-27 21:50:09
4989,4989,210,8,2025122721,3,1,9773,0.88,4,0,False,2025-12-27 21:50:09
4990,4990,104,1,2026020214,1,1,10514,0.91,5,0,False,2026-02-02 14:16:26
4991,4991,104,3,2026020214,1,1,5257,0.95,4,0,True,2026-02-02 14:18:26
4992,4992,104,8,2026020214,1,1,11376,0.96,5,0,True,2026-02-02 14:22:26
4993,4993,365,18,2025123007,1,1,10968,0.91,4,0,False,2025-12-30 07:11:01
4994,4994,112,13,2025100518,1,1,5246,0.91,4,0,False,2025-10-05 18:55:38
4995,4995,112,14,2025100518,1,1,5213,0.95,4,0,False,2025-10-05 18:57:38
4996,4996,91,13,2025120105,1,1,10461,0.91,4,0,False,2025-12-01 05:38:00
4997,4997,91,14,2025120105,1,1,13678,0.97,5,0,True,2025-12-01 05:40:00
4998,4998,84,2,2025091919,2,1,10072,0.85,3,0,True,2025-09-19 19:24:29
4999,4999,84,5,2025091919,2,1,10285,0.88,,0,False,2025-09-19 19:26:29
5000,5000,84,9,2025091919,2,1,7219,0.87,5,0,False,2025-09-19 19:32:29
5001,5001,1122,6,2026030109,2,1,7408,0.91,5,0,False,2026-03-01 09:00:26
5002,5002,1122,15,2026030109,2,1,8764,0.83,4,0,True,2026-03-01 09:04:26
5003,5003,196,25,2025100313,2,1,4918,0.88,3,0,False,2025-10-03 13:04:25
5004,5004,1052,13,2025120321,5,1,4168,0.85,4,1,False,2025-12-03 21:58:03
5005,5005,1052,14,2025120322,5,1,9858,0.88,,0,False,2025-12-03 22:00:03
5006,5006,179,12,2025101002,3,1,4535,0.9,4,0,False,2025-10-10 02:51:27
5007,5007,92,12,2025091615,2,1,9376,0.95,5,0,True,2025-09-16 15:11:02
5008,5008,921,20,2026011900,1,1,5537,0.84,4,0,False,2026-01-19 00:47:43
5009,5009,921,5,2026011900,1,7,3989,0.01,2,0,False,2026-01-19 00:49:43
5010,5010,320,17,2026030701,2,1,6688,0.95,5,0,False,2026-03-07 01:05:43
5011,5011,320,16,2026030701,2,1,7593,0.89,3,0,True,2026-03-07 01:09:43
5012,5012,816,17,2026032022,2,1,14115,0.89,4,0,False,2026-03-20 22:41:06
5013,5013,1069,7,2025090505,1,4,9821,0.23,2,0,False,2025-09-05 05:35:49
5014,5014,679,1,2025101910,1,1,14258,0.91,5,1,True,2025-10-19 10:34:41
5015,5015,3,20,2026010800,1,1,3960,0.97,5,0,False,2026-01-08 00:23:55
5016,5016,3,5,2026010800,1,3,9466,0.12,1,0,False,2026-01-08 00:27:55
5017,5017,217,20,2025091908,1,1,13606,0.91,4,0,True,2025-09-19 08:52:46
5018,5018,534,4,2025101414,3,1,11693,0.9,4,0,False,2025-10-14 14:30:23
5019,5019,534,10,2025101414,3,4,12782,0.14,2,1,False,2025-10-14 14:35:23
5020,5020,192,6,2026021217,2,1,9557,0.95,5,0,False,2026-02-12 17:53:36
5021,5021,192,15,2026021217,2,1,5277,0.91,3,0,False,2026-02-12 17:58:36
5022,5022,78,19,2026032915,3,2,10535,0.19,,1,False,2026-03-29 15:21:24
5023,5023,78,23,2026032915,3,1,5016,0.85,4,0,False,2026-03-29 15:23:24
5024,5024,78,8,2026032915,3,1,5361,0.97,5,0,False,2026-03-29 15:31:24
5025,5025,281,19,2026022201,1,1,8944,0.83,5,0,True,2026-02-22 01:00:36
5026,5026,281,23,2026022201,1,1,4931,0.98,5,0,False,2026-02-22 01:04:36
5027,5027,281,8,2026022201,1,3,6911,0.11,2,0,False,2026-02-22 01:08:36
5028,5028,723,6,2025111203,2,1,8918,0.9,5,0,True,2025-11-12 03:59:03
5029,5029,723,15,2025111204,2,1,6626,0.9,5,0,True,2025-11-12 04:03:03
5030,5030,1130,20,2025091715,1,1,6783,0.84,4,1,False,2025-09-17 15:25:22
5031,5031,908,19,2026030223,2,1,11098,0.89,4,0,False,2026-03-02 23:02:00
5032,5032,458,12,2025111619,1,1,13953,0.93,4,0,True,2025-11-16 19:46:21
5033,5033,43,17,2025091108,1,1,10686,0.94,4,0,True,2025-09-11 08:51:30
5034,5034,43,16,2025091108,1,1,6262,0.83,,0,False,2025-09-11 08:56:30
5035,5035,176,6,2026031617,1,1,7175,0.91,4,0,False,2026-03-16 17:20:12
5036,5036,7,2,2025122115,3,1,11177,0.93,3,0,False,2025-12-21 15:33:57
5037,5037,7,5,2025122115,3,1,6006,0.94,4,0,False,2025-12-21 15:36:57
5038,5038,7,9,2025122115,3,1,15016,0.9,4,0,False,2025-12-21 15:43:57
5039,5039,1007,11,2026013000,1,1,10557,0.97,4,0,False,2026-01-30 00:07:15
5040,5040,272,24,2026022316,1,1,10644,0.9,5,0,True,2026-02-23 16:48:38
5041,5041,358,20,2026021819,3,1,13003,0.93,4,0,True,2026-02-18 19:40:14
5042,5042,358,5,2026021819,3,1,9650,0.84,5,0,False,2026-02-18 19:45:14
5043,5043,110,16,2025111115,6,1,7640,0.83,4,0,False,2025-11-11 15:10:47
5044,5044,321,19,2025121615,2,1,6267,0.97,5,0,False,2025-12-16 15:26:25
5045,5045,321,23,2025121615,2,1,6633,0.9,4,0,False,2025-12-16 15:28:25
5046,5046,321,8,2025121615,2,1,12251,0.96,5,0,False,2025-12-16 15:36:25
5047,5047,179,6,2025122003,5,1,12465,0.82,5,0,True,2025-12-20 03:11:23
5048,5048,153,13,2025112400,1,1,5556,0.91,4,0,False,2025-11-24 00:12:49
5049,5049,26,2,2025092601,2,1,11634,0.84,5,0,False,2025-09-26 01:32:38
5050,5050,26,5,2025092601,2,1,7852,0.89,5,0,False,2025-09-26 01:37:38
5051,5051,26,9,2025092601,2,1,10733,0.95,4,0,True,2025-09-26 01:42:38
5052,5052,311,17,2026022804,1,1,10021,0.87,5,0,True,2026-02-28 04:31:42
5053,5053,311,16,2026022804,1,1,11667,0.93,,0,False,2026-02-28 04:35:42
5054,5054,1098,4,2025112723,1,7,12587,0.06,,0,False,2025-11-27 23:38:55
5055,5055,25,1,2025100216,1,1,9161,0.83,5,0,False,2025-10-02 16:26:34
5056,5056,25,3,2025100216,1,1,8453,0.87,4,0,False,2025-10-02 16:30:34
5057,5057,25,8,2025100216,1,2,5787,0.31,1,2,False,2025-10-02 16:32:34
5058,5058,380,4,2025102820,1,1,13591,0.86,5,0,False,2025-10-28 20:56:15
5059,5059,380,10,2025102821,1,1,13363,0.91,5,0,False,2025-10-28 21:01:15
5060,5060,102,4,2025102608,1,1,10696,0.87,5,0,False,2025-10-26 08:30:27
5061,5061,102,10,2025102608,1,1,9864,0.88,,0,True,2025-10-26 08:32:27
5062,5062,60,5,2025092213,5,1,12976,0.94,4,0,False,2025-09-22 13:26:22
5063,5063,225,13,2025111423,1,4,4402,0.24,,0,False,2025-11-14 23:03:59
5064,5064,225,14,2025111423,1,1,13348,0.91,5,0,False,2025-11-14 23:06:59
5065,5065,365,6,2025102919,5,1,9499,0.84,4,1,False,2025-10-29 19:32:28
5066,5066,365,15,2025102919,5,1,10052,0.83,4,0,True,2025-10-29 19:37:28
5067,5067,50,1,2025112915,3,1,8369,0.88,5,0,False,2025-11-29 15:05:53
5068,5068,50,3,2025112915,3,2,8401,0.27,2,0,False,2025-11-29 15:10:53
5069,5069,50,8,2025112915,3,1,14117,0.86,4,0,False,2025-11-29 15:15:53
5070,5070,530,4,2025112110,2,1,12882,0.86,5,0,False,2025-11-21 10:43:53
5071,5071,530,10,2025112110,2,1,9548,0.91,3,0,False,2025-11-21 10:47:53
5072,5072,302,6,2026021523,1,2,9528,0.23,1,1,False,2026-02-15 23:42:11
5073,5073,302,15,2026021523,1,1,6459,0.9,4,0,False,2026-02-15 23:46:11
5074,5074,7,2,2026022712,1,1,11862,0.93,4,0,True,2026-02-27 12:41:23
5075,5075,7,5,2026022712,1,1,8622,0.87,5,0,False,2026-02-27 12:44:23
5076,5076,7,9,2026022712,1,1,6805,0.92,4,0,True,2026-02-27 12:51:23
5077,5077,465,16,2026022306,1,2,10732,0.28,1,1,False,2026-02-23 06:05:31
5078,5078,279,17,2025112807,1,1,9372,0.95,5,0,True,2025-11-28 07:45:49
5079,5079,109,4,2026030506,2,1,7533,0.95,4,0,True,2026-03-05 06:48:31
5080,5080,109,10,2026030506,2,1,7660,0.82,4,0,False,2026-03-05 06:51:31
5081,5081,238,4,2026020306,1,1,13087,0.96,5,1,True,2026-02-03 06:50:36
5082,5082,238,10,2026020306,1,1,6916,0.92,5,0,False,2026-02-03 06:54:36
5083,5083,154,8,2026012810,3,1,6520,0.84,5,1,False,2026-01-28 10:45:52
5084,5084,24,17,2025101805,1,1,4602,0.83,5,0,True,2025-10-18 05:16:05
5085,5085,40,4,2025112109,2,1,9775,0.94,4,0,False,2025-11-21 09:23:37
5086,5086,40,10,2025112109,2,1,9685,0.84,5,0,False,2025-11-21 09:25:37
5087,5087,253,12,2025121216,4,1,10125,0.96,4,0,True,2025-12-12 16:33:56
5088,5088,18,17,2026020419,1,1,10658,0.85,,1,True,2026-02-04 19:12:51
5089,5089,18,16,2026020419,1,4,10153,0.31,1,0,False,2026-02-04 19:16:51
5090,5090,1057,2,2025111914,5,1,10703,0.97,,0,False,2025-11-19 14:12:12
5091,5091,78,11,2026031620,1,1,7867,0.89,4,0,False,2026-03-16 20:27:32
5092,5092,771,13,2025101723,1,1,10967,0.95,5,0,True,2025-10-17 23:28:23
5093,5093,771,14,2025101723,1,1,7636,0.9,3,0,False,2025-10-17 23:33:23
5094,5094,54,4,2025111009,1,1,8425,0.96,5,0,True,2025-11-10 09:51:06
5095,5095,54,10,2025111009,1,1,11633,0.84,4,0,False,2025-11-10 09:55:06
5096,5096,255,14,2025122420,1,6,5708,0.0,2,0,False,2025-12-24 20:30:58
5097,5097,136,4,2025121411,2,1,7103,0.9,5,0,True,2025-12-14 11:09:08
5098,5098,136,10,2025121411,2,1,10695,0.96,3,0,False,2025-12-14 11:14:08
5099,5099,358,17,2025091921,2,1,5496,0.89,3,0,False,2025-09-19 21:54:50
5100,5100,487,16,2025102401,1,1,5426,0.88,,0,False,2025-10-24 01:51:52
5101,5101,324,17,2025100508,2,1,6335,0.91,4,0,False,2025-10-05 08:51:37
5102,5102,324,16,2025100508,2,1,11053,0.89,3,0,False,2025-10-05 08:55:37
5103,5103,723,3,2026030912,1,1,12956,0.83,4,0,False,2026-03-09 12:36:27
5104,5104,56,1,2026022303,2,1,14795,0.92,4,0,False,2026-02-23 03:49:39
5105,5105,56,3,2026022303,2,1,10060,0.82,4,1,False,2026-02-23 03:51:39
5106,5106,56,8,2026022303,2,1,12811,0.96,4,0,False,2026-02-23 03:57:39
5107,5107,283,16,2025100502,1,1,11778,0.88,5,0,True,2025-10-05 02:27:57
5108,5108,1166,13,2026012521,2,1,10323,0.91,,0,True,2026-01-25 21:49:25
5109,5109,1166,14,2026012521,2,1,8896,0.88,4,0,False,2026-01-25 21:54:25
5110,5110,596,22,2026012716,2,5,14394,0.27,,0,False,2026-01-27 16:56:12
5111,5111,104,4,2026011214,1,1,14040,0.88,3,0,False,2026-01-12 14:10:17
5112,5112,104,10,2026011214,1,1,15110,0.98,4,0,False,2026-01-12 14:14:17
5113,5113,771,17,2025091613,3,1,13661,0.97,4,0,True,2025-09-16 13:15:31
5114,5114,771,16,2025091613,3,1,10949,0.98,,0,False,2025-09-16 13:18:31
5115,5115,63,4,2025091914,1,1,13045,0.83,5,0,True,2025-09-19 14:50:46
5116,5116,63,10,2025091914,1,2,13051,0.02,1,1,False,2025-09-19 14:52:46
5117,5117,178,19,2026031318,3,1,13658,0.92,3,1,False,2026-03-13 18:40:58
5118,5118,178,23,2026031318,3,2,4666,0.29,1,0,False,2026-03-13 18:42:58
5119,5119,178,8,2026031318,3,1,3831,0.86,4,1,True,2026-03-13 18:46:58
5120,5120,395,25,2025120608,2,1,4978,0.93,5,0,False,2025-12-06 08:24:07
5121,5121,200,9,2026031109,1,1,10083,0.97,4,0,True,2026-03-11 09:57:58
5122,5122,281,4,2025112103,1,1,5729,0.92,4,0,False,2025-11-21 03:46:41
5123,5123,281,10,2025112103,1,1,8033,0.89,,0,True,2025-11-21 03:48:41
5124,5124,307,8,2025092721,1,1,12460,0.88,4,0,False,2025-09-27 21:36:02
5125,5125,537,2,2026012608,1,1,13105,0.92,4,0,False,2026-01-26 08:48:31
5126,5126,537,5,2026012608,1,1,11930,0.98,5,0,False,2026-01-26 08:51:31
5127,5127,537,9,2026012608,1,1,9856,0.88,4,0,False,2026-01-26 08:58:31
5128,5128,401,15,2026012311,1,1,13967,0.97,4,0,False,2026-01-23 11:26:06
5129,5129,12,20,2026022721,2,1,7369,0.86,4,0,False,2026-02-27 21:35:50
5130,5130,12,5,2026022721,2,1,6578,0.87,3,0,False,2026-02-27 21:39:50
5131,5131,272,15,2026020312,1,1,10296,0.91,,1,False,2026-02-03 12:21:12
5132,5132,431,19,2026011821,6,1,12189,0.86,3,0,False,2026-01-18 21:51:46
5133,5133,431,23,2026011821,6,1,6262,0.9,5,0,False,2026-01-18 21:54:46
5134,5134,431,8,2026011821,6,1,7271,0.94,5,1,True,2026-01-18 21:59:46
5135,5135,242,1,2025112322,1,1,7087,0.93,5,0,True,2025-11-23 22:37:45
5136,5136,242,3,2025112322,1,1,4990,0.87,5,0,True,2025-11-23 22:39:45
5137,5137,242,8,2025112322,1,1,8373,0.96,3,0,False,2025-11-23 22:47:45
5138,5138,148,19,2025101912,3,1,8925,0.9,4,0,False,2025-10-19 12:11:21
5139,5139,148,23,2025101912,3,1,13808,0.95,5,0,True,2025-10-19 12:16:21
5140,5140,148,8,2025101912,3,1,11157,0.92,5,0,False,2025-10-19 12:21:21
5141,5141,4,19,2026022420,1,2,12353,0.31,1,0,False,2026-02-24 20:09:06
5142,5142,4,23,2026022420,1,1,9165,0.84,4,0,False,2026-02-24 20:11:06
5143,5143,4,8,2026022420,1,1,13665,0.83,5,0,False,2026-02-24 20:15:06
5144,5144,352,2,2025102708,1,2,14087,0.32,1,0,False,2025-10-27 08:09:54
5145,5145,352,5,2025102708,1,1,5141,0.97,4,0,False,2025-10-27 08:12:54
5146,5146,352,9,2025102708,1,1,9052,0.87,5,0,True,2025-10-27 08:17:54
5147,5147,1001,2,2026011901,1,1,4085,0.83,5,0,True,2026-01-19 01:45:02
5148,5148,1001,5,2026011901,1,1,9152,0.9,5,1,False,2026-01-19 01:50:02
5149,5149,1001,9,2026011901,1,1,10194,0.86,4,0,False,2026-01-19 01:55:02
5150,5150,1,4,2025100508,1,3,15245,0.15,2,0,False,2025-10-05 08:47:13
5151,5151,1,10,2025100508,1,1,6056,0.92,5,0,True,2025-10-05 08:52:13
5152,5152,107,9,2025121205,2,1,10670,0.91,5,0,True,2025-12-12 05:06:12
5153,5153,279,17,2026021120,2,1,7118,0.86,,0,False,2026-02-11 20:08:53
5154,5154,279,16,2026021120,2,1,6072,0.88,3,0,False,2026-02-11 20:12:53
5155,5155,26,2,2025091417,4,1,7558,0.98,5,0,False,2025-09-14 17:55:19
5156,5156,26,5,2025091417,4,1,13134,0.93,5,0,False,2025-09-14 17:59:19
5157,5157,26,9,2025091417,4,1,8461,0.97,3,0,False,2025-09-14 17:59:19
5158,5158,358,13,2025103003,1,4,5661,0.13,,0,False,2025-10-30 03:08:42
5159,5159,371,13,2026031723,6,1,4135,0.94,,0,True,2026-03-17 23:17:59
5160,5160,371,14,2026031723,6,1,13900,0.84,4,0,False,2026-03-17 23:20:59
5161,5161,124,2,2026020906,2,1,5098,0.93,4,0,False,2026-02-09 06:49:36
5162,5162,124,5,2026020906,2,1,9045,0.97,4,0,True,2026-02-09 06:52:36
5163,5163,124,9,2026020906,2,1,10770,0.88,3,0,False,2026-02-09 06:55:36
5164,5164,384,24,2026011712,1,1,5459,0.93,5,0,False,2026-01-17 12:28:33
5165,5165,32,3,2026022115,3,1,12484,0.91,5,0,True,2026-02-21 15:53:24
5166,5166,88,2,2026012907,1,3,8366,0.07,2,0,False,2026-01-29 07:19:30
5167,5167,88,5,2026012907,1,1,5978,0.84,5,0,True,2026-01-29 07:24:30
5168,5168,88,9,2026012907,1,3,8519,0.16,,0,False,2026-01-29 07:27:30
5169,5169,439,2,2025110121,1,1,11512,0.94,,0,False,2025-11-01 21:53:45
5170,5170,439,5,2025110121,1,1,8814,0.89,5,0,True,2025-11-01 21:55:45
5171,5171,439,9,2025110122,1,3,5550,0.21,2,0,False,2025-11-01 22:01:45
5172,5172,97,4,2026012522,2,1,11131,0.86,4,0,True,2026-01-25 22:09:14
5173,5173,97,10,2026012522,2,1,12365,0.82,5,0,False,2026-01-25 22:13:14
5174,5174,967,2,2025121219,3,3,3708,0.06,,0,False,2025-12-12 19:08:23
5175,5175,967,5,2025121219,3,1,11049,0.85,4,0,False,2025-12-12 19:13:23
5176,5176,967,9,2025121219,3,1,9616,0.96,4,0,False,2025-12-12 19:12:23
5177,5177,289,17,2025102113,1,5,12869,0.19,,1,False,2025-10-21 13:18:33
5178,5178,289,16,2025102113,1,3,11917,0.18,1,0,False,2025-10-21 13:21:33
5179,5179,55,6,2025102523,1,4,6903,0.21,,0,False,2025-10-25 23:48:19
5180,5180,55,15,2025102523,1,1,13219,0.83,3,0,True,2025-10-25 23:52:19
5181,5181,738,2,2025090516,1,4,9616,0.32,1,0,False,2025-09-05 16:41:59
5182,5182,738,5,2025090516,1,1,7168,0.92,5,0,False,2025-09-05 16:44:59
5183,5183,738,9,2025090516,1,1,12664,0.95,4,0,False,2025-09-05 16:45:59
5184,5184,10,2,2025113019,2,3,3921,0.11,1,0,False,2025-11-30 19:30:09
5185,5185,10,5,2025113019,2,1,5618,0.85,5,0,False,2025-11-30 19:34:09
5186,5186,10,9,2025113019,2,1,11278,0.84,5,0,True,2025-11-30 19:34:09
5187,5187,7,19,2026030504,6,1,11115,0.97,4,0,False,2026-03-05 04:13:14
5188,5188,7,23,2026030504,6,1,7764,0.87,,0,False,2026-03-05 04:15:14
5189,5189,7,8,2026030504,6,1,6091,0.95,5,0,False,2026-03-05 04:21:14
5190,5190,282,4,2026031621,1,1,13863,0.98,,0,False,2026-03-16 21:33:52
5191,5191,282,10,2026031621,1,1,8016,0.83,4,0,False,2026-03-16 21:38:52
5192,5192,400,20,2026011106,3,1,11837,0.83,5,1,True,2026-01-11 06:50:49
5193,5193,201,3,2025100515,3,1,9423,0.85,4,0,True,2025-10-05 15:02:22
5194,5194,35,13,2026030222,1,1,12601,0.83,4,0,False,2026-03-02 22:38:55
5195,5195,35,14,2026030222,1,1,8157,0.95,4,0,False,2026-03-02 22:43:55
5196,5196,257,2,2025110223,1,1,12251,0.98,4,0,False,2025-11-02 23:10:27
5197,5197,257,5,2025110223,1,1,10030,0.92,5,0,False,2025-11-02 23:14:27
5198,5198,257,9,2025110223,1,2,10004,0.14,1,0,False,2025-11-02 23:18:27
5199,5199,84,19,2025102106,4,1,5951,0.94,5,0,False,2025-10-21 06:00:54
5200,5200,84,23,2025102106,4,3,8146,0.19,1,0,False,2025-10-21 06:02:54
5201,5201,84,8,2025102106,4,1,8848,0.86,,0,False,2025-10-21 06:10:54
5202,5202,236,19,2026032514,2,1,9669,0.83,4,0,True,2026-03-25 14:31:27
5203,5203,236,23,2026032514,2,1,7198,0.96,3,0,False,2026-03-25 14:36:27
5204,5204,236,8,2026032514,2,1,13809,0.92,3,0,False,2026-03-25 14:39:27
5205,5205,244,2,2026012802,5,1,7238,0.88,4,0,False,2026-01-28 02:50:37
5206,5206,1115,19,2025111409,2,1,8893,0.88,3,0,False,2025-11-14 09:08:30
5207,5207,1115,23,2025111409,2,1,10755,0.87,5,0,False,2025-11-14 09:13:30
5208,5208,1115,8,2025111409,2,3,13921,0.02,1,0,False,2025-11-14 09:12:30
5209,5209,30,1,2026010522,2,1,10855,0.9,5,0,True,2026-01-05 22:53:42
5210,5210,59,17,2025111602,4,1,7726,0.93,4,0,False,2025-11-16 02:14:58
5211,5211,59,16,2025111602,4,1,12173,0.84,4,0,False,2025-11-16 02:19:58
5212,5212,400,20,2025090403,6,1,7270,0.83,4,1,False,2025-09-04 03:20:46
5213,5213,400,5,2025090403,6,1,9058,0.89,4,0,False,2025-09-04 03:22:46
5214,5214,249,2,2025101514,1,1,4182,0.84,4,0,True,2025-10-15 14:18:09
5215,5215,249,5,2025101514,1,1,4018,0.86,4,1,False,2025-10-15 14:22:09
5216,5216,249,9,2025101514,1,1,13142,0.88,4,0,False,2025-10-15 14:24:09
5217,5217,104,18,2025122603,1,1,4744,0.98,4,0,False,2025-12-26 03:58:38
5218,5218,762,3,2025091122,6,6,9184,0.0,,0,False,2025-09-11 22:15:38
5219,5219,334,14,2026012410,1,2,13776,0.12,2,0,False,2026-01-24 10:34:56
5220,5220,528,1,2026032518,1,1,9206,0.88,4,0,True,2026-03-25 18:26:33
5221,5221,528,3,2026032518,1,5,8955,0.04,,0,False,2026-03-25 18:29:33
5222,5222,528,8,2026032518,1,6,12832,0.0,1,0,False,2026-03-25 18:36:33
5223,5223,1194,1,2026010921,3,1,15222,0.89,4,0,False,2026-01-09 21:01:49
5224,5224,1194,3,2026010921,3,1,10555,0.91,,0,False,2026-01-09 21:03:49
5225,5225,1194,8,2026010921,3,1,10573,0.92,4,1,True,2026-01-09 21:07:49
5226,5226,196,20,2026022202,1,1,6811,0.85,5,0,True,2026-02-22 02:24:43
5227,5227,196,5,2026022202,1,1,5047,0.95,,0,False,2026-02-22 02:28:43
5228,5228,1163,4,2026020623,2,1,8649,0.97,3,1,False,2026-02-06 23:06:07
5229,5229,1163,10,2026020623,2,1,11098,0.87,5,0,True,2026-02-06 23:11:07
5230,5230,34,13,2025101802,2,1,12802,0.89,,0,False,2025-10-18 02:31:12
5231,5231,34,14,2025101802,2,1,7579,0.84,4,0,False,2025-10-18 02:35:12
5232,5232,87,6,2025102920,3,1,9991,0.97,4,0,True,2025-10-29 20:20:57
5233,5233,87,15,2025102920,3,1,12745,0.85,4,0,True,2025-10-29 20:23:57
5234,5234,236,6,2026031202,4,1,11717,0.95,5,0,True,2026-03-12 02:42:38
5235,5235,236,15,2026031202,4,1,5401,0.97,5,0,True,2026-03-12 02:44:38
5236,5236,58,2,2025111601,1,1,14013,0.87,,0,False,2025-11-16 01:49:15
5237,5237,58,5,2025111601,1,1,9873,0.94,,0,False,2025-11-16 01:54:15
5238,5238,58,9,2025111601,1,1,7233,0.95,4,1,True,2025-11-16 01:55:15
5239,5239,92,16,2026012118,2,1,13836,0.97,4,0,False,2026-01-21 18:43:34
5240,5240,52,6,2025090314,1,7,10008,0.16,2,0,False,2025-09-03 14:12:07
5241,5241,52,15,2025090314,1,1,9526,0.85,5,0,False,2025-09-03 14:15:07
5242,5242,634,6,2026022317,5,2,3842,0.35,1,0,False,2026-02-23 17:46:16
5243,5243,1120,14,2025112218,3,1,5610,0.84,5,0,False,2025-11-22 18:56:31
5244,5244,29,2,2025120517,1,4,9132,0.09,1,0,False,2025-12-05 17:02:15
5245,5245,29,5,2025120517,1,1,10261,0.87,4,0,False,2025-12-05 17:04:15
5246,5246,29,9,2025120517,1,3,15369,0.21,1,0,False,2025-12-05 17:06:15
5247,5247,195,6,2025121608,2,1,12609,0.95,4,0,False,2025-12-16 08:39:09
5248,5248,987,14,2026031107,2,1,13068,0.9,4,0,False,2026-03-11 07:07:39
5249,5249,298,2,2025110402,1,1,7574,0.85,5,0,True,2025-11-04 02:24:37
5250,5250,298,5,2025110402,1,1,4948,0.93,5,0,True,2025-11-04 02:28:37
5251,5251,298,9,2025110402,1,1,7590,0.89,5,0,True,2025-11-04 02:32:37
5252,5252,65,21,2025121320,2,1,9976,0.95,5,0,True,2025-12-13 20:35:43
5253,5253,556,24,2025121417,1,2,7301,0.04,1,0,False,2025-12-14 17:12:29
5254,5254,290,1,2026011320,1,1,7124,0.91,4,0,False,2026-01-13 20:25:16
5255,5255,290,3,2026011320,1,1,13548,0.84,5,0,True,2026-01-13 20:29:16
5256,5256,290,8,2026011320,1,1,9189,0.97,5,0,True,2026-01-13 20:33:16
5257,5257,535,1,2025112102,3,1,12550,0.96,4,0,False,2025-11-21 02:41:26
5258,5258,535,3,2025112102,3,1,10173,0.92,4,0,False,2025-11-21 02:44:26
5259,5259,535,8,2025112102,3,1,13520,0.97,4,0,True,2025-11-21 02:51:26
5260,5260,345,4,2026030209,2,1,8453,0.93,5,0,False,2026-03-02 09:15:06
5261,5261,345,10,2026030209,2,2,10273,0.18,2,0,False,2026-03-02 09:19:06
5262,5262,123,17,2026013106,1,1,14097,0.84,,0,False,2026-01-31 06:18:49
5263,5263,123,16,2026013106,1,1,11270,0.97,5,0,False,2026-01-31 06:20:49
5264,5264,54,4,2025112916,5,1,6364,0.88,5,0,False,2025-11-29 16:09:41
5265,5265,778,1,2026022400,1,1,9651,0.85,4,0,False,2026-02-24 00:35:47
5266,5266,778,3,2026022400,1,4,12239,0.05,,0,False,2026-02-24 00:37:47
5267,5267,778,8,2026022400,1,1,9563,0.85,4,0,True,2026-02-24 00:43:47
5268,5268,74,8,2026032210,1,1,8758,0.85,5,0,True,2026-03-22 10:29:09
5269,5269,629,19,2026011520,1,1,11195,0.85,4,0,False,2026-01-15 20:40:34
5270,5270,629,23,2026011520,1,1,11578,0.93,3,0,True,2026-01-15 20:45:34
5271,5271,629,8,2026011520,1,1,13492,0.87,5,0,True,2026-01-15 20:48:34
5272,5272,6,4,2025112409,1,2,8252,0.08,2,0,False,2025-11-24 09:07:51
5273,5273,6,10,2025112409,1,1,15398,0.91,4,0,False,2025-11-24 09:11:51
5274,5274,177,2,2025122303,1,1,9114,0.83,5,0,False,2025-12-23 03:22:46
5275,5275,177,5,2025122303,1,1,7420,0.96,4,0,False,2025-12-23 03:27:46
5276,5276,177,9,2025122303,1,1,14037,0.97,5,0,False,2025-12-23 03:32:46
5277,5277,838,6,2026011522,1,1,10119,0.82,,1,False,2026-01-15 22:56:17
5278,5278,838,15,2026011522,1,4,6965,0.1,2,1,False,2026-01-15 22:59:17
5279,5279,285,18,2026022507,2,1,10252,0.9,4,0,True,2026-02-25 07:39:08
5280,5280,106,13,2025121922,5,2,5391,0.07,,1,False,2025-12-19 22:58:39
5281,5281,106,14,2025121923,5,1,3992,0.95,,0,False,2025-12-19 23:00:39
5282,5282,49,1,2025120614,1,4,12250,0.1,,0,False,2025-12-06 14:56:57
5283,5283,1188,2,2026022007,1,1,4105,0.91,,0,False,2026-02-20 07:36:08
5284,5284,1188,5,2026022007,1,1,8329,0.95,5,0,True,2026-02-20 07:40:08
5285,5285,1188,9,2026022007,1,3,13392,0.34,1,1,False,2026-02-20 07:44:08
5286,5286,923,17,2026032113,3,1,5892,0.97,5,0,False,2026-03-21 13:53:04
5287,5287,923,16,2026032113,3,1,12787,0.94,3,0,True,2026-03-21 13:56:04
5288,5288,356,13,2026010420,2,4,11415,0.34,2,0,False,2026-01-04 20:05:43
5289,5289,298,17,2025122816,2,1,9926,0.96,4,0,False,2025-12-28 16:38:36
5290,5290,298,16,2025122816,2,1,10386,0.89,4,0,False,2025-12-28 16:43:36
5291,5291,490,20,2026011314,1,2,5560,0.14,2,0,False,2026-01-13 14:05:35
5292,5292,490,5,2026011314,1,1,5965,0.88,5,0,False,2026-01-13 14:10:35
5293,5293,917,19,2025101700,1,1,7839,0.92,4,0,False,2025-10-17 00:45:19
5294,5294,917,23,2025101700,1,2,12820,0.06,,0,False,2025-10-17 00:47:19
5295,5295,917,8,2025101700,1,1,4572,0.91,5,0,True,2025-10-17 00:49:19
5296,5296,425,21,2025110619,1,1,12783,0.93,3,0,False,2025-11-06 19:47:36
5297,5297,29,7,2025121618,3,1,12531,0.83,4,0,False,2025-12-16 18:43:08
5298,5298,768,17,2026011818,6,2,11050,0.18,,0,False,2026-01-18 18:53:01
5299,5299,58,13,2025122205,1,1,5470,0.83,4,0,False,2025-12-22 05:18:31
5300,5300,58,14,2025122205,1,1,3724,0.89,5,0,False,2025-12-22 05:22:31
5301,5301,375,6,2026022300,3,1,4117,0.94,4,0,False,2026-02-23 00:22:05
5302,5302,375,15,2026022300,3,1,8232,0.86,5,0,True,2026-02-23 00:27:05
5303,5303,287,2,2025121221,2,1,13451,0.97,5,0,True,2025-12-12 21:15:22
5304,5304,1070,6,2025122801,1,1,8220,0.84,4,0,False,2025-12-28 01:38:26
5305,5305,1070,15,2025122801,1,6,11200,0.0,,0,False,2025-12-28 01:42:26
5306,5306,80,17,2026022507,1,1,10766,0.85,5,1,True,2026-02-25 07:22:35
5307,5307,80,16,2026022507,1,1,3925,0.9,3,0,False,2026-02-25 07:25:35
5308,5308,52,20,2026030320,2,1,13687,0.89,5,0,True,2026-03-03 20:50:20
5309,5309,52,5,2026030320,2,1,13914,0.84,4,1,True,2026-03-03 20:53:20
5310,5310,585,7,2026012204,3,1,8696,0.84,4,0,True,2026-01-22 04:27:52
5311,5311,81,13,2026032511,3,1,12601,0.97,5,0,True,2026-03-25 11:50:34
5312,5312,297,6,2026022105,6,1,8633,0.97,4,0,False,2026-02-21 05:38:25
5313,5313,774,19,2025120817,1,1,6817,0.88,4,0,False,2025-12-08 17:43:14
5314,5314,774,23,2025120817,1,1,6625,0.94,4,0,False,2025-12-08 17:46:14
5315,5315,774,8,2025120817,1,1,6228,0.88,4,0,False,2025-12-08 17:51:14
5316,5316,386,19,2026031013,3,1,12412,0.85,4,0,False,2026-03-10 13:50:07
5317,5317,386,23,2026031013,3,1,12296,0.9,5,0,False,2026-03-10 13:53:07
5318,5318,386,8,2026031014,3,1,4555,0.96,4,0,True,2026-03-10 14:00:07
5319,5319,2,19,2025120601,2,1,10828,0.88,5,0,False,2025-12-06 01:45:26
5320,5320,2,23,2025120601,2,1,8896,0.97,5,0,False,2025-12-06 01:50:26
5321,5321,2,8,2025120601,2,1,13363,0.87,4,0,True,2025-12-06 01:51:26
5322,5322,56,24,2026021417,2,1,12512,0.83,4,0,False,2026-02-14 17:23:40
5323,5323,32,2,2025110521,1,1,13111,0.92,4,0,False,2025-11-05 21:02:31
5324,5324,32,5,2025110521,1,2,10690,0.05,2,0,False,2025-11-05 21:06:31
5325,5325,32,9,2025110521,1,1,12797,0.96,4,0,True,2025-11-05 21:12:31
5326,5326,370,19,2025102009,1,1,9059,0.88,4,0,False,2025-10-20 09:59:52
5327,5327,370,23,2025102010,1,1,13609,0.89,4,0,False,2025-10-20 10:01:52
5328,5328,370,8,2025102010,1,1,13987,0.9,4,0,False,2025-10-20 10:03:52
5329,5329,889,2,2026022109,1,1,3731,0.98,5,0,True,2026-02-21 09:53:21
5330,5330,3,2,2026010115,4,1,3999,0.84,4,0,False,2026-01-01 15:11:33
5331,5331,3,5,2026010115,4,1,3860,0.85,5,0,True,2026-01-01 15:14:33
5332,5332,3,9,2026010115,4,1,8605,0.84,,0,False,2026-01-01 15:19:33
5333,5333,996,1,2026012216,3,1,13936,0.9,5,0,False,2026-01-22 16:42:32
5334,5334,313,19,2026031323,3,1,12880,0.93,5,0,True,2026-03-13 23:39:36
5335,5335,317,8,2025112119,4,1,4211,0.91,5,0,True,2025-11-21 19:35:39
5336,5336,172,4,2025122007,4,1,9217,0.96,5,0,False,2025-12-20 07:40:44
5337,5337,172,10,2025122007,4,4,11667,0.24,,0,False,2025-12-20 07:45:44
5338,5338,658,19,2025122622,1,2,7871,0.09,1,0,False,2025-12-26 22:14:53
5339,5339,864,2,2025112902,6,1,7374,0.84,4,1,True,2025-11-29 02:17:11
5340,5340,864,5,2025112902,6,1,11642,0.9,,0,False,2025-11-29 02:20:11
5341,5341,864,9,2025112902,6,1,7411,0.93,5,0,True,2025-11-29 02:25:11
5342,5342,796,2,2025121319,2,1,9686,0.86,4,0,False,2025-12-13 19:05:01
5343,5343,796,5,2025121319,2,1,8207,0.89,4,0,False,2025-12-13 19:10:01
5344,5344,796,9,2025121319,2,1,10429,0.97,,0,False,2025-12-13 19:13:01
5345,5345,181,18,2025092423,1,1,8456,0.92,4,0,False,2025-09-24 23:49:58
5346,5346,151,19,2025111211,1,1,14781,0.85,5,1,True,2025-11-12 11:20:55
5347,5347,959,3,2026010913,3,5,5615,0.16,1,2,False,2026-01-09 13:55:30
5348,5348,239,7,2025111809,1,3,6705,0.24,1,0,False,2025-11-18 09:14:26
5349,5349,17,4,2026032010,1,7,11048,0.09,1,0,False,2026-03-20 10:04:40
5350,5350,17,10,2026032010,1,1,7626,0.87,4,0,False,2026-03-20 10:08:40
5351,5351,941,6,2026032216,1,1,11164,0.94,4,0,False,2026-03-22 16:13:10
5352,5352,941,15,2026032216,1,1,7973,0.91,4,0,False,2026-03-22 16:18:10
5353,5353,2,19,2026012507,1,1,14913,0.88,5,0,True,2026-01-25 07:49:53
5354,5354,2,23,2026012507,1,1,12936,0.91,4,1,False,2026-01-25 07:52:53
5355,5355,2,8,2026012507,1,1,6343,0.98,4,0,True,2026-01-25 07:53:53
5356,5356,66,19,2025101416,1,1,6673,0.88,4,0,False,2025-10-14 16:39:56
5357,5357,66,23,2025101416,1,1,8420,0.84,,0,False,2025-10-14 16:42:56
5358,5358,66,8,2025101416,1,1,7863,0.95,4,1,False,2025-10-14 16:49:56
5359,5359,884,6,2025110511,1,1,11897,0.83,,0,False,2025-11-05 11:48:27
5360,5360,884,15,2025110511,1,3,10762,0.22,2,1,False,2025-11-05 11:50:27
5361,5361,346,4,2026030315,6,1,12791,0.94,3,0,False,2026-03-03 15:05:22
5362,5362,346,10,2026030315,6,1,9224,0.96,5,0,False,2026-03-03 15:08:22
5363,5363,91,24,2025101019,1,1,13335,0.95,3,0,True,2025-10-10 19:59:49
5364,5364,82,17,2026021323,1,7,9385,0.19,,0,False,2026-02-13 23:41:35
5365,5365,82,16,2026021323,1,1,11266,0.83,5,0,True,2026-02-13 23:44:35
5366,5366,53,20,2025122922,2,1,8957,0.97,4,1,False,2025-12-29 22:10:05
5367,5367,928,23,2026010922,3,1,8376,0.85,4,0,False,2026-01-09 22:47:25
5368,5368,278,21,2026020100,1,1,12011,0.87,4,0,False,2026-02-01 00:49:41
5369,5369,181,15,2025120215,2,1,7002,0.97,4,0,True,2025-12-02 15:42:17
5370,5370,151,19,2025112107,2,4,12520,0.29,,0,False,2025-11-21 07:12:43
5371,5371,151,23,2025112107,2,1,12429,0.97,4,1,False,2025-11-21 07:15:43
5372,5372,151,8,2025112107,2,4,4115,0.27,1,0,False,2025-11-21 07:22:43
5373,5373,55,20,2025110312,1,5,8627,0.26,1,0,False,2025-11-03 12:04:19
5374,5374,330,18,2025111002,1,1,7535,0.83,4,0,False,2025-11-10 02:01:14
5375,5375,908,25,2025112822,1,1,9436,0.92,,0,False,2025-11-28 22:11:04
5376,5376,144,13,2025091406,1,1,4772,0.92,3,0,True,2025-09-14 06:05:45
5377,5377,144,14,2025091406,1,1,4951,0.95,4,0,True,2025-09-14 06:07:45
5378,5378,76,6,2026021804,1,1,9188,0.93,5,0,True,2026-02-18 04:57:13
5379,5379,76,15,2026021805,1,1,12528,0.9,5,0,False,2026-02-18 05:01:13
5380,5380,718,17,2026021317,2,1,12012,0.84,4,0,False,2026-02-13 17:15:18
5381,5381,86,7,2025122721,3,1,8910,0.89,4,0,False,2025-12-27 21:47:31
5382,5382,887,20,2026032609,1,1,12552,0.91,4,0,True,2026-03-26 09:06:00
5383,5383,887,5,2026032609,1,1,11341,0.97,4,0,True,2026-03-26 09:11:00
5384,5384,93,11,2025092821,1,1,9972,0.83,3,0,False,2025-09-28 21:07:33
5385,5385,151,17,2025101313,1,4,5370,0.09,1,0,False,2025-10-13 13:30:52
5386,5386,151,16,2025101313,1,1,10283,0.97,3,0,False,2025-10-13 13:34:52
5387,5387,274,8,2025111809,2,1,7384,0.91,4,0,True,2025-11-18 09:11:03
5388,5388,27,12,2025120700,3,1,14024,0.93,4,0,False,2025-12-07 00:49:08
5389,5389,3,17,2026020511,1,1,4048,0.97,5,1,True,2026-02-05 11:17:43
5390,5390,3,16,2026020511,1,2,10240,0.31,,0,False,2026-02-05 11:19:43
5391,5391,28,20,2025090609,3,1,6053,0.97,5,0,True,2025-09-06 09:54:16
5392,5392,28,5,2025090609,3,1,8533,0.88,4,0,False,2025-09-06 09:59:16
5393,5393,49,5,2025102902,1,1,13292,0.85,4,0,False,2025-10-29 02:56:17
5394,5394,47,19,2026021210,4,1,8111,0.88,4,0,False,2026-02-12 10:19:05
5395,5395,47,23,2026021210,4,1,4428,0.93,5,0,False,2026-02-12 10:21:05
5396,5396,47,8,2026021210,4,1,7321,0.97,4,0,True,2026-02-12 10:29:05
5397,5397,270,2,2026020720,2,3,5863,0.3,1,1,False,2026-02-07 20:49:39
5398,5398,270,5,2026020720,2,1,11870,0.87,5,0,True,2026-02-07 20:52:39
5399,5399,270,9,2026020720,2,1,15441,0.87,5,0,False,2026-02-07 20:53:39
5400,5400,112,13,2025122603,2,1,6806,0.9,5,0,True,2025-12-26 03:08:31
5401,5401,112,14,2025122603,2,1,12369,0.96,,0,True,2025-12-26 03:13:31
5402,5402,48,20,2026032412,1,1,6012,0.88,5,1,True,2026-03-24 12:22:55
5403,5403,48,5,2026032412,1,1,8968,0.93,5,0,True,2026-03-24 12:24:55
5404,5404,903,1,2026020323,1,1,15216,0.91,4,0,False,2026-02-03 23:34:40
5405,5405,903,3,2026020323,1,1,6121,0.93,5,0,True,2026-02-03 23:38:40
5406,5406,903,8,2026020323,1,2,11504,0.27,2,0,False,2026-02-03 23:38:40
5407,5407,190,21,2025120605,1,1,5100,0.83,,1,True,2025-12-06 05:11:59
5408,5408,156,12,2026030817,1,1,6572,0.9,5,0,True,2026-03-08 17:48:02
5409,5409,1025,17,2026021616,1,1,8062,0.92,,0,False,2026-02-16 16:06:11
5410,5410,29,20,2025100516,2,1,13094,0.93,5,0,True,2025-10-05 16:57:32
5411,5411,29,5,2025100517,2,1,11768,0.95,4,0,False,2025-10-05 17:02:32
5412,5412,73,25,2026032400,3,1,9168,0.92,5,0,False,2026-03-24 00:19:22
5413,5413,830,19,2025102505,2,1,11401,0.85,3,0,False,2025-10-25 05:12:48
5414,5414,830,23,2025102505,2,1,8729,0.88,4,0,True,2025-10-25 05:15:48
5415,5415,830,8,2025102505,2,1,5788,0.95,5,0,True,2025-10-25 05:18:48
5416,5416,170,4,2026022607,1,1,11731,0.86,3,0,False,2026-02-26 07:19:58
5417,5417,170,10,2026022607,1,1,14866,0.94,3,0,False,2026-02-26 07:24:58
5418,5418,419,18,2026031814,1,4,5681,0.04,1,0,False,2026-03-18 14:28:32
5419,5419,6,4,2026032817,1,1,8955,0.83,5,0,False,2026-03-28 17:25:50
5420,5420,6,10,2026032817,1,1,13667,0.95,5,0,True,2026-03-28 17:27:50
5421,5421,832,20,2025122411,1,3,12261,0.3,2,0,False,2025-12-24 11:35:51
5422,5422,832,5,2025122411,1,1,6019,0.89,5,0,True,2025-12-24 11:39:51
5423,5423,221,4,2026011120,1,3,7254,0.15,2,1,False,2026-01-11 20:55:47
5424,5424,221,10,2026011120,1,3,7862,0.21,,0,False,2026-01-11 20:58:47
5425,5425,577,15,2025121623,1,1,8912,0.82,,0,True,2025-12-16 23:33:19
5426,5426,225,6,2026012222,1,1,6101,0.9,5,0,True,2026-01-22 22:33:24
5427,5427,225,15,2026012222,1,1,11350,0.87,4,0,True,2026-01-22 22:35:24
5428,5428,90,21,2026011519,1,1,10833,0.93,4,0,False,2026-01-15 19:30:41
5429,5429,191,10,2026021217,5,1,15432,0.97,5,0,True,2026-02-12 17:05:59
5430,5430,278,21,2025120602,1,1,9396,0.97,,0,False,2025-12-06 02:05:33
5431,5431,358,5,2025123111,5,1,8832,0.89,4,1,True,2025-12-31 11:42:50
5432,5432,147,12,2025102112,5,1,13451,0.84,4,0,False,2025-10-21 12:05:22
5433,5433,37,20,2026021704,4,1,11937,0.9,3,0,False,2026-02-17 04:55:44
5434,5434,37,5,2026021704,4,1,10493,0.96,5,0,False,2026-02-17 04:58:44
5435,5435,332,6,2025112803,2,1,4833,0.88,4,0,False,2025-11-28 03:39:15
5436,5436,153,14,2026032504,2,1,12739,0.87,4,0,False,2026-03-25 04:18:07
5437,5437,404,10,2025092710,2,1,13136,0.82,4,0,True,2025-09-27 10:17:40
5438,5438,10,5,2026030408,1,1,4285,0.95,4,0,True,2026-03-04 08:33:27
5439,5439,61,1,2025122613,1,1,7255,0.85,,0,True,2025-12-26 13:42:47
5440,5440,61,3,2025122613,1,1,7132,0.92,4,0,False,2025-12-26 13:44:47
5441,5441,61,8,2025122613,1,1,11152,0.9,4,0,False,2025-12-26 13:46:47
5442,5442,339,4,2026022123,1,1,6746,0.87,5,0,True,2026-02-21 23:24:22
5443,5443,339,10,2026022123,1,2,14459,0.16,,0,False,2026-02-21 23:26:22
5444,5444,58,1,2025101111,5,1,12910,0.89,5,0,True,2025-10-11 11:06:19
5445,5445,58,3,2025101111,5,1,5512,0.92,4,0,False,2025-10-11 11:11:19
5446,5446,58,8,2025101111,5,1,8311,0.96,,0,False,2025-10-11 11:14:19
5447,5447,3,25,2026021923,1,1,12187,0.96,5,0,True,2026-02-19 23:27:09
5448,5448,252,6,2025100912,1,1,4590,0.93,4,0,False,2025-10-09 12:27:39
5449,5449,252,15,2025100912,1,1,8348,0.84,4,0,False,2025-10-09 12:32:39
5450,5450,82,19,2025101901,1,1,14120,0.92,3,0,False,2025-10-19 01:43:46
5451,5451,162,19,2025121718,1,3,9416,0.25,1,0,False,2025-12-17 18:54:08
5452,5452,162,23,2025121718,1,1,11175,0.86,4,0,False,2025-12-17 18:57:08
5453,5453,162,8,2025121719,1,1,6875,0.89,5,0,False,2025-12-17 19:02:08
5454,5454,894,1,2026032316,1,1,5120,0.89,5,0,False,2026-03-23 16:27:09
5455,5455,894,3,2026032316,1,1,9262,0.84,,0,False,2026-03-23 16:31:09
5456,5456,894,8,2026032316,1,1,6688,0.93,5,0,True,2026-03-23 16:37:09
5457,5457,748,24,2026021016,4,1,9607,0.82,4,0,False,2026-02-10 16:09:50
5458,5458,988,19,2025112704,2,1,5890,0.94,4,0,False,2025-11-27 04:07:50
5459,5459,988,23,2025112704,2,1,10507,0.89,4,0,False,2025-11-27 04:11:50
5460,5460,988,8,2025112704,2,1,8683,0.87,4,0,False,2025-11-27 04:13:50
5461,5461,305,17,2026030614,3,1,8864,0.93,5,0,True,2026-03-06 14:29:24
5462,5462,305,16,2026030614,3,1,8865,0.92,4,0,True,2026-03-06 14:32:24
5463,5463,816,2,2025122307,2,1,8605,0.97,4,0,True,2025-12-23 07:46:49
5464,5464,816,5,2025122307,2,1,12066,0.84,4,0,True,2025-12-23 07:48:49
5465,5465,816,9,2025122307,2,1,14402,0.94,5,0,True,2025-12-23 07:56:49
5466,5466,973,14,2025121113,1,1,10647,0.88,3,0,True,2025-12-11 13:28:43
5467,5467,331,1,2025121613,1,1,11770,0.85,4,0,False,2025-12-16 13:17:20
5468,5468,274,17,2025112604,1,4,7200,0.05,,0,False,2025-11-26 04:08:30
5469,5469,274,16,2025112604,1,1,9664,0.83,5,0,True,2025-11-26 04:12:30
5470,5470,175,4,2025110511,1,1,11298,0.87,4,0,False,2025-11-05 11:45:22
5471,5471,175,10,2025110511,1,1,6653,0.84,5,0,False,2025-11-05 11:48:22
5472,5472,332,7,2025110210,3,1,5015,0.9,4,0,False,2025-11-02 10:38:16
5473,5473,367,13,2026032005,4,1,11079,0.89,,0,False,2026-03-20 05:11:08
5474,5474,367,14,2026032005,4,1,7849,0.91,,0,False,2026-03-20 05:13:08
5475,5475,35,19,2025102621,5,1,10616,0.94,5,0,False,2025-10-26 21:37:02
5476,5476,35,23,2025102621,5,1,13164,0.95,4,1,False,2025-10-26 21:42:02
5477,5477,35,8,2025102621,5,1,5688,0.93,4,0,False,2025-10-26 21:45:02
5478,5478,946,2,2025122802,1,1,6449,0.87,4,0,True,2025-12-28 02:29:03
5479,5479,946,5,2025122802,1,1,7282,0.96,4,0,False,2025-12-28 02:33:03
5480,5480,946,9,2025122802,1,1,9523,0.83,4,0,False,2025-12-28 02:33:03
5481,5481,27,13,2025101614,2,1,6169,0.83,5,0,False,2025-10-16 14:35:58
5482,5482,27,14,2025101614,2,1,14181,0.92,5,0,False,2025-10-16 14:39:58
5483,5483,54,17,2025112820,1,3,5818,0.15,1,0,False,2025-11-28 20:50:46
5484,5484,54,16,2025112820,1,1,8266,0.89,3,0,True,2025-11-28 20:54:46
5485,5485,691,6,2026012918,1,1,11650,0.9,5,0,False,2026-01-29 18:25:03
5486,5486,691,15,2026012918,1,1,12193,0.95,4,0,False,2026-01-29 18:27:03
5487,5487,85,4,2025112402,1,4,5693,0.23,,0,False,2025-11-24 02:55:44
5488,5488,85,10,2025112402,1,1,8436,0.86,4,0,False,2025-11-24 02:58:44
5489,5489,34,17,2026032104,1,4,8653,0.1,,0,False,2026-03-21 04:08:05
5490,5490,34,16,2026032104,1,1,8073,0.83,4,0,False,2026-03-21 04:10:05
5491,5491,308,17,2026032003,1,5,10477,0.18,2,0,False,2026-03-20 03:06:57
5492,5492,308,16,2026032003,1,1,11081,0.87,5,0,True,2026-03-20 03:11:57
5493,5493,597,20,2025112114,5,1,10205,0.94,4,0,False,2025-11-21 14:01:02
5494,5494,597,5,2025112114,5,1,5870,0.96,5,0,True,2025-11-21 14:05:02
5495,5495,720,18,2025111320,1,1,8974,0.89,4,0,False,2025-11-13 20:07:37
5496,5496,259,20,2026013013,3,5,8902,0.12,1,0,False,2026-01-30 13:36:22
5497,5497,259,5,2026013013,3,1,12742,0.94,4,0,True,2026-01-30 13:39:22
5498,5498,35,5,2025102620,4,1,4628,0.96,,0,True,2025-10-26 20:28:57
5499,5499,296,10,2025111213,2,1,6515,0.93,4,0,False,2025-11-12 13:29:15
5500,5500,61,19,2026022201,3,1,5112,0.92,5,0,True,2026-02-22 01:40:12
5501,5501,301,1,2025102117,1,1,9376,0.94,4,0,False,2025-10-21 17:41:29
5502,5502,347,19,2026010407,2,1,7203,0.83,4,0,True,2026-01-04 07:52:59
5503,5503,347,23,2026010407,2,1,6121,0.94,5,0,False,2026-01-04 07:57:59
5504,5504,347,8,2026010407,2,1,7273,0.91,5,0,False,2026-01-04 07:58:59
5505,5505,272,24,2026010115,1,1,9650,0.88,4,0,False,2026-01-01 15:58:40
5506,5506,161,14,2025122209,1,1,13686,0.9,5,0,True,2025-12-22 09:29:11
5507,5507,347,19,2025103000,1,4,10618,0.26,2,0,False,2025-10-30 00:36:32
5508,5508,242,5,2025112200,1,1,3817,0.91,5,0,False,2025-11-22 00:35:50
5509,5509,69,21,2026021805,4,1,6485,0.94,4,0,False,2026-02-18 05:35:29
5510,5510,484,4,2025123022,1,1,14799,0.87,4,0,True,2025-12-30 22:28:06
5511,5511,484,10,2025123022,1,1,13182,0.9,4,1,False,2025-12-30 22:30:06
5512,5512,65,4,2025102201,1,1,9786,0.97,5,0,True,2025-10-22 01:11:21
5513,5513,65,10,2025102201,1,1,10083,0.93,4,0,False,2025-10-22 01:16:21
5514,5514,9,10,2025103013,1,1,11169,0.93,4,0,True,2025-10-30 13:41:12
5515,5515,168,2,2026011319,5,1,12547,0.89,4,0,False,2026-01-13 19:25:47
5516,5516,168,5,2026011319,5,1,6763,0.97,5,0,True,2026-01-13 19:27:47
5517,5517,168,9,2026011319,5,1,13067,0.96,4,0,False,2026-01-13 19:35:47
5518,5518,383,2,2025100513,2,4,9337,0.18,,1,False,2025-10-05 13:15:45
5519,5519,383,5,2025100513,2,1,12834,0.88,3,0,False,2025-10-05 13:18:45
5520,5520,383,9,2025100513,2,1,13274,0.87,4,0,False,2025-10-05 13:23:45
5521,5521,1156,14,2026012404,5,1,8624,0.91,4,0,True,2026-01-24 04:41:05
5522,5522,291,3,2026011819,1,1,7151,0.84,3,0,False,2026-01-18 19:11:07
5523,5523,870,19,2026021905,1,1,9166,0.85,5,0,False,2026-02-19 05:15:27
5524,5524,870,23,2026021905,1,1,6567,0.85,5,0,True,2026-02-19 05:18:27
5525,5525,870,8,2026021905,1,3,7610,0.17,1,0,False,2026-02-19 05:19:27
5526,5526,96,1,2025110801,1,1,12755,0.83,5,0,False,2025-11-08 01:37:56
5527,5527,96,3,2025110801,1,7,9934,0.3,1,0,False,2025-11-08 01:40:56
5528,5528,96,8,2025110801,1,1,5539,0.86,5,0,True,2025-11-08 01:43:56
5529,5529,336,13,2026031808,3,1,7511,0.87,4,0,False,2026-03-18 08:17:25
5530,5530,336,14,2026031808,3,5,9252,0.08,,0,False,2026-03-18 08:20:25
5531,5531,25,17,2025101706,1,1,12471,0.89,5,0,True,2025-10-17 06:33:57
5532,5532,25,16,2025101706,1,1,7635,0.97,5,0,False,2025-10-17 06:37:57
5533,5533,59,4,2025112600,2,1,10587,0.96,4,0,False,2025-11-26 00:12:52
5534,5534,59,10,2025112600,2,1,11131,0.96,3,0,False,2025-11-26 00:14:52
5535,5535,381,22,2026031414,2,1,9587,0.88,4,0,True,2026-03-14 14:26:04
5536,5536,23,20,2025120916,1,2,11128,0.04,1,0,False,2025-12-09 16:12:11
5537,5537,230,1,2025121320,1,1,6638,0.95,5,0,False,2025-12-13 20:23:09
5538,5538,230,3,2025121320,1,1,13642,0.96,4,0,True,2025-12-13 20:26:09
5539,5539,230,8,2025121320,1,1,7649,0.84,4,0,False,2025-12-13 20:33:09
5540,5540,559,19,2026011705,6,1,8029,0.97,4,0,True,2026-01-17 05:26:25
5541,5541,559,23,2026011705,6,1,4239,0.82,5,0,False,2026-01-17 05:29:25
5542,5542,559,8,2026011705,6,1,7435,0.93,5,0,True,2026-01-17 05:32:25
5543,5543,330,19,2025111204,5,4,12999,0.21,1,2,False,2025-11-12 04:42:49
5544,5544,330,23,2025111204,5,1,4323,0.97,4,0,False,2025-11-12 04:46:49
5545,5545,330,8,2025111204,5,1,5985,0.87,4,0,False,2025-11-12 04:48:49
5546,5546,382,4,2025121315,5,1,12944,0.9,5,0,False,2025-12-13 15:53:37
5547,5547,382,10,2025121315,5,1,7469,0.95,5,1,True,2025-12-13 15:58:37
5548,5548,127,12,2025100214,3,2,7485,0.12,,0,False,2025-10-02 14:28:44
5549,5549,66,17,2025121603,4,1,11768,0.9,4,0,True,2025-12-16 03:25:38
5550,5550,66,16,2025121603,4,1,4045,0.86,,0,True,2025-12-16 03:28:38
5551,5551,7,1,2026022719,1,4,14356,0.0,1,0,False,2026-02-27 19:42:53
5552,5552,7,3,2026022719,1,6,7834,0.0,,0,False,2026-02-27 19:47:53
5553,5553,7,8,2026022719,1,1,14090,0.83,4,0,False,2026-02-27 19:50:53
5554,5554,1118,6,2026032807,4,1,7517,0.91,3,0,False,2026-03-28 07:17:10
5555,5555,1118,15,2026032807,4,1,4172,0.87,4,0,False,2026-03-28 07:19:10
5556,5556,574,4,2025122220,1,1,13515,0.87,4,0,False,2025-12-22 20:53:10
5557,5557,65,1,2026033105,1,1,5992,0.86,4,0,True,2026-03-31 05:04:33
5558,5558,65,3,2026033105,1,1,4165,0.96,4,0,False,2026-03-31 05:08:33
5559,5559,65,8,2026033105,1,1,4524,0.87,4,0,False,2026-03-31 05:12:33
5560,5560,391,2,2025123003,2,1,5222,0.94,5,0,False,2025-12-30 03:04:46
5561,5561,391,5,2025123003,2,1,13173,0.9,5,1,True,2025-12-30 03:07:46
5562,5562,391,9,2025123003,2,1,6081,0.9,3,0,False,2025-12-30 03:12:46
5563,5563,681,1,2025102708,1,1,9270,0.98,3,0,True,2025-10-27 08:28:31
5564,5564,681,3,2025102708,1,1,10101,0.85,5,0,True,2025-10-27 08:31:31
5565,5565,681,8,2025102708,1,1,11145,0.84,5,0,True,2025-10-27 08:32:31
5566,5566,1184,9,2025102723,2,1,12025,0.92,,0,True,2025-10-27 23:23:30
5567,5567,41,21,2026012108,1,1,9556,0.95,4,0,False,2026-01-21 08:17:56
5568,5568,190,6,2026012405,6,1,7477,0.96,,0,False,2026-01-24 05:54:13
5569,5569,190,15,2026012405,6,1,8484,0.97,4,0,True,2026-01-24 05:57:13
5570,5570,16,2,2025092415,2,1,12535,0.95,4,0,False,2025-09-24 15:39:58
5571,5571,145,1,2025102906,1,1,9771,0.97,4,0,False,2025-10-29 06:41:48
5572,5572,145,3,2025102906,1,1,3963,0.86,,0,True,2025-10-29 06:46:48
5573,5573,145,8,2025102906,1,6,11172,0.0,2,0,False,2025-10-29 06:49:48
5574,5574,542,4,2026030422,1,1,8587,0.95,5,0,True,2026-03-04 22:32:47
5575,5575,542,10,2026030422,1,1,7450,0.85,4,0,False,2026-03-04 22:36:47
5576,5576,163,2,2026012807,5,1,4770,0.94,3,0,True,2026-01-28 07:51:58
5577,5577,163,5,2026012807,5,1,11197,0.86,5,0,True,2026-01-28 07:56:58
5578,5578,163,9,2026012808,5,1,12971,0.91,5,0,True,2026-01-28 08:01:58
5579,5579,54,4,2025121902,6,1,6658,0.88,5,0,False,2025-12-19 02:28:02
5580,5580,54,10,2025121902,6,1,11707,0.84,5,0,True,2025-12-19 02:31:02
5581,5581,16,1,2026020400,6,1,14532,0.85,5,0,False,2026-02-04 00:44:01
5582,5582,16,3,2026020400,6,1,10560,0.94,5,0,True,2026-02-04 00:49:01
5583,5583,16,8,2026020400,6,3,5395,0.16,,0,False,2026-02-04 00:50:01
5584,5584,43,4,2026032414,1,1,15234,0.88,5,0,False,2026-03-24 14:12:32
5585,5585,43,10,2026032414,1,1,5032,0.96,4,1,False,2026-03-24 14:16:32
5586,5586,89,6,2025121117,2,1,10443,0.97,5,0,True,2025-12-11 17:05:39
5587,5587,89,15,2025121117,2,1,12542,0.91,5,0,False,2025-12-11 17:07:39
5588,5588,138,16,2026021402,1,1,11484,0.88,4,0,False,2026-02-14 02:46:52
5589,5589,4,1,2026012522,1,2,14399,0.18,,0,False,2026-01-25 22:19:41
5590,5590,4,3,2026012522,1,1,3773,0.97,5,0,False,2026-01-25 22:21:41
5591,5591,4,8,2026012522,1,1,13214,0.98,4,0,False,2026-01-25 22:29:41
5592,5592,395,4,2026032821,5,1,7803,0.93,4,0,False,2026-03-28 21:32:29
5593,5593,2,6,2025091111,2,1,5215,0.89,,0,False,2025-09-11 11:33:42
5594,5594,2,15,2025091111,2,1,9514,0.88,,0,False,2025-09-11 11:37:42
5595,5595,644,18,2025122608,3,1,12253,0.91,4,0,False,2025-12-26 08:09:01
5596,5596,317,20,2026031205,4,1,10981,0.94,5,0,True,2026-03-12 05:31:28
5597,5597,317,5,2026031205,4,1,7990,0.85,4,0,False,2026-03-12 05:35:28
5598,5598,360,17,2026022611,1,4,10063,0.15,,0,False,2026-02-26 11:41:46
5599,5599,360,16,2026022611,1,1,11422,0.89,5,0,False,2026-02-26 11:44:46
5600,5600,304,14,2025100112,2,1,4997,0.93,5,0,True,2025-10-01 12:45:28
5601,5601,277,1,2025122805,1,4,10045,0.09,,0,False,2025-12-28 05:45:03
5602,5602,277,3,2025122805,1,1,4185,0.84,4,0,True,2025-12-28 05:48:03
5603,5603,277,8,2025122805,1,2,6746,0.12,,0,False,2025-12-28 05:49:03
5604,5604,33,1,2026030820,1,1,6306,0.92,3,0,False,2026-03-08 20:25:05
5605,5605,277,17,2025121504,1,5,12883,0.11,,0,False,2025-12-15 04:49:46
5606,5606,277,16,2025121504,1,1,6595,0.97,3,0,False,2025-12-15 04:53:46
5607,5607,234,12,2026031214,2,1,5327,0.97,5,0,True,2026-03-12 14:26:39
5608,5608,59,13,2025090721,1,1,8451,0.97,,0,False,2025-09-07 21:22:52
5609,5609,59,14,2025090721,1,1,12975,0.91,5,0,True,2025-09-07 21:24:52
5610,5610,565,13,2025122617,1,1,10645,0.93,4,0,False,2025-12-26 17:35:31
5611,5611,565,14,2025122617,1,1,12133,0.88,4,0,False,2025-12-26 17:37:31
5612,5612,985,6,2025111321,2,1,12569,0.9,5,0,True,2025-11-13 21:10:50
5613,5613,985,15,2025111321,2,4,7177,0.24,2,0,False,2025-11-13 21:14:50
5614,5614,76,19,2025112602,1,1,13087,0.94,4,0,False,2025-11-26 02:28:44
5615,5615,1030,9,2025090213,4,1,11845,0.95,4,0,False,2025-09-02 13:54:43
5616,5616,334,21,2026032312,1,1,5229,0.94,,1,False,2026-03-23 12:48:49
5617,5617,1108,20,2026012912,1,1,7452,0.86,4,0,True,2026-01-29 12:40:43
5618,5618,1108,5,2026012912,1,1,10200,0.83,4,0,False,2026-01-29 12:43:43
5619,5619,775,17,2026030904,1,6,6811,0.0,1,1,False,2026-03-09 04:59:39
5620,5620,775,16,2026030905,1,1,6220,0.84,5,0,False,2026-03-09 05:02:39
5621,5621,206,4,2026021001,1,1,10442,0.92,4,0,True,2026-02-10 01:40:24
5622,5622,241,19,2025121512,1,1,10402,0.88,5,0,False,2025-12-15 12:56:07
5623,5623,241,23,2025121512,1,1,5384,0.85,4,0,False,2025-12-15 12:59:07
5624,5624,241,8,2025121513,1,1,13181,0.97,5,0,False,2025-12-15 13:04:07
5625,5625,310,6,2025120212,1,1,4380,0.89,4,0,False,2025-12-02 12:03:28
5626,5626,310,15,2025120212,1,1,10420,0.9,5,0,True,2025-12-02 12:08:28
5627,5627,194,6,2026010906,2,1,9203,0.93,,0,False,2026-01-09 06:45:36
5628,5628,194,15,2026010906,2,1,4348,0.94,4,0,False,2026-01-09 06:50:36
5629,5629,47,13,2026021815,2,1,5266,0.94,4,0,False,2026-02-18 15:15:23
5630,5630,47,14,2026021815,2,1,8909,0.97,5,0,False,2026-02-18 15:17:23
5631,5631,48,17,2025101920,1,1,12769,0.87,5,0,False,2025-10-19 20:48:21
5632,5632,48,16,2025101920,1,1,5836,0.85,3,0,False,2025-10-19 20:53:21
5633,5633,324,13,2026032203,1,1,13858,0.93,5,0,True,2026-03-22 03:38:22
5634,5634,324,14,2026032203,1,1,7979,0.88,5,0,True,2026-03-22 03:42:22
5635,5635,857,21,2026032001,3,1,12783,0.83,4,0,False,2026-03-20 01:18:55
5636,5636,255,13,2026012916,2,1,10059,0.96,4,0,True,2026-01-29 16:28:47
5637,5637,255,14,2026012916,2,1,5874,0.88,4,0,False,2026-01-29 16:30:47
5638,5638,275,1,2025090812,3,1,6481,0.85,4,0,False,2025-09-08 12:12:31
5639,5639,275,3,2025090812,3,1,11317,0.91,4,0,False,2025-09-08 12:14:31
5640,5640,275,8,2025090812,3,1,8739,0.9,4,0,True,2025-09-08 12:20:31
5641,5641,535,2,2026022215,3,1,12884,0.97,4,0,False,2026-02-22 15:49:13
5642,5642,535,5,2026022215,3,1,4993,0.94,5,0,True,2026-02-22 15:53:13
5643,5643,535,9,2026022215,3,1,6446,0.84,4,0,False,2026-02-22 15:59:13
5644,5644,489,13,2025121007,1,4,3999,0.26,2,0,False,2025-12-10 07:31:01
5645,5645,489,14,2025121007,1,1,7743,0.91,5,0,False,2025-12-10 07:33:01
5646,5646,214,17,2026031012,5,1,11784,0.95,3,0,True,2026-03-10 12:34:00
5647,5647,214,16,2026031012,5,4,3848,0.33,,0,False,2026-03-10 12:38:00
5648,5648,973,19,2025101104,2,1,10085,0.98,5,0,True,2025-10-11 04:14:15
5649,5649,973,23,2025101104,2,1,3959,0.88,3,0,True,2025-10-11 04:16:15
5650,5650,973,8,2025101104,2,1,10710,0.9,4,0,False,2025-10-11 04:18:15
5651,5651,109,4,2025122407,1,1,6550,0.84,5,0,False,2025-12-24 07:14:37
5652,5652,109,10,2025122407,1,1,5027,0.96,5,0,False,2025-12-24 07:18:37
5653,5653,205,13,2025112510,1,1,7442,0.83,5,0,True,2025-11-25 10:51:49
5654,5654,205,14,2025112510,1,1,8694,0.88,4,0,True,2025-11-25 10:54:49
5655,5655,549,1,2026010209,2,1,14359,0.94,5,0,False,2026-01-02 09:46:10
5656,5656,549,3,2026010209,2,1,6133,0.93,5,0,False,2026-01-02 09:50:10
5657,5657,549,8,2026010209,2,1,6414,0.96,5,0,True,2026-01-02 09:52:10
5658,5658,75,1,2025102500,5,1,10858,0.93,5,0,True,2025-10-25 00:28:23
5659,5659,75,3,2025102500,5,1,10362,0.86,4,0,False,2025-10-25 00:31:23
5660,5660,75,8,2025102500,5,1,5252,0.97,5,0,False,2025-10-25 00:34:23
5661,5661,1101,22,2026032501,3,1,11421,0.91,3,0,False,2026-03-25 01:38:21
5662,5662,300,1,2025121506,1,2,11823,0.04,1,0,False,2025-12-15 06:05:40
5663,5663,300,3,2025121506,1,1,7734,0.96,3,1,False,2025-12-15 06:08:40
5664,5664,300,8,2025121506,1,1,3867,0.87,5,0,False,2025-12-15 06:09:40
5665,5665,118,4,2026010507,2,1,14883,0.85,4,0,False,2026-01-05 07:29:38
5666,5666,118,10,2026010507,2,1,7887,0.9,5,0,True,2026-01-05 07:34:38
5667,5667,51,2,2026031809,1,1,11968,0.94,,0,True,2026-03-18 09:06:14
5668,5668,51,5,2026031809,1,5,12771,0.2,,0,False,2026-03-18 09:08:14
5669,5669,51,9,2026031809,1,1,5609,0.95,4,0,False,2026-03-18 09:14:14
5670,5670,264,12,2025110906,1,1,6774,0.87,3,0,False,2025-11-09 06:29:42
5671,5671,574,13,2026020906,2,1,10043,0.85,4,0,False,2026-02-09 06:22:49
5672,5672,574,14,2026020906,2,1,12473,0.92,5,0,False,2026-02-09 06:27:49
5673,5673,878,1,2025092808,1,1,11899,0.84,3,0,False,2025-09-28 08:22:32
5674,5674,90,2,2026031119,1,1,7622,0.97,5,0,True,2026-03-11 19:00:40
5675,5675,90,5,2026031119,1,1,12871,0.82,4,1,True,2026-03-11 19:03:40
5676,5676,90,9,2026031119,1,1,8304,0.87,4,0,True,2026-03-11 19:10:40
5677,5677,789,3,2026012105,1,1,12732,0.91,5,0,True,2026-01-21 05:58:46
5678,5678,303,1,2026012015,1,5,5359,0.28,,0,False,2026-01-20 15:39:46
5679,5679,303,3,2026012015,1,1,8872,0.82,5,0,True,2026-01-20 15:44:46
5680,5680,303,8,2026012015,1,1,12326,0.92,5,0,True,2026-01-20 15:47:46
5681,5681,74,16,2025103115,1,3,4409,0.14,,0,False,2025-10-31 15:12:27
5682,5682,255,6,2026021013,2,1,10818,0.9,4,0,False,2026-02-10 13:13:08
5683,5683,293,16,2025100800,2,1,9990,0.93,5,0,True,2025-10-08 00:46:29
5684,5684,422,4,2025120609,1,1,8223,0.92,5,0,True,2025-12-06 09:17:57
5685,5685,422,10,2025120609,1,1,12629,0.86,5,0,True,2025-12-06 09:21:57
5686,5686,530,14,2026011119,2,1,4963,0.87,4,0,False,2026-01-11 19:55:42
5687,5687,961,10,2026021718,2,1,6247,0.9,4,0,True,2026-02-17 18:44:46
5688,5688,259,13,2026031406,3,1,12567,0.9,3,0,False,2026-03-14 06:39:24
5689,5689,45,6,2026013105,5,1,13939,0.84,5,0,False,2026-01-31 05:30:37
5690,5690,45,15,2026013105,5,1,11485,0.88,5,0,True,2026-01-31 05:34:37
5691,5691,129,13,2026013109,1,1,4069,0.95,5,0,False,2026-01-31 09:37:56
5692,5692,129,14,2026013109,1,3,9389,0.16,2,1,False,2026-01-31 09:41:56
5693,5693,637,2,2026022420,1,1,5846,0.91,5,0,False,2026-02-24 20:08:10
5694,5694,637,5,2026022420,1,1,13974,0.83,5,0,True,2026-02-24 20:12:10
5695,5695,637,9,2026022420,1,1,6479,0.96,4,0,False,2026-02-24 20:14:10
5696,5696,324,16,2025122015,1,1,10393,0.89,5,0,True,2025-12-20 15:39:13
5697,5697,777,2,2025101319,2,1,14080,0.86,3,0,False,2025-10-13 19:22:53
5698,5698,777,5,2025101319,2,1,8878,0.95,4,0,False,2025-10-13 19:27:53
5699,5699,777,9,2025101319,2,1,7496,0.87,4,0,False,2025-10-13 19:28:53
5700,5700,292,6,2026012800,1,1,11153,0.89,4,0,False,2026-01-28 00:28:20
5701,5701,229,6,2025120302,1,1,6556,0.85,5,0,False,2025-12-03 02:42:20
5702,5702,229,15,2025120302,1,1,4432,0.97,5,0,False,2025-12-03 02:47:20
5703,5703,268,20,2026022710,1,1,11378,0.91,5,0,False,2026-02-27 10:49:54
5704,5704,268,5,2026022710,1,4,13317,0.33,1,0,False,2026-02-27 10:51:54
5705,5705,77,20,2026011721,1,1,10144,0.84,3,0,False,2026-01-17 21:19:51
5706,5706,77,5,2026011721,1,1,9835,0.96,3,0,False,2026-01-17 21:22:51
5707,5707,341,17,2026020316,2,1,10005,0.84,5,0,True,2026-02-03 16:59:21
5708,5708,341,16,2026020317,2,1,5589,0.92,4,0,False,2026-02-03 17:03:21
5709,5709,41,1,2025092303,1,1,14002,0.82,4,0,False,2025-09-23 03:53:57
5710,5710,41,3,2025092303,1,3,10544,0.1,,0,False,2025-09-23 03:56:57
5711,5711,41,8,2025092304,1,1,12842,0.82,5,0,False,2025-09-23 04:03:57
5712,5712,217,2,2026012922,5,1,12013,0.86,4,0,False,2026-01-29 22:29:08
5713,5713,217,5,2026012922,5,1,14058,0.92,4,0,False,2026-01-29 22:34:08
5714,5714,217,9,2026012922,5,1,8680,0.88,5,0,True,2026-01-29 22:39:08
5715,5715,156,6,2025110321,5,1,7593,0.96,5,0,True,2025-11-03 21:44:06
5716,5716,156,15,2025110321,5,4,13098,0.13,1,0,False,2025-11-03 21:48:06
5717,5717,263,2,2025123105,2,4,10973,0.26,1,0,False,2025-12-31 05:12:09
5718,5718,263,5,2025123105,2,1,8371,0.96,,0,False,2025-12-31 05:17:09
5719,5719,263,9,2025123105,2,1,14837,0.88,5,0,True,2025-12-31 05:22:09
5720,5720,27,8,2025110610,2,1,13321,0.82,,0,False,2025-11-06 10:48:36
5721,5721,139,5,2025111017,3,1,11229,0.95,5,0,False,2025-11-10 17:44:54
5722,5722,352,17,2026030318,2,1,4712,0.96,4,0,False,2026-03-03 18:48:21
5723,5723,352,16,2026030318,2,1,6757,0.9,4,0,False,2026-03-03 18:52:21
5724,5724,25,6,2025120417,3,1,6322,0.91,5,0,False,2025-12-04 17:37:15
5725,5725,25,15,2025120417,3,3,10435,0.31,1,0,False,2025-12-04 17:39:15
5726,5726,56,20,2025122607,5,1,5271,0.97,4,0,True,2025-12-26 07:47:08
5727,5727,56,5,2025122607,5,1,6315,0.91,5,0,False,2025-12-26 07:51:08
5728,5728,289,13,2025121517,1,1,14014,0.96,3,0,False,2025-12-15 17:08:26
5729,5729,289,14,2025121517,1,6,10007,0.0,2,0,False,2025-12-15 17:11:26
5730,5730,84,4,2026021403,3,1,8594,0.96,5,0,True,2026-02-14 03:53:26
5731,5731,84,10,2026021403,3,1,5993,0.93,4,0,False,2026-02-14 03:55:26
5732,5732,24,1,2025110806,2,1,6818,0.89,4,0,False,2025-11-08 06:00:15
5733,5733,24,3,2025110806,2,1,8044,0.93,4,0,True,2025-11-08 06:03:15
5734,5734,24,8,2025110806,2,1,7358,0.93,4,0,True,2025-11-08 06:04:15
5735,5735,277,17,2025120915,1,1,13125,0.95,4,0,False,2025-12-09 15:10:16
5736,5736,277,16,2025120915,1,1,13781,0.93,5,0,False,2025-12-09 15:12:16
5737,5737,852,3,2025110523,2,1,10763,0.92,4,0,True,2025-11-05 23:20:48
5738,5738,138,19,2025100704,1,2,7713,0.1,1,0,False,2025-10-07 04:46:47
5739,5739,138,23,2025100704,1,2,4006,0.19,,0,False,2025-10-07 04:48:47
5740,5740,138,8,2025100704,1,1,12480,0.86,4,0,False,2025-10-07 04:50:47
5741,5741,896,8,2025092703,6,1,7488,0.9,4,1,True,2025-09-27 03:43:10
5742,5742,292,19,2025102617,3,1,5669,0.83,,0,False,2025-10-26 17:46:39
5743,5743,292,23,2025102617,3,1,13325,0.93,4,1,True,2025-10-26 17:49:39
5744,5744,292,8,2025102617,3,1,11246,0.94,5,0,True,2025-10-26 17:56:39
5745,5745,412,17,2026022723,1,1,12276,0.94,5,0,True,2026-02-27 23:02:08
5746,5746,412,16,2026022723,1,1,7978,0.86,5,0,False,2026-02-27 23:06:08
5747,5747,355,4,2026010911,3,1,9186,0.97,5,1,True,2026-01-09 11:33:32
5748,5748,130,12,2026011201,3,3,10969,0.05,,0,False,2026-01-12 01:03:20
5749,5749,1,9,2026032313,2,1,14754,0.92,5,0,False,2026-03-23 13:17:08
5750,5750,356,18,2026012201,3,1,11866,0.87,4,0,False,2026-01-22 01:39:54
5751,5751,1038,14,2025103022,2,1,5534,0.86,4,1,False,2025-10-30 22:53:52
5752,5752,962,5,2025110923,1,1,7001,0.98,4,0,False,2025-11-09 23:40:47
5753,5753,270,23,2025121406,1,1,4472,0.92,5,0,True,2025-12-14 06:07:13
5754,5754,912,20,2025121606,1,1,13805,0.82,5,1,True,2025-12-16 06:04:26
5755,5755,912,5,2025121606,1,1,8506,0.95,,0,False,2025-12-16 06:09:26
5756,5756,97,15,2026011004,1,4,11688,0.34,,1,False,2026-01-10 04:28:23
5757,5757,366,16,2025091020,1,1,7115,0.91,4,0,False,2025-09-10 20:04:55
5758,5758,302,12,2026030910,5,1,13491,0.86,,0,False,2026-03-09 10:37:33
5759,5759,81,13,2025102721,1,1,6897,0.84,5,0,False,2025-10-27 21:36:48
5760,5760,81,14,2025102721,1,1,8746,0.9,5,0,False,2025-10-27 21:41:48
5761,5761,272,17,2026022115,2,1,10670,0.96,5,0,False,2026-02-21 15:29:18
5762,5762,85,4,2025122823,3,1,12087,0.82,4,0,False,2025-12-28 23:32:42
5763,5763,85,10,2025122823,3,1,5007,0.88,4,0,False,2025-12-28 23:37:42
5764,5764,239,13,2026021108,1,2,13953,0.2,1,1,False,2026-02-11 08:25:32
5765,5765,239,14,2026021108,1,4,5557,0.29,2,0,False,2026-02-11 08:27:32
5766,5766,276,1,2026031403,5,1,10594,0.95,,0,False,2026-03-14 03:43:17
5767,5767,276,3,2026031403,5,1,4481,0.91,5,1,True,2026-03-14 03:46:17
5768,5768,276,8,2026031403,5,2,10764,0.3,,0,False,2026-03-14 03:53:17
5769,5769,1129,17,2026021400,5,1,8785,0.88,,1,False,2026-02-14 00:48:56
5770,5770,1129,16,2026021400,5,1,12098,0.86,3,0,False,2026-02-14 00:53:56
5771,5771,91,3,2026022623,1,3,7362,0.12,,0,False,2026-02-26 23:19:32
5772,5772,70,22,2026020615,1,1,13156,0.84,5,0,False,2026-02-06 15:22:23
5773,5773,344,6,2025101208,5,1,11128,0.95,4,0,True,2025-10-12 08:24:40
5774,5774,344,15,2025101208,5,1,13942,0.92,3,0,False,2025-10-12 08:26:40
5775,5775,351,4,2026011915,6,2,12378,0.2,,0,False,2026-01-19 15:04:56
5776,5776,351,10,2026011915,6,1,9486,0.85,5,0,True,2026-01-19 15:08:56
5777,5777,47,4,2026011222,6,1,5112,0.86,3,0,True,2026-01-12 22:53:15
5778,5778,47,10,2026011222,6,1,7893,0.88,5,0,True,2026-01-12 22:55:15
5779,5779,435,2,2026033109,4,1,13328,0.82,3,0,True,2026-03-31 09:37:07
5780,5780,435,5,2026033109,4,1,8484,0.94,4,0,False,2026-03-31 09:39:07
5781,5781,435,9,2026033109,4,1,13087,0.95,5,1,False,2026-03-31 09:47:07
5782,5782,79,19,2026022800,1,1,10262,0.83,4,0,False,2026-02-28 00:54:11
5783,5783,79,23,2026022800,1,1,8623,0.85,4,0,False,2026-02-28 00:58:11
5784,5784,79,8,2026022801,1,1,13156,0.83,4,1,False,2026-02-28 01:04:11
5785,5785,1050,13,2025100618,1,1,9775,0.84,4,0,True,2025-10-06 18:18:48
5786,5786,956,20,2025110300,1,1,13489,0.88,4,0,False,2025-11-03 00:19:26
5787,5787,956,5,2025110300,1,1,9607,0.96,5,0,False,2025-11-03 00:24:26
5788,5788,943,13,2025092703,1,1,8512,0.87,4,1,True,2025-09-27 03:47:47
5789,5789,943,14,2025092703,1,1,8128,0.9,4,0,False,2025-09-27 03:49:47
5790,5790,30,6,2025101318,1,1,8567,0.85,3,0,False,2025-10-13 18:03:45
5791,5791,30,15,2025101318,1,1,12089,0.91,4,0,False,2025-10-13 18:05:45
5792,5792,87,5,2025120307,1,1,4825,0.9,5,0,True,2025-12-03 07:49:53
5793,5793,200,17,2026031311,1,1,8916,0.85,4,0,False,2026-03-13 11:51:38
5794,5794,200,16,2026031311,1,2,4585,0.34,1,0,False,2026-03-13 11:55:38
5795,5795,261,8,2025101616,1,1,5647,0.88,3,0,False,2025-10-16 16:35:09
5796,5796,90,1,2026030607,2,1,14403,0.86,4,0,False,2026-03-06 07:53:16
5797,5797,90,3,2026030607,2,1,10712,0.88,3,0,False,2026-03-06 07:55:16
5798,5798,90,8,2026030608,2,1,6663,0.87,4,0,False,2026-03-06 08:01:16
5799,5799,303,1,2026011222,3,1,10801,0.94,5,0,False,2026-01-12 22:09:08
5800,5800,303,3,2026011222,3,1,12315,0.97,3,0,True,2026-01-12 22:14:08
5801,5801,303,8,2026011222,3,1,11734,0.85,4,0,False,2026-01-12 22:17:08
5802,5802,38,17,2025122313,1,1,6232,0.86,4,0,False,2025-12-23 13:55:54
5803,5803,38,16,2025122313,1,3,13990,0.26,2,0,False,2025-12-23 13:57:54
5804,5804,1030,20,2025122201,1,1,10860,0.85,5,0,True,2025-12-22 01:41:23
5805,5805,1030,5,2025122201,1,1,8995,0.84,4,0,True,2025-12-22 01:44:23
5806,5806,1091,13,2026031902,1,1,13539,0.98,5,0,True,2026-03-19 02:19:28
5807,5807,1091,14,2026031902,1,2,5737,0.03,1,0,False,2026-03-19 02:22:28
5808,5808,1093,19,2025091703,1,1,14159,0.97,5,0,False,2025-09-17 03:16:43
5809,5809,1093,23,2025091703,1,1,3877,0.93,5,0,False,2025-09-17 03:18:43
5810,5810,1093,8,2025091703,1,1,6975,0.97,4,0,False,2025-09-17 03:26:43
5811,5811,1015,4,2025121404,1,1,5730,0.9,5,0,False,2025-12-14 04:27:01
5812,5812,1015,10,2025121404,1,3,11170,0.35,1,1,False,2025-12-14 04:31:01
5813,5813,238,4,2026012904,2,1,11021,0.87,4,0,False,2026-01-29 04:48:29
5814,5814,238,10,2026012904,2,1,11041,0.97,5,0,False,2026-01-29 04:50:29
5815,5815,279,2,2025110316,1,2,9919,0.32,2,0,False,2025-11-03 16:03:30
5816,5816,1080,2,2026021419,2,1,13955,0.88,4,0,False,2026-02-14 19:38:00
5817,5817,1080,5,2026021419,2,1,6308,0.97,,0,True,2026-02-14 19:43:00
5818,5818,1080,9,2026021419,2,1,5050,0.87,4,0,False,2026-02-14 19:48:00
5819,5819,323,1,2026022517,2,1,15124,0.85,5,0,False,2026-02-25 17:54:08
5820,5820,323,3,2026022517,2,1,13409,0.9,5,0,False,2026-02-25 17:58:08
5821,5821,323,8,2026022518,2,1,5178,0.88,4,0,False,2026-02-25 18:04:08
5822,5822,463,4,2025092814,1,1,9216,0.88,5,0,False,2025-09-28 14:06:32
5823,5823,463,10,2025092814,1,1,5507,0.92,5,0,True,2025-09-28 14:10:32
5824,5824,51,2,2025110901,3,1,5876,0.95,4,0,False,2025-11-09 01:28:08
5825,5825,51,5,2025110901,3,1,5291,0.9,4,0,False,2025-11-09 01:32:08
5826,5826,51,9,2025110901,3,1,12967,0.85,4,0,False,2025-11-09 01:36:08
5827,5827,901,13,2025111316,1,1,5113,0.9,5,0,False,2025-11-13 16:39:36
5828,5828,901,14,2025111316,1,2,13336,0.15,,0,False,2025-11-13 16:44:36
5829,5829,228,13,2025093014,4,1,9338,0.92,3,1,False,2025-09-30 14:16:55
5830,5830,200,1,2025112206,2,6,9488,0.0,2,0,False,2025-11-22 06:43:48
5831,5831,200,3,2025112206,2,1,7490,0.9,4,0,False,2025-11-22 06:47:48
5832,5832,200,8,2025112206,2,1,9974,0.88,4,0,False,2025-11-22 06:51:48
5833,5833,78,19,2026011104,1,2,7710,0.27,1,0,False,2026-01-11 04:24:15
5834,5834,1136,17,2026021308,4,1,12889,0.91,4,0,False,2026-02-13 08:50:08
5835,5835,1136,16,2026021308,4,4,7585,0.34,1,1,False,2026-02-13 08:55:08
5836,5836,31,11,2025122920,2,1,11066,0.86,5,1,True,2025-12-29 20:18:13
5837,5837,24,2,2026020412,1,1,4582,0.92,5,0,True,2026-02-04 12:06:32
5838,5838,24,5,2026020412,1,2,7350,0.03,1,0,False,2026-02-04 12:09:32
5839,5839,24,9,2026020412,1,1,11129,0.93,5,0,False,2026-02-04 12:16:32
5840,5840,37,8,2026020117,3,3,12019,0.24,1,0,False,2026-02-01 17:57:57
5841,5841,127,17,2026032610,2,1,9201,0.97,,0,False,2026-03-26 10:21:48
5842,5842,127,16,2026032610,2,1,4954,0.84,5,0,True,2026-03-26 10:23:48
5843,5843,176,2,2025110302,1,1,5756,0.85,,0,False,2025-11-03 02:00:46
5844,5844,176,5,2025110302,1,1,8899,0.97,5,0,False,2025-11-03 02:04:46
5845,5845,176,9,2025110302,1,1,10462,0.96,3,0,False,2025-11-03 02:08:46
5846,5846,4,4,2026020718,2,1,12638,0.92,5,0,True,2026-02-07 18:48:54
5847,5847,4,10,2026020718,2,1,15085,0.93,5,0,False,2026-02-07 18:53:54
5848,5848,257,2,2026021420,1,1,12275,0.9,,0,False,2026-02-14 20:51:45
5849,5849,257,5,2026021420,1,1,5672,0.97,5,0,False,2026-02-14 20:53:45
5850,5850,257,9,2026021421,1,6,5804,0.0,2,0,False,2026-02-14 21:01:45
5851,5851,245,17,2026010412,1,1,9723,0.82,,0,False,2026-01-04 12:42:38
5852,5852,245,16,2026010412,1,1,9224,0.87,3,0,False,2026-01-04 12:46:38
5853,5853,87,1,2025100317,1,3,13031,0.22,1,2,False,2025-10-03 17:13:49
5854,5854,252,1,2025110618,2,1,12418,0.86,5,0,False,2025-11-06 18:42:06
5855,5855,252,3,2025110618,2,1,6845,0.88,4,0,True,2025-11-06 18:44:06
5856,5856,252,8,2025110618,2,1,6917,0.87,4,0,False,2025-11-06 18:48:06
5857,5857,538,17,2026012722,1,1,4058,0.92,5,1,True,2026-01-27 22:20:32
5858,5858,538,16,2026012722,1,1,8138,0.87,3,0,True,2026-01-27 22:25:32
5859,5859,1026,19,2025111119,3,3,11430,0.32,,1,False,2025-11-11 19:34:58
5860,5860,1026,23,2025111119,3,1,10622,0.91,5,0,False,2025-11-11 19:36:58
5861,5861,1026,8,2025111119,3,1,9548,0.94,5,0,False,2025-11-11 19:40:58
5862,5862,170,24,2025102001,2,1,5658,0.93,4,0,False,2025-10-20 01:32:46
5863,5863,198,21,2025122111,1,1,12743,0.82,4,0,False,2025-12-21 11:38:00
5864,5864,131,25,2025092422,2,3,12159,0.29,2,0,False,2025-09-24 22:18:18
5865,5865,182,20,2025100500,2,1,4851,0.94,5,0,False,2025-10-05 00:51:43
5866,5866,182,5,2025100500,2,1,8113,0.92,5,0,True,2025-10-05 00:54:43
5867,5867,186,6,2025090614,6,1,10914,0.96,4,0,False,2025-09-06 14:18:45
5868,5868,186,15,2025090614,6,1,8082,0.85,5,0,False,2025-09-06 14:20:45
5869,5869,27,7,2025102009,3,2,8025,0.14,2,0,False,2025-10-20 09:29:36
5870,5870,11,11,2025111122,3,1,12122,0.82,5,0,True,2025-11-11 22:35:03
5871,5871,1033,13,2025120318,1,5,4386,0.27,2,1,False,2025-12-03 18:36:26
5872,5872,1033,14,2025120318,1,1,11794,0.95,5,0,True,2025-12-03 18:40:26
5873,5873,365,20,2026012607,2,1,8596,0.9,4,0,False,2026-01-26 07:47:57
5874,5874,365,5,2026012607,2,1,12502,0.96,4,0,True,2026-01-26 07:52:57
5875,5875,1184,1,2025111801,1,1,12952,0.83,5,0,False,2025-11-18 01:20:28
5876,5876,141,18,2026022505,4,1,6159,0.97,4,0,False,2026-02-25 05:57:50
5877,5877,8,1,2025092814,3,1,14085,0.86,5,0,True,2025-09-28 14:11:27
5878,5878,8,3,2025092814,3,3,10250,0.26,1,0,False,2025-09-28 14:16:27
5879,5879,8,8,2025092814,3,1,6659,0.85,4,0,False,2025-09-28 14:17:27
5880,5880,47,13,2026012317,1,1,9553,0.84,4,0,True,2026-01-23 17:26:09
5881,5881,47,14,2026012317,1,3,10099,0.15,2,0,False,2026-01-23 17:30:09
5882,5882,1049,23,2026013111,5,1,5952,0.95,5,0,False,2026-01-31 11:18:44
5883,5883,357,19,2025112906,1,1,9718,0.88,3,0,False,2025-11-29 06:14:57
5884,5884,357,23,2025112906,1,4,6976,0.23,2,0,False,2025-11-29 06:19:57
5885,5885,357,8,2025112906,1,1,8261,0.83,4,1,True,2025-11-29 06:20:57
5886,5886,343,4,2026022504,6,1,5938,0.92,5,0,True,2026-02-25 04:14:11
5887,5887,343,10,2026022504,6,1,8607,0.87,4,0,False,2026-02-25 04:17:11
5888,5888,43,13,2026031010,2,1,5293,0.84,5,0,False,2026-03-10 10:09:20
5889,5889,43,14,2026031010,2,2,13061,0.3,,0,False,2026-03-10 10:13:20
5890,5890,49,13,2025110818,3,1,5002,0.89,4,0,False,2025-11-08 18:11:47
5891,5891,49,14,2025110818,3,1,7648,0.84,,0,False,2025-11-08 18:13:47
5892,5892,1047,20,2025112806,2,1,8292,0.87,4,0,False,2025-11-28 06:18:01
5893,5893,167,19,2026012519,3,1,9560,0.93,4,0,False,2026-01-25 19:06:44
5894,5894,167,23,2026012519,3,1,7891,0.94,4,0,False,2026-01-25 19:09:44
5895,5895,167,8,2026012519,3,1,14098,0.96,4,0,False,2026-01-25 19:12:44
5896,5896,92,13,2025100806,2,1,11928,0.92,5,0,True,2025-10-08 06:15:25
5897,5897,92,14,2025100806,2,1,8986,0.83,4,0,False,2025-10-08 06:18:25
5898,5898,26,17,2025112810,1,1,7249,0.83,4,0,False,2025-11-28 10:51:34
5899,5899,26,16,2025112810,1,2,13372,0.13,,0,False,2025-11-28 10:53:34
5900,5900,344,9,2025112212,4,1,14955,0.97,,0,True,2025-11-22 12:51:27
5901,5901,53,1,2026022108,2,1,7374,0.82,4,0,False,2026-02-21 08:58:41
5902,5902,53,3,2026022109,2,1,9735,0.97,4,0,False,2026-02-21 09:00:41
5903,5903,53,8,2026022109,2,1,10113,0.83,5,0,True,2026-02-21 09:04:41
5904,5904,928,1,2025112411,1,3,5724,0.0,1,0,False,2025-11-24 11:57:31
5905,5905,928,3,2025112412,1,1,8401,0.85,4,0,True,2025-11-24 12:00:31
5906,5906,928,8,2025112412,1,1,4900,0.84,3,0,False,2025-11-24 12:01:31
5907,5907,778,4,2025101804,4,1,6892,0.89,4,0,True,2025-10-18 04:35:55
5908,5908,71,17,2025092214,1,1,13511,0.96,4,0,False,2025-09-22 14:59:41
5909,5909,71,16,2025092215,1,1,4920,0.85,4,0,True,2025-09-22 15:04:41
5910,5910,893,13,2025111917,2,1,6998,0.88,5,0,True,2025-11-19 17:07:26
5911,5911,893,14,2025111917,2,1,7924,0.83,4,1,False,2025-11-19 17:12:26
5912,5912,139,10,2025111722,1,1,14764,0.82,5,0,False,2025-11-17 22:17:08
5913,5913,78,4,2026011417,1,2,8094,0.04,1,0,False,2026-01-14 17:18:26
5914,5914,78,10,2026011417,1,1,6032,0.86,4,0,False,2026-01-14 17:21:26
5915,5915,113,1,2026031501,1,1,13366,0.91,4,0,False,2026-03-15 01:30:30
5916,5916,113,3,2026031501,1,1,5145,0.98,,0,False,2026-03-15 01:35:30
5917,5917,113,8,2026031501,1,1,11552,0.9,3,0,False,2026-03-15 01:38:30
5918,5918,13,6,2025092508,2,1,6874,0.95,4,0,False,2025-09-25 08:21:25
5919,5919,13,15,2025092508,2,1,10196,0.94,5,0,False,2025-09-25 08:24:25
5920,5920,259,19,2026013102,1,1,8126,0.87,5,0,True,2026-01-31 02:33:55
5921,5921,259,23,2026013102,1,1,6142,0.85,4,0,True,2026-01-31 02:36:55
5922,5922,259,8,2026013102,1,1,9957,0.96,4,1,False,2026-01-31 02:37:55
5923,5923,17,19,2026022818,1,1,13560,0.91,4,0,False,2026-02-28 18:54:50
5924,5924,17,23,2026022818,1,1,8352,0.91,4,0,False,2026-02-28 18:57:50
5925,5925,17,8,2026022819,1,1,7227,0.94,4,0,False,2026-02-28 19:00:50
5926,5926,75,20,2025112621,1,1,7470,0.96,4,0,False,2025-11-26 21:41:01
5927,5927,300,19,2025122503,1,1,8147,0.89,5,0,False,2025-12-25 03:51:25
5928,5928,300,23,2025122503,1,1,13488,0.95,4,0,True,2025-12-25 03:56:25
5929,5929,300,8,2025122503,1,1,10454,0.84,5,0,False,2025-12-25 03:59:25
5930,5930,1114,6,2025122020,1,1,5693,0.94,5,0,False,2025-12-20 20:49:10
5931,5931,1114,15,2025122020,1,4,10997,0.14,1,0,False,2025-12-20 20:53:10
5932,5932,284,13,2025101716,4,1,3731,0.84,4,0,False,2025-10-17 16:32:49
5933,5933,284,14,2025101716,4,1,6045,0.91,4,0,False,2025-10-17 16:35:49
5934,5934,768,17,2025111222,1,1,12007,0.85,4,0,True,2025-11-12 22:21:07
5935,5935,80,3,2026010522,6,1,8710,0.84,5,0,False,2026-01-05 22:15:18
5936,5936,329,12,2025120120,5,1,11388,0.84,4,1,False,2025-12-01 20:51:17
5937,5937,195,19,2025112016,3,1,7249,0.88,4,1,True,2025-11-20 16:56:13
5938,5938,195,23,2025112016,3,1,13810,0.98,4,0,False,2025-11-20 16:59:13
5939,5939,195,8,2025112017,3,1,10786,0.92,4,0,False,2025-11-20 17:06:13
5940,5940,377,1,2026012516,1,1,14311,0.95,4,0,True,2026-01-25 16:29:13
5941,5941,377,3,2026012516,1,1,13717,0.88,5,0,False,2026-01-25 16:33:13
5942,5942,377,8,2026012516,1,1,12880,0.92,5,0,True,2026-01-25 16:33:13
5943,5943,940,1,2026011407,1,1,8044,0.95,5,0,False,2026-01-14 07:39:29
5944,5944,940,3,2026011407,1,1,7561,0.86,4,0,False,2026-01-14 07:44:29
5945,5945,940,8,2026011407,1,1,10916,0.84,3,0,False,2026-01-14 07:49:29
5946,5946,1126,17,2026030416,4,1,5656,0.85,5,0,True,2026-03-04 16:12:22
5947,5947,1126,16,2026030416,4,1,11445,0.96,5,0,False,2026-03-04 16:17:22
5948,5948,269,13,2026012512,3,1,12162,0.82,4,0,True,2026-01-25 12:39:12
5949,5949,269,14,2026012512,3,1,11177,0.92,4,0,True,2026-01-25 12:41:12
5950,5950,227,2,2025090901,2,1,11385,0.87,4,0,False,2025-09-09 01:06:11
5951,5951,227,5,2025090901,2,1,7728,0.89,5,0,True,2025-09-09 01:08:11
5952,5952,227,9,2025090901,2,3,7827,0.2,,0,False,2025-09-09 01:10:11
5953,5953,189,19,2025120119,1,1,5332,0.93,4,0,False,2025-12-01 19:59:12
5954,5954,189,23,2025120120,1,1,11445,0.97,,0,True,2025-12-01 20:01:12
5955,5955,189,8,2025120120,1,1,10548,0.93,4,0,False,2025-12-01 20:03:12
5956,5956,98,6,2026010622,3,1,6722,0.95,,1,False,2026-01-06 22:51:59
5957,5957,122,1,2025120409,4,1,15166,0.85,3,0,False,2025-12-04 09:31:18
5958,5958,122,3,2025120409,4,1,7060,0.84,5,0,False,2025-12-04 09:33:18
5959,5959,122,8,2025120409,4,1,11568,0.91,4,0,False,2025-12-04 09:35:18
5960,5960,913,20,2025120702,1,6,9992,0.0,,0,False,2025-12-07 02:37:04
5961,5961,913,5,2025120702,1,3,8447,0.31,,0,False,2025-12-07 02:42:04
5962,5962,29,13,2026033004,1,1,8179,0.94,3,0,False,2026-03-30 04:50:17
5963,5963,29,14,2026033004,1,1,8464,0.84,4,0,True,2026-03-30 04:53:17
5964,5964,114,13,2026011811,2,7,5403,0.03,,0,False,2026-01-18 11:39:15
5965,5965,114,14,2026011811,2,1,14120,0.88,4,0,True,2026-01-18 11:42:15
5966,5966,72,24,2025111919,2,1,11705,0.91,4,0,False,2025-11-19 19:29:18
5967,5967,1180,20,2025121413,2,1,13850,0.97,5,0,False,2025-12-14 13:27:05
5968,5968,1180,5,2025121413,2,1,7843,0.84,,0,True,2025-12-14 13:32:05
5969,5969,657,20,2026022121,1,4,11928,0.19,1,0,False,2026-02-21 21:08:09
5970,5970,298,6,2025092509,3,5,8772,0.17,,0,False,2025-09-25 09:28:42
5971,5971,673,21,2026032718,6,1,9094,0.82,3,0,True,2026-03-27 18:36:13
5972,5972,706,2,2025101201,3,1,5515,0.94,4,1,True,2025-10-12 01:47:39
5973,5973,706,5,2025101201,3,4,7845,0.09,2,0,False,2025-10-12 01:52:39
5974,5974,706,9,2025101201,3,1,7193,0.95,4,0,False,2025-10-12 01:53:39
5975,5975,683,17,2025092607,1,2,5860,0.25,2,0,False,2025-09-26 07:19:10
5976,5976,683,16,2025092607,1,3,6528,0.03,,0,False,2025-09-26 07:22:10
5977,5977,800,19,2025090109,2,1,7712,0.84,4,0,False,2025-09-01 09:28:14
5978,5978,800,23,2025090109,2,1,6811,0.97,5,1,False,2025-09-01 09:32:14
5979,5979,800,8,2025090109,2,1,4435,0.88,4,0,True,2025-09-01 09:36:14
5980,5980,220,2,2025102622,2,1,3853,0.97,4,0,True,2025-10-26 22:00:36
5981,5981,220,5,2025102622,2,1,13211,0.85,4,0,False,2025-10-26 22:04:36
5982,5982,220,9,2025102622,2,1,6114,0.87,5,0,True,2025-10-26 22:08:36
5983,5983,281,16,2025110915,1,1,13903,0.9,4,0,False,2025-11-09 15:16:16
5984,5984,1009,2,2026011007,1,7,4226,0.26,2,0,False,2026-01-10 07:25:54
5985,5985,1009,5,2026011007,1,1,4438,0.91,5,0,False,2026-01-10 07:29:54
5986,5986,1009,9,2026011007,1,1,11659,0.89,4,0,False,2026-01-10 07:33:54
5987,5987,75,19,2026012406,1,1,15391,0.97,5,0,True,2026-01-24 06:52:13
5988,5988,1059,6,2026030911,1,1,10841,0.84,4,0,False,2026-03-09 11:59:29
5989,5989,1059,15,2026030912,1,1,11524,0.88,5,0,False,2026-03-09 12:04:29
5990,5990,51,9,2025092403,1,1,15321,0.87,4,0,True,2025-09-24 03:25:05
5991,5991,346,17,2026030207,5,1,7459,0.83,3,0,False,2026-03-02 07:00:25
5992,5992,346,16,2026030207,5,1,7144,0.87,3,0,False,2026-03-02 07:02:25
5993,5993,369,17,2026011319,3,1,8470,0.85,3,0,False,2026-01-13 19:53:32
5994,5994,369,16,2026011319,3,1,10033,0.85,4,0,False,2026-01-13 19:55:32
5995,5995,87,1,2025100807,1,1,9354,0.82,,0,False,2025-10-08 07:29:23
5996,5996,87,3,2025100807,1,6,10166,0.0,2,0,False,2025-10-08 07:31:23
5997,5997,87,8,2025100807,1,1,3805,0.91,4,0,False,2025-10-08 07:33:23
5998,5998,394,19,2026022610,1,1,10398,0.84,4,0,True,2026-02-26 10:49:00
5999,5999,394,23,2026022610,1,1,10114,0.84,4,0,False,2026-02-26 10:54:00
6000,6000,394,8,2026022610,1,1,10848,0.87,5,0,False,2026-02-26 10:55:00
6001,6001,27,2,2026010510,2,1,9436,0.91,5,1,False,2026-01-05 10:49:27
6002,6002,890,5,2025110518,1,2,4685,0.04,2,0,False,2025-11-05 18:48:10
6003,6003,173,23,2025112315,3,1,12568,0.82,3,0,False,2025-11-23 15:55:18
6004,6004,95,4,2025122519,1,1,14082,0.93,5,0,True,2025-12-25 19:48:25
6005,6005,95,10,2025122519,1,2,11290,0.24,,1,False,2025-12-25 19:51:25
6006,6006,1136,19,2026021615,1,1,8925,0.94,5,1,False,2026-02-16 15:14:10
6007,6007,268,16,2025111514,2,1,4154,0.82,,0,False,2025-11-15 14:07:29
6008,6008,11,2,2025092614,3,1,10761,0.85,4,0,False,2025-09-26 14:36:34
6009,6009,11,5,2025092614,3,1,4959,0.94,4,0,True,2025-09-26 14:41:34
6010,6010,11,9,2025092614,3,1,9928,0.96,,0,False,2025-09-26 14:46:34
6011,6011,61,2,2025093009,1,1,5003,0.97,,0,False,2025-09-30 09:13:16
6012,6012,61,5,2025093009,1,1,13941,0.93,3,0,True,2025-09-30 09:15:16
6013,6013,61,9,2025093009,1,1,8848,0.85,3,0,False,2025-09-30 09:19:16
6014,6014,651,19,2026032004,2,1,12137,0.86,5,0,False,2026-03-20 04:30:15
6015,6015,651,23,2026032004,2,1,5959,0.82,5,1,True,2026-03-20 04:34:15
6016,6016,651,8,2026032004,2,1,6862,0.87,,0,False,2026-03-20 04:36:15
6017,6017,79,7,2025121401,6,1,8932,0.9,5,0,True,2025-12-14 01:01:16
6018,6018,386,11,2025101805,1,1,4864,0.85,4,0,False,2025-10-18 05:46:39
6019,6019,879,4,2026022802,1,1,8109,0.89,4,0,True,2026-02-28 02:20:12
6020,6020,879,10,2026022802,1,3,8723,0.28,2,0,False,2026-02-28 02:23:12
6021,6021,38,16,2026030710,1,1,13865,0.96,4,1,False,2026-03-07 10:15:32
6022,6022,55,24,2025111205,4,1,13463,0.84,5,0,True,2025-11-12 05:10:18
6023,6023,1034,2,2025112405,2,1,6784,0.85,5,0,False,2025-11-24 05:38:59
6024,6024,337,20,2025103000,2,1,12058,0.82,3,0,False,2025-10-30 00:16:59
6025,6025,273,24,2026022214,2,1,13508,0.86,4,0,False,2026-02-22 14:29:16
6026,6026,1153,12,2025120616,2,1,13415,0.91,,0,False,2025-12-06 16:52:52
6027,6027,11,1,2026020617,1,1,14418,0.86,,0,False,2026-02-06 17:29:05
6028,6028,11,3,2026020617,1,1,13264,0.86,5,0,False,2026-02-06 17:34:05
6029,6029,11,8,2026020617,1,2,9805,0.01,2,0,False,2026-02-06 17:39:05
6030,6030,44,21,2025103017,1,3,8393,0.19,2,0,False,2025-10-30 17:36:23
6031,6031,58,20,2025101304,1,1,7738,0.9,,0,False,2025-10-13 04:26:15
6032,6032,58,5,2025101304,1,1,12984,0.97,4,0,False,2025-10-13 04:30:15
6033,6033,729,7,2025110706,1,1,11465,0.83,5,0,True,2025-11-07 06:29:19
6034,6034,697,2,2026012601,5,1,13289,0.89,4,1,False,2026-01-26 01:22:15
6035,6035,697,5,2026012601,5,1,7907,0.83,3,0,True,2026-01-26 01:26:15
6036,6036,697,9,2026012601,5,1,14655,0.85,5,0,False,2026-01-26 01:28:15
6037,6037,133,17,2026011513,1,4,8145,0.1,2,0,False,2026-01-15 13:18:33
6038,6038,133,16,2026011513,1,1,4786,0.93,5,0,False,2026-01-15 13:22:33
6039,6039,222,17,2025120317,1,1,3894,0.85,4,0,False,2025-12-03 17:52:52
6040,6040,222,16,2025120317,1,1,10646,0.97,5,0,True,2025-12-03 17:57:52
6041,6041,312,19,2026032605,1,1,14283,0.86,4,0,False,2026-03-26 05:34:39
6042,6042,312,23,2026032605,1,3,6968,0.28,1,0,False,2026-03-26 05:39:39
6043,6043,312,8,2026032605,1,1,11399,0.98,5,0,False,2026-03-26 05:42:39
6044,6044,1126,20,2026011512,5,1,4031,0.98,4,0,False,2026-01-15 12:45:58
6045,6045,144,2,2025101913,1,1,5072,0.84,4,1,True,2025-10-19 13:47:53
6046,6046,378,21,2026032208,5,1,5524,0.93,4,0,True,2026-03-22 08:25:44
6047,6047,88,3,2025090812,1,1,8671,0.9,4,1,False,2025-09-08 12:31:13
6048,6048,542,19,2026021823,3,1,7069,0.84,,0,False,2026-02-18 23:14:30
6049,6049,542,23,2026021823,3,1,5502,0.95,5,0,False,2026-02-18 23:18:30
6050,6050,542,8,2026021823,3,1,7286,0.91,4,0,False,2026-02-18 23:20:30
6051,6051,587,17,2025121212,1,1,6926,0.93,4,0,False,2025-12-12 12:41:05
6052,6052,587,16,2025121212,1,1,5519,0.86,4,0,False,2025-12-12 12:45:05
6053,6053,370,19,2026031820,1,1,14831,0.85,5,0,False,2026-03-18 20:04:43
6054,6054,370,23,2026031820,1,2,6075,0.15,2,0,False,2026-03-18 20:09:43
6055,6055,370,8,2026031820,1,1,10891,0.97,5,0,False,2026-03-18 20:12:43
6056,6056,363,1,2026011217,1,1,11777,0.93,,0,False,2026-01-12 17:27:20
6057,6057,363,3,2026011217,1,1,4235,0.84,4,0,False,2026-01-12 17:32:20
6058,6058,363,8,2026011217,1,1,7960,0.89,4,0,False,2026-01-12 17:33:20
6059,6059,226,10,2025103106,1,1,13516,0.95,5,0,False,2025-10-31 06:39:43
6060,6060,195,20,2025091918,2,1,6768,0.91,5,0,False,2025-09-19 18:32:42
6061,6061,195,5,2025091918,2,1,11792,0.93,5,0,False,2025-09-19 18:35:42
6062,6062,298,18,2026030910,5,1,7542,0.9,,0,False,2026-03-09 10:13:55
6063,6063,375,1,2026021300,1,1,6339,0.84,3,0,False,2026-02-13 00:55:01
6064,6064,375,3,2026021300,1,1,8384,0.93,4,0,False,2026-02-13 00:58:01
6065,6065,375,8,2026021301,1,1,6068,0.96,5,0,False,2026-02-13 01:03:01
6066,6066,946,13,2026011217,2,1,12805,0.96,5,0,True,2026-01-12 17:56:20
6067,6067,946,14,2026011217,2,1,8399,0.96,5,0,True,2026-01-12 17:58:20
6068,6068,9,24,2026032709,1,1,9852,0.86,4,0,False,2026-03-27 09:34:22
6069,6069,753,1,2025121604,3,1,14953,0.89,,0,False,2025-12-16 04:49:48
6070,6070,753,3,2025121604,3,1,10569,0.95,5,0,True,2025-12-16 04:53:48
6071,6071,753,8,2025121604,3,1,5487,0.96,4,0,False,2025-12-16 04:55:48
6072,6072,46,17,2026030814,3,1,11826,0.82,,0,True,2026-03-08 14:26:47
6073,6073,46,16,2026030814,3,1,6825,0.97,5,0,True,2026-03-08 14:29:47
6074,6074,829,13,2025090721,1,1,9632,0.98,5,0,True,2025-09-07 21:07:12
6075,6075,829,14,2025090721,1,1,3820,0.91,4,1,False,2025-09-07 21:09:12
6076,6076,381,6,2026032722,3,1,13990,0.95,5,0,True,2026-03-27 22:07:43
6077,6077,381,15,2026032722,3,3,8277,0.23,2,0,False,2026-03-27 22:09:43
6078,6078,57,20,2025120510,1,1,6676,0.84,5,0,False,2025-12-05 10:43:28
6079,6079,57,5,2025120510,1,1,9806,0.93,4,1,False,2025-12-05 10:45:28
6080,6080,8,6,2025120508,2,1,12551,0.91,5,0,False,2025-12-05 08:52:51
6081,6081,8,15,2025120508,2,1,5952,0.85,4,0,True,2025-12-05 08:54:51
6082,6082,81,13,2026030722,3,1,7364,0.83,5,0,False,2026-03-07 22:35:00
6083,6083,1092,19,2025111700,2,1,13850,0.95,5,0,False,2025-11-17 00:18:14
6084,6084,1092,23,2025111700,2,1,13842,0.96,5,0,False,2025-11-17 00:22:14
6085,6085,1092,8,2025111700,2,1,5120,0.91,,0,False,2025-11-17 00:22:14
6086,6086,73,2,2025101212,1,1,11005,0.85,4,0,False,2025-10-12 12:58:25
6087,6087,73,5,2025101213,1,1,8642,0.84,,0,False,2025-10-12 13:00:25
6088,6088,73,9,2025101213,1,1,7386,0.89,5,0,True,2025-10-12 13:04:25
6089,6089,9,7,2025091106,2,1,12926,0.94,4,0,False,2025-09-11 06:54:25
6090,6090,308,6,2025102203,1,1,5249,0.89,5,0,False,2025-10-22 03:15:50
6091,6091,308,15,2025102203,1,1,13799,0.95,5,0,True,2025-10-22 03:20:50
6092,6092,82,1,2025090816,1,5,10070,0.09,,0,False,2025-09-08 16:27:08
6093,6093,82,3,2025090816,1,1,10668,0.89,4,0,False,2025-09-08 16:32:08
6094,6094,82,8,2025090816,1,1,4695,0.95,5,0,False,2025-09-08 16:37:08
6095,6095,1060,5,2025102408,2,1,10721,0.86,4,0,False,2025-10-24 08:01:57
6096,6096,557,11,2026032421,2,1,12558,0.89,5,0,True,2026-03-24 21:34:16
6097,6097,35,13,2025090806,1,1,4283,0.91,4,0,False,2025-09-08 06:34:39
6098,6098,35,14,2025090806,1,1,6085,0.94,5,0,False,2025-09-08 06:39:39
6099,6099,52,4,2026031915,1,1,15434,0.91,5,0,True,2026-03-19 15:37:53
6100,6100,52,10,2026031915,1,1,7888,0.92,4,0,True,2026-03-19 15:42:53
6101,6101,1028,6,2026031519,1,1,7930,0.87,4,0,False,2026-03-15 19:51:23
6102,6102,1028,15,2026031519,1,1,9673,0.88,4,1,False,2026-03-15 19:55:23
6103,6103,647,25,2025121720,2,1,14127,0.86,5,0,False,2025-12-17 20:00:22
6104,6104,801,1,2025102517,2,1,13622,0.86,5,0,True,2025-10-25 17:56:42
6105,6105,705,19,2026022403,3,1,7304,0.97,4,0,False,2026-02-24 03:42:48
6106,6106,280,10,2026031421,1,1,10588,0.82,4,1,False,2026-03-14 21:03:47
6107,6107,1097,18,2025122811,2,1,6460,0.83,4,0,False,2025-12-28 11:10:33
6108,6108,955,11,2025092414,2,1,13384,0.85,4,0,False,2025-09-24 14:25:30
6109,6109,85,2,2025112022,6,1,10092,0.88,5,0,False,2025-11-20 22:05:51
6110,6110,85,5,2025112022,6,1,6867,0.82,,0,False,2025-11-20 22:10:51
6111,6111,85,9,2025112022,6,3,15314,0.1,2,0,False,2025-11-20 22:09:51
6112,6112,1151,19,2026010923,1,1,8451,0.88,5,0,True,2026-01-09 23:19:02
6113,6113,1065,7,2025102720,2,1,5362,0.88,4,0,False,2025-10-27 20:33:15
6114,6114,37,12,2026012904,1,1,7183,0.96,4,0,True,2026-01-29 04:58:01
6115,6115,119,19,2026031913,1,1,8694,0.95,4,0,False,2026-03-19 13:55:31
6116,6116,119,23,2026031913,1,1,8798,0.91,4,0,True,2026-03-19 13:58:31
6117,6117,119,8,2026031914,1,1,10508,0.85,,0,True,2026-03-19 14:05:31
6118,6118,246,13,2026031304,1,5,4614,0.08,1,0,False,2026-03-13 04:59:01
6119,6119,246,14,2026031305,1,1,4439,0.97,4,0,False,2026-03-13 05:04:01
6120,6120,85,17,2025122500,5,1,8768,0.94,5,0,True,2025-12-25 00:12:57
6121,6121,85,16,2025122500,5,1,8640,0.88,4,0,False,2025-12-25 00:14:57
6122,6122,760,17,2026012512,3,1,7021,0.95,3,0,False,2026-01-25 12:17:12
6123,6123,760,16,2026012512,3,1,5313,0.94,4,0,True,2026-01-25 12:21:12
6124,6124,1104,4,2025102609,1,1,11190,0.89,4,0,False,2025-10-26 09:00:38
6125,6125,1104,10,2025102609,1,1,7672,0.96,4,0,False,2025-10-26 09:02:38
6126,6126,350,19,2026021507,1,1,12693,0.89,4,0,False,2026-02-15 07:06:58
6127,6127,350,23,2026021507,1,1,5783,0.96,4,0,True,2026-02-15 07:11:58
6128,6128,350,8,2026021507,1,1,11049,0.91,4,0,False,2026-02-15 07:14:58
6129,6129,367,13,2025100506,2,1,13174,0.87,4,0,True,2025-10-05 06:05:42
6130,6130,367,14,2025100506,2,1,7701,0.9,5,0,False,2025-10-05 06:09:42
6131,6131,329,1,2025100606,1,1,5155,0.88,5,0,False,2025-10-06 06:49:41
6132,6132,329,3,2025100606,1,1,5119,0.95,3,0,False,2025-10-06 06:52:41
6133,6133,329,8,2025100606,1,1,6694,0.88,4,0,False,2025-10-06 06:55:41
6134,6134,314,2,2026012017,1,3,9573,0.32,2,0,False,2026-01-20 17:21:52
6135,6135,314,5,2026012017,1,1,8558,0.92,3,0,False,2026-01-20 17:24:52
6136,6136,314,9,2026012017,1,1,6600,0.83,4,0,False,2026-01-20 17:25:52
6137,6137,2,17,2025111809,1,5,8463,0.27,,0,False,2025-11-18 09:05:26
6138,6138,2,16,2025111809,1,1,7993,0.97,4,0,False,2025-11-18 09:07:26
6139,6139,360,16,2026032400,1,1,7694,0.96,4,0,False,2026-03-24 00:41:24
6140,6140,20,6,2025122120,1,1,8102,0.87,5,0,True,2025-12-21 20:19:38
6141,6141,20,15,2025122120,1,1,4718,0.94,,0,True,2025-12-21 20:21:38
6142,6142,294,2,2026010412,3,1,9725,0.89,4,0,False,2026-01-04 12:49:57
6143,6143,294,5,2026010412,3,1,12168,0.89,3,0,True,2026-01-04 12:54:57
6144,6144,294,9,2026010412,3,1,6462,0.89,5,0,True,2026-01-04 12:59:57
6145,6145,73,18,2025111711,3,1,11030,0.86,5,1,False,2025-11-17 11:39:05
6146,6146,397,11,2025092414,2,1,6603,0.84,5,0,True,2025-09-24 14:50:00
6147,6147,97,4,2025122418,1,1,5271,0.97,3,0,False,2025-12-24 18:22:45
6148,6148,97,10,2025122418,1,1,13762,0.92,5,0,True,2025-12-24 18:26:45
6149,6149,135,19,2025112107,3,7,10363,0.13,1,1,False,2025-11-21 07:15:37
6150,6150,135,23,2025112107,3,1,13277,0.93,3,0,False,2025-11-21 07:18:37
6151,6151,135,8,2025112107,3,5,12697,0.24,1,0,False,2025-11-21 07:25:37
6152,6152,199,17,2025122711,6,1,10359,0.97,,0,False,2025-12-27 11:36:59
6153,6153,199,16,2025122711,6,1,7086,0.88,5,0,False,2025-12-27 11:38:59
6154,6154,6,1,2026031319,3,1,5352,0.93,4,0,True,2026-03-13 19:53:30
6155,6155,150,13,2025110206,1,1,4169,0.89,,0,True,2025-11-02 06:59:48
6156,6156,150,14,2025110207,1,1,9326,0.83,4,0,False,2025-11-02 07:03:48
6157,6157,438,17,2025121623,3,1,7350,0.93,4,0,False,2025-12-16 23:01:04
6158,6158,438,16,2025121623,3,1,11819,0.96,5,0,False,2025-12-16 23:03:04
6159,6159,247,13,2025120102,1,1,4592,0.94,4,0,False,2025-12-01 02:20:19
6160,6160,247,14,2025120102,1,1,11795,0.82,,0,False,2025-12-01 02:25:19
6161,6161,175,17,2025121416,1,1,9222,0.89,4,0,False,2025-12-14 16:57:37
6162,6162,175,16,2025121417,1,2,11554,0.22,2,0,False,2025-12-14 17:01:37
6163,6163,52,4,2025091913,3,1,14674,0.87,5,0,False,2025-09-19 13:58:29
6164,6164,52,10,2025091914,3,1,13536,0.91,4,0,False,2025-09-19 14:02:29
6165,6165,170,1,2025100614,3,1,14665,0.93,4,0,False,2025-10-06 14:50:16
6166,6166,121,20,2026012522,3,1,12134,0.93,4,0,True,2026-01-25 22:53:27
6167,6167,121,5,2026012522,3,1,13999,0.87,5,0,False,2026-01-25 22:58:27
6168,6168,978,4,2026031716,3,1,9125,0.88,,0,False,2026-03-17 16:57:52
6169,6169,978,10,2026031716,3,1,12275,0.93,4,0,True,2026-03-17 16:59:52
6170,6170,611,13,2026011614,1,1,5462,0.88,4,0,False,2026-01-16 14:16:09
6171,6171,611,14,2026011614,1,1,12001,0.86,5,0,True,2026-01-16 14:18:09
6172,6172,30,19,2025091618,1,1,9580,0.94,5,0,True,2025-09-16 18:20:09
6173,6173,30,23,2025091618,1,1,12738,0.9,4,0,False,2025-09-16 18:25:09
6174,6174,30,8,2025091618,1,1,10272,0.94,5,0,True,2025-09-16 18:28:09
6175,6175,840,9,2026020804,1,1,15454,0.94,,0,False,2026-02-08 04:03:10
6176,6176,258,4,2026020907,1,1,5460,0.89,4,0,False,2026-02-09 07:49:19
6177,6177,258,10,2026020907,1,1,10268,0.84,5,0,True,2026-02-09 07:52:19
6178,6178,25,13,2025121700,4,1,7033,0.88,5,0,True,2025-12-17 00:36:05
6179,6179,25,14,2025121700,4,1,12435,0.97,5,0,False,2025-12-17 00:41:05
6180,6180,18,16,2025102704,1,1,13646,0.82,4,0,True,2025-10-27 04:18:04
6181,6181,83,19,2025121208,3,1,10171,0.85,,0,False,2025-12-12 08:12:59
6182,6182,83,23,2025121208,3,1,13765,0.84,5,0,False,2025-12-12 08:14:59
6183,6183,83,8,2025121208,3,1,10937,0.9,3,0,False,2025-12-12 08:22:59
6184,6184,704,17,2025122712,2,1,11312,0.92,4,0,False,2025-12-27 12:48:04
6185,6185,704,16,2025122712,2,1,12973,0.84,4,0,False,2025-12-27 12:53:04
6186,6186,70,23,2025121906,2,1,12102,0.89,5,0,True,2025-12-19 06:25:20
6187,6187,68,19,2026030211,1,1,13340,0.87,5,0,False,2026-03-02 11:42:40
6188,6188,68,23,2026030211,1,2,7813,0.21,1,1,False,2026-03-02 11:46:40
6189,6189,68,8,2026030211,1,1,11093,0.88,4,0,False,2026-03-02 11:48:40
6190,6190,451,2,2026020707,1,1,8724,0.85,5,0,True,2026-02-07 07:13:39
6191,6191,451,5,2026020707,1,1,10175,0.85,4,0,False,2026-02-07 07:16:39
6192,6192,451,9,2026020707,1,1,14348,0.92,4,0,False,2026-02-07 07:17:39
6193,6193,504,13,2025102723,1,1,5224,0.92,4,0,False,2025-10-27 23:18:22
6194,6194,504,14,2025102723,1,1,6373,0.86,4,0,False,2025-10-27 23:23:22
6195,6195,175,17,2025110511,1,2,8385,0.02,1,0,False,2025-11-05 11:20:14
6196,6196,175,16,2025110511,1,7,6180,0.22,,0,False,2025-11-05 11:24:14
6197,6197,47,20,2026010609,3,1,7966,0.97,4,0,False,2026-01-06 09:29:44
6198,6198,47,5,2026010609,3,1,6807,0.97,4,0,False,2026-01-06 09:34:44
6199,6199,15,1,2025102903,2,1,8827,0.96,4,0,False,2025-10-29 03:02:11
6200,6200,15,3,2025102903,2,1,7072,0.94,4,0,False,2025-10-29 03:05:11
6201,6201,15,8,2025102903,2,1,12814,0.94,5,0,False,2025-10-29 03:06:11
6202,6202,1000,23,2026020500,1,1,9090,0.91,4,0,False,2026-02-05 00:38:20
6203,6203,229,2,2025100516,2,1,11948,0.92,4,0,False,2025-10-05 16:06:50
6204,6204,229,5,2025100516,2,1,6597,0.9,4,0,False,2025-10-05 16:08:50
6205,6205,229,9,2025100516,2,1,6146,0.95,4,0,False,2025-10-05 16:10:50
6206,6206,465,17,2025100207,4,1,3767,0.83,3,0,False,2025-10-02 07:19:15
6207,6207,465,16,2025100207,4,1,7062,0.96,,0,False,2025-10-02 07:24:15
6208,6208,17,6,2026022622,1,1,8206,0.92,4,0,True,2026-02-26 22:26:53
6209,6209,1199,1,2025102721,3,1,7110,0.93,,0,False,2025-10-27 21:21:21
6210,6210,1199,3,2025102721,3,1,7502,0.88,3,0,True,2025-10-27 21:24:21
6211,6211,1199,8,2025102721,3,1,6112,0.9,4,0,True,2025-10-27 21:25:21
6212,6212,226,4,2025111810,1,1,8147,0.91,5,0,False,2025-11-18 10:31:34
6213,6213,21,6,2026011422,2,1,12273,0.96,4,0,False,2026-01-14 22:17:33
6214,6214,248,2,2025111111,2,1,11754,0.94,4,0,True,2025-11-11 11:27:36
6215,6215,248,5,2025111111,2,1,11194,0.85,5,0,False,2025-11-11 11:30:36
6216,6216,248,9,2025111111,2,1,10224,0.96,4,0,False,2025-11-11 11:31:36
6217,6217,85,23,2026032418,1,1,10597,0.85,,0,False,2026-03-24 18:51:06
6218,6218,315,6,2026032418,2,1,11396,0.97,4,0,True,2026-03-24 18:18:13
6219,6219,315,15,2026032418,2,1,9537,0.89,5,0,False,2026-03-24 18:23:13
6220,6220,367,17,2025090508,3,1,7472,0.92,4,0,False,2025-09-05 08:06:12
6221,6221,367,16,2025090508,3,1,9357,0.96,5,0,False,2025-09-05 08:11:12
6222,6222,45,19,2025120615,2,1,6197,0.85,,0,False,2025-12-06 15:30:59
6223,6223,45,23,2025120615,2,1,5279,0.85,5,0,True,2025-12-06 15:33:59
6224,6224,45,8,2025120615,2,1,4537,0.9,4,0,False,2025-12-06 15:38:59
6225,6225,214,17,2025090721,1,3,11794,0.09,1,0,False,2025-09-07 21:15:44
6226,6226,214,16,2025090721,1,1,11732,0.91,4,0,False,2025-09-07 21:20:44
6227,6227,38,17,2026011605,2,1,11636,0.97,4,0,False,2026-01-16 05:23:18
6228,6228,38,16,2026011605,2,1,5394,0.95,,0,False,2026-01-16 05:25:18
6229,6229,82,1,2025090606,1,1,11311,0.95,4,1,False,2025-09-06 06:57:08
6230,6230,82,3,2025090607,1,7,5418,0.21,2,2,False,2025-09-06 07:01:08
6231,6231,82,8,2025090607,1,1,7994,0.84,5,1,False,2025-09-06 07:05:08
6232,6232,312,19,2026020720,1,4,9758,0.04,,0,False,2026-02-07 20:12:17
6233,6233,312,23,2026020720,1,1,12362,0.85,4,0,False,2026-02-07 20:14:17
6234,6234,312,8,2026020720,1,1,13417,0.95,4,0,True,2026-02-07 20:18:17
6235,6235,746,20,2026032612,2,1,9476,0.93,5,0,False,2026-03-26 12:32:23
6236,6236,746,5,2026032612,2,1,14085,0.98,4,0,False,2026-03-26 12:34:23
6237,6237,59,17,2026022113,3,1,5343,0.84,4,0,False,2026-02-21 13:07:58
6238,6238,59,16,2026022113,3,1,6337,0.83,5,0,True,2026-02-21 13:10:58
6239,6239,156,20,2026020409,2,1,13402,0.98,4,0,False,2026-02-04 09:21:55
6240,6240,156,5,2026020409,2,1,6609,0.82,5,0,False,2026-02-04 09:23:55
6241,6241,61,6,2026031818,1,1,5458,0.94,3,0,True,2026-03-18 18:10:10
6242,6242,49,2,2026031008,2,1,11371,0.91,5,0,True,2026-03-10 08:30:17
6243,6243,49,5,2026031008,2,1,9031,0.89,4,0,True,2026-03-10 08:35:17
6244,6244,49,9,2026031008,2,1,6452,0.84,3,0,True,2026-03-10 08:36:17
6245,6245,33,8,2025112022,5,1,4702,0.9,5,0,False,2025-11-20 22:48:04
6246,6246,23,6,2025113012,1,1,5791,0.94,5,0,True,2025-11-30 12:42:11
6247,6247,23,15,2025113012,1,2,6624,0.28,1,1,False,2025-11-30 12:44:11
6248,6248,15,2,2025122613,2,4,4160,0.16,1,0,False,2025-12-26 13:52:37
6249,6249,129,2,2025101906,3,4,9329,0.04,,0,False,2025-10-19 06:00:26
6250,6250,129,5,2025101906,3,1,9131,0.85,4,1,False,2025-10-19 06:02:26
6251,6251,129,9,2025101906,3,1,12946,0.95,4,0,True,2025-10-19 06:06:26
6252,6252,3,13,2026032016,2,1,8219,0.96,4,0,True,2026-03-20 16:58:21
6253,6253,3,14,2026032017,2,1,5680,0.88,4,0,False,2026-03-20 17:02:21
6254,6254,96,17,2025123012,2,1,6308,0.86,,0,True,2025-12-30 12:36:06
6255,6255,96,16,2025123012,2,1,13761,0.94,4,0,False,2025-12-30 12:39:06
6256,6256,430,4,2026011619,2,1,6147,0.82,5,0,False,2026-01-16 19:10:18
6257,6257,430,10,2026011619,2,1,9425,0.89,,0,False,2026-01-16 19:13:18
6258,6258,1157,17,2026032014,5,1,4083,0.88,4,0,True,2026-03-20 14:16:03
6259,6259,189,20,2026030318,4,6,5394,0.0,,1,False,2026-03-03 18:41:13
6260,6260,189,5,2026030318,4,1,9416,0.94,4,0,False,2026-03-03 18:45:13
6261,6261,143,3,2025121622,1,1,12896,0.82,4,0,False,2025-12-16 22:50:14
6262,6262,35,2,2026021421,3,1,10888,0.93,4,0,True,2026-02-14 21:24:45
6263,6263,244,13,2025112104,1,1,10484,0.94,4,0,False,2025-11-21 04:47:08
6264,6264,244,14,2025112104,1,7,7439,0.18,,0,False,2025-11-21 04:51:08
6265,6265,971,13,2025111313,5,1,13812,0.96,5,0,False,2025-11-13 13:59:16
6266,6266,971,14,2025111314,5,1,13816,0.93,3,0,False,2025-11-13 14:04:16
6267,6267,682,20,2026012222,1,1,13950,0.84,5,0,False,2026-01-22 22:09:25
6268,6268,682,5,2026012222,1,7,11256,0.17,2,0,False,2026-01-22 22:14:25
6269,6269,244,4,2026031512,1,1,14080,0.89,4,0,False,2026-03-15 12:46:18
6270,6270,244,10,2026031512,1,1,10425,0.82,4,1,True,2026-03-15 12:48:18
6271,6271,1192,20,2025112119,2,1,4130,0.97,3,0,False,2025-11-21 19:04:39
6272,6272,1192,5,2025112119,2,1,12234,0.94,5,0,False,2025-11-21 19:07:39
6273,6273,298,13,2025111701,1,1,5676,0.84,3,0,False,2025-11-17 01:51:24
6274,6274,298,14,2025111701,1,1,14072,0.98,4,0,False,2025-11-17 01:53:24
6275,6275,69,11,2026011808,4,1,12332,0.84,5,0,True,2026-01-18 08:04:36
6276,6276,85,17,2025102419,3,2,8512,0.09,2,0,False,2025-10-24 19:08:50
6277,6277,85,16,2025102419,3,1,11456,0.88,4,0,True,2025-10-24 19:13:50
6278,6278,1099,13,2025091309,2,1,5041,0.84,4,0,False,2025-09-13 09:05:48
6279,6279,1099,14,2025091309,2,1,6047,0.95,4,0,False,2025-09-13 09:08:48
6280,6280,769,20,2025091923,2,1,11983,0.9,5,0,True,2025-09-19 23:28:14
6281,6281,769,5,2025091923,2,1,11338,0.82,3,0,False,2025-09-19 23:33:14
6282,6282,108,13,2026032005,2,1,5503,0.93,4,1,False,2026-03-20 05:22:33
6283,6283,108,14,2026032005,2,1,11212,0.9,3,1,True,2026-03-20 05:24:33
6284,6284,315,23,2026020918,3,1,12010,0.9,4,0,False,2026-02-09 18:21:26
6285,6285,548,8,2026032702,3,1,5866,0.89,5,0,False,2026-03-27 02:31:44
6286,6286,106,12,2025112517,2,1,10565,0.95,4,0,False,2025-11-25 17:49:21
6287,6287,18,13,2025111622,1,6,8824,0.0,2,0,False,2025-11-16 22:14:10
6288,6288,18,14,2025111622,1,3,10855,0.04,1,0,False,2025-11-16 22:16:10
6289,6289,362,1,2026010101,3,1,12662,0.94,4,0,True,2026-01-01 01:32:25
6290,6290,362,3,2026010101,3,1,10989,0.93,4,1,False,2026-01-01 01:35:25
6291,6291,362,8,2026010101,3,1,13681,0.88,5,0,True,2026-01-01 01:36:25
6292,6292,41,19,2025121203,1,1,5714,0.91,4,0,False,2025-12-12 03:39:51
6293,6293,41,23,2025121203,1,4,9656,0.32,1,0,False,2025-12-12 03:41:51
6294,6294,41,8,2025121203,1,1,10098,0.94,4,0,False,2025-12-12 03:43:51
6295,6295,55,1,2026011513,1,1,11839,0.95,5,0,True,2026-01-15 13:03:19
6296,6296,55,3,2026011513,1,2,5074,0.25,,0,False,2026-01-15 13:07:19
6297,6297,55,8,2026011513,1,1,8605,0.86,,0,True,2026-01-15 13:09:19
6298,6298,222,2,2025101607,2,1,8628,0.94,4,1,False,2025-10-16 07:21:24
6299,6299,222,5,2025101607,2,1,5685,0.96,5,0,False,2025-10-16 07:25:24
6300,6300,222,9,2025101607,2,1,13609,0.92,4,0,False,2025-10-16 07:25:24
6301,6301,609,6,2026030504,3,1,3967,0.89,5,0,True,2026-03-05 04:07:51
6302,6302,1060,17,2025100103,1,1,13666,0.89,5,0,False,2025-10-01 03:22:49
6303,6303,1060,16,2025100103,1,1,11733,0.85,4,0,False,2025-10-01 03:25:49
6304,6304,1073,17,2026010804,5,1,6277,0.94,4,0,False,2026-01-08 04:07:50
6305,6305,1073,16,2026010804,5,2,5219,0.26,,0,False,2026-01-08 04:12:50
6306,6306,34,13,2025102300,1,1,6544,0.91,5,0,True,2025-10-23 00:16:22
6307,6307,34,14,2025102300,1,1,9786,0.87,5,0,False,2025-10-23 00:18:22
6308,6308,1019,16,2025121515,5,3,12802,0.34,1,0,False,2025-12-15 15:06:53
6309,6309,14,13,2026031818,1,1,5783,0.88,4,0,False,2026-03-18 18:21:03
6310,6310,14,14,2026031818,1,1,13098,0.91,5,1,True,2026-03-18 18:24:03
6311,6311,227,19,2025122702,3,1,6888,0.86,5,1,False,2025-12-27 02:00:30
6312,6312,247,24,2025090221,1,2,8518,0.04,2,0,False,2025-09-02 21:25:57
6313,6313,80,1,2025120223,3,1,6154,0.96,,0,False,2025-12-02 23:18:55
6314,6314,80,3,2025120223,3,1,4453,0.84,3,0,True,2025-12-02 23:20:55
6315,6315,80,8,2025120223,3,1,4032,0.9,4,0,False,2025-12-02 23:28:55
6316,6316,208,2,2025110613,2,3,7601,0.01,2,0,False,2025-11-06 13:22:20
6317,6317,262,19,2025122209,5,5,13533,0.13,1,0,False,2025-12-22 09:12:10
6318,6318,262,23,2025122209,5,1,6224,0.86,5,0,False,2025-12-22 09:15:10
6319,6319,262,8,2025122209,5,1,4441,0.83,5,1,False,2025-12-22 09:16:10
6320,6320,222,13,2025111409,1,1,14042,0.97,5,0,True,2025-11-14 09:22:28
6321,6321,96,19,2026011200,1,1,11943,0.9,5,0,True,2026-01-12 00:30:03
6322,6322,210,21,2026022609,1,1,8552,0.85,4,0,False,2026-02-26 09:18:27
6323,6323,45,2,2026010112,2,1,11177,0.87,4,0,False,2026-01-01 12:11:10
6324,6324,45,5,2026010112,2,1,6048,0.9,3,0,False,2026-01-01 12:13:10
6325,6325,45,9,2026010112,2,1,8709,0.95,4,0,False,2026-01-01 12:17:10
6326,6326,302,4,2025123022,1,1,5435,0.94,5,0,True,2025-12-30 22:39:53
6327,6327,302,10,2025123022,1,1,6359,0.89,4,0,False,2025-12-30 22:42:53
6328,6328,113,20,2025121501,1,1,11290,0.84,,0,False,2025-12-15 01:10:26
6329,6329,217,6,2026021416,3,1,9483,0.86,4,0,False,2026-02-14 16:36:49
6330,6330,217,15,2026021416,3,1,9275,0.96,5,0,False,2026-02-14 16:41:49
6331,6331,1108,3,2025111609,1,1,9374,0.84,5,0,True,2025-11-16 09:53:38
6332,6332,372,17,2026022411,3,1,13892,0.84,5,0,True,2026-02-24 11:52:54
6333,6333,372,16,2026022411,3,1,6434,0.95,4,0,False,2026-02-24 11:55:54
6334,6334,341,2,2026012318,1,5,7966,0.25,1,0,False,2026-01-23 18:35:21
6335,6335,341,5,2026012318,1,1,14104,0.95,4,0,False,2026-01-23 18:38:21
6336,6336,341,9,2026012318,1,7,13848,0.16,,2,False,2026-01-23 18:41:21
6337,6337,751,2,2026021508,6,1,10480,0.92,5,0,False,2026-02-15 08:47:53
6338,6338,1,20,2026030623,3,1,11122,0.97,5,0,False,2026-03-06 23:38:18
6339,6339,1,5,2026030623,3,1,9139,0.84,4,0,False,2026-03-06 23:43:18
6340,6340,1085,5,2025100421,2,1,13015,0.85,5,0,True,2025-10-04 21:25:02
6341,6341,1001,20,2026012416,2,1,5039,0.93,4,0,False,2026-01-24 16:08:21
6342,6342,1001,5,2026012416,2,1,7585,0.95,5,0,True,2026-01-24 16:10:21
6343,6343,1054,22,2025092819,2,1,6526,0.93,4,0,True,2025-09-28 19:43:25
6344,6344,140,9,2026031106,5,1,14747,0.84,5,0,False,2026-03-11 06:02:20
6345,6345,46,1,2025090815,1,2,13654,0.15,,0,False,2025-09-08 15:11:39
6346,6346,46,3,2025090815,1,1,8080,0.93,,0,True,2025-09-08 15:15:39
6347,6347,46,8,2025090815,1,6,9682,0.0,1,0,False,2025-09-08 15:17:39
6348,6348,239,8,2026022107,1,1,6342,0.82,5,0,False,2026-02-21 07:35:06
6349,6349,700,20,2025102713,1,1,6129,0.82,,0,False,2025-10-27 13:53:18
6350,6350,700,5,2025102713,1,1,14186,0.85,4,0,False,2025-10-27 13:56:18
6351,6351,30,1,2026011921,5,1,12899,0.92,5,0,True,2026-01-19 21:05:10
6352,6352,85,23,2026022821,1,1,10691,0.97,5,0,True,2026-02-28 21:30:53
6353,6353,73,13,2025091405,1,1,5987,0.96,,0,False,2025-09-14 05:02:27
6354,6354,73,14,2025091405,1,1,7935,0.94,4,0,False,2025-09-14 05:05:27
6355,6355,212,17,2026032219,1,1,11209,0.85,5,0,False,2026-03-22 19:03:31
6356,6356,212,16,2026032219,1,4,7951,0.32,,0,False,2026-03-22 19:07:31
6357,6357,25,7,2025122114,6,1,11472,0.83,3,0,False,2025-12-21 14:13:09
6358,6358,551,1,2026032303,5,1,11097,0.84,5,0,True,2026-03-23 03:32:21
6359,6359,551,3,2026032303,5,1,7168,0.92,4,0,True,2026-03-23 03:35:21
6360,6360,551,8,2026032303,5,4,5772,0.29,2,0,False,2026-03-23 03:36:21
6361,6361,355,11,2025113011,2,1,8479,0.98,4,0,True,2025-11-30 11:04:06
6362,6362,40,1,2026010903,1,1,11397,0.84,5,0,True,2026-01-09 03:02:08
6363,6363,40,3,2026010903,1,1,14150,0.82,5,0,True,2026-01-09 03:07:08
6364,6364,40,8,2026010903,1,1,8798,0.86,4,0,True,2026-01-09 03:06:08
6365,6365,313,7,2026031903,2,1,10776,0.84,5,0,True,2026-03-19 03:48:24
6366,6366,4,13,2025112803,2,1,10997,0.91,4,0,False,2025-11-28 03:05:28
6367,6367,169,13,2026021404,2,1,11173,0.98,4,0,False,2026-02-14 04:10:16
6368,6368,169,14,2026021404,2,1,14163,0.91,,0,False,2026-02-14 04:14:16
6369,6369,55,19,2025111901,2,1,10440,0.94,,0,False,2025-11-19 01:54:00
6370,6370,55,23,2025111901,2,1,12850,0.86,4,0,False,2025-11-19 01:58:00
6371,6371,55,8,2025111901,2,2,9631,0.23,2,1,False,2025-11-19 01:58:00
6372,6372,791,17,2026021515,1,2,8414,0.31,1,0,False,2026-02-15 15:46:19
6373,6373,126,19,2025123122,2,1,12447,0.95,4,0,False,2025-12-31 22:02:20
6374,6374,126,23,2025123122,2,1,4502,0.95,3,0,False,2025-12-31 22:05:20
6375,6375,126,8,2025123122,2,1,3990,0.83,5,0,False,2025-12-31 22:10:20
6376,6376,328,12,2025110906,4,1,9251,0.91,3,0,False,2025-11-09 06:38:43
6377,6377,3,16,2026021208,1,2,8217,0.21,1,0,False,2026-02-12 08:33:17
6378,6378,17,20,2026013009,1,4,10611,0.24,1,0,False,2026-01-30 09:40:07
6379,6379,17,5,2026013009,1,1,7797,0.84,4,0,False,2026-01-30 09:45:07
6380,6380,724,6,2026030717,3,1,10884,0.84,4,0,False,2026-03-07 17:00:50
6381,6381,724,15,2026030717,3,1,8141,0.94,3,0,False,2026-03-07 17:05:50
6382,6382,17,21,2025112000,1,1,10307,0.9,5,0,True,2025-11-20 00:04:54
6383,6383,1038,21,2025112904,1,1,5919,0.84,4,0,False,2025-11-29 04:27:05
6384,6384,609,19,2026021907,1,1,12116,0.89,4,0,True,2026-02-19 07:49:16
6385,6385,609,23,2026021907,1,1,9999,0.89,5,0,True,2026-02-19 07:54:16
6386,6386,609,8,2026021907,1,3,13266,0.27,,0,False,2026-02-19 07:53:16
6387,6387,281,9,2025120812,2,1,14165,0.88,4,0,True,2025-12-08 12:54:14
6388,6388,375,6,2025120312,1,1,5458,0.87,5,0,False,2025-12-03 12:58:45
6389,6389,375,15,2025120313,1,1,14081,0.98,,0,True,2025-12-03 13:02:45
6390,6390,12,20,2026012809,1,1,4980,0.83,5,0,False,2026-01-28 09:36:15
6391,6391,12,5,2026012809,1,6,7770,0.0,,0,False,2026-01-28 09:39:15
6392,6392,88,13,2025110708,2,1,9835,0.94,4,0,False,2025-11-07 08:28:54
6393,6393,88,14,2025110708,2,1,9078,0.91,4,0,False,2025-11-07 08:30:54
6394,6394,327,17,2026020714,6,1,11674,0.89,5,0,True,2026-02-07 14:28:52
6395,6395,327,16,2026020714,6,1,4178,0.89,5,0,False,2026-02-07 14:32:52
6396,6396,352,4,2026020509,1,1,7714,0.88,4,0,False,2026-02-05 09:09:25
6397,6397,80,19,2026021809,1,1,5299,0.92,5,0,True,2026-02-18 09:20:52
6398,6398,80,23,2026021809,1,1,11003,0.84,5,0,False,2026-02-18 09:22:52
6399,6399,80,8,2026021809,1,1,12822,0.92,3,0,False,2026-02-18 09:30:52
6400,6400,9,2,2026020500,1,1,6005,0.87,,0,False,2026-02-05 00:59:56
6401,6401,9,5,2026020501,1,1,4181,0.95,4,0,False,2026-02-05 01:01:56
6402,6402,9,9,2026020501,1,1,13615,0.95,4,0,False,2026-02-05 01:03:56
6403,6403,348,19,2026010622,2,1,13841,0.97,3,1,False,2026-01-06 22:08:04
6404,6404,348,23,2026010622,2,1,4339,0.88,,0,False,2026-01-06 22:12:04
6405,6405,348,8,2026010622,2,1,11017,0.89,5,0,False,2026-01-06 22:14:04
6406,6406,38,6,2025112600,2,1,6911,0.97,4,0,True,2025-11-26 00:12:52
6407,6407,38,15,2025112600,2,1,7330,0.96,5,0,True,2025-11-26 00:15:52
6408,6408,91,19,2025120910,2,1,14659,0.97,,0,True,2025-12-09 10:58:17
6409,6409,91,23,2025120911,2,1,4773,0.85,5,0,True,2025-12-09 11:02:17
6410,6410,91,8,2025120911,2,1,11615,0.83,4,0,False,2025-12-09 11:04:17
6411,6411,287,1,2025123019,1,6,5283,0.0,,0,False,2025-12-30 19:01:47
6412,6412,11,13,2025112915,1,1,5831,0.86,5,0,True,2025-11-29 15:42:04
6413,6413,11,14,2025112915,1,1,4956,0.93,,1,False,2025-11-29 15:45:04
6414,6414,88,19,2025100211,1,1,5854,0.85,5,0,False,2025-10-02 11:15:54
6415,6415,88,23,2025100211,1,1,14136,0.96,3,0,False,2025-10-02 11:17:54
6416,6416,88,8,2025100211,1,4,5585,0.28,1,0,False,2025-10-02 11:21:54
6417,6417,729,20,2025090906,2,1,5415,0.89,,0,False,2025-09-09 06:01:41
6418,6418,729,5,2025090906,2,1,11740,0.92,5,0,True,2025-09-09 06:06:41
6419,6419,228,17,2025090812,2,1,4076,0.96,4,1,False,2025-09-08 12:25:12
6420,6420,228,16,2025090812,2,1,5908,0.96,3,0,True,2025-09-08 12:28:12
6421,6421,184,19,2025121521,5,1,12008,0.93,5,0,False,2025-12-15 21:19:15
6422,6422,23,2,2026012101,4,1,7656,0.84,4,1,True,2026-01-21 01:30:16
6423,6423,23,5,2026012101,4,1,13232,0.93,4,0,True,2026-01-21 01:32:16
6424,6424,23,9,2026012101,4,1,6908,0.84,5,0,False,2026-01-21 01:40:16
6425,6425,198,1,2025092504,3,5,12154,0.17,2,0,False,2025-09-25 04:55:41
6426,6426,198,3,2025092504,3,1,9128,0.95,5,0,False,2025-09-25 04:59:41
6427,6427,198,8,2025092504,3,1,8837,0.83,4,1,False,2025-09-25 04:59:41
6428,6428,139,22,2026020709,5,1,14656,0.84,4,0,False,2026-02-07 09:56:01
6429,6429,9,4,2025111415,1,1,14805,0.83,,0,True,2025-11-14 15:22:50
6430,6430,9,10,2025111415,1,1,9478,0.96,4,0,False,2025-11-14 15:24:50
6431,6431,1062,2,2025100719,1,1,5101,0.97,3,1,False,2025-10-07 19:49:50
6432,6432,1062,5,2025100719,1,7,13208,0.09,1,0,False,2025-10-07 19:51:50
6433,6433,1062,9,2025100719,1,1,9957,0.92,,0,True,2025-10-07 19:59:50
6434,6434,98,18,2025121708,5,1,4474,0.95,5,1,False,2025-12-17 08:47:06
6435,6435,802,19,2025113020,3,1,6044,0.94,3,0,True,2025-11-30 20:25:04
6436,6436,802,23,2025113020,3,1,7408,0.95,4,0,False,2025-11-30 20:27:04
6437,6437,802,8,2025113020,3,1,8661,0.89,4,0,False,2025-11-30 20:35:04
6438,6438,905,17,2026032702,1,6,10420,0.0,,1,False,2026-03-27 02:12:43
6439,6439,905,16,2026032702,1,1,4860,0.97,4,0,False,2026-03-27 02:17:43
6440,6440,297,17,2025112004,1,1,12997,0.88,5,0,False,2025-11-20 04:30:57
6441,6441,297,16,2025112004,1,1,12732,0.83,,0,False,2025-11-20 04:35:57
6442,6442,657,13,2026010723,5,1,6472,0.85,4,0,False,2026-01-07 23:43:28
6443,6443,657,14,2026010723,5,1,5965,0.94,5,0,True,2026-01-07 23:46:28
6444,6444,1129,2,2026022215,1,1,4293,0.89,,0,False,2026-02-22 15:32:16
6445,6445,1129,5,2026022215,1,1,5836,0.93,5,0,True,2026-02-22 15:35:16
6446,6446,1129,9,2026022215,1,4,12911,0.01,2,0,False,2026-02-22 15:36:16
6447,6447,79,19,2026021702,1,4,14675,0.29,1,0,False,2026-02-17 02:48:22
6448,6448,860,1,2026030516,2,1,14978,0.92,3,0,False,2026-03-05 16:25:00
6449,6449,90,25,2026011018,1,7,10924,0.1,,0,False,2026-01-10 18:53:12
6450,6450,942,19,2026022716,3,4,14891,0.24,1,0,False,2026-02-27 16:21:53
6451,6451,942,23,2026022716,3,1,8460,0.9,4,0,False,2026-02-27 16:23:53
6452,6452,942,8,2026022716,3,1,6825,0.87,5,0,False,2026-02-27 16:31:53
6453,6453,124,2,2026022614,1,1,11396,0.94,4,0,False,2026-02-26 14:03:59
6454,6454,124,5,2026022614,1,1,7067,0.97,4,0,True,2026-02-26 14:08:59
6455,6455,124,9,2026022614,1,1,13193,0.88,4,0,True,2026-02-26 14:07:59
6456,6456,836,2,2025110510,2,3,10942,0.1,2,2,False,2025-11-05 10:07:08
6457,6457,11,1,2025102302,3,1,12997,0.92,5,0,True,2025-10-23 02:21:37
6458,6458,11,3,2025102302,3,1,6316,0.86,3,0,False,2025-10-23 02:23:37
6459,6459,11,8,2025102302,3,5,3930,0.06,1,0,False,2025-10-23 02:25:37
6460,6460,400,14,2025111917,1,1,7794,0.87,5,0,False,2025-11-19 17:39:49
6461,6461,719,2,2025112415,2,1,5044,0.97,3,0,True,2025-11-24 15:56:10
6462,6462,719,5,2025112416,2,1,13523,0.89,3,0,False,2025-11-24 16:01:10
6463,6463,719,9,2025112416,2,1,14731,0.91,5,0,False,2025-11-24 16:06:10
6464,6464,21,19,2025110714,1,5,10956,0.06,2,0,False,2025-11-07 14:03:03
6465,6465,21,23,2025110714,1,2,5518,0.06,,2,False,2025-11-07 14:05:03
6466,6466,21,8,2025110714,1,1,9505,0.93,,0,True,2025-11-07 14:09:03
6467,6467,316,1,2026022019,2,1,8331,0.89,4,0,False,2026-02-20 19:51:18
6468,6468,1091,13,2026022714,1,1,8283,0.94,5,1,False,2026-02-27 14:14:04
6469,6469,1091,14,2026022714,1,1,10380,0.97,5,0,True,2026-02-27 14:18:04
6470,6470,410,8,2025123011,1,1,11174,0.92,5,0,False,2025-12-30 11:50:39
6471,6471,923,6,2026012120,3,1,13463,0.84,5,0,False,2026-01-21 20:47:23
6472,6472,923,15,2026012120,3,1,13172,0.91,5,0,False,2026-01-21 20:50:23
6473,6473,227,17,2025121314,1,1,4785,0.88,,0,False,2025-12-13 14:52:55
6474,6474,227,16,2025121314,1,1,13643,0.87,5,0,True,2025-12-13 14:55:55
6475,6475,271,14,2025112223,2,1,8731,0.95,4,0,False,2025-11-22 23:47:26
6476,6476,49,19,2026022205,1,6,10575,0.0,,0,False,2026-02-22 05:59:27
6477,6477,49,23,2026022206,1,1,11199,0.93,4,1,True,2026-02-22 06:04:27
6478,6478,49,8,2026022206,1,4,12359,0.14,1,0,False,2026-02-22 06:09:27
6479,6479,373,17,2026032222,1,1,4426,0.93,4,0,False,2026-03-22 22:55:48
6480,6480,373,16,2026032223,1,3,9511,0.04,,1,False,2026-03-22 23:00:48
6481,6481,2,13,2025092113,3,1,13426,0.83,5,0,False,2025-09-21 13:39:17
6482,6482,2,14,2025092113,3,1,6110,0.97,5,0,False,2025-09-21 13:43:17
6483,6483,1139,17,2026030417,6,1,6294,0.97,5,0,True,2026-03-04 17:43:27
6484,6484,1139,16,2026030417,6,1,4611,0.97,,0,False,2026-03-04 17:47:27
6485,6485,367,11,2025111919,2,1,6063,0.9,5,0,True,2025-11-19 19:25:14
6486,6486,6,2,2026030522,3,1,5436,0.94,4,0,False,2026-03-05 22:37:55
6487,6487,139,6,2026030112,1,1,9758,0.9,4,0,True,2026-03-01 12:51:47
6488,6488,139,15,2026030112,1,1,9863,0.9,4,0,False,2026-03-01 12:53:47
6489,6489,797,13,2026031103,2,1,4711,0.87,5,0,False,2026-03-11 03:01:49
6490,6490,797,14,2026031103,2,1,4922,0.87,4,0,False,2026-03-11 03:04:49
6491,6491,733,6,2025092020,2,1,11776,0.98,4,0,False,2025-09-20 20:53:15
6492,6492,733,15,2025092020,2,1,5293,0.84,4,0,False,2025-09-20 20:56:15
6493,6493,564,13,2026031615,2,1,12849,0.93,4,0,False,2026-03-16 15:07:33
6494,6494,564,14,2026031615,2,1,5608,0.84,,0,False,2026-03-16 15:11:33
6495,6495,744,13,2025112604,2,1,12027,0.98,4,0,True,2025-11-26 04:06:46
6496,6496,215,13,2026022317,5,1,13575,0.91,5,1,True,2026-02-23 17:04:59
6497,6497,215,14,2026022317,5,1,12230,0.9,4,0,False,2026-02-23 17:06:59
6498,6498,386,11,2025112215,2,1,13458,0.89,5,0,False,2025-11-22 15:15:35
6499,6499,55,17,2026030421,3,1,8421,0.87,5,0,False,2026-03-04 21:53:38
6500,6500,55,16,2026030421,3,1,12901,0.93,,0,True,2026-03-04 21:58:38
6501,6501,145,25,2025091805,2,1,4963,0.87,4,0,True,2025-09-18 05:01:32
6502,6502,328,1,2025102014,1,1,9166,0.96,4,0,False,2025-10-20 14:16:25
6503,6503,328,3,2025102014,1,1,8172,0.93,5,1,True,2025-10-20 14:21:25
6504,6504,328,8,2025102014,1,1,10356,0.88,5,0,False,2025-10-20 14:20:25
6505,6505,174,1,2026031817,2,1,6790,0.93,4,0,True,2026-03-18 17:53:14
6506,6506,174,3,2026031817,2,1,7008,0.94,4,0,False,2026-03-18 17:57:14
6507,6507,174,8,2026031817,2,1,12436,0.85,3,0,False,2026-03-18 17:57:14
6508,6508,69,6,2025122104,2,1,14069,0.91,5,0,False,2025-12-21 04:29:54
6509,6509,69,15,2025122104,2,1,11712,0.95,4,1,False,2025-12-21 04:34:54
6510,6510,18,13,2026020718,1,1,12566,0.95,5,0,True,2026-02-07 18:16:05
6511,6511,18,14,2026020718,1,1,13774,0.93,5,0,True,2026-02-07 18:18:05
6512,6512,275,24,2026010603,2,1,5118,0.83,5,0,True,2026-01-06 03:27:46
6513,6513,78,22,2026021906,1,1,11329,0.92,,1,False,2026-02-19 06:24:04
6514,6514,371,17,2026022408,1,1,6787,0.95,4,0,True,2026-02-24 08:08:12
6515,6515,371,16,2026022408,1,1,13803,0.87,4,1,False,2026-02-24 08:12:12
6516,6516,85,17,2025122511,2,1,4174,0.84,5,0,False,2025-12-25 11:21:16
6517,6517,85,16,2025122511,2,1,10348,0.82,4,0,True,2025-12-25 11:23:16
6518,6518,41,2,2026011109,1,1,7417,0.82,4,1,True,2026-01-11 09:52:27
6519,6519,1048,19,2025122615,1,1,11961,0.91,5,0,False,2025-12-26 15:53:02
6520,6520,1048,23,2025122615,1,2,4787,0.35,2,0,False,2025-12-26 15:55:02
6521,6521,1048,8,2025122615,1,1,8349,0.92,4,0,True,2025-12-26 15:59:02
6522,6522,246,19,2026011518,1,1,6256,0.98,5,0,True,2026-01-15 18:10:00
6523,6523,246,23,2026011518,1,1,13955,0.92,4,1,False,2026-01-15 18:12:00
6524,6524,246,8,2026011518,1,1,13409,0.97,5,0,True,2026-01-15 18:16:00
6525,6525,74,17,2026030918,1,1,6715,0.91,4,0,False,2026-03-09 18:18:42
6526,6526,74,16,2026030918,1,1,7825,0.91,5,0,False,2026-03-09 18:21:42
6527,6527,24,5,2025092602,1,1,8563,0.92,4,0,True,2025-09-26 02:51:38
6528,6528,69,1,2025100500,3,1,14142,0.88,4,0,True,2025-10-05 00:08:19
6529,6529,69,3,2025100500,3,1,13933,0.94,,0,True,2025-10-05 00:11:19
6530,6530,69,8,2025100500,3,1,4889,0.92,5,0,True,2025-10-05 00:12:19
6531,6531,206,4,2025120809,1,1,6081,0.93,5,0,False,2025-12-08 09:21:36
6532,6532,206,10,2025120809,1,4,7604,0.3,,0,False,2025-12-08 09:24:36
6533,6533,438,19,2025120213,1,1,5385,0.92,4,0,True,2025-12-02 13:04:46
6534,6534,438,23,2025120213,1,1,13449,0.9,5,0,True,2025-12-02 13:09:46
6535,6535,438,8,2025120213,1,1,11061,0.93,4,0,False,2025-12-02 13:10:46
6536,6536,75,20,2026031010,1,3,10821,0.18,1,0,False,2026-03-10 10:05:11
6537,6537,75,5,2026031010,1,2,8038,0.22,1,0,False,2026-03-10 10:08:11
6538,6538,58,13,2025100122,1,1,6699,0.86,4,0,False,2025-10-01 22:46:23
6539,6539,58,14,2025100122,1,1,6702,0.96,4,0,False,2025-10-01 22:50:23
6540,6540,3,2,2026011818,1,5,6798,0.25,2,2,False,2026-01-18 18:22:48
6541,6541,3,5,2026011818,1,1,5744,0.9,5,0,False,2026-01-18 18:26:48
6542,6542,3,9,2026011818,1,1,5448,0.83,4,0,True,2026-01-18 18:32:48
6543,6543,268,18,2025121317,2,2,12435,0.33,2,1,False,2025-12-13 17:11:28
6544,6544,335,10,2026030108,1,3,6476,0.24,1,2,False,2026-03-01 08:34:17
6545,6545,354,20,2025102016,1,1,14074,0.89,4,0,False,2025-10-20 16:08:41
6546,6546,354,5,2025102016,1,1,11586,0.86,5,0,True,2025-10-20 16:10:41
6547,6547,85,6,2026021818,2,1,8549,0.87,5,0,False,2026-02-18 18:19:29
6548,6548,85,15,2026021818,2,1,7886,0.94,3,0,False,2026-02-18 18:22:29
6549,6549,108,13,2025122115,2,1,9651,0.83,4,0,False,2025-12-21 15:58:03
6550,6550,108,14,2025122116,2,1,14121,0.87,5,0,True,2025-12-21 16:02:03
6551,6551,476,13,2025092513,1,1,12790,0.92,4,0,False,2025-09-25 13:45:20
6552,6552,476,14,2025092513,1,6,7355,0.0,,1,False,2025-09-25 13:47:20
6553,6553,616,2,2025112023,4,1,11112,0.94,4,0,False,2025-11-20 23:34:06
6554,6554,616,5,2025112023,4,1,5336,0.94,5,0,True,2025-11-20 23:38:06
6555,6555,616,9,2025112023,4,1,8579,0.93,4,0,False,2025-11-20 23:40:06
6556,6556,44,5,2026010521,2,2,13705,0.16,,0,False,2026-01-05 21:09:21
6557,6557,346,1,2026030813,1,5,5869,0.31,,0,False,2026-03-08 13:13:55
6558,6558,346,3,2026030813,1,1,7121,0.87,,0,True,2026-03-08 13:18:55
6559,6559,346,8,2026030813,1,6,7646,0.0,1,1,False,2026-03-08 13:23:55
6560,6560,1128,20,2026012820,2,1,12925,0.87,,0,False,2026-01-28 20:12:57
6561,6561,1128,5,2026012820,2,3,11359,0.2,1,1,False,2026-01-28 20:15:57
6562,6562,46,14,2026022806,1,1,9671,0.96,4,0,False,2026-02-28 06:00:56
6563,6563,967,21,2025091618,1,1,12977,0.96,4,1,False,2025-09-16 18:53:27
6564,6564,41,13,2025091519,1,1,5781,0.9,4,0,True,2025-09-15 19:12:52
6565,6565,41,14,2025091519,1,1,9178,0.86,3,0,False,2025-09-15 19:16:52
6566,6566,229,1,2026030802,6,1,12464,0.97,,0,False,2026-03-08 02:08:08
6567,6567,229,3,2026030802,6,1,10333,0.96,5,0,True,2026-03-08 02:11:08
6568,6568,229,8,2026030802,6,1,13121,0.83,4,0,False,2026-03-08 02:14:08
6569,6569,283,2,2026020506,1,1,14183,0.9,4,0,True,2026-02-05 06:54:53
6570,6570,1122,2,2026030318,5,1,7494,0.89,4,0,False,2026-03-03 18:59:52
6571,6571,93,19,2025121515,3,1,6989,0.87,5,0,False,2025-12-15 15:35:43
6572,6572,93,23,2025121515,3,1,12315,0.94,3,0,False,2025-12-15 15:38:43
6573,6573,93,8,2025121515,3,1,8371,0.85,3,0,False,2025-12-15 15:39:43
6574,6574,246,17,2025092614,5,1,4786,0.95,5,0,True,2025-09-26 14:12:47
6575,6575,246,16,2025092614,5,1,6853,0.97,3,1,True,2025-09-26 14:16:47
6576,6576,282,24,2026030107,1,2,8259,0.34,2,1,False,2026-03-01 07:37:49
6577,6577,75,11,2025101511,4,1,5757,0.85,4,0,False,2025-10-15 11:13:04
6578,6578,109,13,2026021423,1,3,7653,0.22,2,0,False,2026-02-14 23:57:19
6579,6579,109,14,2026021423,1,1,4351,0.89,,0,True,2026-02-14 23:59:19
6580,6580,89,3,2026022819,2,1,4879,0.88,5,0,False,2026-02-28 19:32:51
6581,6581,70,9,2025101814,1,1,13983,0.85,3,0,False,2025-10-18 14:59:32
6582,6582,420,10,2026032912,1,7,6620,0.16,2,0,False,2026-03-29 12:00:18
6583,6583,193,16,2025121003,1,1,13521,0.96,5,1,True,2025-12-10 03:49:34
6584,6584,389,2,2026031609,1,1,7592,0.94,4,0,False,2026-03-16 09:56:23
6585,6585,389,5,2026031609,1,1,6642,0.96,4,0,False,2026-03-16 09:59:23
6586,6586,389,9,2026031610,1,1,13049,0.84,5,0,True,2026-03-16 10:00:23
6587,6587,418,4,2026011512,2,1,7410,0.85,4,0,False,2026-01-15 12:26:38
6588,6588,11,6,2025090410,2,1,6918,0.92,5,0,False,2025-09-04 10:52:04
6589,6589,11,15,2025090410,2,1,7071,0.84,4,1,False,2025-09-04 10:55:04
6590,6590,229,3,2025120105,3,1,10298,0.84,5,0,False,2025-12-01 05:46:08
6591,6591,324,16,2026011609,2,1,10609,0.85,4,0,False,2026-01-16 09:19:37
6592,6592,678,6,2025092108,2,1,4052,0.96,3,0,True,2025-09-21 08:03:21
6593,6593,678,15,2025092108,2,1,8333,0.98,,1,False,2025-09-21 08:05:21
6594,6594,195,19,2026022507,2,1,7163,0.93,4,0,True,2026-02-25 07:20:22
6595,6595,195,23,2026022507,2,1,5097,0.93,5,0,True,2026-02-25 07:24:22
6596,6596,195,8,2026022507,2,1,8193,0.97,4,0,True,2026-02-25 07:30:22
6597,6597,207,11,2026012200,1,1,10395,0.84,5,0,False,2026-01-22 00:09:23
6598,6598,94,13,2026031117,1,1,4464,0.84,5,0,False,2026-03-11 17:25:05
6599,6599,94,14,2026031117,1,1,4106,0.87,,0,True,2026-03-11 17:30:05
6600,6600,77,9,2025092607,1,1,9053,0.98,4,0,False,2025-09-26 07:31:03
6601,6601,1,19,2025103010,2,1,8995,0.85,4,0,False,2025-10-30 10:36:23
6602,6602,1,23,2025103010,2,1,7037,0.82,5,0,False,2025-10-30 10:41:23
6603,6603,1,8,2025103010,2,1,8890,0.94,4,0,True,2025-10-30 10:42:23
6604,6604,762,17,2025110423,5,1,3723,0.86,5,0,True,2025-11-04 23:59:51
6605,6605,762,16,2025110500,5,1,12805,0.82,4,0,True,2025-11-05 00:04:51
6606,6606,9,6,2025092801,4,1,14165,0.88,3,1,False,2025-09-28 01:03:39
6607,6607,9,15,2025092801,4,5,10087,0.25,,0,False,2025-09-28 01:05:39
6608,6608,1022,1,2026030217,1,5,9979,0.25,,0,False,2026-03-02 17:27:56
6609,6609,1022,3,2026030217,1,1,8611,0.87,3,0,False,2026-03-02 17:31:56
6610,6610,1022,8,2026030217,1,3,12246,0.11,2,0,False,2026-03-02 17:37:56
6611,6611,133,13,2025120120,3,1,12432,0.95,,0,True,2025-12-01 20:45:37
6612,6612,133,14,2025120120,3,4,6313,0.25,2,0,False,2025-12-01 20:50:37
6613,6613,76,20,2025100704,1,1,6080,0.86,4,1,False,2025-10-07 04:54:32
6614,6614,76,5,2025100704,1,1,10985,0.83,5,0,False,2025-10-07 04:57:32
6615,6615,62,19,2025111107,1,1,14949,0.97,,0,False,2025-11-11 07:29:03
6616,6616,62,23,2025111107,1,1,5389,0.96,4,0,True,2025-11-11 07:34:03
6617,6617,62,8,2025111107,1,1,12056,0.95,4,0,False,2025-11-11 07:39:03
6618,6618,796,4,2025120713,3,1,13994,0.91,,0,False,2025-12-07 13:43:44
6619,6619,796,10,2025120713,3,1,13448,0.86,5,0,False,2025-12-07 13:48:44
6620,6620,177,19,2026022711,1,1,7182,0.94,,0,False,2026-02-27 11:25:53
6621,6621,177,23,2026022711,1,7,11492,0.25,1,0,False,2026-02-27 11:30:53
6622,6622,177,8,2026022711,1,6,8961,0.0,1,0,False,2026-02-27 11:31:53
6623,6623,162,20,2026032403,1,1,12625,0.87,5,0,False,2026-03-24 03:19:05
6624,6624,31,19,2026021101,2,1,6262,0.91,,0,False,2026-02-11 01:26:17
6625,6625,31,23,2026021101,2,1,11788,0.82,5,0,True,2026-02-11 01:30:17
6626,6626,31,8,2026021101,2,1,10408,0.88,4,0,False,2026-02-11 01:36:17
6627,6627,505,13,2025103002,5,1,10727,0.82,5,0,False,2025-10-30 02:39:49
6628,6628,505,14,2025103002,5,2,9542,0.05,2,0,False,2025-10-30 02:43:49
6629,6629,358,19,2026012021,5,1,5127,0.93,4,1,True,2026-01-20 21:30:38
6630,6630,358,23,2026012021,5,1,4496,0.87,4,0,False,2026-01-20 21:34:38
6631,6631,358,8,2026012021,5,5,13457,0.1,2,0,False,2026-01-20 21:38:38
6632,6632,194,1,2026032512,1,1,7885,0.85,4,0,False,2026-03-25 12:07:20
6633,6633,194,3,2026032512,1,1,6164,0.86,,0,True,2026-03-25 12:10:20
6634,6634,194,8,2026032512,1,3,12303,0.01,1,1,False,2026-03-25 12:11:20
6635,6635,367,4,2025101818,2,1,13178,0.85,5,0,False,2025-10-18 18:54:49
6636,6636,367,10,2025101818,2,1,13310,0.91,3,0,True,2025-10-18 18:56:49
6637,6637,19,19,2026012207,3,1,6866,0.94,5,0,False,2026-01-22 07:00:51
6638,6638,19,23,2026012207,3,1,9084,0.86,4,1,True,2026-01-22 07:05:51
6639,6639,19,8,2026012207,3,1,9661,0.85,4,0,False,2026-01-22 07:10:51
6640,6640,445,24,2026021100,2,1,8220,0.91,5,0,True,2026-02-11 00:12:01
6641,6641,360,4,2026030923,1,1,14598,0.96,4,0,False,2026-03-09 23:57:19
6642,6642,360,10,2026031000,1,1,5197,0.9,4,0,False,2026-03-10 00:01:19
6643,6643,312,20,2025111023,2,1,4557,0.96,5,1,False,2025-11-10 23:43:25
6644,6644,312,5,2025111023,2,1,4681,0.89,4,0,False,2025-11-10 23:46:25
6645,6645,43,22,2025091818,2,1,11914,0.92,,0,False,2025-09-18 18:03:29
6646,6646,327,4,2026022503,2,1,8263,0.95,4,0,False,2026-02-25 03:55:24
6647,6647,327,10,2026022504,2,1,6607,0.97,5,0,False,2026-02-25 04:00:24
6648,6648,297,17,2026020620,1,1,4840,0.82,3,0,True,2026-02-06 20:46:34
6649,6649,297,16,2026020620,1,6,9720,0.0,,0,False,2026-02-06 20:51:34
6650,6650,85,6,2026020711,1,5,14196,0.18,2,1,False,2026-02-07 11:45:18
6651,6651,85,15,2026020711,1,1,13788,0.89,3,0,False,2026-02-07 11:47:18
6652,6652,24,16,2026010407,1,3,14134,0.12,2,0,False,2026-01-04 07:48:17
6653,6653,374,19,2025112108,6,1,10064,0.98,4,1,False,2025-11-21 08:35:53
6654,6654,67,19,2026012111,1,3,15194,0.27,2,0,False,2026-01-21 11:42:20
6655,6655,570,20,2025113013,1,1,10060,0.82,4,0,False,2025-11-30 13:25:26
6656,6656,570,5,2025113013,1,1,13773,0.95,5,0,False,2025-11-30 13:29:26
6657,6657,96,2,2026013110,1,1,5978,0.96,4,0,False,2026-01-31 10:15:09
6658,6658,96,5,2026013110,1,1,6969,0.93,5,0,False,2026-01-31 10:20:09
6659,6659,96,9,2026013110,1,7,8159,0.04,2,0,False,2026-01-31 10:25:09
6660,6660,262,2,2025111322,3,3,3903,0.1,,0,False,2025-11-13 22:06:26
6661,6661,262,5,2025111322,3,1,5608,0.91,4,0,True,2025-11-13 22:11:26
6662,6662,262,9,2025111322,3,1,11470,0.92,5,0,False,2025-11-13 22:12:26
6663,6663,1086,17,2025122513,1,1,6365,0.87,3,0,False,2025-12-25 13:58:50
6664,6664,1086,16,2025122514,1,4,4362,0.11,1,0,False,2025-12-25 14:00:50
6665,6665,490,1,2025120423,1,1,7227,0.92,4,0,True,2025-12-04 23:03:48
6666,6666,490,3,2025120423,1,6,3857,0.0,2,0,False,2025-12-04 23:07:48
6667,6667,490,8,2025120423,1,1,11606,0.87,,0,True,2025-12-04 23:11:48
6668,6668,103,1,2025120209,3,1,10292,0.93,5,0,False,2025-12-02 09:25:33
6669,6669,103,3,2025120209,3,1,7299,0.92,4,0,False,2025-12-02 09:28:33
6670,6670,103,8,2025120209,3,1,11717,0.94,,0,True,2025-12-02 09:31:33
6671,6671,107,17,2026012821,2,1,13444,0.94,4,0,False,2026-01-28 21:40:12
6672,6672,107,16,2026012821,2,1,12213,0.86,4,1,False,2026-01-28 21:45:12
6673,6673,80,1,2026020411,1,3,10698,0.12,2,0,False,2026-02-04 11:45:16
6674,6674,80,3,2026020411,1,1,12139,0.96,5,0,False,2026-02-04 11:47:16
6675,6675,80,8,2026020411,1,1,13678,0.89,5,0,False,2026-02-04 11:55:16
6676,6676,271,1,2025101606,1,1,12546,0.9,,0,False,2025-10-16 06:47:49
6677,6677,271,3,2025101606,1,1,8432,0.87,5,0,True,2025-10-16 06:51:49
6678,6678,271,8,2025101606,1,1,13093,0.85,4,0,True,2025-10-16 06:55:49
6679,6679,93,1,2025100700,2,1,9669,0.91,4,0,False,2025-10-07 00:18:22
6680,6680,93,3,2025100700,2,1,7313,0.91,4,0,False,2025-10-07 00:20:22
6681,6681,93,8,2025100700,2,1,6962,0.88,5,0,True,2025-10-07 00:22:22
6682,6682,844,6,2026030903,2,1,8731,0.9,4,0,False,2026-03-09 03:36:18
6683,6683,844,15,2026030903,2,1,11035,0.92,4,0,False,2026-03-09 03:39:18
6684,6684,72,1,2026032520,1,1,5494,0.86,4,0,False,2026-03-25 20:45:56
6685,6685,72,3,2026032520,1,1,11645,0.86,4,0,True,2026-03-25 20:50:56
6686,6686,72,8,2026032520,1,1,6067,0.94,4,0,True,2026-03-25 20:49:56
6687,6687,434,4,2026031412,1,1,5969,0.98,5,0,False,2026-03-14 12:08:47
6688,6688,434,10,2026031412,1,4,6878,0.05,2,0,False,2026-03-14 12:13:47
6689,6689,711,1,2025122121,3,1,12569,0.97,5,0,False,2025-12-21 21:17:37
6690,6690,711,3,2025122121,3,1,7067,0.88,5,0,False,2025-12-21 21:20:37
6691,6691,711,8,2025122121,3,1,11421,0.89,4,0,False,2025-12-21 21:25:37
6692,6692,51,9,2025090819,2,1,8067,0.83,,0,False,2025-09-08 19:58:34
6693,6693,266,21,2025092122,2,1,6703,0.83,3,0,False,2025-09-21 22:08:49
6694,6694,90,23,2025121621,1,1,5516,0.9,3,0,True,2025-12-16 21:47:14
6695,6695,52,20,2025111804,3,1,11740,0.83,4,0,False,2025-11-18 04:47:22
6696,6696,52,5,2025111804,3,1,7369,0.91,4,0,False,2025-11-18 04:49:22
6697,6697,346,19,2026021423,1,1,14785,0.87,3,0,False,2026-02-14 23:40:59
6698,6698,293,1,2025112608,1,1,12944,0.97,4,0,False,2025-11-26 08:49:12
6699,6699,293,3,2025112608,1,1,5106,0.96,5,0,False,2025-11-26 08:53:12
6700,6700,293,8,2025112608,1,5,4065,0.17,2,0,False,2025-11-26 08:59:12
6701,6701,511,17,2025112621,1,1,10985,0.84,3,0,False,2025-11-26 21:46:39
6702,6702,511,16,2025112621,1,1,13585,0.89,4,0,False,2025-11-26 21:48:39
6703,6703,842,17,2026033005,1,1,10088,0.89,4,0,False,2026-03-30 05:07:48
6704,6704,842,16,2026033005,1,1,7039,0.91,4,0,True,2026-03-30 05:11:48
6705,6705,290,7,2026031913,3,1,8731,0.94,5,0,True,2026-03-19 13:53:18
6706,6706,271,1,2025090319,3,1,5178,0.96,,1,False,2025-09-03 19:39:53
6707,6707,271,3,2025090319,3,1,11879,0.9,5,0,False,2025-09-03 19:42:53
6708,6708,271,8,2025090319,3,1,8772,0.91,3,0,False,2025-09-03 19:49:53
6709,6709,367,1,2026022616,1,1,7817,0.89,4,0,False,2026-02-26 16:35:58
6710,6710,208,13,2025102304,4,1,9570,0.83,3,0,False,2025-10-23 04:30:41
6711,6711,208,14,2025102304,4,1,7085,0.94,4,0,True,2025-10-23 04:35:41
6712,6712,498,19,2025121513,3,1,11682,0.86,5,0,False,2025-12-15 13:59:33
6713,6713,498,23,2025121514,3,1,3785,0.97,4,0,False,2025-12-15 14:04:33
6714,6714,498,8,2025121514,3,1,7838,0.9,5,1,False,2025-12-15 14:07:33
6715,6715,315,6,2026032314,1,1,9384,0.92,5,0,True,2026-03-23 14:41:04
6716,6716,315,15,2026032314,1,1,6006,0.95,,0,False,2026-03-23 14:46:04
6717,6717,267,13,2025111322,2,1,7284,0.86,4,0,False,2025-11-13 22:54:08
6718,6718,267,14,2025111322,2,1,11298,0.95,3,0,False,2025-11-13 22:57:08
6719,6719,1083,13,2025121610,1,1,6861,0.83,4,0,False,2025-12-16 10:59:09
6720,6720,305,11,2026032318,1,1,4099,0.95,3,0,False,2026-03-23 18:58:04
6721,6721,1048,18,2025121716,1,1,11305,0.94,,0,False,2025-12-17 16:25:43
6722,6722,35,13,2026011206,2,1,5521,0.9,4,1,True,2026-01-12 06:07:25
6723,6723,35,14,2026011206,2,1,11540,0.84,4,0,True,2026-01-12 06:09:25
6724,6724,160,2,2026032309,2,1,6967,0.88,4,0,True,2026-03-23 09:17:20
6725,6725,160,5,2026032309,2,1,10875,0.95,5,0,False,2026-03-23 09:20:20
6726,6726,160,9,2026032309,2,1,9039,0.9,4,0,False,2026-03-23 09:23:20
6727,6727,158,13,2025100202,1,1,12747,0.88,5,1,False,2025-10-02 02:00:37
6728,6728,158,14,2025100202,1,1,9124,0.83,5,0,False,2025-10-02 02:05:37
6729,6729,124,19,2025103107,6,1,5922,0.97,4,1,False,2025-10-31 07:52:37
6730,6730,124,23,2025103107,6,1,5875,0.91,3,0,False,2025-10-31 07:57:37
6731,6731,124,8,2025103107,6,1,5672,0.89,4,0,True,2025-10-31 07:56:37
6732,6732,255,1,2025101808,2,1,7261,0.85,5,0,False,2025-10-18 08:24:38
6733,6733,255,3,2025101808,2,1,4313,0.82,5,0,True,2025-10-18 08:29:38
6734,6734,255,8,2025101808,2,1,13548,0.91,5,0,True,2025-10-18 08:34:38
6735,6735,43,2,2026033118,3,1,11819,0.87,5,0,False,2026-03-31 18:48:37
6736,6736,43,5,2026033118,3,1,8984,0.94,5,0,True,2026-03-31 18:51:37
6737,6737,43,9,2026033118,3,1,9380,0.92,4,0,False,2026-03-31 18:56:37
6738,6738,111,18,2026030106,1,1,13837,0.91,4,0,False,2026-03-01 06:15:50
6739,6739,334,20,2026021301,4,1,9638,0.89,5,0,False,2026-02-13 01:52:05
6740,6740,334,5,2026021301,4,1,10385,0.9,5,0,False,2026-02-13 01:54:05
6741,6741,43,7,2026012706,6,1,12241,0.91,5,1,False,2026-01-27 06:06:47
6742,6742,16,17,2025101612,1,1,3778,0.95,,0,True,2025-10-16 12:11:57
6743,6743,634,4,2025092022,1,1,8659,0.94,4,0,False,2025-09-20 22:39:49
6744,6744,634,10,2025092022,1,1,13829,0.94,4,0,False,2025-09-20 22:44:49
6745,6745,148,19,2025090715,1,1,12723,0.82,5,0,False,2025-09-07 15:17:15
6746,6746,148,23,2025090715,1,1,12526,0.98,3,0,False,2025-09-07 15:20:15
6747,6747,148,8,2025090715,1,1,9864,0.87,4,0,True,2025-09-07 15:21:15
6748,6748,308,4,2025111012,1,1,5781,0.87,4,0,False,2025-11-10 12:12:48
6749,6749,308,10,2025111012,1,1,7321,0.83,5,0,True,2025-11-10 12:17:48
6750,6750,51,2,2025101510,2,1,11076,0.96,,0,False,2025-10-15 10:20:48
6751,6751,51,5,2025101510,2,1,7704,0.82,5,0,False,2025-10-15 10:24:48
6752,6752,51,9,2025101510,2,1,12034,0.86,4,0,False,2025-10-15 10:30:48
6753,6753,46,13,2026021306,3,1,7036,0.89,4,0,False,2026-02-13 06:19:10
6754,6754,981,6,2026032204,2,5,10418,0.22,1,0,False,2026-03-22 04:38:59
6755,6755,981,15,2026032204,2,2,7778,0.23,2,0,False,2026-03-22 04:41:59
6756,6756,49,2,2026020807,2,1,10937,0.92,5,0,False,2026-02-08 07:40:37
6757,6757,49,5,2026020807,2,1,12383,0.93,4,0,True,2026-02-08 07:42:37
6758,6758,49,9,2026020807,2,1,12487,0.82,5,0,False,2026-02-08 07:50:37
6759,6759,68,25,2025111919,1,1,10114,0.96,4,0,False,2025-11-19 19:47:44
6760,6760,944,2,2026032205,1,1,6797,0.96,5,0,False,2026-03-22 05:05:57
6761,6761,944,5,2026032205,1,1,12347,0.95,3,1,True,2026-03-22 05:10:57
6762,6762,944,9,2026032205,1,1,10464,0.91,4,0,False,2026-03-22 05:13:57
6763,6763,624,22,2025121622,1,1,6113,0.97,,0,False,2025-12-16 22:30:33
6764,6764,838,1,2025122015,1,1,13076,0.88,4,0,False,2025-12-20 15:11:35
6765,6765,838,3,2025122015,1,3,4333,0.06,1,2,False,2025-12-20 15:16:35
6766,6766,838,8,2025122015,1,1,14193,0.9,5,0,False,2025-12-20 15:21:35
6767,6767,164,19,2026031216,2,1,13804,0.94,5,0,True,2026-03-12 16:20:23
6768,6768,164,23,2026031216,2,1,10211,0.9,5,0,True,2026-03-12 16:22:23
6769,6769,164,8,2026031216,2,1,13405,0.96,4,0,False,2026-03-12 16:26:23
6770,6770,74,1,2025122709,1,1,7815,0.97,4,0,False,2025-12-27 09:26:55
6771,6771,74,3,2025122709,1,1,12532,0.88,4,0,False,2025-12-27 09:30:55
6772,6772,74,8,2025122709,1,1,5640,0.98,3,1,True,2025-12-27 09:34:55
6773,6773,5,21,2025121416,5,1,15193,0.97,3,0,False,2025-12-14 16:52:20
6774,6774,14,24,2026032102,1,1,12464,0.89,4,0,False,2026-03-21 02:34:41
6775,6775,39,4,2025110120,5,1,8849,0.83,5,0,False,2025-11-01 20:05:52
6776,6776,39,10,2025110120,5,1,10330,0.95,,0,True,2025-11-01 20:09:52
6777,6777,29,16,2026010200,3,1,9833,0.83,4,0,False,2026-01-02 00:30:22
6778,6778,937,1,2025101402,3,1,13762,0.93,4,0,False,2025-10-14 02:25:21
6779,6779,213,19,2025122723,1,1,13227,0.88,4,1,True,2025-12-27 23:42:54
6780,6780,213,23,2025122723,1,1,4324,0.84,4,0,False,2025-12-27 23:45:54
6781,6781,213,8,2025122723,1,1,13122,0.83,5,0,False,2025-12-27 23:48:54
6782,6782,745,6,2026022103,2,1,9879,0.91,5,0,True,2026-02-21 03:03:09
6783,6783,745,15,2026022103,2,1,9092,0.97,5,0,False,2026-02-21 03:05:09
6784,6784,464,4,2025110717,1,1,13762,0.89,4,0,False,2025-11-07 17:31:26
6785,6785,464,10,2025110717,1,1,13323,0.85,4,0,False,2025-11-07 17:33:26
6786,6786,469,4,2025102516,4,1,10105,0.9,5,0,True,2025-10-25 16:29:58
6787,6787,469,10,2025102516,4,1,11029,0.94,,0,False,2025-10-25 16:31:58
6788,6788,194,3,2025113001,1,1,14095,0.97,5,1,True,2025-11-30 01:45:57
6789,6789,998,9,2026012907,1,1,8578,0.92,,1,False,2026-01-29 07:12:55
6790,6790,686,2,2025103000,2,1,10141,0.87,5,0,False,2025-10-30 00:36:40
6791,6791,686,5,2025103000,2,1,9937,0.97,4,0,True,2025-10-30 00:38:40
6792,6792,686,9,2025103000,2,6,5928,0.0,1,0,False,2025-10-30 00:44:40
6793,6793,169,2,2025091406,1,1,6507,0.88,5,0,True,2025-09-14 06:35:28
6794,6794,545,6,2025102518,4,1,8348,0.89,,0,False,2025-10-25 18:03:58
6795,6795,298,17,2025110308,3,1,9692,0.92,4,0,False,2025-11-03 08:37:29
6796,6796,460,19,2025112508,1,1,8394,0.88,5,0,False,2025-11-25 08:27:55
6797,6797,460,23,2025112508,1,1,10894,0.84,5,0,True,2025-11-25 08:29:55
6798,6798,460,8,2025112508,1,1,13593,0.94,5,0,True,2025-11-25 08:37:55
6799,6799,55,14,2026022113,2,1,14062,0.9,5,1,True,2026-02-21 13:29:47
6800,6800,28,20,2025121812,2,1,10799,0.84,5,0,False,2025-12-18 12:22:05
6801,6801,28,5,2025121812,2,1,6701,0.91,,0,False,2025-12-18 12:26:05
6802,6802,41,19,2026011700,1,1,9089,0.84,4,0,False,2026-01-17 00:43:21
6803,6803,41,23,2026011700,1,1,10771,0.96,4,0,False,2026-01-17 00:46:21
6804,6804,41,8,2026011700,1,1,13167,0.86,4,0,False,2026-01-17 00:47:21
6805,6805,194,19,2026032419,1,1,9315,0.88,5,1,True,2026-03-24 19:57:36
6806,6806,311,13,2026022418,1,6,7829,0.0,,0,False,2026-02-24 18:34:47
6807,6807,311,14,2026022418,1,1,7321,0.86,4,0,False,2026-02-24 18:38:47
6808,6808,41,19,2026022723,1,1,10526,0.89,4,0,False,2026-02-27 23:21:01
6809,6809,41,23,2026022723,1,3,11379,0.29,2,2,False,2026-02-27 23:24:01
6810,6810,41,8,2026022723,1,1,6369,0.86,5,0,True,2026-02-27 23:29:01
6811,6811,383,1,2025101004,1,1,14154,0.83,5,0,True,2025-10-10 04:42:22
6812,6812,383,3,2025101004,1,1,5817,0.82,4,1,False,2025-10-10 04:45:22
6813,6813,383,8,2025101004,1,1,7943,0.92,4,1,False,2025-10-10 04:50:22
6814,6814,285,6,2026020106,1,1,10420,0.91,4,0,False,2026-02-01 06:04:47
6815,6815,285,15,2026020106,1,1,9825,0.88,4,0,False,2026-02-01 06:06:47
6816,6816,90,13,2026010710,2,1,3872,0.96,4,0,False,2026-01-07 10:29:14
6817,6817,90,14,2026010710,2,1,5553,0.83,,0,False,2026-01-07 10:32:14
6818,6818,468,6,2025122507,2,1,5970,0.91,5,0,True,2025-12-25 07:14:00
6819,6819,226,20,2025110816,1,1,14157,0.91,5,0,False,2025-11-08 16:53:17
6820,6820,226,5,2025110816,1,1,14075,0.87,3,0,False,2025-11-08 16:55:17
6821,6821,576,13,2026031701,1,1,12080,0.92,4,0,False,2026-03-17 01:18:31
6822,6822,576,14,2026031701,1,5,11560,0.18,2,0,False,2026-03-17 01:21:31
6823,6823,1175,6,2025091501,5,1,11564,0.83,4,0,False,2025-09-15 01:54:43
6824,6824,1175,15,2025091501,5,1,12726,0.89,4,0,False,2025-09-15 01:57:43
6825,6825,106,20,2026030720,2,1,5413,0.93,5,0,False,2026-03-07 20:23:21
6826,6826,106,5,2026030720,2,1,8306,0.95,4,0,False,2026-03-07 20:25:21
6827,6827,350,12,2026011410,1,1,12058,0.93,5,0,True,2026-01-14 10:06:44
6828,6828,185,21,2026021111,2,1,7954,0.9,3,0,False,2026-02-11 11:51:05
6829,6829,230,19,2025111117,1,1,9247,0.91,5,0,False,2025-11-11 17:36:10
6830,6830,230,23,2025111117,1,1,9343,0.86,5,0,True,2025-11-11 17:39:10
6831,6831,230,8,2025111117,1,2,5190,0.26,,0,False,2025-11-11 17:46:10
6832,6832,330,21,2026032817,1,1,15494,0.93,4,0,True,2026-03-28 17:06:25
6833,6833,820,6,2026032504,2,1,11956,0.84,4,1,False,2026-03-25 04:12:11
6834,6834,820,15,2026032504,2,4,6426,0.03,2,0,False,2026-03-25 04:15:11
6835,6835,377,20,2026031902,1,1,8574,0.84,,0,False,2026-03-19 02:18:19
6836,6836,377,5,2026031902,1,1,13864,0.92,5,0,True,2026-03-19 02:22:19
6837,6837,158,4,2026030304,2,1,8182,0.87,4,0,False,2026-03-03 04:34:57
6838,6838,158,10,2026030304,2,1,12079,0.87,3,1,False,2026-03-03 04:38:57
6839,6839,99,17,2026021908,1,1,5280,0.9,5,0,False,2026-02-19 08:52:46
6840,6840,99,16,2026021908,1,1,13175,0.96,4,0,False,2026-02-19 08:57:46
6841,6841,392,14,2025122007,2,1,8576,0.83,4,0,True,2025-12-20 07:12:50
6842,6842,345,21,2026011313,2,1,6630,0.92,5,0,False,2026-01-13 13:52:08
6843,6843,390,20,2026021016,5,1,6088,0.91,3,0,False,2026-02-10 16:25:59
6844,6844,390,5,2026021016,5,1,6232,0.86,4,0,False,2026-02-10 16:27:59
6845,6845,501,6,2026011403,2,1,12149,0.83,,0,False,2026-01-14 03:11:53
6846,6846,501,15,2026011403,2,1,5391,0.95,5,1,True,2026-01-14 03:13:53
6847,6847,86,6,2026010210,1,1,4600,0.96,3,0,False,2026-01-02 10:50:27
6848,6848,525,6,2026021703,1,1,8685,0.82,4,0,False,2026-02-17 03:56:54
6849,6849,525,15,2026021703,1,1,10234,0.98,3,0,False,2026-02-17 03:58:54
6850,6850,352,14,2026032411,2,1,7655,0.96,4,0,False,2026-03-24 11:41:06
6851,6851,178,11,2025100802,1,1,12746,0.85,4,0,False,2025-10-08 02:17:14
6852,6852,394,22,2026032206,1,1,13344,0.88,5,1,False,2026-03-22 06:46:21
6853,6853,145,13,2026030923,1,1,8262,0.9,5,1,True,2026-03-09 23:16:19
6854,6854,145,14,2026030923,1,1,13137,0.89,4,0,False,2026-03-09 23:18:19
6855,6855,46,4,2025112615,3,1,14845,0.96,5,0,False,2025-11-26 15:03:33
6856,6856,46,10,2025112615,3,1,7472,0.95,4,0,False,2025-11-26 15:05:33
6857,6857,13,4,2026021621,2,1,12268,0.88,5,0,True,2026-02-16 21:03:48
6858,6858,13,10,2026021621,2,1,7835,0.86,5,0,False,2026-02-16 21:08:48
6859,6859,316,4,2025100415,2,1,14018,0.95,4,0,True,2025-10-04 15:53:30
6860,6860,316,10,2025100415,2,1,6685,0.88,,0,False,2025-10-04 15:56:30
6861,6861,1149,12,2026020102,1,1,8560,0.83,4,0,False,2026-02-01 02:39:10
6862,6862,310,13,2025121521,4,1,7751,0.88,5,0,True,2025-12-15 21:53:24
6863,6863,310,14,2025121521,4,2,12005,0.34,2,0,False,2025-12-15 21:57:24
6864,6864,83,16,2026032907,1,1,4554,0.89,4,0,True,2026-03-29 07:59:23
6865,6865,294,15,2025120908,1,1,5664,0.92,4,0,True,2025-12-09 08:04:21
6866,6866,1040,11,2025111820,1,4,4566,0.32,2,0,False,2025-11-18 20:39:25
6867,6867,1113,19,2026030123,1,1,14507,0.87,5,0,True,2026-03-01 23:47:42
6868,6868,1113,23,2026030123,1,1,8573,0.93,4,0,False,2026-03-01 23:51:42
6869,6869,1113,8,2026030123,1,2,7022,0.3,1,0,False,2026-03-01 23:57:42
6870,6870,709,6,2026011516,2,1,6451,0.98,4,0,False,2026-01-15 16:47:11
6871,6871,709,15,2026011516,2,1,13538,0.95,4,0,False,2026-01-15 16:52:11
6872,6872,158,20,2026010406,1,1,5250,0.87,,0,False,2026-01-04 06:26:06
6873,6873,158,5,2026010406,1,1,12610,0.88,5,0,False,2026-01-04 06:28:06
6874,6874,356,2,2026031902,1,1,6743,0.96,,0,False,2026-03-19 02:21:30
6875,6875,57,13,2026010917,2,1,7724,0.97,,0,False,2026-01-09 17:18:56
6876,6876,57,14,2026010917,2,1,13285,0.84,,0,True,2026-01-09 17:21:56
6877,6877,35,15,2026031407,1,1,13752,0.95,4,0,True,2026-03-14 07:33:16
6878,6878,175,1,2025100619,1,1,5522,0.87,4,1,False,2025-10-06 19:17:05
6879,6879,175,3,2025100619,1,1,6750,0.89,3,1,False,2025-10-06 19:20:05
6880,6880,175,8,2025100619,1,1,5479,0.97,4,0,False,2025-10-06 19:25:05
6881,6881,189,1,2026032518,2,1,10671,0.94,4,0,True,2026-03-25 18:37:32
6882,6882,189,3,2026032518,2,1,6552,0.86,4,0,False,2026-03-25 18:40:32
6883,6883,189,8,2026032518,2,1,9123,0.93,4,0,True,2026-03-25 18:41:32
6884,6884,328,1,2025112309,1,1,14496,0.84,4,1,False,2025-11-23 09:14:07
6885,6885,328,3,2025112309,1,1,8584,0.93,4,0,False,2025-11-23 09:18:07
6886,6886,328,8,2025112309,1,4,4202,0.18,1,0,False,2025-11-23 09:20:07
6887,6887,184,18,2025092104,2,1,8455,0.87,4,0,False,2025-09-21 04:18:18
6888,6888,58,19,2025120411,2,1,5751,0.94,5,0,False,2025-12-04 11:24:12
6889,6889,58,23,2025120411,2,1,9044,0.85,4,1,False,2025-12-04 11:29:12
6890,6890,58,8,2025120411,2,1,5297,0.86,,0,False,2025-12-04 11:28:12
6891,6891,561,19,2025101502,2,1,8849,0.88,,0,False,2025-10-15 02:01:21
6892,6892,561,23,2025101502,2,1,5758,0.96,3,0,False,2025-10-15 02:04:21
6893,6893,561,8,2025101502,2,1,13808,0.95,4,0,True,2025-10-15 02:05:21
6894,6894,1030,19,2026022305,1,1,10411,0.94,3,0,False,2026-02-23 05:00:27
6895,6895,1030,23,2026022305,1,2,8033,0.08,2,2,False,2026-02-23 05:02:27
6896,6896,1030,8,2026022305,1,1,9570,0.89,5,0,False,2026-02-23 05:10:27
6897,6897,83,22,2026012320,5,1,8640,0.89,4,0,False,2026-01-23 20:22:23
6898,6898,295,6,2026010508,1,1,7473,0.85,3,0,True,2026-01-05 08:01:40
6899,6899,295,15,2026010508,1,1,9850,0.87,,1,False,2026-01-05 08:03:40
6900,6900,9,1,2025102110,2,1,7509,0.82,3,1,False,2025-10-21 10:42:21
6901,6901,9,3,2025102110,2,1,10782,0.88,4,1,False,2025-10-21 10:45:21
6902,6902,9,8,2025102110,2,1,11562,0.92,4,0,True,2025-10-21 10:48:21
6903,6903,70,4,2025120517,6,1,14612,0.9,4,0,True,2025-12-05 17:03:39
6904,6904,70,10,2025120517,6,1,7247,0.86,5,0,True,2025-12-05 17:08:39
6905,6905,74,16,2026021904,6,1,6096,0.83,,0,True,2026-02-19 04:09:12
6906,6906,70,20,2026031402,2,3,5365,0.02,1,0,False,2026-03-14 02:23:31
6907,6907,70,5,2026031402,2,1,7011,0.87,,0,False,2026-03-14 02:28:31
6908,6908,197,9,2026032002,4,1,13733,0.87,5,0,False,2026-03-20 02:53:04
6909,6909,774,4,2025123008,2,1,5836,0.94,4,1,True,2025-12-30 08:14:40
6910,6910,774,10,2025123008,2,1,10892,0.88,,0,False,2025-12-30 08:18:40
6911,6911,784,20,2026012204,1,1,12182,0.85,5,0,False,2026-01-22 04:59:03
6912,6912,784,5,2026012205,1,1,12722,0.94,5,0,False,2026-01-22 05:02:03
6913,6913,84,12,2025121523,2,1,4440,0.95,4,0,False,2025-12-15 23:52:37
6914,6914,264,20,2025112816,1,1,6708,0.84,5,0,True,2025-11-28 16:24:12
6915,6915,264,5,2025112816,1,1,5802,0.84,5,0,False,2025-11-28 16:28:12
6916,6916,879,3,2025120915,6,1,13450,0.97,4,0,False,2025-12-09 15:14:36
6917,6917,201,13,2026011612,5,1,10564,0.89,4,0,False,2026-01-16 12:57:51
6918,6918,201,14,2026011613,5,1,11716,0.9,5,0,True,2026-01-16 13:01:51
6919,6919,307,13,2025100707,1,1,4764,0.83,5,0,False,2025-10-07 07:36:05
6920,6920,172,6,2025111812,3,1,13974,0.93,4,0,False,2025-11-18 12:44:58
6921,6921,172,15,2025111812,3,3,8363,0.33,,0,False,2025-11-18 12:46:58
6922,6922,256,17,2026032007,1,1,10436,0.98,4,0,True,2026-03-20 07:17:26
6923,6923,256,16,2026032007,1,1,5663,0.92,4,0,False,2026-03-20 07:19:26
6924,6924,48,23,2025123120,1,1,13211,0.9,4,0,False,2025-12-31 20:06:08
6925,6925,97,17,2026021504,2,1,9427,0.91,5,0,False,2026-02-15 04:21:23
6926,6926,97,16,2026021504,2,1,13864,0.96,,0,False,2026-02-15 04:26:23
6927,6927,372,4,2025122119,2,3,12467,0.08,2,0,False,2025-12-21 19:19:53
6928,6928,184,15,2026022221,2,1,9217,0.94,4,0,False,2026-02-22 21:54:17
6929,6929,400,1,2025112615,2,1,13824,0.93,5,0,True,2025-11-26 15:01:33
6930,6930,400,3,2025112615,2,1,13811,0.92,5,0,False,2025-11-26 15:03:33
6931,6931,400,8,2025112615,2,1,13529,0.86,5,0,True,2025-11-26 15:09:33
6932,6932,33,2,2025111001,1,1,7881,0.83,4,0,True,2025-11-10 01:10:30
6933,6933,33,5,2025111001,1,1,7268,0.93,4,0,True,2025-11-10 01:14:30
6934,6934,33,9,2025111001,1,1,14898,0.83,,0,False,2025-11-10 01:16:30
6935,6935,292,1,2025091504,1,1,7243,0.87,,0,False,2025-09-15 04:22:04
6936,6936,292,3,2025091504,1,1,5919,0.87,4,0,False,2025-09-15 04:25:04
6937,6937,292,8,2025091504,1,3,13537,0.25,1,0,False,2025-09-15 04:32:04
6938,6938,148,2,2025102619,2,1,8329,0.96,4,1,True,2025-10-26 19:01:01
6939,6939,148,5,2025102619,2,1,6189,0.89,,0,False,2025-10-26 19:06:01
6940,6940,148,9,2025102619,2,1,9715,0.84,3,0,False,2025-10-26 19:05:01
6941,6941,317,4,2025102714,1,1,13815,0.9,5,0,False,2025-10-27 14:08:43
6942,6942,5,21,2026022101,4,1,14959,0.83,4,0,True,2026-02-21 01:40:39
6943,6943,314,20,2026031013,2,1,10377,0.98,5,0,True,2026-03-10 13:28:47
6944,6944,314,5,2026031013,2,1,3991,0.93,5,0,True,2026-03-10 13:33:47
6945,6945,98,20,2026012916,5,1,11692,0.86,,0,False,2026-01-29 16:28:33
6946,6946,98,5,2026012916,5,1,11402,0.95,4,0,False,2026-01-29 16:31:33
6947,6947,632,7,2025092922,5,1,7691,0.94,4,0,True,2025-09-29 22:51:44
6948,6948,28,16,2025102605,3,1,12359,0.87,4,0,False,2025-10-26 05:41:41
6949,6949,62,19,2025090822,2,2,14631,0.07,,0,False,2025-09-08 22:06:28
6950,6950,62,23,2025090822,2,3,11282,0.25,1,0,False,2025-09-08 22:11:28
6951,6951,62,8,2025090822,2,1,4187,0.86,5,0,False,2025-09-08 22:10:28
6952,6952,97,2,2026021211,1,1,8356,0.94,4,0,True,2026-02-12 11:04:25
6953,6953,97,5,2026021211,1,1,11950,0.98,4,0,False,2026-02-12 11:09:25
6954,6954,97,9,2026021211,1,3,8989,0.1,,2,False,2026-02-12 11:12:25
6955,6955,246,6,2025102117,2,1,4667,0.88,4,0,True,2025-10-21 17:54:12
6956,6956,246,15,2025102117,2,1,4434,0.9,5,0,False,2025-10-21 17:59:12
6957,6957,482,2,2026032719,1,3,9465,0.21,,0,False,2026-03-27 19:59:22
6958,6958,547,13,2025120103,2,1,7655,0.93,5,0,False,2025-12-01 03:50:52
6959,6959,547,14,2025120103,2,1,4455,0.95,3,0,True,2025-12-01 03:53:52
6960,6960,35,4,2026032411,2,1,14865,0.91,,0,False,2026-03-24 11:12:40
6961,6961,317,4,2026022105,2,1,6850,0.92,5,1,True,2026-02-21 05:03:37
6962,6962,317,10,2026022105,2,6,7543,0.0,2,1,False,2026-02-21 05:08:37
6963,6963,486,6,2025112117,1,1,11319,0.87,5,0,False,2025-11-21 17:10:15
6964,6964,486,15,2025112117,1,1,12606,0.94,4,0,False,2025-11-21 17:14:15
6965,6965,323,1,2026012422,1,1,12977,0.94,5,0,False,2026-01-24 22:33:43
6966,6966,323,3,2026012422,1,1,3862,0.95,4,0,True,2026-01-24 22:38:43
6967,6967,323,8,2026012422,1,1,4345,0.9,5,0,True,2026-01-24 22:41:43
6968,6968,169,14,2025102120,2,1,7671,0.87,,0,False,2025-10-21 20:15:13
6969,6969,765,2,2025091602,2,1,8595,0.82,4,0,True,2025-09-16 02:20:38
6970,6970,765,5,2025091602,2,1,7050,0.91,3,1,False,2025-09-16 02:24:38
6971,6971,765,9,2025091602,2,3,8116,0.19,1,0,False,2025-09-16 02:24:38
6972,6972,257,10,2026022617,3,1,12233,0.83,,0,False,2026-02-26 17:36:40
6973,6973,91,2,2026022314,3,1,5626,0.88,5,0,False,2026-02-23 14:00:47
6974,6974,91,5,2026022314,3,1,9698,0.93,5,0,False,2026-02-23 14:05:47
6975,6975,91,9,2026022314,3,1,9264,0.91,5,0,True,2026-02-23 14:10:47
6976,6976,56,1,2026022205,1,7,14176,0.32,,0,False,2026-02-22 05:07:05
6977,6977,24,8,2026031723,2,1,8789,0.87,5,0,False,2026-03-17 23:43:29
6978,6978,94,17,2025120512,2,1,13272,0.91,5,0,True,2025-12-05 12:53:07
6979,6979,94,16,2025120512,2,1,5388,0.94,5,0,False,2025-12-05 12:56:07
6980,6980,177,17,2026032912,1,3,7014,0.12,1,0,False,2026-03-29 12:01:16
6981,6981,177,16,2026032912,1,1,5085,0.89,5,0,True,2026-03-29 12:05:16
6982,6982,233,4,2025111820,3,1,10970,0.87,4,0,False,2025-11-18 20:15:03
6983,6983,233,10,2025111820,3,1,9383,0.85,5,0,False,2025-11-18 20:19:03
6984,6984,1154,17,2025092110,1,5,5493,0.28,2,0,False,2025-09-21 10:53:07
6985,6985,1154,16,2025092110,1,1,13453,0.87,5,0,False,2025-09-21 10:56:07
6986,6986,156,6,2025101813,5,3,11951,0.17,2,0,False,2025-10-18 13:54:22
6987,6987,156,15,2025101813,5,1,9353,0.88,5,0,True,2025-10-18 13:57:22
6988,6988,55,15,2026012020,1,3,3976,0.19,2,0,False,2026-01-20 20:30:52
6989,6989,281,10,2026021509,1,7,13452,0.12,1,0,False,2026-02-15 09:05:16
6990,6990,46,2,2026022808,6,1,7728,0.96,3,0,True,2026-02-28 08:14:37
6991,6991,46,5,2026022808,6,1,7841,0.96,4,0,True,2026-02-28 08:18:37
6992,6992,46,9,2026022808,6,1,12539,0.84,4,0,False,2026-02-28 08:18:37
6993,6993,121,14,2025092514,5,1,8935,0.83,4,1,False,2025-09-25 14:36:56
6994,6994,40,24,2026030401,1,1,8368,0.86,5,0,False,2026-03-04 01:06:53
6995,6995,630,13,2025090922,5,1,4994,0.93,5,0,True,2025-09-09 22:06:05
6996,6996,302,19,2026012701,1,1,8005,0.93,3,0,False,2026-01-27 01:43:52
6997,6997,643,19,2025091811,3,1,14722,0.89,4,1,False,2025-09-18 11:50:28
6998,6998,643,23,2025091811,3,1,3980,0.91,5,0,True,2025-09-18 11:53:28
6999,6999,643,8,2025091811,3,1,10572,0.89,5,0,False,2025-09-18 11:58:28
7000,7000,396,11,2026020317,1,1,4856,0.95,5,0,False,2026-02-03 17:41:04
7001,7001,48,6,2026010515,1,1,10775,0.92,4,0,True,2026-01-05 15:55:53
7002,7002,48,15,2026010515,1,1,10440,0.86,3,0,False,2026-01-05 15:59:53
7003,7003,217,13,2025120423,2,1,13947,0.87,3,0,False,2025-12-04 23:08:16
7004,7004,217,14,2025120423,2,1,12917,0.86,5,0,False,2025-12-04 23:12:16
7005,7005,422,13,2026013010,5,1,11804,0.83,5,0,False,2026-01-30 10:16:52
7006,7006,422,14,2026013010,5,2,13449,0.02,,0,False,2026-01-30 10:21:52
7007,7007,328,1,2026022106,1,1,13359,0.85,4,0,False,2026-02-21 06:36:56
7008,7008,569,13,2026022821,2,1,7360,0.89,4,0,True,2026-02-28 21:42:03
7009,7009,569,14,2026022821,2,1,12292,0.83,4,0,True,2026-02-28 21:47:03
7010,7010,3,2,2026012201,2,1,14013,0.87,4,0,False,2026-01-22 01:12:27
7011,7011,145,6,2025110707,3,1,4034,0.92,5,0,True,2025-11-07 07:47:38
7012,7012,104,17,2025110803,1,1,5387,0.84,5,0,True,2025-11-08 03:00:19
7013,7013,104,16,2025110803,1,1,5578,0.88,5,0,False,2025-11-08 03:04:19
7014,7014,398,1,2025120718,1,1,7404,0.9,5,0,True,2025-12-07 18:24:06
7015,7015,398,3,2025120718,1,1,12352,0.88,,0,False,2025-12-07 18:29:06
7016,7016,398,8,2025120718,1,1,12781,0.96,4,0,False,2025-12-07 18:34:06
7017,7017,4,1,2026011816,1,1,12567,0.84,4,0,False,2026-01-18 16:35:12
7018,7018,4,3,2026011816,1,1,6277,0.98,4,0,False,2026-01-18 16:39:12
7019,7019,4,8,2026011816,1,1,10818,0.94,,0,True,2026-01-18 16:43:12
7020,7020,92,17,2026032508,2,1,11746,0.92,5,0,False,2026-03-25 08:29:51
7021,7021,1028,5,2025101623,1,1,6845,0.87,4,0,True,2025-10-16 23:30:25
7022,7022,542,20,2026032908,1,1,13912,0.85,4,0,True,2026-03-29 08:10:27
7023,7023,542,5,2026032908,1,6,5347,0.0,1,0,False,2026-03-29 08:14:27
7024,7024,64,13,2026010617,1,3,4117,0.14,1,0,False,2026-01-06 17:26:45
7025,7025,64,14,2026010617,1,2,7511,0.02,1,2,False,2026-01-06 17:30:45
7026,7026,75,24,2025111602,1,1,8301,0.84,5,0,False,2025-11-16 02:45:07
7027,7027,121,20,2026020907,2,1,4128,0.89,4,0,False,2026-02-09 07:39:02
7028,7028,121,5,2026020907,2,1,7225,0.9,4,0,False,2026-02-09 07:44:02
7029,7029,634,4,2025121622,2,3,6191,0.26,1,0,False,2025-12-16 22:33:56
7030,7030,634,10,2025121622,2,1,14476,0.86,,1,True,2025-12-16 22:38:56
7031,7031,628,1,2025110800,2,1,5470,0.91,3,0,False,2025-11-08 00:02:49
7032,7032,628,3,2025110800,2,1,13378,0.89,,0,True,2025-11-08 00:05:49
7033,7033,628,8,2025110800,2,1,10857,0.97,5,0,False,2025-11-08 00:12:49
7034,7034,25,13,2026022306,6,1,7211,0.88,4,0,False,2026-02-23 06:47:16
7035,7035,25,14,2026022306,6,1,6709,0.87,,0,False,2026-02-23 06:52:16
7036,7036,250,2,2025112402,2,1,11925,0.97,5,0,True,2025-11-24 02:06:41
7037,7037,250,5,2025112402,2,1,4271,0.97,4,0,False,2025-11-24 02:10:41
7038,7038,250,9,2025112402,2,1,6373,0.97,5,0,False,2025-11-24 02:10:41
7039,7039,13,12,2026021520,1,4,8284,0.12,1,0,False,2026-02-15 20:43:50
7040,7040,21,4,2025110909,2,1,8039,0.84,5,0,True,2025-11-09 09:15:35
7041,7041,21,10,2025110909,2,1,5548,0.86,4,0,False,2025-11-09 09:18:35
7042,7042,37,20,2025122009,4,1,10796,0.85,4,0,False,2025-12-20 09:17:25
7043,7043,265,2,2025121608,1,1,9079,0.97,4,0,True,2025-12-16 08:58:52
7044,7044,265,5,2025121609,1,1,11743,0.94,4,1,False,2025-12-16 09:00:52
7045,7045,265,9,2025121609,1,1,13772,0.82,4,0,True,2025-12-16 09:06:52
7046,7046,681,20,2026012219,1,1,12895,0.86,5,0,False,2026-01-22 19:29:13
7047,7047,681,5,2026012219,1,1,11549,0.91,5,0,True,2026-01-22 19:31:13
7048,7048,49,20,2026012317,2,1,9469,0.88,4,0,False,2026-01-23 17:24:18
7049,7049,49,5,2026012317,2,1,13727,0.84,5,1,True,2026-01-23 17:29:18
7050,7050,333,4,2026011014,1,2,13026,0.32,,0,False,2026-01-10 14:13:34
7051,7051,7,19,2026021809,1,1,5061,0.88,4,0,False,2026-02-18 09:30:05
7052,7052,7,23,2026021809,1,1,13996,0.91,4,1,False,2026-02-18 09:35:05
7053,7053,7,8,2026021809,1,1,4771,0.89,5,0,False,2026-02-18 09:36:05
7054,7054,692,20,2026021915,2,1,10293,0.96,,0,True,2026-02-19 15:58:14
7055,7055,692,5,2026021916,2,1,12278,0.91,5,0,False,2026-02-19 16:00:14
7056,7056,87,6,2025123112,1,1,8474,0.94,5,0,False,2025-12-31 12:32:16
7057,7057,87,15,2025123112,1,1,5445,0.91,,0,False,2025-12-31 12:35:16
7058,7058,99,20,2025121711,1,1,8877,0.86,4,0,False,2025-12-17 11:15:28
7059,7059,99,5,2025121711,1,1,5151,0.95,,1,False,2025-12-17 11:17:28
7060,7060,135,18,2026012815,1,7,12338,0.08,1,0,False,2026-01-28 15:21:05
7061,7061,163,19,2026032215,1,1,14086,0.98,4,0,False,2026-03-22 15:09:58
7062,7062,163,23,2026032215,1,1,6727,0.95,4,0,False,2026-03-22 15:12:58
7063,7063,163,8,2026032215,1,2,7135,0.05,1,0,False,2026-03-22 15:19:58
7064,7064,208,20,2025110815,1,4,11916,0.0,2,0,False,2025-11-08 15:35:46
7065,7065,208,5,2025110815,1,1,6491,0.88,5,1,False,2025-11-08 15:38:46
7066,7066,397,19,2025102001,2,1,6850,0.85,3,0,False,2025-10-20 01:58:57
7067,7067,397,23,2025102002,2,1,11393,0.92,,0,False,2025-10-20 02:01:57
7068,7068,397,8,2025102002,2,1,6321,0.93,4,0,False,2025-10-20 02:02:57
7069,7069,793,20,2025121513,1,1,8425,0.92,4,0,True,2025-12-15 13:48:08
7070,7070,22,2,2026032514,1,1,4541,0.85,5,0,False,2026-03-25 14:35:11
7071,7071,22,5,2026032514,1,1,3810,0.87,5,0,False,2026-03-25 14:39:11
7072,7072,22,9,2026032514,1,1,13484,0.87,5,0,True,2026-03-25 14:43:11
7073,7073,286,17,2025120520,1,1,8141,0.91,5,0,True,2025-12-05 20:57:43
7074,7074,286,16,2025120521,1,5,6119,0.09,2,0,False,2025-12-05 21:01:43
7075,7075,1017,6,2025111220,2,1,8368,0.83,3,0,True,2025-11-12 20:27:10
7076,7076,1017,15,2025111220,2,3,7565,0.19,,0,False,2025-11-12 20:31:10
7077,7077,232,17,2026032405,1,2,4266,0.1,1,0,False,2026-03-24 05:21:16
7078,7078,232,16,2026032405,1,3,13600,0.18,,0,False,2026-03-24 05:23:16
7079,7079,323,2,2026021600,2,1,8798,0.84,5,0,True,2026-02-16 00:54:27
7080,7080,323,5,2026021600,2,1,13027,0.91,5,0,False,2026-02-16 00:57:27
7081,7081,323,9,2026021601,2,1,6659,0.98,,0,False,2026-02-16 01:02:27
7082,7082,8,2,2026012503,2,1,13520,0.97,4,0,False,2026-01-25 03:14:27
7083,7083,135,20,2026021003,2,1,7248,0.97,5,0,False,2026-02-10 03:16:02
7084,7084,173,1,2026012609,1,1,12769,0.91,5,0,True,2026-01-26 09:01:14
7085,7085,173,3,2026012609,1,1,11798,0.95,4,0,False,2026-01-26 09:05:14
7086,7086,173,8,2026012609,1,1,7745,0.93,5,0,True,2026-01-26 09:05:14
7087,7087,84,19,2025100514,2,6,12160,0.0,2,0,False,2025-10-05 14:31:46
7088,7088,84,23,2025100514,2,1,9267,0.95,5,0,True,2025-10-05 14:36:46
7089,7089,84,8,2025100514,2,1,8751,0.91,4,0,False,2025-10-05 14:37:46
7090,7090,19,1,2025102001,2,1,13154,0.88,4,0,False,2025-10-20 01:09:43
7091,7091,19,3,2025102001,2,1,14021,0.92,5,0,True,2025-10-20 01:13:43
7092,7092,19,8,2025102001,2,1,6204,0.86,,0,True,2025-10-20 01:15:43
7093,7093,73,16,2025120220,1,1,9834,0.88,5,0,True,2025-12-02 20:42:53
7094,7094,69,2,2026012322,1,1,10112,0.95,4,0,True,2026-01-23 22:43:12
7095,7095,69,5,2026012322,1,1,5673,0.85,4,0,False,2026-01-23 22:45:12
7096,7096,69,9,2026012322,1,1,6937,0.85,4,0,False,2026-01-23 22:49:12
7097,7097,551,1,2025120920,2,1,10749,0.84,4,0,False,2025-12-09 20:57:20
7098,7098,551,3,2025120920,2,1,13698,0.82,5,0,False,2025-12-09 20:59:20
7099,7099,551,8,2025120921,2,4,13148,0.19,,0,False,2025-12-09 21:07:20
7100,7100,65,19,2025090321,1,1,8927,0.84,4,0,True,2025-09-03 21:10:45
7101,7101,65,23,2025090321,1,1,5542,0.89,4,1,False,2025-09-03 21:15:45
7102,7102,65,8,2025090321,1,2,6324,0.0,2,0,False,2025-09-03 21:16:45
7103,7103,96,11,2026022214,3,1,7799,0.83,4,1,False,2026-02-22 14:10:59
7104,7104,2,13,2025122209,1,1,7373,0.83,5,0,False,2025-12-22 09:59:52
7105,7105,2,14,2025122210,1,1,4355,0.89,5,0,True,2025-12-22 10:01:52
7106,7106,622,2,2025112310,1,1,12960,0.91,4,0,False,2025-11-23 10:43:33
7107,7107,52,14,2025112523,2,1,12719,0.92,5,1,False,2025-11-25 23:10:41
7108,7108,201,2,2026010818,1,1,6248,0.86,4,0,False,2026-01-08 18:14:38
7109,7109,201,5,2026010818,1,1,8630,0.84,5,0,False,2026-01-08 18:18:38
7110,7110,201,9,2026010818,1,1,12864,0.88,,0,False,2026-01-08 18:24:38
7111,7111,40,17,2026012321,1,1,13223,0.83,5,0,False,2026-01-23 21:19:33
7112,7112,40,16,2026012321,1,1,11797,0.91,5,0,True,2026-01-23 21:24:33
7113,7113,836,20,2025101821,6,1,10833,0.95,5,0,False,2025-10-18 21:12:34
7114,7114,836,5,2025101821,6,1,11756,0.96,5,0,True,2025-10-18 21:16:34
7115,7115,40,6,2025112823,1,1,10538,0.97,4,0,False,2025-11-28 23:44:14
7116,7116,27,19,2026032716,2,1,9734,0.85,4,0,False,2026-03-27 16:11:18
7117,7117,65,23,2026010423,3,1,8267,0.9,5,0,True,2026-01-04 23:32:41
7118,7118,149,4,2026012303,4,1,9495,0.97,5,0,True,2026-01-23 03:00:15
7119,7119,418,19,2025092822,3,1,15044,0.84,,1,True,2025-09-28 22:27:28
7120,7120,418,23,2025092822,3,1,12097,0.9,3,0,False,2025-09-28 22:30:28
7121,7121,418,8,2025092822,3,1,8407,0.88,5,1,True,2025-09-28 22:31:28
7122,7122,95,20,2025092402,3,1,13735,0.83,5,0,True,2025-09-24 02:35:36
7123,7123,95,5,2025092402,3,1,4912,0.97,4,0,False,2025-09-24 02:40:36
7124,7124,76,6,2025101621,2,1,6234,0.86,4,0,False,2025-10-16 21:03:28
7125,7125,76,15,2025101621,2,1,11536,0.92,4,0,False,2025-10-16 21:06:28
7126,7126,51,13,2026021500,3,1,8907,0.94,4,0,True,2026-02-15 00:16:02
7127,7127,51,14,2026021500,3,1,6963,0.96,,1,False,2026-02-15 00:19:02
7128,7128,207,1,2025102512,1,1,10817,0.96,3,0,False,2025-10-25 12:19:08
7129,7129,347,13,2025090421,4,1,6091,0.89,4,0,True,2025-09-04 21:48:17
7130,7130,347,14,2025090421,4,1,5859,0.87,4,0,False,2025-09-04 21:53:17
7131,7131,138,13,2026010806,1,2,7283,0.29,2,1,False,2026-01-08 06:59:30
7132,7132,138,14,2026010807,1,1,12010,0.82,3,0,True,2026-01-08 07:02:30
7133,7133,93,13,2026012907,1,1,9907,0.91,5,0,False,2026-01-29 07:27:55
7134,7134,93,14,2026012907,1,1,4009,0.97,4,0,False,2026-01-29 07:31:55
7135,7135,1089,17,2025122709,1,4,4524,0.05,1,0,False,2025-12-27 09:12:02
7136,7136,1089,16,2025122709,1,1,5774,0.85,5,0,False,2025-12-27 09:15:02
7137,7137,81,1,2025112814,1,1,8215,0.93,4,0,False,2025-11-28 14:47:36
7138,7138,81,3,2025112814,1,1,9089,0.98,3,0,True,2025-11-28 14:51:36
7139,7139,81,8,2025112814,1,1,7917,0.83,,0,False,2025-11-28 14:57:36
7140,7140,307,6,2025112300,3,1,6482,0.91,5,0,False,2025-11-23 00:02:20
7141,7141,307,15,2025112300,3,1,7533,0.91,4,0,False,2025-11-23 00:07:20
7142,7142,226,7,2025122502,3,1,8875,0.95,5,0,False,2025-12-25 02:06:51
7143,7143,1091,19,2026011604,2,1,6267,0.87,4,0,True,2026-01-16 04:35:14
7144,7144,1091,23,2026011604,2,1,11732,0.88,4,0,False,2026-01-16 04:39:14
7145,7145,1091,8,2026011604,2,1,7349,0.83,3,0,False,2026-01-16 04:43:14
7146,7146,1127,25,2026012123,1,1,6156,0.9,5,0,False,2026-01-21 23:01:48
7147,7147,666,20,2026013121,2,1,6083,0.88,4,0,True,2026-01-31 21:16:33
7148,7148,378,3,2026020409,1,1,12229,0.88,,0,False,2026-02-04 09:12:42
7149,7149,62,20,2025092418,2,1,13873,0.84,4,0,True,2025-09-24 18:36:03
7150,7150,690,13,2026021017,3,1,6925,0.9,4,1,False,2026-02-10 17:43:02
7151,7151,690,14,2026021017,3,1,10940,0.91,4,1,False,2026-02-10 17:46:02
7152,7152,146,1,2025120102,2,1,7561,0.89,4,0,True,2025-12-01 02:21:58
7153,7153,146,3,2025120102,2,1,8435,0.95,,0,False,2025-12-01 02:23:58
7154,7154,146,8,2025120102,2,1,9605,0.86,3,0,False,2025-12-01 02:31:58
7155,7155,186,25,2026021912,4,1,10274,0.88,3,0,True,2026-02-19 12:45:58
7156,7156,973,13,2025102506,1,1,12741,0.94,4,0,False,2025-10-25 06:04:17
7157,7157,973,14,2025102506,1,1,4709,0.87,3,0,False,2025-10-25 06:06:17
7158,7158,1131,17,2025112612,2,1,9016,0.89,3,0,False,2025-11-26 12:30:26
7159,7159,1131,16,2025112612,2,3,5993,0.26,1,0,False,2025-11-26 12:32:26
7160,7160,53,19,2025103014,2,1,6417,0.89,5,1,True,2025-10-30 14:24:52
7161,7161,380,24,2025102006,3,1,7613,0.82,4,0,True,2025-10-20 06:49:23
7162,7162,383,19,2025112705,2,1,5616,0.95,5,0,True,2025-11-27 05:48:57
7163,7163,383,23,2025112705,2,1,10179,0.87,3,0,True,2025-11-27 05:53:57
7164,7164,383,8,2025112705,2,1,7417,0.91,4,0,True,2025-11-27 05:54:57
7165,7165,328,13,2025111118,1,1,9924,0.93,3,0,False,2025-11-11 18:56:10
7166,7166,328,14,2025111119,1,1,5267,0.91,3,0,False,2025-11-11 19:01:10
7167,7167,10,1,2026022620,5,1,10593,0.95,4,0,False,2026-02-26 20:58:47
7168,7168,10,3,2026022621,5,1,13946,0.83,4,0,False,2026-02-26 21:02:47
7169,7169,10,8,2026022621,5,1,8159,0.85,4,0,False,2026-02-26 21:02:47
7170,7170,83,2,2026011417,1,1,10529,0.93,,0,True,2026-01-14 17:54:29
7171,7171,83,5,2026011417,1,4,13351,0.16,2,0,False,2026-01-14 17:59:29
7172,7172,83,9,2026011418,1,1,14913,0.93,5,0,False,2026-01-14 18:00:29
7173,7173,1048,20,2026022510,2,1,4587,0.89,5,1,False,2026-02-25 10:13:12
7174,7174,1048,5,2026022510,2,1,8416,0.86,,0,True,2026-02-25 10:17:12
7175,7175,93,3,2025110914,4,1,13432,0.88,5,1,True,2025-11-09 14:03:27
7176,7176,337,6,2025111808,2,1,10713,0.89,5,1,False,2025-11-18 08:03:45
7177,7177,1162,20,2026020413,1,2,3862,0.29,1,0,False,2026-02-04 13:50:14
7178,7178,1162,5,2026020413,1,1,13807,0.96,5,0,True,2026-02-04 13:53:14
7179,7179,61,4,2026031412,2,3,7481,0.01,,0,False,2026-03-14 12:04:25
7180,7180,61,10,2026031412,2,1,8089,0.94,4,0,False,2026-03-14 12:09:25
7181,7181,296,2,2025121410,3,1,7819,0.87,4,0,False,2025-12-14 10:33:56
7182,7182,296,5,2025121410,3,1,9380,0.95,3,0,False,2025-12-14 10:35:56
7183,7183,296,9,2025121410,3,1,11140,0.83,4,0,True,2025-12-14 10:39:56
7184,7184,799,9,2025122216,1,1,13696,0.96,4,0,False,2025-12-22 16:42:27
7185,7185,865,4,2026020610,3,1,5421,0.94,4,0,False,2026-02-06 10:16:58
7186,7186,865,10,2026020610,3,1,5335,0.85,4,0,False,2026-02-06 10:18:58
7187,7187,290,19,2025123000,1,1,8495,0.9,3,0,False,2025-12-30 00:10:40
7188,7188,234,5,2026011609,2,1,8991,0.86,4,0,False,2026-01-16 09:40:26
7189,7189,74,13,2025090414,2,1,7511,0.85,4,0,False,2025-09-04 14:23:32
7190,7190,33,4,2026032418,4,1,15439,0.85,5,1,False,2026-03-24 18:56:46
7191,7191,33,10,2026032419,4,1,8166,0.92,5,0,False,2026-03-24 19:00:46
7192,7192,334,7,2026032619,3,1,8680,0.88,5,0,False,2026-03-26 19:16:05
7193,7193,399,13,2025090902,2,1,10149,0.85,,0,True,2025-09-09 02:54:37
7194,7194,399,14,2025090902,2,1,12661,0.98,,0,False,2025-09-09 02:58:37
7195,7195,133,17,2025110614,2,1,12341,0.94,3,0,True,2025-11-06 14:37:18
7196,7196,133,16,2025110614,2,7,11839,0.34,,0,False,2025-11-06 14:42:18
7197,7197,375,13,2026032503,1,2,7314,0.03,1,0,False,2026-03-25 03:36:36
7198,7198,375,14,2026032503,1,3,7382,0.01,1,0,False,2026-03-25 03:41:36
7199,7199,267,25,2025103116,2,1,5688,0.83,3,0,True,2025-10-31 16:38:30
7200,7200,109,24,2025122721,1,1,5572,0.97,4,0,False,2025-12-27 21:39:25
7201,7201,246,13,2025091415,2,1,8479,0.91,5,0,True,2025-09-14 15:54:53
7202,7202,118,6,2026021219,1,1,7850,0.93,5,0,False,2026-02-12 19:57:04
7203,7203,118,15,2026021220,1,2,9982,0.02,2,0,False,2026-02-12 20:02:04
7204,7204,1193,20,2026022304,1,1,11334,0.84,4,0,True,2026-02-23 04:09:51
7205,7205,1193,5,2026022304,1,1,13904,0.88,4,0,False,2026-02-23 04:14:51
7206,7206,393,20,2025111203,1,1,9569,0.89,3,0,False,2025-11-12 03:14:49
7207,7207,54,18,2025112812,1,1,11350,0.92,4,0,False,2025-11-28 12:42:50
7208,7208,515,16,2026022416,1,1,9914,0.94,5,0,False,2026-02-24 16:03:09
7209,7209,7,17,2025112801,2,1,14128,0.89,5,0,True,2025-11-28 01:24:16
7210,7210,183,8,2025111712,2,1,10360,0.85,4,0,False,2025-11-17 12:21:18
7211,7211,336,20,2026010721,1,1,11246,0.82,,0,False,2026-01-07 21:55:40
7212,7212,336,5,2026010721,1,1,10406,0.82,4,1,True,2026-01-07 21:59:40
7213,7213,124,19,2025091804,2,1,7889,0.97,4,0,False,2025-09-18 04:21:10
7214,7214,124,23,2025091804,2,1,7848,0.88,5,0,True,2025-09-18 04:24:10
7215,7215,124,8,2025091804,2,1,13385,0.94,5,1,False,2025-09-18 04:31:10
7216,7216,94,19,2026013013,3,1,14258,0.89,4,0,False,2026-01-30 13:07:26
7217,7217,94,23,2026013013,3,1,10782,0.97,5,1,False,2026-01-30 13:09:26
7218,7218,94,8,2026013013,3,1,9325,0.97,4,0,False,2026-01-30 13:11:26
7219,7219,484,19,2025110908,1,1,11001,0.82,,0,False,2025-11-09 08:47:04
7220,7220,484,23,2025110908,1,1,9592,0.93,5,0,True,2025-11-09 08:49:04
7221,7221,484,8,2025110908,1,1,5689,0.84,3,0,True,2025-11-09 08:55:04
7222,7222,1071,8,2026020606,3,1,9463,0.91,3,0,False,2026-02-06 06:33:40
7223,7223,191,6,2026011717,2,2,10898,0.32,2,0,False,2026-01-17 17:26:45
7224,7224,191,15,2026011717,2,3,5841,0.22,,0,False,2026-01-17 17:31:45
7225,7225,138,19,2025122416,2,1,12036,0.94,4,0,False,2025-12-24 16:10:29
7226,7226,138,23,2025122416,2,1,12281,0.82,4,1,False,2025-12-24 16:14:29
7227,7227,138,8,2025122416,2,1,10114,0.88,4,0,False,2025-12-24 16:14:29
7228,7228,568,13,2026021123,1,1,8679,0.82,5,0,True,2026-02-11 23:16:37
7229,7229,568,14,2026021123,1,1,11939,0.89,5,0,True,2026-02-11 23:20:37
7230,7230,717,13,2026030302,1,1,12782,0.89,4,0,False,2026-03-03 02:05:09
7231,7231,717,14,2026030302,1,1,3730,0.94,5,0,True,2026-03-03 02:09:09
7232,7232,276,10,2025120721,3,1,6779,0.85,3,0,False,2025-12-07 21:47:09
7233,7233,209,13,2026033009,1,1,6735,0.97,4,0,False,2026-03-30 09:26:36
7234,7234,209,14,2026033009,1,1,5735,0.91,,0,False,2026-03-30 09:28:36
7235,7235,289,1,2025090707,5,1,5213,0.86,,0,False,2025-09-07 07:54:00
7236,7236,777,4,2025091300,2,1,14842,0.91,4,1,False,2025-09-13 00:54:06
7237,7237,777,10,2025091300,2,1,13734,0.9,5,0,True,2025-09-13 00:56:06
7238,7238,197,13,2026030904,1,1,4410,0.95,5,0,False,2026-03-09 04:06:54
7239,7239,197,14,2026030904,1,1,7099,0.93,5,0,False,2026-03-09 04:10:54
7240,7240,480,6,2026031911,1,1,5847,0.98,4,0,True,2026-03-19 11:48:42
7241,7241,480,15,2026031911,1,1,5184,0.85,5,0,True,2026-03-19 11:52:42
7242,7242,853,7,2025100414,2,1,11338,0.92,5,0,True,2025-10-04 14:55:12
7243,7243,75,13,2026021111,1,1,12837,0.95,4,0,False,2026-02-11 11:12:17
7244,7244,75,14,2026021111,1,1,12413,0.97,4,0,True,2026-02-11 11:15:17
7245,7245,331,13,2025121004,2,1,6965,0.87,4,0,False,2025-12-10 04:12:18
7246,7246,331,14,2025121004,2,1,5443,0.97,5,0,False,2025-12-10 04:17:18
7247,7247,205,20,2025120517,6,1,6084,0.83,4,0,True,2025-12-05 17:11:03
7248,7248,205,5,2025120517,6,1,11130,0.94,4,0,True,2025-12-05 17:16:03
7249,7249,76,1,2025111115,1,1,13306,0.95,3,0,False,2025-11-11 15:33:55
7250,7250,76,3,2025111115,1,1,13088,0.95,5,0,False,2025-11-11 15:37:55
7251,7251,76,8,2025111115,1,1,10929,0.83,5,0,False,2025-11-11 15:39:55
7252,7252,804,11,2026031707,2,1,5629,0.85,5,0,False,2026-03-17 07:25:44
7253,7253,197,8,2026021422,6,1,8196,0.97,4,0,True,2026-02-14 22:29:03
7254,7254,26,1,2026020205,1,2,15215,0.11,1,0,False,2026-02-02 05:03:13
7255,7255,26,3,2026020205,1,1,7878,0.88,,1,True,2026-02-02 05:08:13
7256,7256,26,8,2026020205,1,1,4036,0.82,4,1,False,2026-02-02 05:13:13
7257,7257,40,13,2025112602,2,1,11035,0.84,,0,True,2025-11-26 02:33:15
7258,7258,40,14,2025112602,2,1,12601,0.91,5,0,False,2025-11-26 02:38:15
7259,7259,432,1,2026010307,1,1,10923,0.83,3,0,False,2026-01-03 07:13:37
7260,7260,432,3,2026010307,1,2,6851,0.1,2,0,False,2026-01-03 07:15:37
7261,7261,432,8,2026010307,1,1,5555,0.92,4,0,False,2026-01-03 07:23:37
7262,7262,498,20,2025101920,1,1,9333,0.83,4,0,False,2025-10-19 20:17:14
7263,7263,498,5,2025101920,1,1,7007,0.96,3,0,False,2025-10-19 20:21:14
7264,7264,37,13,2025111910,2,1,5825,0.85,5,0,True,2025-11-19 10:57:54
7265,7265,37,14,2025111911,2,1,11513,0.91,3,0,False,2025-11-19 11:02:54
7266,7266,467,13,2025112310,3,1,10950,0.9,5,0,True,2025-11-23 10:55:56
7267,7267,1153,4,2025092410,2,1,15428,0.84,4,0,False,2025-09-24 10:32:00
7268,7268,1153,10,2025092410,2,1,13439,0.84,3,0,False,2025-09-24 10:35:00
7269,7269,99,4,2026022514,1,5,13950,0.34,1,1,False,2026-02-25 14:53:13
7270,7270,99,10,2026022514,1,1,10730,0.94,4,0,True,2026-02-25 14:56:13
7271,7271,685,11,2025100912,5,1,9573,0.85,3,0,False,2025-10-09 12:13:00
7272,7272,863,13,2025111500,1,1,14199,0.85,3,0,False,2025-11-15 00:14:49
7273,7273,863,14,2025111500,1,1,13481,0.96,5,0,False,2025-11-15 00:16:49
7274,7274,399,23,2025092118,2,1,7204,0.89,4,0,False,2025-09-21 18:34:17
7275,7275,74,2,2025101002,1,5,9621,0.08,2,0,False,2025-10-10 02:42:29
7276,7276,867,13,2025122104,4,1,8928,0.87,3,0,False,2025-12-21 04:43:16
7277,7277,867,14,2025122104,4,1,9043,0.83,4,0,False,2025-12-21 04:48:16
7278,7278,635,4,2025092816,1,1,14392,0.84,5,0,False,2025-09-28 16:24:17
7279,7279,635,10,2025092816,1,1,13900,0.95,5,0,True,2025-09-28 16:27:17
7280,7280,125,13,2026030114,5,1,12930,0.93,4,0,False,2026-03-01 14:23:52
7281,7281,125,14,2026030114,5,1,7686,0.88,4,0,False,2026-03-01 14:27:52
7282,7282,370,1,2025121518,1,2,6906,0.02,1,0,False,2025-12-15 18:02:02
7283,7283,621,2,2026030907,2,1,6433,0.97,,0,True,2026-03-09 07:46:51
7284,7284,621,5,2026030907,2,2,13598,0.19,,0,False,2026-03-09 07:50:51
7285,7285,621,9,2026030907,2,1,8711,0.88,5,0,False,2026-03-09 07:54:51
7286,7286,698,1,2025121507,2,1,14032,0.88,5,0,False,2025-12-15 07:40:27
7287,7287,152,16,2025103123,2,1,9141,0.82,4,0,False,2025-10-31 23:18:42
7288,7288,89,21,2025121220,2,1,12353,0.86,4,0,True,2025-12-12 20:27:17
7289,7289,87,19,2026021016,1,1,11840,0.97,4,0,False,2026-02-10 16:50:56
7290,7290,87,23,2026021016,1,1,10801,0.92,,0,False,2026-02-10 16:54:56
7291,7291,87,8,2026021016,1,1,9349,0.86,4,0,False,2026-02-10 16:58:56
7292,7292,235,20,2025092520,1,1,3843,0.94,4,0,True,2025-09-25 20:52:15
7293,7293,235,5,2025092520,1,2,12092,0.32,1,1,False,2025-09-25 20:56:15
7294,7294,384,17,2025121711,1,1,12939,0.93,3,0,False,2025-12-17 11:10:40
7295,7295,384,16,2025121711,1,7,8161,0.02,2,0,False,2025-12-17 11:13:40
7296,7296,1132,17,2025112013,1,1,5203,0.85,4,0,False,2025-11-20 13:42:30
7297,7297,317,2,2026031218,1,4,4233,0.19,,0,False,2026-03-12 18:54:30
7298,7298,317,5,2026031218,1,1,7781,0.87,5,1,True,2026-03-12 18:57:30
7299,7299,317,9,2026031218,1,1,10191,0.89,,0,False,2026-03-12 18:58:30
7300,7300,798,20,2025111121,1,1,6645,0.87,4,0,False,2025-11-11 21:13:14
7301,7301,798,5,2025111121,1,1,14034,0.9,4,0,True,2025-11-11 21:18:14
7302,7302,292,19,2026021808,1,1,12793,0.94,5,0,False,2026-02-18 08:51:48
7303,7303,292,23,2026021808,1,1,6652,0.82,4,0,False,2026-02-18 08:55:48
7304,7304,292,8,2026021808,1,1,3806,0.9,4,0,False,2026-02-18 08:55:48
7305,7305,209,20,2026020221,1,1,13926,0.87,5,0,False,2026-02-02 21:08:36
7306,7306,209,5,2026020221,1,1,12074,0.83,4,0,False,2026-02-02 21:13:36
7307,7307,49,20,2026032203,4,1,5726,0.84,5,0,True,2026-03-22 03:52:45
7308,7308,49,5,2026032203,4,3,6578,0.14,1,0,False,2026-03-22 03:57:45
7309,7309,1179,20,2025112614,3,1,9614,0.87,3,0,False,2025-11-26 14:40:44
7310,7310,1179,5,2025112614,3,2,9358,0.02,,0,False,2025-11-26 14:43:44
7311,7311,31,8,2026030322,1,1,9935,0.86,4,0,False,2026-03-03 22:32:57
7312,7312,127,4,2026033113,2,1,10958,0.84,4,0,False,2026-03-31 13:22:17
7313,7313,127,10,2026033113,2,1,12770,0.94,5,0,True,2026-03-31 13:27:17
7314,7314,855,24,2026021918,1,1,9039,0.93,4,0,True,2026-02-19 18:52:28
7315,7315,543,19,2025112916,1,1,6050,0.83,3,0,False,2025-11-29 16:28:03
7316,7316,543,23,2025112916,1,1,3829,0.82,5,0,True,2025-11-29 16:32:03
7317,7317,543,8,2025112916,1,1,5052,0.88,5,0,False,2025-11-29 16:36:03
7318,7318,172,19,2026010521,2,1,14907,0.82,5,0,False,2026-01-05 21:29:05
7319,7319,172,23,2026010521,2,1,3969,0.86,4,0,False,2026-01-05 21:32:05
7320,7320,172,8,2026010521,2,6,4545,0.0,1,0,False,2026-01-05 21:39:05
7321,7321,27,6,2025092701,5,1,5024,0.83,4,0,True,2025-09-27 01:15:01
7322,7322,27,15,2025092701,5,1,4031,0.86,,0,False,2025-09-27 01:20:01
7323,7323,108,6,2026031312,1,1,4726,0.91,5,0,False,2026-03-13 12:19:20
7324,7324,46,6,2025090220,1,4,12843,0.28,,0,False,2025-09-02 20:52:34
7325,7325,2,13,2025091622,1,1,8298,0.94,5,0,True,2025-09-16 22:02:59
7326,7326,2,14,2025091622,1,1,11543,0.92,4,0,True,2025-09-16 22:06:59
7327,7327,89,20,2025102813,1,7,5833,0.22,,0,False,2025-10-28 13:05:28
7328,7328,663,8,2025121201,1,3,7012,0.04,2,0,False,2025-12-12 01:58:13
7329,7329,203,15,2025101914,3,1,6192,0.83,4,0,False,2025-10-19 14:38:58
7330,7330,376,13,2026033102,2,1,7360,0.83,5,0,False,2026-03-31 02:38:34
7331,7331,376,14,2026033102,2,1,14129,0.87,5,0,True,2026-03-31 02:40:34
7332,7332,739,9,2025092604,2,1,12458,0.82,3,1,False,2025-09-26 04:38:29
7333,7333,85,16,2025102404,6,1,12337,0.91,3,0,False,2025-10-24 04:09:33
7334,7334,375,4,2025121809,2,1,14989,0.83,3,0,False,2025-12-18 09:33:01
7335,7335,375,10,2025121809,2,1,10323,0.87,4,0,False,2025-12-18 09:37:01
7336,7336,816,13,2026010800,1,1,8292,0.95,5,0,True,2026-01-08 00:30:15
7337,7337,816,14,2026010800,1,1,13635,0.82,5,0,True,2026-01-08 00:32:15
7338,7338,348,21,2025102905,1,1,11980,0.91,,0,False,2025-10-29 05:00:00
7339,7339,4,23,2025121416,1,5,11905,0.04,2,0,False,2025-12-14 16:38:41
7340,7340,271,2,2026010915,6,1,13402,0.86,4,0,False,2026-01-09 15:16:40
7341,7341,271,5,2026010915,6,1,8927,0.92,4,0,False,2026-01-09 15:20:40
7342,7342,271,9,2026010915,6,1,9448,0.96,4,1,False,2026-01-09 15:22:40
7343,7343,37,23,2025111411,2,1,10712,0.87,4,0,False,2025-11-14 11:43:36
7344,7344,45,19,2025110621,1,1,6997,0.91,3,0,False,2025-11-06 21:10:53
7345,7345,45,23,2025110621,1,1,7288,0.91,4,0,False,2025-11-06 21:12:53
7346,7346,45,8,2025110621,1,1,7372,0.85,4,0,False,2025-11-06 21:20:53
7347,7347,75,17,2026012423,3,1,14181,0.95,4,0,True,2026-01-24 23:59:10
7348,7348,75,16,2026012500,3,1,10395,0.9,4,0,False,2026-01-25 00:03:10
7349,7349,245,19,2025122306,1,2,13637,0.16,1,0,False,2025-12-23 06:26:31
7350,7350,245,23,2025122306,1,1,3718,0.82,3,0,False,2025-12-23 06:28:31
7351,7351,245,8,2025122306,1,1,5305,0.84,5,0,True,2025-12-23 06:32:31
7352,7352,52,13,2026013119,2,1,10649,0.93,,0,False,2026-01-31 19:54:52
7353,7353,52,14,2026013119,2,1,9745,0.83,4,0,False,2026-01-31 19:56:52
7354,7354,400,3,2025111115,1,1,11393,0.89,,1,True,2025-11-11 15:38:09
7355,7355,267,19,2025101615,3,1,5033,0.93,5,0,True,2025-10-16 15:43:13
7356,7356,267,23,2025101615,3,1,7816,0.91,4,0,False,2025-10-16 15:48:13
7357,7357,267,8,2025101615,3,1,5828,0.83,4,1,False,2025-10-16 15:51:13
7358,7358,752,18,2026010106,1,1,9653,0.87,4,0,False,2026-01-01 06:06:20
7359,7359,64,19,2025102020,3,1,5855,0.86,,0,False,2025-10-20 20:04:33
7360,7360,64,23,2025102020,3,2,9483,0.29,,0,False,2025-10-20 20:08:33
7361,7361,64,8,2025102020,3,1,11102,0.97,4,0,True,2025-10-20 20:10:33
7362,7362,130,20,2026012201,5,1,10677,0.97,5,1,False,2026-01-22 01:55:43
7363,7363,130,5,2026012201,5,1,5927,0.96,3,0,False,2026-01-22 01:59:43
7364,7364,54,1,2026031708,1,1,7788,0.92,4,0,False,2026-03-17 08:03:57
7365,7365,54,3,2026031708,1,1,8444,0.9,4,0,False,2026-03-17 08:06:57
7366,7366,54,8,2026031708,1,3,11085,0.24,1,0,False,2026-03-17 08:09:57
7367,7367,165,23,2025090405,1,1,11789,0.84,3,0,False,2025-09-04 05:53:32
7368,7368,70,20,2026012306,1,1,8882,0.83,4,0,False,2026-01-23 06:25:27
7369,7369,232,1,2026021506,1,1,7297,0.83,4,0,True,2026-02-15 06:25:35
7370,7370,188,9,2026012514,1,1,10133,0.93,4,0,False,2026-01-25 14:14:36
7371,7371,277,17,2025111201,1,1,4730,0.93,,1,False,2025-11-12 01:58:39
7372,7372,277,16,2025111202,1,1,9823,0.97,4,0,False,2025-11-12 02:02:39
7373,7373,890,17,2025122508,1,1,12901,0.92,,1,False,2025-12-25 08:25:21
7374,7374,890,16,2025122508,1,1,8441,0.89,4,0,False,2025-12-25 08:28:21
7375,7375,8,20,2026010415,2,1,4287,0.85,4,0,False,2026-01-04 15:37:18
7376,7376,8,5,2026010415,2,1,11020,0.83,3,0,False,2026-01-04 15:42:18
7377,7377,1119,20,2025100301,1,1,13186,0.98,5,0,True,2025-10-03 01:10:09
7378,7378,1119,5,2025100301,1,1,10959,0.97,5,0,True,2025-10-03 01:14:09
7379,7379,80,6,2026020318,2,1,13270,0.93,4,0,False,2026-02-03 18:18:03
7380,7380,80,15,2026020318,2,1,3806,0.89,3,0,False,2026-02-03 18:22:03
7381,7381,349,19,2026020416,3,1,6997,0.93,4,0,True,2026-02-04 16:04:15
7382,7382,349,23,2026020416,3,1,4767,0.95,4,1,False,2026-02-04 16:09:15
7383,7383,349,8,2026020416,3,1,6851,0.87,5,0,False,2026-02-04 16:12:15
7384,7384,365,17,2026032111,1,1,13245,0.84,4,0,False,2026-03-21 11:19:42
7385,7385,83,17,2025121915,2,1,5377,0.87,,0,False,2025-12-19 15:44:24
7386,7386,83,16,2025121915,2,1,4843,0.86,5,0,True,2025-12-19 15:47:24
7387,7387,766,4,2026010505,1,1,8697,0.93,5,0,False,2026-01-05 05:22:23
7388,7388,766,10,2026010505,1,1,12819,0.92,4,0,False,2026-01-05 05:26:23
7389,7389,790,13,2026021420,1,1,7884,0.98,4,0,False,2026-02-14 20:35:14
7390,7390,790,14,2026021420,1,1,4208,0.9,4,0,False,2026-02-14 20:40:14
7391,7391,298,17,2025111521,2,1,6993,0.94,5,0,False,2025-11-15 21:22:53
7392,7392,298,16,2025111521,2,3,4453,0.32,,1,False,2025-11-15 21:26:53
7393,7393,51,8,2025091200,1,1,14012,0.88,5,0,True,2025-09-12 00:53:00
7394,7394,121,6,2025102609,1,1,11436,0.87,4,0,False,2025-10-26 09:07:51
7395,7395,1069,6,2025092301,1,1,9219,0.91,5,0,False,2025-09-23 01:55:51
7396,7396,1069,15,2025092301,1,1,5537,0.94,5,0,True,2025-09-23 01:58:51
7397,7397,384,11,2025122109,2,1,6629,0.86,3,0,False,2025-12-21 09:14:22
7398,7398,38,21,2025122101,4,1,10378,0.95,4,0,True,2025-12-21 01:46:26
7399,7399,31,13,2026030819,1,1,7929,0.97,4,0,True,2026-03-08 19:02:41
7400,7400,31,14,2026030819,1,1,8946,0.86,4,0,False,2026-03-08 19:05:41
7401,7401,87,1,2025092405,1,1,9391,0.93,,1,False,2025-09-24 05:20:22
7402,7402,87,3,2025092405,1,1,4206,0.97,4,0,False,2025-09-24 05:23:22
7403,7403,87,8,2025092405,1,1,13547,0.86,4,0,False,2025-09-24 05:26:22
7404,7404,739,6,2026031204,2,1,4934,0.85,4,0,False,2026-03-12 04:04:29
7405,7405,739,15,2026031204,2,1,10351,0.94,,0,False,2026-03-12 04:09:29
7406,7406,184,2,2026021113,1,1,10399,0.9,4,0,False,2026-02-11 13:29:38
7407,7407,48,7,2026032009,1,1,7101,0.89,4,1,False,2026-03-20 09:51:42
7408,7408,370,13,2025102111,1,1,11648,0.92,4,0,False,2025-10-21 11:19:46
7409,7409,241,4,2026022410,5,1,8997,0.84,4,0,False,2026-02-24 10:07:03
7410,7410,241,10,2026022410,5,1,13062,0.84,5,0,True,2026-02-24 10:09:03
7411,7411,328,1,2025111400,2,1,8027,0.97,5,0,True,2025-11-14 00:11:28
7412,7412,202,2,2026010902,6,1,5531,0.95,3,0,False,2026-01-09 02:48:21
7413,7413,202,5,2026010902,6,1,9750,0.89,4,0,False,2026-01-09 02:50:21
7414,7414,202,9,2026010902,6,1,11677,0.91,5,0,False,2026-01-09 02:52:21
7415,7415,277,20,2025120415,2,1,12309,0.95,5,1,True,2025-12-04 15:27:08
7416,7416,277,5,2025120415,2,1,12923,0.93,5,0,False,2025-12-04 15:30:08
7417,7417,981,6,2026020721,2,1,7124,0.97,3,0,True,2026-02-07 21:45:18
7418,7418,981,15,2026020721,2,1,9252,0.88,5,1,False,2026-02-07 21:47:18
7419,7419,250,1,2025102122,3,1,14712,0.93,5,0,True,2025-10-21 22:50:55
7420,7420,282,9,2025091201,6,1,8545,0.96,,0,False,2025-09-12 01:58:29
7421,7421,201,2,2025091309,3,1,5989,0.93,4,0,False,2025-09-13 09:34:18
7422,7422,201,5,2025091309,3,4,13775,0.13,2,0,False,2025-09-13 09:37:18
7423,7423,201,9,2025091309,3,1,13847,0.97,4,0,False,2025-09-13 09:38:18
7424,7424,295,1,2026022002,6,1,14771,0.89,4,0,False,2026-02-20 02:45:22
7425,7425,295,3,2026022002,6,1,4711,0.88,4,0,False,2026-02-20 02:49:22
7426,7426,295,8,2026022002,6,3,5428,0.27,1,0,False,2026-02-20 02:49:22
7427,7427,198,6,2026031601,1,1,10879,0.93,4,0,False,2026-03-16 01:55:49
7428,7428,198,15,2026031601,1,1,7637,0.97,5,0,True,2026-03-16 01:59:49
7429,7429,80,2,2026031613,2,1,4317,0.84,5,0,True,2026-03-16 13:03:57
7430,7430,145,17,2025120600,4,1,13892,0.93,,0,False,2025-12-06 00:40:55
7431,7431,145,16,2025120600,4,1,5711,0.84,5,0,False,2025-12-06 00:43:55
7432,7432,1165,13,2026010922,1,1,6548,0.86,5,0,False,2026-01-09 22:54:10
7433,7433,67,4,2025102405,5,1,11495,0.93,4,0,False,2025-10-24 05:27:13
7434,7434,67,10,2025102405,5,1,13993,0.94,,0,False,2025-10-24 05:32:13
7435,7435,357,21,2026020321,2,1,11256,0.83,4,0,False,2026-02-03 21:35:06
7436,7436,358,19,2025121220,3,4,13399,0.15,,1,False,2025-12-12 20:16:08
7437,7437,358,23,2025121220,3,1,6847,0.84,4,0,False,2025-12-12 20:19:08
7438,7438,358,8,2025121220,3,1,10930,0.88,4,0,False,2025-12-12 20:24:08
7439,7439,34,4,2025121301,3,1,13200,0.87,,0,False,2025-12-13 01:41:13
7440,7440,34,10,2025121301,3,1,6765,0.97,3,0,True,2025-12-13 01:46:13
7441,7441,267,20,2025110618,1,1,5574,0.86,4,0,False,2025-11-06 18:45:40
7442,7442,267,5,2025110618,1,1,4107,0.83,5,0,True,2025-11-06 18:48:40
7443,7443,281,4,2025112902,1,1,8207,0.97,4,0,True,2025-11-29 02:41:53
7444,7444,281,10,2025112902,1,1,8338,0.83,5,0,True,2025-11-29 02:44:53
7445,7445,372,13,2025112815,1,1,12350,0.84,3,0,False,2025-11-28 15:42:39
7446,7446,372,14,2025112815,1,1,6283,0.95,5,0,False,2025-11-28 15:44:39
7447,7447,369,6,2025091102,2,1,8095,0.91,5,0,True,2025-09-11 02:51:00
7448,7448,15,6,2026020508,3,1,13832,0.98,4,0,False,2026-02-05 08:25:11
7449,7449,15,15,2026020508,3,1,8882,0.9,5,0,False,2026-02-05 08:29:11
7450,7450,80,13,2025093012,2,1,6948,0.96,4,0,False,2025-09-30 12:04:09
7451,7451,3,8,2026012410,1,1,11060,0.94,4,0,False,2026-01-24 10:09:48
7452,7452,143,25,2026011910,1,1,7259,0.93,5,0,True,2026-01-19 10:14:48
7453,7453,41,2,2026021716,1,1,12745,0.83,5,1,False,2026-02-17 16:02:28
7454,7454,41,5,2026021716,1,1,13778,0.94,,0,False,2026-02-17 16:07:28
7455,7455,41,9,2026021716,1,1,5972,0.86,5,0,True,2026-02-17 16:08:28
7456,7456,161,1,2026031107,2,1,12787,0.86,5,0,False,2026-03-11 07:38:22
7457,7457,161,3,2026031107,2,1,4385,0.93,5,1,True,2026-03-11 07:41:22
7458,7458,161,8,2026031107,2,1,10815,0.82,4,0,False,2026-03-11 07:44:22
7459,7459,270,19,2026031503,1,1,5470,0.97,3,0,False,2026-03-15 03:44:10
7460,7460,213,8,2025090908,2,1,13327,0.83,3,1,True,2025-09-09 08:18:51
7461,7461,27,1,2025092501,2,1,5060,0.96,4,0,False,2025-09-25 01:12:43
7462,7462,27,3,2025092501,2,1,11953,0.87,5,0,True,2025-09-25 01:17:43
7463,7463,27,8,2025092501,2,1,10154,0.87,3,0,True,2025-09-25 01:18:43
7464,7464,85,17,2025111702,1,1,8899,0.83,4,0,False,2025-11-17 02:07:55
7465,7465,85,16,2025111702,1,1,9590,0.85,5,0,False,2025-11-17 02:10:55
7466,7466,60,8,2025102500,1,1,13694,0.97,4,0,False,2025-10-25 00:23:51
7467,7467,55,13,2026033121,5,1,8073,0.87,4,0,False,2026-03-31 21:51:27
7468,7468,55,14,2026033121,5,1,5304,0.82,4,0,False,2026-03-31 21:53:27
7469,7469,1090,20,2026021620,1,1,3880,0.89,3,0,False,2026-02-16 20:08:26
7470,7470,33,17,2026021214,1,1,11889,0.95,4,0,False,2026-02-12 14:46:00
7471,7471,33,16,2026021214,1,3,7547,0.28,,1,False,2026-02-12 14:50:00
7472,7472,76,21,2025112416,2,1,14424,0.86,5,1,True,2025-11-24 16:44:36
7473,7473,68,23,2026021415,2,1,12746,0.93,4,0,False,2026-02-14 15:06:36
7474,7474,141,4,2025111716,2,1,8256,0.94,4,0,True,2025-11-17 16:18:57
7475,7475,43,22,2025120104,1,1,14403,0.98,5,0,False,2025-12-01 04:29:37
7476,7476,69,13,2026012302,1,1,5995,0.87,5,0,True,2026-01-23 02:30:30
7477,7477,69,14,2026012302,1,1,5977,0.82,5,0,False,2026-01-23 02:33:30
7478,7478,716,18,2025100803,5,1,11775,0.9,,0,False,2025-10-08 03:10:35
7479,7479,715,6,2026011508,2,1,12753,0.85,4,0,False,2026-01-15 08:15:39
7480,7480,715,15,2026011508,2,1,12084,0.94,4,1,False,2026-01-15 08:19:39
7481,7481,278,12,2026021317,1,1,9063,0.82,4,0,True,2026-02-13 17:31:51
7482,7482,441,4,2025122119,1,1,12924,0.83,5,0,True,2025-12-21 19:20:33
7483,7483,441,10,2025122119,1,1,8037,0.86,5,0,True,2025-12-21 19:22:33
7484,7484,323,19,2025110700,3,1,9941,0.88,4,0,False,2025-11-07 00:43:48
7485,7485,323,23,2025110700,3,1,8016,0.82,4,0,False,2025-11-07 00:48:48
7486,7486,323,8,2025110700,3,1,8579,0.82,4,0,True,2025-11-07 00:47:48
7487,7487,920,20,2026011700,1,3,14070,0.11,1,0,False,2026-01-17 00:29:29
7488,7488,920,5,2026011700,1,1,8542,0.85,4,0,True,2026-01-17 00:31:29
7489,7489,19,19,2026010307,6,1,14598,0.89,4,0,True,2026-01-03 07:40:39
7490,7490,19,23,2026010307,6,1,6940,0.97,4,0,True,2026-01-03 07:43:39
7491,7491,19,8,2026010307,6,1,12802,0.97,3,0,True,2026-01-03 07:50:39
7492,7492,205,17,2026022817,2,1,9257,0.97,3,0,False,2026-02-28 17:20:48
7493,7493,205,16,2026022817,2,1,8838,0.94,4,0,False,2026-02-28 17:22:48
7494,7494,306,2,2025102412,1,1,7322,0.94,5,1,True,2025-10-24 12:14:26
7495,7495,306,5,2025102412,1,1,6493,0.82,4,0,False,2025-10-24 12:16:26
7496,7496,306,9,2025102412,1,1,15137,0.85,4,0,False,2025-10-24 12:18:26
7497,7497,252,4,2026022108,1,1,13877,0.85,4,0,False,2026-02-21 08:33:47
7498,7498,252,10,2026022108,1,1,14753,0.93,,0,True,2026-02-21 08:37:47
7499,7499,213,6,2025092105,2,1,3762,0.91,4,0,False,2025-09-21 05:16:00
7500,7500,213,15,2025092105,2,4,6313,0.07,2,0,False,2025-09-21 05:18:00
7501,7501,35,13,2025123012,2,1,4242,0.93,4,0,True,2025-12-30 12:34:25
7502,7502,35,14,2025123012,2,1,8298,0.96,3,0,False,2025-12-30 12:39:25
7503,7503,378,6,2025111700,1,1,11098,0.96,5,0,False,2025-11-17 00:33:36
7504,7504,378,15,2025111700,1,1,8996,0.83,5,0,False,2025-11-17 00:36:36
7505,7505,854,9,2025090716,1,1,6729,0.92,4,0,False,2025-09-07 16:56:45
7506,7506,17,20,2025091201,1,1,13665,0.85,5,1,False,2025-09-12 01:44:03
7507,7507,17,5,2025091201,1,1,9998,0.87,5,0,False,2025-09-12 01:49:03
7508,7508,71,4,2025112616,1,1,12777,0.86,5,0,False,2025-11-26 16:52:03
7509,7509,71,10,2025112616,1,1,8163,0.94,3,0,True,2025-11-26 16:55:03
7510,7510,118,2,2025121300,3,1,8918,0.83,4,0,False,2025-12-13 00:08:52
7511,7511,118,5,2025121300,3,1,7655,0.97,4,0,True,2025-12-13 00:13:52
7512,7512,118,9,2025121300,3,1,12665,0.89,4,0,False,2025-12-13 00:18:52
7513,7513,206,12,2026020417,1,1,7246,0.87,4,0,True,2026-02-04 17:39:47
7514,7514,93,19,2025121321,1,5,11644,0.17,,0,False,2025-12-13 21:09:33
7515,7515,93,23,2025121321,1,1,3705,0.9,5,0,False,2025-12-13 21:12:33
7516,7516,93,8,2025121321,1,1,5147,0.84,5,0,False,2025-12-13 21:13:33
7517,7517,306,13,2026022500,1,1,9226,0.96,5,0,True,2026-02-25 00:03:49
7518,7518,306,14,2026022500,1,1,8428,0.91,4,0,True,2026-02-25 00:05:49
7519,7519,338,20,2025090819,3,1,5820,0.87,4,0,False,2025-09-08 19:19:09
7520,7520,338,5,2025090819,3,1,11132,0.94,5,0,False,2025-09-08 19:22:09
7521,7521,546,19,2025091303,3,1,9867,0.89,4,0,False,2025-09-13 03:43:18
7522,7522,546,23,2025091303,3,1,13441,0.84,4,0,False,2025-09-13 03:45:18
7523,7523,546,8,2025091303,3,1,7341,0.88,3,0,False,2025-09-13 03:51:18
7524,7524,26,1,2026030202,1,1,15228,0.83,,0,False,2026-03-02 02:58:46
7525,7525,26,3,2026030203,1,6,11688,0.0,1,0,False,2026-03-02 03:02:46
7526,7526,26,8,2026030203,1,1,6979,0.94,3,0,False,2026-03-02 03:02:46
7527,7527,1166,4,2026032214,2,1,11432,0.96,5,0,False,2026-03-22 14:03:13
7528,7528,1166,10,2026032214,2,1,14544,0.83,4,0,True,2026-03-22 14:08:13
7529,7529,375,6,2026020414,3,1,7056,0.92,3,0,False,2026-02-04 14:23:28
7530,7530,375,15,2026020414,3,4,11675,0.03,,0,False,2026-02-04 14:28:28
7531,7531,125,17,2025090810,5,1,11831,0.89,3,0,False,2025-09-08 10:22:07
7532,7532,125,16,2025090810,5,1,12875,0.83,5,0,False,2025-09-08 10:24:07
7533,7533,250,15,2026022023,5,1,9031,0.85,4,0,False,2026-02-20 23:36:17
7534,7534,89,2,2026012512,6,1,6956,0.9,5,0,False,2026-01-25 12:18:40
7535,7535,89,5,2026012512,6,1,9825,0.86,3,0,False,2026-01-25 12:21:40
7536,7536,89,9,2026012512,6,1,5480,0.95,5,0,False,2026-01-25 12:26:40
7537,7537,88,6,2025113011,4,1,10556,0.94,5,0,False,2025-11-30 11:05:41
7538,7538,88,15,2025113011,4,1,13918,0.96,5,0,False,2025-11-30 11:09:41
7539,7539,60,2,2025121118,1,1,9920,0.95,5,0,True,2025-12-11 18:18:38
7540,7540,60,5,2025121118,1,4,8064,0.19,2,0,False,2025-12-11 18:20:38
7541,7541,60,9,2025121118,1,1,14641,0.88,4,0,True,2025-12-11 18:22:38
7542,7542,59,1,2025102900,2,1,6453,0.88,,0,False,2025-10-29 00:18:38
7543,7543,59,3,2025102900,2,1,5933,0.87,3,0,False,2025-10-29 00:21:38
7544,7544,59,8,2025102900,2,1,13900,0.84,5,0,False,2025-10-29 00:22:38
7545,7545,89,21,2025121808,1,1,11308,0.92,4,0,False,2025-12-18 08:19:38
7546,7546,876,19,2026032000,1,1,5634,0.83,5,1,True,2026-03-20 00:00:40
7547,7547,50,19,2025110919,1,1,9424,0.97,4,0,False,2025-11-09 19:20:52
7548,7548,50,23,2025110919,1,4,11491,0.24,2,0,False,2025-11-09 19:25:52
7549,7549,50,8,2025110919,1,1,13527,0.94,5,0,True,2025-11-09 19:26:52
7550,7550,14,20,2026032913,2,1,8608,0.9,4,0,True,2026-03-29 13:52:43
7551,7551,14,5,2026032913,2,1,5714,0.92,4,0,False,2026-03-29 13:57:43
7552,7552,27,19,2025091207,1,1,12270,0.86,,0,False,2025-09-12 07:18:14
7553,7553,18,19,2026010915,1,1,7264,0.84,4,0,True,2026-01-09 15:48:44
7554,7554,18,23,2026010915,1,1,10040,0.98,5,0,False,2026-01-09 15:50:44
7555,7555,18,8,2026010915,1,1,12339,0.96,4,1,False,2026-01-09 15:54:44
7556,7556,273,25,2026011506,3,1,13874,0.9,5,0,False,2026-01-15 06:42:32
7557,7557,364,17,2026022002,6,1,13622,0.96,4,0,False,2026-02-20 02:47:46
7558,7558,364,16,2026022002,6,1,13173,0.93,3,0,True,2026-02-20 02:52:46
7559,7559,768,4,2026032901,1,1,13683,0.94,4,0,False,2026-03-29 01:26:46
7560,7560,768,10,2026032901,1,1,6882,0.92,5,1,False,2026-03-29 01:29:46
7561,7561,198,18,2025121801,3,3,10851,0.22,1,0,False,2025-12-18 01:52:28
7562,7562,827,19,2026033114,2,1,6614,0.84,4,0,False,2026-03-31 14:34:23
7563,7563,264,4,2025122510,3,1,8306,0.92,3,0,False,2025-12-25 10:04:32
7564,7564,106,2,2026020511,1,3,5901,0.01,2,0,False,2026-02-05 11:33:41
7565,7565,186,20,2025100803,2,3,13716,0.15,2,0,False,2025-10-08 03:25:39
7566,7566,186,5,2025100803,2,1,11398,0.97,5,0,True,2025-10-08 03:28:39
7567,7567,464,14,2026011022,2,1,12885,0.93,5,0,False,2026-01-10 22:49:18
7568,7568,6,17,2025112500,2,2,10974,0.02,,0,False,2025-11-25 00:42:35
7569,7569,6,16,2025112500,2,5,7117,0.3,1,0,False,2025-11-25 00:44:35
7570,7570,1164,3,2026021819,1,1,4918,0.95,5,0,False,2026-02-18 19:34:54
7571,7571,75,5,2026022206,1,4,9489,0.25,2,0,False,2026-02-22 06:45:06
7572,7572,284,8,2026011704,1,3,9855,0.01,2,0,False,2026-01-17 04:34:20
7573,7573,87,17,2025101518,1,1,10882,0.97,5,0,True,2025-10-15 18:06:23
7574,7574,87,16,2025101518,1,1,12408,0.85,3,0,False,2025-10-15 18:11:23
7575,7575,538,6,2026012915,6,1,8452,0.91,5,0,False,2026-01-29 15:28:01
7576,7576,538,15,2026012915,6,1,9137,0.97,3,0,False,2026-01-29 15:31:01
7577,7577,1066,7,2025121717,1,1,9253,0.89,4,0,True,2025-12-17 17:32:01
7578,7578,43,24,2026032710,5,1,11405,0.96,5,0,True,2026-03-27 10:52:02
7579,7579,185,1,2026032720,1,1,14490,0.95,4,0,True,2026-03-27 20:11:40
7580,7580,185,3,2026032720,1,3,6518,0.03,2,2,False,2026-03-27 20:14:40
7581,7581,185,8,2026032720,1,1,7499,0.85,3,0,False,2026-03-27 20:17:40
7582,7582,152,21,2026010903,2,3,6249,0.09,,0,False,2026-01-09 03:06:21
7583,7583,171,24,2025120123,5,1,10045,0.84,4,0,False,2025-12-01 23:02:26
7584,7584,219,19,2025102515,3,1,11697,0.96,5,0,False,2025-10-25 15:59:51
7585,7585,219,23,2025102516,3,1,7252,0.85,,0,False,2025-10-25 16:01:51
7586,7586,219,8,2025102516,3,1,8079,0.91,3,0,False,2025-10-25 16:09:51
7587,7587,676,11,2025121102,3,1,8055,0.88,5,0,True,2025-12-11 02:36:17
7588,7588,2,6,2026032814,1,2,10458,0.1,,0,False,2026-03-28 14:50:32
7589,7589,2,15,2026032814,1,1,3914,0.87,5,0,True,2026-03-28 14:52:32
7590,7590,24,4,2026020914,3,1,10155,0.94,5,0,False,2026-02-09 14:55:35
7591,7591,378,17,2026012001,1,5,9676,0.13,1,2,False,2026-01-20 01:26:03
7592,7592,378,16,2026012001,1,2,9014,0.17,,0,False,2026-01-20 01:30:03
7593,7593,563,6,2026032119,2,1,8526,0.88,5,0,True,2026-03-21 19:24:04
7594,7594,563,15,2026032119,2,1,6762,0.88,5,0,True,2026-03-21 19:28:04
7595,7595,91,11,2026012419,2,1,11262,0.93,3,0,False,2026-01-24 19:50:32
7596,7596,297,25,2026012012,2,1,12088,0.88,5,0,True,2026-01-20 12:14:01
7597,7597,8,1,2025091710,2,1,7483,0.86,4,0,True,2025-09-17 10:01:28
7598,7598,8,3,2025091710,2,1,4836,0.93,3,0,True,2025-09-17 10:03:28
7599,7599,8,8,2025091710,2,1,8590,0.86,4,0,False,2025-09-17 10:11:28
7600,7600,170,4,2026010800,6,1,14375,0.84,4,0,True,2026-01-08 00:41:26
7601,7601,170,10,2026010800,6,1,8155,0.96,3,0,True,2026-01-08 00:43:26
7602,7602,512,17,2026020323,1,1,7870,0.86,5,0,False,2026-02-03 23:08:55
7603,7603,512,16,2026020323,1,1,4946,0.86,4,1,True,2026-02-03 23:13:55
7604,7604,183,2,2026012511,5,1,13967,0.83,4,0,False,2026-01-25 11:57:33
7605,7605,104,13,2026022709,1,1,10265,0.89,5,0,False,2026-02-27 09:40:16
7606,7606,104,14,2026022709,1,3,7906,0.35,,0,False,2026-02-27 09:43:16
7607,7607,313,17,2026030819,2,1,5495,0.83,,0,False,2026-03-08 19:00:14
7608,7608,313,16,2026030819,2,1,9552,0.93,,1,False,2026-03-08 19:02:14
7609,7609,1,4,2025110122,2,1,11825,0.82,4,0,True,2025-11-01 22:39:07
7610,7610,1,10,2025110122,2,1,15279,0.98,5,0,False,2025-11-01 22:44:07
7611,7611,38,25,2026012512,2,1,13405,0.92,,0,False,2026-01-25 12:40:57
7612,7612,119,4,2026032010,2,1,9661,0.83,3,0,False,2026-03-20 10:20:22
7613,7613,119,10,2026032010,2,1,6003,0.83,3,0,False,2026-03-20 10:24:22
7614,7614,297,20,2026013115,2,1,11379,0.98,3,0,False,2026-01-31 15:10:19
7615,7615,297,5,2026013115,2,1,5713,0.82,4,0,False,2026-01-31 15:15:19
7616,7616,207,4,2025101318,5,1,13099,0.92,5,0,False,2025-10-13 18:30:30
7617,7617,207,10,2025101318,5,3,6027,0.05,2,0,False,2025-10-13 18:32:30
7618,7618,347,3,2026021223,6,1,11639,0.93,4,0,False,2026-02-12 23:50:56
7619,7619,308,13,2025090209,5,1,5235,0.89,5,0,True,2025-09-02 09:06:47
7620,7620,308,14,2025090209,5,1,6068,0.82,5,0,False,2025-09-02 09:10:47
7621,7621,42,19,2026020803,3,1,5833,0.89,5,0,False,2026-02-08 03:57:43
7622,7622,269,4,2026031518,1,1,11947,0.94,4,0,False,2026-03-15 18:05:52
7623,7623,13,4,2026030704,1,1,15447,0.96,3,0,False,2026-03-07 04:38:33
7624,7624,13,10,2026030704,1,2,13319,0.33,2,0,False,2026-03-07 04:40:33
7625,7625,955,13,2025122820,6,5,6192,0.22,,0,False,2025-12-28 20:47:01
7626,7626,955,14,2025122820,6,1,6923,0.84,5,0,False,2025-12-28 20:50:01
7627,7627,330,4,2026011407,1,1,9127,0.85,5,0,False,2026-01-14 07:00:47
7628,7628,330,10,2026011407,1,1,10135,0.84,4,0,False,2026-01-14 07:05:47
7629,7629,694,17,2026030620,5,1,10014,0.87,5,0,True,2026-03-06 20:27:16
7630,7630,694,16,2026030620,5,1,8163,0.89,4,0,True,2026-03-06 20:32:16
7631,7631,399,18,2026020513,1,1,11716,0.89,4,0,False,2026-02-05 13:53:07
7632,7632,709,4,2025100419,1,1,5965,0.88,4,1,False,2025-10-04 19:49:16
7633,7633,709,10,2025100419,1,1,7908,0.83,3,0,False,2025-10-04 19:52:16
7634,7634,1099,17,2025113023,2,1,10692,0.86,4,0,True,2025-11-30 23:10:16
7635,7635,1099,16,2025113023,2,1,5237,0.98,4,0,True,2025-11-30 23:12:16
7636,7636,45,20,2026030412,1,1,13781,0.87,4,0,False,2026-03-04 12:42:13
7637,7637,45,5,2026030412,1,1,8657,0.87,,0,False,2026-03-04 12:47:13
7638,7638,43,19,2026010208,2,1,13240,0.95,4,0,True,2026-01-02 08:52:07
7639,7639,43,23,2026010208,2,1,11328,0.92,5,0,False,2026-01-02 08:56:07
7640,7640,43,8,2026010208,2,1,11840,0.83,4,0,True,2026-01-02 08:58:07
7641,7641,165,1,2026012002,6,1,8520,0.9,3,0,False,2026-01-20 02:50:15
7642,7642,165,3,2026012002,6,1,10153,0.82,4,0,False,2026-01-20 02:52:15
7643,7643,165,8,2026012002,6,1,9139,0.92,4,0,False,2026-01-20 02:56:15
7644,7644,665,6,2026012715,3,1,8964,0.96,5,0,True,2026-01-27 15:36:06
7645,7645,665,15,2026012715,3,1,7803,0.83,5,0,False,2026-01-27 15:38:06
7646,7646,852,13,2026012013,1,1,4418,0.95,4,0,True,2026-01-20 13:25:24
7647,7647,79,1,2025112911,1,5,9832,0.06,2,0,False,2025-11-29 11:57:58
7648,7648,79,3,2025112912,1,1,7302,0.9,5,0,False,2025-11-29 12:01:58
7649,7649,79,8,2025112912,1,7,13208,0.34,,0,False,2025-11-29 12:05:58
7650,7650,205,2,2026022518,1,1,5107,0.92,4,0,False,2026-02-25 18:10:55
7651,7651,205,5,2026022518,1,1,10637,0.85,4,0,True,2026-02-25 18:15:55
7652,7652,205,9,2026022518,1,1,7275,0.83,4,1,True,2026-02-25 18:20:55
7653,7653,926,15,2025102110,2,1,6520,0.89,5,0,True,2025-10-21 10:41:18
7654,7654,264,15,2026011206,1,1,5587,0.93,5,0,True,2026-01-12 06:27:41
7655,7655,234,17,2026020500,1,3,10029,0.14,1,0,False,2026-02-05 00:22:44
7656,7656,234,16,2026020500,1,1,3876,0.96,,1,False,2026-02-05 00:26:44
7657,7657,263,19,2026010809,1,1,12057,0.9,4,0,False,2026-01-08 09:48:18
7658,7658,917,6,2026020817,4,1,6822,0.88,4,0,False,2026-02-08 17:28:42
7659,7659,917,15,2026020817,4,1,4699,0.86,5,0,True,2026-02-08 17:31:42
7660,7660,28,20,2025121604,2,1,9222,0.83,5,0,True,2025-12-16 04:36:49
7661,7661,28,5,2025121604,2,1,5131,0.91,4,0,True,2025-12-16 04:41:49
7662,7662,908,23,2026031200,1,1,6316,0.96,,0,False,2026-03-12 00:03:58
7663,7663,67,13,2026013009,1,1,7512,0.92,5,0,False,2026-01-30 09:11:12
7664,7664,67,14,2026013009,1,1,8899,0.87,,0,False,2026-01-30 09:13:12
7665,7665,171,4,2026012710,1,7,14127,0.28,2,1,False,2026-01-27 10:18:27
7666,7666,171,10,2026012710,1,1,13008,0.92,,0,False,2026-01-27 10:23:27
7667,7667,88,19,2025091118,3,1,7240,0.96,5,0,True,2025-09-11 18:35:46
7668,7668,88,23,2025091118,3,1,12243,0.96,,0,True,2025-09-11 18:39:46
7669,7669,88,8,2025091118,3,1,9487,0.89,3,0,True,2025-09-11 18:43:46
7670,7670,1105,19,2025102814,5,1,9976,0.97,4,0,False,2025-10-28 14:48:36
7671,7671,1105,23,2025102814,5,1,4917,0.91,4,0,True,2025-10-28 14:51:36
7672,7672,1105,8,2025102814,5,1,8632,0.9,4,0,False,2025-10-28 14:52:36
7673,7673,87,17,2025091023,1,1,13602,0.95,4,0,True,2025-09-10 23:25:33
7674,7674,87,16,2025091023,1,1,7998,0.9,4,0,True,2025-09-10 23:27:33
7675,7675,51,13,2025090912,1,1,6164,0.97,4,0,False,2025-09-09 12:40:08
7676,7676,51,14,2025090912,1,1,11829,0.87,5,0,False,2025-09-09 12:44:08
7677,7677,141,19,2025113012,1,1,12187,0.97,,0,True,2025-11-30 12:51:55
7678,7678,141,23,2025113012,1,3,12936,0.21,1,0,False,2025-11-30 12:56:55
7679,7679,141,8,2025113012,1,1,8231,0.93,4,0,False,2025-11-30 12:55:55
7680,7680,829,20,2025122122,4,1,6715,0.97,4,0,False,2025-12-21 22:49:29
7681,7681,829,5,2025122122,4,1,7595,0.84,5,0,True,2025-12-21 22:54:29
7682,7682,287,5,2025102517,1,1,13515,0.9,4,0,False,2025-10-25 17:19:47
7683,7683,93,13,2025122605,2,1,10908,0.93,5,0,True,2025-12-26 05:53:09
7684,7684,93,14,2025122605,2,1,9115,0.95,4,0,False,2025-12-26 05:57:09
7685,7685,93,1,2025101819,1,1,14210,0.87,5,0,False,2025-10-18 19:00:38
7686,7686,93,3,2025101819,1,1,12252,0.83,5,0,True,2025-10-18 19:05:38
7687,7687,93,8,2025101819,1,1,5624,0.96,4,0,False,2025-10-18 19:08:38
7688,7688,199,20,2025092714,5,1,11856,0.82,5,0,True,2025-09-27 14:32:30
7689,7689,199,5,2025092714,5,1,7590,0.91,5,0,False,2025-09-27 14:35:30
7690,7690,533,19,2026011501,6,1,10529,0.85,4,1,True,2026-01-15 01:08:25
7691,7691,533,23,2026011501,6,1,11719,0.92,5,0,True,2026-01-15 01:13:25
7692,7692,533,8,2026011501,6,1,5922,0.94,,1,False,2026-01-15 01:16:25
7693,7693,62,13,2025100805,1,1,14179,0.94,4,0,False,2025-10-08 05:42:23
7694,7694,62,14,2025100805,1,1,10097,0.85,5,0,False,2025-10-08 05:47:23
7695,7695,925,11,2026011718,1,1,9656,0.93,5,0,True,2026-01-17 18:57:22
7696,7696,899,4,2026010513,2,1,15245,0.93,3,0,False,2026-01-05 13:24:16
7697,7697,899,10,2026010513,2,1,9117,0.83,4,0,False,2026-01-05 13:26:16
7698,7698,119,2,2025110900,2,1,10972,0.83,4,0,True,2025-11-09 00:09:36
7699,7699,119,5,2025110900,2,1,10228,0.82,4,1,False,2025-11-09 00:12:36
7700,7700,119,9,2025110900,2,1,13243,0.93,3,0,False,2025-11-09 00:17:36
7701,7701,139,4,2026032506,2,1,12254,0.95,4,1,False,2026-03-25 06:03:38
7702,7702,139,10,2026032506,2,1,10192,0.87,5,0,True,2026-03-25 06:06:38
7703,7703,83,2,2025091720,5,1,5556,0.9,5,0,True,2025-09-17 20:07:17
7704,7704,83,5,2025091720,5,1,11989,0.84,4,0,False,2025-09-17 20:09:17
7705,7705,83,9,2025091720,5,1,10133,0.92,3,1,False,2025-09-17 20:11:17
7706,7706,51,17,2025091310,1,2,4358,0.27,1,0,False,2025-09-13 10:48:24
7707,7707,51,16,2025091310,1,1,13211,0.84,5,0,False,2025-09-13 10:53:24
7708,7708,155,6,2025090302,1,1,8148,0.95,3,0,False,2025-09-03 02:07:24
7709,7709,155,15,2025090302,1,6,3841,0.0,1,0,False,2025-09-03 02:11:24
7710,7710,64,24,2025101421,2,1,14243,0.87,4,0,False,2025-10-14 21:31:18
7711,7711,230,20,2026022218,1,4,7929,0.24,1,0,False,2026-02-22 18:01:13
7712,7712,145,20,2025112412,1,1,11230,0.84,,0,False,2025-11-24 12:32:11
7713,7713,145,5,2025112412,1,1,5113,0.9,4,0,False,2025-11-24 12:35:11
7714,7714,865,19,2026021319,3,1,10670,0.94,4,0,False,2026-02-13 19:40:30
7715,7715,865,23,2026021319,3,1,8045,0.91,5,0,True,2026-02-13 19:42:30
7716,7716,865,8,2026021319,3,1,6816,0.92,5,0,True,2026-02-13 19:48:30
7717,7717,15,13,2025122207,1,1,6539,0.97,3,0,False,2025-12-22 07:25:52
7718,7718,15,14,2025122207,1,1,14036,0.97,5,0,False,2025-12-22 07:28:52
7719,7719,390,1,2025122612,2,1,9008,0.95,5,0,True,2025-12-26 12:29:39
7720,7720,201,17,2025111513,1,1,3817,0.84,,0,False,2025-11-15 13:38:42
7721,7721,201,16,2025111513,1,1,11607,0.82,4,0,False,2025-11-15 13:40:42
7722,7722,149,20,2026012509,1,2,12730,0.32,,0,False,2026-01-25 09:05:38
7723,7723,149,5,2026012509,1,2,7174,0.02,,0,False,2026-01-25 09:07:38
7724,7724,613,2,2025092212,1,2,13962,0.2,,0,False,2025-09-22 12:21:08
7725,7725,613,5,2025092212,1,1,4022,0.9,4,0,True,2025-09-22 12:23:08
7726,7726,613,9,2025092212,1,1,13954,0.82,4,0,True,2025-09-22 12:27:08
7727,7727,288,23,2025100422,1,1,9827,0.92,5,0,True,2025-10-04 22:14:56
7728,7728,550,3,2025121602,2,1,6550,0.97,4,0,False,2025-12-16 02:41:11
7729,7729,305,15,2025112920,1,1,13401,0.98,5,0,True,2025-11-29 20:28:58
7730,7730,336,10,2026011715,4,1,10609,0.89,3,0,False,2026-01-17 15:42:16
7731,7731,221,20,2025120123,1,3,7139,0.01,1,0,False,2025-12-01 23:01:46
7732,7732,221,5,2025120123,1,1,11277,0.83,4,0,False,2025-12-01 23:04:46
7733,7733,84,18,2025110422,1,1,7944,0.96,5,0,False,2025-11-04 22:02:50
7734,7734,549,1,2025112502,5,1,15312,0.9,4,0,False,2025-11-25 02:51:43
7735,7735,549,3,2025112502,5,1,6225,0.91,,0,False,2025-11-25 02:56:43
7736,7736,549,8,2025112503,5,1,13956,0.84,4,0,True,2025-11-25 03:01:43
7737,7737,428,13,2025112110,2,1,5547,0.85,4,0,False,2025-11-21 10:45:39
7738,7738,428,14,2025112110,2,1,6119,0.94,5,1,True,2025-11-21 10:48:39
7739,7739,103,4,2026011416,4,1,6301,0.87,5,0,False,2026-01-14 16:33:02
7740,7740,103,10,2026011416,4,1,12931,0.91,,0,True,2026-01-14 16:37:02
7741,7741,276,2,2026032518,1,1,12852,0.9,3,0,False,2026-03-25 18:57:00
7742,7742,276,5,2026032518,1,1,5342,0.86,4,0,False,2026-03-25 18:59:00
7743,7743,276,9,2026032519,1,2,5476,0.14,2,0,False,2026-03-25 19:03:00
7744,7744,220,6,2026020321,1,1,13588,0.95,4,0,False,2026-02-03 21:48:19
7745,7745,87,14,2025122318,2,1,7651,0.84,4,0,True,2025-12-23 18:53:13
7746,7746,399,2,2026031608,1,3,13604,0.2,1,1,False,2026-03-16 08:01:57
7747,7747,290,6,2026010521,1,1,8758,0.97,5,0,True,2026-01-05 21:10:37
7748,7748,290,15,2026010521,1,1,8570,0.83,4,0,True,2026-01-05 21:15:37
7749,7749,84,2,2025091810,2,1,4903,0.95,5,1,True,2025-09-18 10:06:08
7750,7750,84,5,2025091810,2,1,8508,0.87,4,0,False,2025-09-18 10:10:08
7751,7751,84,9,2025091810,2,1,12847,0.89,5,0,False,2025-09-18 10:12:08
7752,7752,250,6,2025100813,1,1,13862,0.91,4,0,False,2025-10-08 13:49:38
7753,7753,250,15,2025100813,1,1,10911,0.87,5,0,True,2025-10-08 13:53:38
7754,7754,665,3,2025120408,6,1,6659,0.97,,0,True,2025-12-04 08:19:27
7755,7755,940,17,2025120510,3,1,7086,0.89,5,0,True,2025-12-05 10:54:12
7756,7756,940,16,2025120510,3,1,8886,0.84,4,0,False,2025-12-05 10:56:12
7757,7757,10,2,2026010112,1,1,4067,0.95,4,0,False,2026-01-01 12:14:35
7758,7758,183,2,2026021302,2,1,6016,0.97,3,0,False,2026-02-13 02:30:06
7759,7759,183,5,2026021302,2,1,8058,0.85,3,0,False,2026-02-13 02:33:06
7760,7760,183,9,2026021302,2,1,12763,0.98,4,0,False,2026-02-13 02:38:06
7761,7761,42,23,2025120702,1,1,6538,0.88,5,0,True,2025-12-07 02:28:50
7762,7762,83,17,2026010614,1,1,6184,0.94,5,0,False,2026-01-06 14:56:59
7763,7763,83,16,2026010615,1,5,8269,0.27,2,0,False,2026-01-06 15:01:59
7764,7764,164,13,2026022311,1,1,13303,0.95,4,0,False,2026-02-23 11:20:45
7765,7765,396,16,2025112900,1,1,7009,0.92,5,0,True,2025-11-29 00:22:45
7766,7766,938,17,2026030709,1,1,8252,0.89,5,0,False,2026-03-07 09:31:04
7767,7767,938,16,2026030709,1,1,6088,0.97,4,0,True,2026-03-07 09:33:04
7768,7768,256,20,2026022006,1,1,12907,0.87,4,0,True,2026-02-20 06:09:37
7769,7769,256,5,2026022006,1,1,9244,0.89,,0,False,2026-02-20 06:11:37
7770,7770,7,11,2026031120,1,1,7975,0.84,4,0,False,2026-03-11 20:29:00
7771,7771,270,6,2026010115,2,3,6223,0.18,,0,False,2026-01-01 15:31:05
7772,7772,270,15,2026010115,2,1,7350,0.96,5,0,True,2026-01-01 15:35:05
7773,7773,47,19,2026022704,2,1,11357,0.87,,1,False,2026-02-27 04:11:46
7774,7774,47,23,2026022704,2,1,13853,0.92,4,0,False,2026-02-27 04:14:46
7775,7775,47,8,2026022704,2,1,5331,0.86,5,0,True,2026-02-27 04:17:46
7776,7776,356,2,2026030601,1,1,11932,0.9,4,0,False,2026-03-06 01:50:40
7777,7777,356,5,2026030601,1,2,7612,0.33,1,0,False,2026-03-06 01:54:40
7778,7778,356,9,2026030601,1,1,12295,0.89,4,0,False,2026-03-06 01:54:40
7779,7779,377,17,2026012703,2,1,11628,0.95,5,0,True,2026-01-27 03:03:11
7780,7780,377,16,2026012703,2,1,8303,0.87,5,0,True,2026-01-27 03:07:11
7781,7781,65,19,2026031808,2,3,11508,0.0,1,0,False,2026-03-18 08:40:30
7782,7782,18,5,2026011919,2,1,11648,0.95,5,0,False,2026-01-19 19:40:46
7783,7783,840,1,2025090918,1,1,6299,0.98,,0,False,2025-09-09 18:13:49
7784,7784,840,3,2025090918,1,1,8907,0.96,4,0,False,2025-09-09 18:18:49
7785,7785,840,8,2025090918,1,1,5704,0.82,4,0,False,2025-09-09 18:17:49
7786,7786,9,2,2025100419,1,1,3731,0.86,5,0,False,2025-10-04 19:16:08
7787,7787,9,5,2025100419,1,1,7586,0.9,4,0,False,2025-10-04 19:20:08
7788,7788,9,9,2025100419,1,3,7451,0.28,2,0,False,2025-10-04 19:26:08
7789,7789,620,6,2026031118,1,1,6662,0.91,4,0,False,2026-03-11 18:48:18
7790,7790,620,15,2026031118,1,1,13401,0.92,4,0,False,2026-03-11 18:51:18
7791,7791,103,2,2026010923,5,1,12314,0.92,,0,True,2026-01-09 23:04:40
7792,7792,103,5,2026010923,5,1,8783,0.97,5,0,True,2026-01-09 23:08:40
7793,7793,103,9,2026010923,5,1,10337,0.87,5,0,False,2026-01-09 23:12:40
7794,7794,801,21,2026012103,6,1,6954,0.83,5,0,True,2026-01-21 03:01:36
7795,7795,383,3,2025101501,1,1,13816,0.85,5,0,True,2025-10-15 01:57:42
7796,7796,188,6,2025112521,4,1,13709,0.91,5,0,False,2025-11-25 21:50:38
7797,7797,188,15,2025112521,4,1,7324,0.93,4,0,False,2025-11-25 21:53:38
7798,7798,525,21,2025122623,1,1,14262,0.9,4,0,True,2025-12-26 23:50:20
7799,7799,221,1,2026031215,5,1,12427,0.94,4,0,True,2026-03-12 15:40:03
7800,7800,221,3,2026031215,5,1,11501,0.96,4,0,False,2026-03-12 15:42:03
7801,7801,221,8,2026031215,5,1,12557,0.88,5,0,True,2026-03-12 15:46:03
7802,7802,50,6,2025122520,2,1,4319,0.94,4,0,False,2025-12-25 20:58:38
7803,7803,50,15,2025122521,2,1,8466,0.83,4,0,True,2025-12-25 21:03:38
7804,7804,335,4,2025091009,5,1,9204,0.97,5,0,False,2025-09-10 09:55:36
7805,7805,335,10,2025091009,5,1,14734,0.88,3,0,True,2025-09-10 09:58:36
7806,7806,81,20,2025111306,3,1,6761,0.95,5,0,True,2025-11-13 06:41:32
7807,7807,81,5,2025111306,3,1,7803,0.82,,0,False,2025-11-13 06:44:32
7808,7808,90,20,2025110823,2,1,13179,0.84,4,0,False,2025-11-08 23:57:15
7809,7809,90,5,2025110900,2,5,12280,0.22,,0,False,2025-11-09 00:02:15
7810,7810,81,18,2026022119,2,1,13360,0.95,5,0,False,2026-02-21 19:25:43
7811,7811,378,16,2026012310,1,1,8374,0.83,4,0,False,2026-01-23 10:27:30
7812,7812,291,13,2025122621,1,1,4338,0.89,4,0,False,2025-12-26 21:01:59
7813,7813,291,14,2025122621,1,7,4458,0.2,1,0,False,2025-12-26 21:06:59
7814,7814,121,4,2025092119,1,1,7614,0.93,4,0,False,2025-09-21 19:06:48
7815,7815,121,10,2025092119,1,1,10530,0.87,3,0,False,2025-09-21 19:09:48
7816,7816,129,19,2025092919,1,1,6964,0.84,3,0,True,2025-09-29 19:24:39
7817,7817,129,23,2025092919,1,1,12620,0.83,4,0,False,2025-09-29 19:27:39
7818,7818,129,8,2025092919,1,5,8599,0.21,2,1,False,2025-09-29 19:28:39
7819,7819,242,17,2026030407,1,1,7001,0.89,4,0,False,2026-03-04 07:46:12
7820,7820,242,16,2026030407,1,2,13596,0.33,1,0,False,2026-03-04 07:50:12
7821,7821,618,20,2025110813,1,1,6133,0.88,5,0,False,2025-11-08 13:12:48
7822,7822,45,13,2025111805,1,1,4847,0.97,3,0,True,2025-11-18 05:32:40
7823,7823,45,14,2025111805,1,1,13877,0.93,4,0,True,2025-11-18 05:36:40
7824,7824,50,20,2025090807,3,1,13464,0.83,4,0,True,2025-09-08 07:47:33
7825,7825,50,5,2025090807,3,1,7590,0.97,5,0,False,2025-09-08 07:50:33
7826,7826,970,23,2025122815,1,1,7230,0.97,5,0,False,2025-12-28 15:15:04
7827,7827,158,1,2026030919,1,1,10539,0.88,4,0,False,2026-03-09 19:25:24
7828,7828,308,2,2025100416,2,1,4474,0.86,4,0,False,2025-10-04 16:07:33
7829,7829,308,5,2025100416,2,1,12900,0.95,4,0,True,2025-10-04 16:09:33
7830,7830,308,9,2025100416,2,1,5104,0.85,4,0,True,2025-10-04 16:13:33
7831,7831,785,7,2025122800,1,1,7566,0.89,5,0,True,2025-12-28 00:42:43
7832,7832,789,2,2026010722,1,1,11153,0.83,4,0,False,2026-01-07 22:25:15
7833,7833,789,5,2026010722,1,2,5619,0.0,2,0,False,2026-01-07 22:28:15
7834,7834,789,9,2026010722,1,2,9329,0.35,,0,False,2026-01-07 22:35:15
7835,7835,131,14,2026020606,2,1,13691,0.84,4,0,True,2026-02-06 06:21:54
7836,7836,313,4,2025112118,2,1,10774,0.91,5,1,True,2025-11-21 18:27:10
7837,7837,313,10,2025112118,2,1,11301,0.88,4,0,False,2025-11-21 18:32:10
7838,7838,98,1,2026032106,3,1,13059,0.96,5,0,False,2026-03-21 06:12:00
7839,7839,98,3,2026032106,3,1,3875,0.85,3,0,False,2026-03-21 06:16:00
7840,7840,98,8,2026032106,3,1,9572,0.94,5,0,True,2026-03-21 06:22:00
7841,7841,364,4,2026022005,1,1,9109,0.87,5,0,False,2026-02-20 05:52:25
7842,7842,364,10,2026022005,1,4,11354,0.15,1,0,False,2026-02-20 05:55:25
7843,7843,346,7,2025120117,1,1,11978,0.96,5,0,False,2025-12-01 17:35:50
7844,7844,17,6,2025122504,4,1,12085,0.87,4,0,False,2025-12-25 04:38:13
7845,7845,17,15,2025122504,4,1,9839,0.89,5,0,False,2025-12-25 04:41:13
7846,7846,58,2,2026030510,3,1,12685,0.83,4,0,False,2026-03-05 10:25:00
7847,7847,58,5,2026030510,3,1,9061,0.97,,0,False,2026-03-05 10:29:00
7848,7848,58,9,2026030510,3,1,13599,0.86,4,0,False,2026-03-05 10:33:00
7849,7849,51,2,2025122403,1,4,13012,0.12,,0,False,2025-12-24 03:31:34
7850,7850,51,5,2025122403,1,1,5408,0.97,5,0,False,2025-12-24 03:35:34
7851,7851,51,9,2025122403,1,4,13822,0.06,2,0,False,2025-12-24 03:39:34
7852,7852,64,17,2026010215,1,1,10318,0.94,,0,True,2026-01-02 15:34:19
7853,7853,64,16,2026010215,1,1,4753,0.94,4,0,False,2026-01-02 15:39:19
7854,7854,745,24,2026010717,2,1,14533,0.9,,0,False,2026-01-07 17:31:23
7855,7855,1,20,2025111405,1,2,11507,0.27,,0,False,2025-11-14 05:13:35
7856,7856,1,5,2025111405,1,1,11283,0.84,,0,False,2025-11-14 05:15:35
7857,7857,1022,4,2025112416,1,6,7615,0.0,1,0,False,2025-11-24 16:54:04
7858,7858,1022,10,2025112416,1,3,8569,0.08,,0,False,2025-11-24 16:59:04
7859,7859,290,4,2025121223,3,1,5777,0.95,4,0,False,2025-12-12 23:07:48
7860,7860,290,10,2025121223,3,2,9917,0.22,,0,False,2025-12-12 23:12:48
7861,7861,24,21,2025122019,1,1,7172,0.91,4,0,False,2025-12-20 19:40:16
7862,7862,25,23,2025121111,1,1,7117,0.84,4,0,True,2025-12-11 11:43:14
7863,7863,90,22,2025122515,2,1,13016,0.83,,0,False,2025-12-25 15:03:24
7864,7864,72,20,2026020115,1,1,12376,0.85,4,0,False,2026-02-01 15:31:32
7865,7865,831,17,2026022808,1,1,10103,0.93,5,1,True,2026-02-28 08:55:55
7866,7866,831,16,2026022808,1,1,13207,0.94,4,0,False,2026-02-28 08:59:55
7867,7867,96,19,2026010111,1,1,8697,0.95,3,0,False,2026-01-01 11:17:46
7868,7868,642,17,2025121010,1,1,4440,0.85,4,0,True,2025-12-10 10:02:26
7869,7869,642,16,2025121010,1,2,12704,0.06,1,0,False,2025-12-10 10:07:26
7870,7870,55,2,2026012123,1,1,13295,0.9,4,0,True,2026-01-21 23:21:08
7871,7871,29,25,2025101322,2,1,4704,0.95,5,0,False,2025-10-13 22:39:55
7872,7872,1084,13,2025102516,3,1,13260,0.92,5,0,False,2025-10-25 16:10:36
7873,7873,1084,14,2025102516,3,1,8902,0.91,4,0,True,2025-10-25 16:13:36
7874,7874,924,21,2025112319,1,1,10672,0.9,5,0,True,2025-11-23 19:15:16
7875,7875,291,17,2026011416,1,1,13307,0.88,4,0,False,2026-01-14 16:02:02
7876,7876,291,16,2026011416,1,1,5185,0.96,4,0,False,2026-01-14 16:06:02
7877,7877,373,19,2025102206,1,5,14515,0.12,1,0,False,2025-10-22 06:12:56
7878,7878,373,23,2025102206,1,1,9951,0.9,5,0,False,2025-10-22 06:14:56
7879,7879,373,8,2025102206,1,1,6911,0.93,4,0,False,2025-10-22 06:20:56
7880,7880,350,6,2026030400,4,1,13105,0.86,5,0,True,2026-03-04 00:13:52
7881,7881,271,13,2025092119,1,1,7161,0.96,4,0,False,2025-09-21 19:46:37
7882,7882,271,14,2025092119,1,1,8141,0.92,5,0,True,2025-09-21 19:48:37
7883,7883,74,20,2025110305,2,1,8476,0.92,4,0,False,2025-11-03 05:00:00
7884,7884,74,5,2025110305,2,1,7432,0.9,4,1,True,2025-11-03 05:03:00
7885,7885,25,2,2026010813,1,1,5949,0.95,4,0,False,2026-01-08 13:40:36
7886,7886,25,5,2026010813,1,3,9619,0.14,1,1,False,2026-01-08 13:44:36
7887,7887,25,9,2026010813,1,1,12537,0.91,4,0,False,2026-01-08 13:50:36
7888,7888,95,2,2026022516,3,1,8552,0.87,5,0,False,2026-02-25 16:18:59
7889,7889,95,5,2026022516,3,1,13749,0.84,5,0,False,2026-02-25 16:20:59
7890,7890,95,9,2026022516,3,1,8244,0.84,5,0,False,2026-02-25 16:28:59
7891,7891,20,17,2025123020,1,1,6920,0.9,4,0,False,2025-12-30 20:47:09
7892,7892,20,16,2025123020,1,1,8878,0.85,5,0,True,2025-12-30 20:52:09
7893,7893,363,1,2025112421,1,3,15016,0.13,,0,False,2025-11-24 21:02:43
7894,7894,363,3,2025112421,1,1,7499,0.93,5,0,True,2025-11-24 21:04:43
7895,7895,363,8,2025112421,1,2,5133,0.06,2,0,False,2025-11-24 21:10:43
7896,7896,242,19,2026032303,1,2,7334,0.35,1,0,False,2026-03-23 03:28:07
7897,7897,242,23,2026032303,1,1,7607,0.84,,1,False,2026-03-23 03:30:07
7898,7898,242,8,2026032303,1,1,6196,0.82,3,0,False,2026-03-23 03:36:07
7899,7899,45,13,2026032115,1,1,11039,0.97,4,0,False,2026-03-21 15:57:22
7900,7900,45,14,2026032116,1,3,4444,0.28,2,0,False,2026-03-21 16:02:22
7901,7901,425,19,2025123121,2,1,13503,0.86,,0,False,2025-12-31 21:42:06
7902,7902,587,24,2025111619,1,1,7997,0.97,4,0,False,2025-11-16 19:24:01
7903,7903,65,3,2025103009,2,1,8396,0.94,4,0,False,2025-10-30 09:27:55
7904,7904,140,19,2026021619,2,1,14079,0.97,4,0,False,2026-02-16 19:48:20
7905,7905,140,23,2026021619,2,1,6445,0.83,3,0,False,2026-02-16 19:53:20
7906,7906,140,8,2026021619,2,5,7452,0.02,,0,False,2026-02-16 19:54:20
7907,7907,50,8,2026012214,1,7,7561,0.28,2,0,False,2026-01-22 14:42:49
7908,7908,13,17,2025112618,1,1,9871,0.89,5,0,True,2025-11-26 18:52:21
7909,7909,13,16,2025112618,1,1,4149,0.88,5,0,False,2025-11-26 18:54:21
7910,7910,179,2,2025090621,4,3,5917,0.01,1,1,False,2025-09-06 21:25:57
7911,7911,179,5,2025090621,4,1,9555,0.97,4,0,False,2025-09-06 21:30:57
7912,7912,179,9,2025090621,4,1,10118,0.84,5,0,False,2025-09-06 21:31:57
7913,7913,207,9,2025111702,1,2,13872,0.28,1,1,False,2025-11-17 02:21:48
7914,7914,881,4,2025121411,6,1,9428,0.93,3,0,False,2025-12-14 11:23:58
7915,7915,881,10,2025121411,6,1,14524,0.9,3,0,True,2025-12-14 11:28:58
7916,7916,361,21,2025120412,3,6,7954,0.0,2,0,False,2025-12-04 12:35:35
7917,7917,212,17,2025112418,1,1,13746,0.91,5,1,False,2025-11-24 18:47:34
7918,7918,212,16,2025112418,1,1,10716,0.92,3,0,True,2025-11-24 18:50:34
7919,7919,585,6,2026030504,5,1,14180,0.89,5,0,False,2026-03-05 04:07:41
7920,7920,585,15,2026030504,5,3,6811,0.18,2,0,False,2026-03-05 04:10:41
7921,7921,205,20,2026032315,2,1,8780,0.92,4,0,False,2026-03-23 15:38:13
7922,7922,205,5,2026032315,2,1,5384,0.84,,0,False,2026-03-23 15:43:13
7923,7923,45,19,2025111721,2,4,13219,0.26,,1,False,2025-11-17 21:26:14
7924,7924,164,4,2025121721,2,1,13132,0.91,5,0,True,2025-12-17 21:40:41
7925,7925,164,10,2025121721,2,1,6330,0.85,4,0,False,2025-12-17 21:45:41
7926,7926,148,19,2026012020,5,5,13591,0.31,1,1,False,2026-01-20 20:06:13
7927,7927,31,19,2025113012,1,1,7780,0.87,5,0,True,2025-11-30 12:11:59
7928,7928,69,11,2026011901,2,1,13640,0.94,3,0,True,2026-01-19 01:57:15
7929,7929,22,1,2025122610,1,1,11308,0.98,5,0,True,2025-12-26 10:09:07
7930,7930,22,3,2025122610,1,1,13580,0.95,,0,True,2025-12-26 10:12:07
7931,7931,22,8,2025122610,1,1,6783,0.93,3,0,False,2025-12-26 10:15:07
7932,7932,62,17,2025123016,2,1,9758,0.94,5,0,True,2025-12-30 16:07:54
7933,7933,62,16,2025123016,2,1,10407,0.93,4,0,False,2025-12-30 16:12:54
7934,7934,89,1,2026011902,1,1,10597,0.88,4,0,True,2026-01-19 02:19:54
7935,7935,89,3,2026011902,1,1,7728,0.91,4,0,False,2026-01-19 02:22:54
7936,7936,89,8,2026011902,1,1,4597,0.95,5,0,False,2026-01-19 02:25:54
7937,7937,73,4,2025092418,3,1,8493,0.95,5,0,True,2025-09-24 18:17:53
7938,7938,166,13,2026011506,1,1,8739,0.86,4,0,False,2026-01-15 06:18:27
7939,7939,166,14,2026011506,1,1,11576,0.9,5,0,True,2026-01-15 06:23:27
7940,7940,34,1,2026022710,2,1,12541,0.86,4,0,False,2026-02-27 10:58:19
7941,7941,34,3,2026022711,2,1,5627,0.98,,1,True,2026-02-27 11:03:19
7942,7942,34,8,2026022711,2,1,4956,0.92,4,1,False,2026-02-27 11:02:19
7943,7943,146,19,2026030513,3,1,12657,0.85,3,0,True,2026-03-05 13:41:35
7944,7944,146,23,2026030513,3,1,9756,0.88,5,0,False,2026-03-05 13:43:35
7945,7945,146,8,2026030513,3,1,13853,0.83,5,0,True,2026-03-05 13:49:35
7946,7946,177,4,2025122309,3,1,15190,0.91,,0,True,2025-12-23 09:52:29
7947,7947,177,10,2025122309,3,1,6206,0.95,4,0,False,2025-12-23 09:54:29
7948,7948,623,11,2026030907,3,1,5229,0.98,5,0,False,2026-03-09 07:13:43
7949,7949,181,10,2026011913,1,1,5055,0.88,4,0,True,2026-01-19 13:02:32
7950,7950,97,8,2026032412,2,1,11634,0.91,4,0,False,2026-03-24 12:39:16
7951,7951,370,24,2026012202,4,1,9431,0.94,4,0,False,2026-01-22 02:04:00
7952,7952,30,17,2026030820,1,1,8653,0.95,5,0,False,2026-03-08 20:28:51
7953,7953,30,16,2026030820,1,1,5150,0.93,4,0,False,2026-03-08 20:33:51
7954,7954,530,20,2026021118,3,1,7061,0.95,,0,True,2026-02-11 18:13:14
7955,7955,530,5,2026021118,3,1,4695,0.88,4,0,False,2026-02-11 18:18:14
7956,7956,8,4,2025112812,2,1,9560,0.82,3,0,False,2025-11-28 12:01:09
7957,7957,24,13,2026021608,3,5,5795,0.22,1,1,False,2026-02-16 08:56:44
7958,7958,24,14,2026021609,3,1,9468,0.87,5,0,True,2026-02-16 09:00:44
7959,7959,290,1,2025112819,2,1,13234,0.82,4,0,False,2025-11-28 19:54:26
7960,7960,290,3,2025112819,2,1,6522,0.87,4,0,False,2025-11-28 19:57:26
7961,7961,290,8,2025112819,2,1,9778,0.93,4,0,False,2025-11-28 19:58:26
7962,7962,197,22,2025090218,3,1,14828,0.95,,0,False,2025-09-02 18:36:46
7963,7963,90,12,2026031121,1,1,9810,0.9,4,0,True,2026-03-11 21:46:36
7964,7964,825,25,2025092802,3,1,5704,0.85,5,0,False,2025-09-28 02:08:15
7965,7965,83,17,2026022122,1,1,6544,0.89,4,0,True,2026-02-21 22:02:12
7966,7966,83,16,2026022122,1,1,12225,0.84,4,0,False,2026-02-21 22:04:12
7967,7967,207,2,2025101807,1,1,11013,0.93,5,0,False,2025-10-18 07:46:41
7968,7968,547,19,2026022106,1,1,7176,0.87,4,0,True,2026-02-21 06:04:55
7969,7969,400,1,2026022810,2,1,15458,0.84,4,0,False,2026-02-28 10:02:50
7970,7970,400,3,2026022810,2,1,12593,0.85,5,0,False,2026-02-28 10:05:50
7971,7971,400,8,2026022810,2,1,10515,0.93,5,0,True,2026-02-28 10:12:50
7972,7972,273,2,2026012120,1,1,10155,0.89,4,0,True,2026-01-21 20:30:20
7973,7973,273,5,2026012120,1,1,8715,0.94,5,0,True,2026-01-21 20:34:20
7974,7974,273,9,2026012120,1,1,14279,0.93,4,0,False,2026-01-21 20:34:20
7975,7975,8,14,2026032822,5,1,13292,0.83,4,0,False,2026-03-28 22:07:29
7976,7976,808,13,2026012100,2,1,13950,0.83,3,0,False,2026-01-21 00:44:11
7977,7977,808,14,2026012100,2,1,7334,0.87,5,1,True,2026-01-21 00:47:11
7978,7978,314,17,2025122322,1,1,8770,0.85,5,0,True,2025-12-23 22:42:29
7979,7979,314,16,2025122322,1,1,13440,0.86,4,0,False,2025-12-23 22:47:29
7980,7980,99,9,2026030705,1,1,14164,0.97,5,0,False,2026-03-07 05:17:07
7981,7981,928,13,2025121208,2,1,6226,0.94,4,0,False,2025-12-12 08:45:38
7982,7982,928,14,2025121208,2,1,6029,0.9,5,0,False,2025-12-12 08:48:38
7983,7983,823,11,2026031706,2,1,4224,0.83,,0,False,2026-03-17 06:41:28
7984,7984,394,2,2025121123,1,1,5267,0.92,4,0,False,2025-12-11 23:03:44
7985,7985,22,2,2025122606,1,1,12255,0.93,5,0,True,2025-12-26 06:52:24
7986,7986,22,5,2025122606,1,1,13429,0.88,4,0,True,2025-12-26 06:54:24
7987,7987,22,9,2025122606,1,1,12462,0.94,5,1,False,2025-12-26 06:56:24
7988,7988,435,1,2026021705,5,1,11762,0.82,5,1,False,2026-02-17 05:59:32
7989,7989,435,3,2026021706,5,1,9414,0.93,5,0,False,2026-02-17 06:02:32
7990,7990,435,8,2026021706,5,1,7153,0.9,3,0,False,2026-02-17 06:07:32
7991,7991,917,6,2025122219,2,1,12716,0.93,4,0,True,2025-12-22 19:48:55
7992,7992,917,15,2025122219,2,1,4330,0.87,5,0,True,2025-12-22 19:52:55
7993,7993,91,13,2025090219,1,1,7471,0.86,4,0,True,2025-09-02 19:21:37
7994,7994,91,14,2025090219,1,1,7015,0.84,,0,False,2025-09-02 19:23:37
7995,7995,1087,16,2025101906,2,1,6394,0.92,4,0,False,2025-10-19 06:23:06
7996,7996,363,20,2025120416,1,1,9828,0.91,4,0,False,2025-12-04 16:13:51
7997,7997,363,5,2025120416,1,5,4797,0.05,2,0,False,2025-12-04 16:15:51
7998,7998,854,18,2026031216,1,1,12672,0.91,4,0,False,2026-03-12 16:25:48
7999,7999,89,19,2025091916,1,1,6520,0.83,4,0,False,2025-09-19 16:15:25
8000,8000,89,23,2025091916,1,2,7972,0.03,1,0,False,2025-09-19 16:20:25
8001,8001,89,8,2025091916,1,1,11994,0.95,,0,False,2025-09-19 16:25:25
8002,8002,278,4,2026032712,5,1,7989,0.89,5,0,True,2026-03-27 12:28:05
8003,8003,278,10,2026032712,5,1,5968,0.91,4,0,False,2026-03-27 12:33:05
8004,8004,346,6,2025113001,2,1,6815,0.9,,0,False,2025-11-30 01:30:13
8005,8005,346,15,2025113001,2,1,10549,0.92,,0,False,2025-11-30 01:32:13
8006,8006,1109,25,2026030619,2,1,13290,0.9,,0,False,2026-03-06 19:19:27
8007,8007,53,2,2026021712,3,1,13712,0.95,,0,False,2026-02-17 12:26:21
8008,8008,53,5,2026021712,3,1,6852,0.83,5,0,False,2026-02-17 12:28:21
8009,8009,53,9,2026021712,3,1,11383,0.96,5,0,False,2026-02-17 12:30:21
8010,8010,322,13,2026031101,1,1,13694,0.98,5,0,False,2026-03-11 01:30:59
8011,8011,322,14,2026031101,1,6,3772,0.0,1,0,False,2026-03-11 01:35:59
8012,8012,283,4,2026022521,3,1,8541,0.93,4,0,True,2026-02-25 21:14:22
8013,8013,283,10,2026022521,3,1,6254,0.87,5,0,True,2026-02-25 21:18:22
8014,8014,29,19,2025111304,5,1,5186,0.85,5,0,True,2025-11-13 04:26:20
8015,8015,29,23,2025111304,5,1,4323,0.83,4,1,False,2025-11-13 04:31:20
8016,8016,29,8,2025111304,5,1,6487,0.87,5,0,False,2025-11-13 04:34:20
8017,8017,125,11,2025092208,2,1,7771,0.94,5,0,True,2025-09-22 08:20:25
8018,8018,78,21,2025120123,2,1,11954,0.96,4,0,False,2025-12-01 23:12:08
8019,8019,368,13,2026031619,2,1,11538,0.86,3,1,False,2026-03-16 19:56:28
8020,8020,368,14,2026031619,2,1,11754,0.84,4,0,False,2026-03-16 19:59:28
8021,8021,259,1,2026011713,1,1,8190,0.95,5,0,False,2026-01-17 13:56:05
8022,8022,259,3,2026011713,1,1,7871,0.96,5,0,False,2026-01-17 13:58:05
8023,8023,259,8,2026011714,1,1,5890,0.86,4,0,False,2026-01-17 14:06:05
8024,8024,747,14,2025120921,2,1,4320,0.88,4,0,False,2025-12-09 21:58:45
8025,8025,1141,21,2026011405,1,1,8647,0.82,5,0,True,2026-01-14 05:47:55
8026,8026,249,12,2026021005,1,1,12741,0.83,4,0,False,2026-02-10 05:00:16
8027,8027,325,19,2025121316,1,5,14085,0.07,2,0,False,2025-12-13 16:27:27
8028,8028,364,14,2025112421,3,1,10299,0.88,4,0,False,2025-11-24 21:45:25
8029,8029,115,17,2025121006,2,1,8664,0.92,4,0,False,2025-12-10 06:18:03
8030,8030,115,16,2025121006,2,1,10542,0.96,4,0,True,2025-12-10 06:22:03
8031,8031,353,23,2026031519,3,1,12274,0.93,4,0,False,2026-03-15 19:20:11
8032,8032,1026,13,2026013120,1,1,10926,0.96,3,0,True,2026-01-31 20:21:27
8033,8033,1026,14,2026013120,1,1,7231,0.94,,1,False,2026-01-31 20:25:27
8034,8034,63,1,2025102605,1,1,14159,0.96,4,0,True,2025-10-26 05:38:39
8035,8035,63,3,2025102605,1,1,3770,0.95,4,0,False,2025-10-26 05:41:39
8036,8036,63,8,2025102605,1,1,14138,0.93,4,1,False,2025-10-26 05:48:39
8037,8037,17,19,2026022820,2,1,11143,0.92,,0,True,2026-02-28 20:54:56
8038,8038,321,10,2026033009,4,1,7201,0.89,4,0,False,2026-03-30 09:08:23
8039,8039,133,6,2026031821,2,1,7366,0.93,5,0,False,2026-03-18 21:14:14
8040,8040,133,15,2026031821,2,1,10820,0.91,4,0,False,2026-03-18 21:18:14
8041,8041,96,17,2025120213,6,1,11063,0.89,5,0,False,2025-12-02 13:31:14
8042,8042,96,16,2025120213,6,1,9779,0.83,5,0,True,2025-12-02 13:35:14
8043,8043,111,19,2026021719,1,1,7243,0.94,4,0,True,2026-02-17 19:28:20
8044,8044,111,23,2026021719,1,1,10580,0.87,4,1,False,2026-02-17 19:32:20
8045,8045,111,8,2026021719,1,1,12083,0.96,5,0,False,2026-02-17 19:34:20
8046,8046,95,19,2026032704,1,1,8963,0.86,5,0,True,2026-03-27 04:58:11
8047,8047,95,23,2026032705,1,1,10677,0.88,4,0,False,2026-03-27 05:01:11
8048,8048,95,8,2026032705,1,1,9104,0.96,4,0,False,2026-03-27 05:02:11
8049,8049,338,1,2026010422,3,1,11448,0.93,5,0,False,2026-01-04 22:50:34
8050,8050,338,3,2026010422,3,1,4004,0.84,4,0,False,2026-01-04 22:55:34
8051,8051,338,8,2026010423,3,1,13934,0.88,4,0,False,2026-01-04 23:00:34
8052,8052,337,1,2025122708,3,1,12620,0.85,5,0,True,2025-12-27 08:52:56
8053,8053,337,3,2025122708,3,1,8821,0.98,,0,False,2025-12-27 08:57:56
8054,8054,337,8,2025122709,3,1,8024,0.84,4,0,True,2025-12-27 09:02:56
8055,8055,15,4,2026032901,2,1,12196,0.85,5,0,False,2026-03-29 01:33:05
8056,8056,284,22,2025121002,6,1,5719,0.85,5,0,False,2025-12-10 02:42:43
8057,8057,12,6,2025101105,2,1,5435,0.94,5,0,False,2025-10-11 05:43:37
8058,8058,12,15,2025101105,2,1,11285,0.94,4,0,False,2025-10-11 05:45:37
8059,8059,9,13,2026020208,1,1,13357,0.93,3,0,False,2026-02-02 08:04:34
8060,8060,9,14,2026020208,1,1,9522,0.91,5,0,False,2026-02-02 08:09:34
8061,8061,205,1,2026022619,2,1,12238,0.87,3,0,False,2026-02-26 19:57:51
8062,8062,205,3,2026022619,2,1,10062,0.94,5,1,False,2026-02-26 19:59:51
8063,8063,205,8,2026022620,2,1,5692,0.83,4,0,False,2026-02-26 20:07:51
8064,8064,380,12,2025112403,4,1,4736,0.88,4,1,False,2025-11-24 03:11:50
8065,8065,875,23,2025120722,2,1,12639,0.93,4,0,False,2025-12-07 22:37:13
8066,8066,307,20,2025111617,1,1,8572,0.93,3,0,False,2025-11-16 17:18:58
8067,8067,307,5,2025111617,1,1,7772,0.94,5,0,False,2025-11-16 17:21:58
8068,8068,1126,23,2026032903,1,1,6272,0.9,3,1,False,2026-03-29 03:32:13
8069,8069,215,2,2026010707,2,1,12330,0.9,4,0,False,2026-01-07 07:06:39
8070,8070,215,5,2026010707,2,1,6340,0.97,4,0,True,2026-01-07 07:10:39
8071,8071,215,9,2026010707,2,1,8669,0.89,4,0,False,2026-01-07 07:16:39
8072,8072,214,17,2026030211,3,1,3713,0.95,3,0,False,2026-03-02 11:41:10
8073,8073,214,16,2026030211,3,1,5420,0.92,5,0,True,2026-03-02 11:44:10
8074,8074,372,13,2026030816,1,1,6873,0.87,4,0,False,2026-03-08 16:17:16
8075,8075,372,14,2026030816,1,1,5653,0.92,5,0,True,2026-03-08 16:19:16
8076,8076,377,15,2026031121,1,1,4573,0.94,4,0,False,2026-03-11 21:47:16
8077,8077,322,3,2026030223,1,2,7210,0.18,2,0,False,2026-03-02 23:21:41
8078,8078,303,17,2026031401,2,1,8775,0.95,4,0,False,2026-03-14 01:20:00
8079,8079,1086,19,2025112213,5,1,12648,0.94,5,0,True,2025-11-22 13:10:27
8080,8080,1086,23,2025112213,5,1,6873,0.95,5,0,False,2025-11-22 13:15:27
8081,8081,1086,8,2025112213,5,1,7448,0.84,4,0,False,2025-11-22 13:14:27
8082,8082,64,6,2026022501,3,1,11675,0.84,5,0,True,2026-02-25 01:59:06
8083,8083,64,15,2026022502,3,1,8451,0.91,5,0,False,2026-02-25 02:03:06
8084,8084,123,5,2025101818,1,1,11735,0.92,,0,False,2025-10-18 18:49:01
8085,8085,702,1,2025112802,4,1,6509,0.9,4,1,True,2025-11-28 02:49:51
8086,8086,702,3,2025112802,4,1,6270,0.92,4,0,True,2025-11-28 02:52:51
8087,8087,702,8,2025112802,4,1,6532,0.89,4,0,False,2025-11-28 02:59:51
8088,8088,1123,14,2025122803,5,1,10837,0.87,4,0,True,2025-12-28 03:11:02
8089,8089,187,3,2026033023,1,1,12412,0.84,5,0,False,2026-03-30 23:30:02
8090,8090,274,4,2025112709,3,1,10101,0.94,4,0,False,2025-11-27 09:14:55
8091,8091,274,10,2025112709,3,1,6617,0.92,4,0,False,2025-11-27 09:17:55
8092,8092,29,23,2026032118,1,1,5785,0.89,,0,True,2026-03-21 18:41:34
8093,8093,1051,19,2025092417,1,1,10530,0.93,4,0,True,2025-09-24 17:19:16
8094,8094,1051,23,2025092417,1,1,8430,0.9,5,1,False,2025-09-24 17:23:16
8095,8095,1051,8,2025092417,1,1,7797,0.86,5,0,False,2025-09-24 17:25:16
8096,8096,437,2,2026032804,1,1,10485,0.84,,0,False,2026-03-28 04:19:10
8097,8097,437,5,2026032804,1,1,7578,0.86,5,0,False,2026-03-28 04:21:10
8098,8098,437,9,2026032804,1,1,12705,0.87,5,1,False,2026-03-28 04:27:10
8099,8099,1055,17,2026022713,1,1,10763,0.95,5,0,False,2026-02-27 13:58:53
8100,8100,1055,16,2026022714,1,1,12859,0.91,4,0,True,2026-02-27 14:02:53
8101,8101,25,19,2025100219,1,1,14305,0.93,,0,True,2025-10-02 19:42:05
8102,8102,945,1,2026020906,6,1,8211,0.82,,0,False,2026-02-09 06:42:03
8103,8103,945,3,2026020906,6,1,6662,0.93,4,0,False,2026-02-09 06:45:03
8104,8104,945,8,2026020906,6,1,7247,0.84,5,0,False,2026-02-09 06:46:03
8105,8105,40,6,2026022310,2,1,12901,0.93,,0,False,2026-02-23 10:46:55
8106,8106,40,15,2026022310,2,1,7475,0.93,5,0,True,2026-02-23 10:51:55
8107,8107,116,22,2025123120,5,2,13455,0.1,1,0,False,2025-12-31 20:42:22
8108,8108,1109,4,2025122807,2,1,8480,0.88,5,0,False,2025-12-28 07:24:46
8109,8109,95,19,2025100323,1,2,11616,0.18,2,0,False,2025-10-03 23:08:56
8110,8110,112,19,2025100911,6,1,6873,0.84,4,0,True,2025-10-09 11:26:59
8111,8111,112,23,2025100911,6,1,8058,0.89,,0,False,2025-10-09 11:31:59
8112,8112,112,8,2025100911,6,1,5951,0.9,4,0,False,2025-10-09 11:34:59
8113,8113,191,4,2025122007,2,1,7088,0.94,5,0,True,2025-12-20 07:44:49
8114,8114,191,10,2025122007,2,1,8684,0.82,5,0,False,2025-12-20 07:47:49
8115,8115,989,2,2025101205,1,1,11936,0.89,,0,False,2025-10-12 05:24:18
8116,8116,989,5,2025101205,1,1,13919,0.95,3,0,True,2025-10-12 05:26:18
8117,8117,989,9,2025101205,1,1,7013,0.89,4,0,False,2025-10-12 05:32:18
8118,8118,722,13,2025092901,1,1,5027,0.88,5,0,False,2025-09-29 01:39:53
8119,8119,722,14,2025092901,1,1,9632,0.82,4,0,False,2025-09-29 01:42:53
8120,8120,127,13,2025110806,1,1,7854,0.85,3,0,True,2025-11-08 06:18:45
8121,8121,127,14,2025110806,1,1,7597,0.83,5,0,False,2025-11-08 06:20:45
8122,8122,137,19,2025100409,2,1,7502,0.93,3,0,False,2025-10-04 09:35:57
8123,8123,890,19,2026012414,1,1,10026,0.92,3,0,False,2026-01-24 14:23:27
8124,8124,890,23,2026012414,1,1,4169,0.84,4,0,True,2026-01-24 14:26:27
8125,8125,890,8,2026012414,1,1,9795,0.94,4,0,True,2026-01-24 14:33:27
8126,8126,1113,6,2025122200,2,1,10605,0.97,4,0,True,2025-12-22 00:58:04
8127,8127,1113,15,2025122201,2,1,6400,0.9,4,0,False,2025-12-22 01:02:04
8128,8128,71,19,2025101119,4,1,8888,0.94,5,0,False,2025-10-11 19:45:34
8129,8129,71,23,2025101119,4,1,9301,0.83,5,0,True,2025-10-11 19:49:34
8130,8130,71,8,2025101119,4,1,9891,0.92,3,0,False,2025-10-11 19:53:34
8131,8131,16,18,2026013014,2,1,10123,0.88,5,0,True,2026-01-30 14:06:02
8132,8132,68,2,2026020517,3,1,12479,0.83,4,0,False,2026-02-05 17:30:37
8133,8133,68,5,2026020517,3,1,7272,0.97,4,0,False,2026-02-05 17:34:37
8134,8134,68,9,2026020517,3,1,10294,0.93,3,0,False,2026-02-05 17:36:37
8135,8135,1061,13,2025111018,4,1,10416,0.92,4,0,False,2025-11-10 18:45:17
8136,8136,1061,14,2025111018,4,1,10284,0.92,,0,False,2025-11-10 18:50:17
8137,8137,967,6,2025091702,1,7,10677,0.11,,1,False,2025-09-17 02:24:27
8138,8138,339,13,2025122619,2,1,8051,0.91,5,0,True,2025-12-26 19:22:37
8139,8139,339,14,2025122619,2,1,4783,0.94,4,0,True,2025-12-26 19:25:37
8140,8140,260,17,2025110416,1,4,7851,0.2,2,0,False,2025-11-04 16:21:14
8141,8141,260,16,2025110416,1,4,12302,0.26,,0,False,2025-11-04 16:25:14
8142,8142,94,6,2026030910,2,1,13961,0.9,5,0,False,2026-03-09 10:22:53
8143,8143,94,15,2026030910,2,1,7010,0.91,5,0,False,2026-03-09 10:24:53
8144,8144,457,1,2026033004,3,1,12642,0.88,4,0,False,2026-03-30 04:25:46
8145,8145,457,3,2026033004,3,1,11318,0.95,,0,False,2026-03-30 04:29:46
8146,8146,457,8,2026033004,3,1,11447,0.92,5,0,True,2026-03-30 04:29:46
8147,8147,362,4,2025090408,1,1,6764,0.89,4,0,True,2025-09-04 08:34:53
8148,8148,362,10,2025090408,1,1,11796,0.86,4,0,False,2025-09-04 08:38:53
8149,8149,53,2,2025101611,1,3,9349,0.13,1,0,False,2025-10-16 11:52:25
8150,8150,53,5,2025101611,1,1,11429,0.9,,0,False,2025-10-16 11:54:25
8151,8151,53,9,2025101612,1,1,9219,0.83,,0,True,2025-10-16 12:02:25
8152,8152,106,19,2026010923,1,1,9182,0.86,4,0,False,2026-01-09 23:49:16
8153,8153,106,23,2026010923,1,1,10148,0.9,4,1,False,2026-01-09 23:54:16
8154,8154,106,8,2026010923,1,1,9977,0.89,5,0,True,2026-01-09 23:55:16
8155,8155,510,4,2025103023,1,1,13936,0.93,,0,True,2025-10-30 23:57:01
8156,8156,510,10,2025103100,1,1,8246,0.91,4,0,False,2025-10-31 00:01:01
8157,8157,156,17,2026031414,1,1,7722,0.87,5,0,True,2026-03-14 14:16:36
8158,8158,277,18,2025102017,1,1,14075,0.94,5,0,False,2025-10-20 17:59:26
8159,8159,83,21,2026022010,1,1,10238,0.84,5,0,True,2026-02-20 10:36:09
8160,8160,292,20,2025111019,3,1,6780,0.88,,0,False,2025-11-10 19:51:47
8161,8161,292,5,2025111019,3,1,13714,0.85,4,0,False,2025-11-10 19:53:47
8162,8162,202,6,2026020323,1,1,6483,0.97,5,0,True,2026-02-03 23:19:59
8163,8163,202,15,2026020323,1,1,12726,0.98,3,0,False,2026-02-03 23:23:59
8164,8164,304,3,2025111422,2,1,6404,0.87,5,0,False,2025-11-14 22:55:13
8165,8165,280,2,2026031604,1,1,10189,0.88,5,0,False,2026-03-16 04:32:02
8166,8166,280,5,2026031604,1,1,12228,0.84,4,0,False,2026-03-16 04:35:02
8167,8167,280,9,2026031604,1,2,13820,0.21,2,0,False,2026-03-16 04:36:02
8168,8168,1086,13,2025090623,1,1,8100,0.97,4,0,False,2025-09-06 23:40:36
8169,8169,1086,14,2025090623,1,1,8291,0.97,4,0,False,2025-09-06 23:42:36
8170,8170,151,20,2025113012,2,1,5016,0.87,4,0,False,2025-11-30 12:53:55
8171,8171,1193,15,2025102216,3,1,5541,0.91,5,1,False,2025-10-22 16:04:15
8172,8172,267,19,2026033114,4,1,9916,0.84,4,0,False,2026-03-31 14:44:40
8173,8173,267,23,2026033114,4,1,7847,0.94,3,0,False,2026-03-31 14:46:40
8174,8174,267,8,2026033114,4,1,10944,0.95,4,0,True,2026-03-31 14:50:40
8175,8175,72,23,2025090205,1,4,13207,0.15,1,0,False,2025-09-02 05:07:06
8176,8176,917,4,2025092305,2,1,9260,0.86,,0,False,2025-09-23 05:56:27
8177,8177,1004,6,2025112814,3,1,7874,0.87,3,0,True,2025-11-28 14:12:45
8178,8178,1004,15,2025112814,3,1,6709,0.82,4,0,False,2025-11-28 14:16:45
8179,8179,294,20,2025101504,1,1,4416,0.85,3,0,False,2025-10-15 04:51:57
8180,8180,294,5,2025101504,1,1,6614,0.97,4,0,False,2025-10-15 04:55:57
8181,8181,907,19,2026030613,2,1,6946,0.96,5,0,True,2026-03-06 13:09:42
8182,8182,907,23,2026030613,2,1,12155,0.96,4,0,False,2026-03-06 13:14:42
8183,8183,907,8,2026030613,2,1,8794,0.93,,0,False,2026-03-06 13:17:42
8184,8184,968,1,2026032919,1,1,7949,0.89,4,0,False,2026-03-29 19:52:55
8185,8185,968,3,2026032919,1,1,7123,0.83,4,0,True,2026-03-29 19:55:55
8186,8186,968,8,2026032919,1,3,12346,0.25,,0,False,2026-03-29 19:56:55
8187,8187,102,13,2025111910,2,1,5300,0.87,4,0,False,2025-11-19 10:40:42
8188,8188,78,2,2026032501,1,3,5960,0.14,,0,False,2026-03-25 01:47:38
8189,8189,78,5,2026032501,1,1,7094,0.82,,0,False,2026-03-25 01:49:38
8190,8190,78,9,2026032501,1,1,10947,0.91,4,0,True,2026-03-25 01:57:38
8191,8191,902,6,2026022312,1,1,3887,0.97,5,0,True,2026-02-23 12:39:35
8192,8192,902,15,2026022312,1,1,9414,0.96,5,0,False,2026-02-23 12:43:35
8193,8193,666,4,2025120803,2,1,14268,0.95,4,0,False,2025-12-08 03:21:46
8194,8194,666,10,2025120803,2,2,5514,0.05,,0,False,2025-12-08 03:25:46
8195,8195,87,25,2026020301,1,1,10666,0.82,4,0,False,2026-02-03 01:30:45
8196,8196,732,19,2025122512,2,1,12699,0.95,,0,True,2025-12-25 12:30:04
8197,8197,732,23,2025122512,2,1,6433,0.97,5,0,False,2025-12-25 12:32:04
8198,8198,732,8,2025122512,2,1,12848,0.97,4,0,False,2025-12-25 12:38:04
8199,8199,415,13,2026030413,2,1,5303,0.98,4,0,True,2026-03-04 13:19:10
8200,8200,52,4,2026012106,6,1,5524,0.95,5,0,True,2026-01-21 06:03:23
8201,8201,52,10,2026012106,6,1,15191,0.95,4,0,False,2026-01-21 06:05:23
8202,8202,30,2,2025120818,2,1,5987,0.84,5,0,True,2025-12-08 18:09:34
8203,8203,115,17,2026022706,1,1,7078,0.95,4,0,False,2026-02-27 06:58:46
8204,8204,115,16,2026022707,1,2,8443,0.07,1,1,False,2026-02-27 07:00:46
8205,8205,610,3,2025100607,1,1,5592,0.94,4,0,False,2025-10-06 07:07:00
8206,8206,308,6,2025110818,1,1,12485,0.86,4,0,False,2025-11-08 18:32:05
8207,8207,308,15,2025110818,1,1,12759,0.98,4,0,True,2025-11-08 18:36:05
8208,8208,831,17,2025100219,1,1,11896,0.84,3,0,True,2025-10-02 19:33:37
8209,8209,831,16,2025100219,1,2,6787,0.23,1,1,False,2025-10-02 19:37:37
8210,8210,133,19,2026032800,2,2,8207,0.09,2,0,False,2026-03-28 00:52:22
8211,8211,133,23,2026032800,2,1,13157,0.89,5,0,True,2026-03-28 00:57:22
8212,8212,133,8,2026032800,2,1,9011,0.85,,0,False,2026-03-28 00:56:22
8213,8213,754,17,2025121202,1,1,8398,0.85,5,0,True,2025-12-12 02:32:40
8214,8214,59,4,2025111706,2,1,5705,0.89,3,0,False,2025-11-17 06:22:39
8215,8215,59,10,2025111706,2,1,5745,0.86,5,0,True,2025-11-17 06:25:39
8216,8216,195,1,2025121704,1,3,11101,0.16,1,1,False,2025-12-17 04:50:05
8217,8217,195,3,2025121704,1,1,10647,0.86,4,0,True,2025-12-17 04:54:05
8218,8218,195,8,2025121704,1,1,8146,0.86,4,1,False,2025-12-17 04:58:05
8219,8219,897,2,2025110204,1,1,12861,0.83,4,1,False,2025-11-02 04:17:03
8220,8220,897,5,2025110204,1,1,12678,0.9,4,0,False,2025-11-02 04:19:03
8221,8221,897,9,2025110204,1,1,5927,0.87,5,0,False,2025-11-02 04:27:03
8222,8222,1172,4,2025102909,2,1,6803,0.97,4,0,False,2025-10-29 09:10:59
8223,8223,1172,10,2025102909,2,1,7123,0.89,5,0,True,2025-10-29 09:15:59
8224,8224,1056,16,2026022723,4,1,7567,0.97,4,0,False,2026-02-27 23:35:02
8225,8225,24,17,2025112905,2,1,6771,0.93,4,0,False,2025-11-29 05:00:57
8226,8226,97,23,2026011113,3,1,8754,0.89,4,0,False,2026-01-11 13:45:36
8227,8227,153,6,2025120609,3,1,11526,0.93,4,0,False,2025-12-06 09:30:29
8228,8228,153,15,2025120609,3,1,5760,0.93,5,0,False,2025-12-06 09:32:29
8229,8229,127,10,2025100219,1,1,12462,0.87,5,0,False,2025-10-02 19:49:51
8230,8230,93,19,2026012623,2,1,6602,0.94,3,0,False,2026-01-26 23:20:17
8231,8231,93,23,2026012623,2,2,12858,0.09,,0,False,2026-01-26 23:22:17
8232,8232,93,8,2026012623,2,1,9924,0.94,4,1,False,2026-01-26 23:26:17
8233,8233,342,13,2025111009,3,1,11739,0.92,4,0,False,2025-11-10 09:36:34
8234,8234,294,14,2026021303,2,1,3981,0.94,5,0,False,2026-02-13 03:20:34
8235,8235,194,4,2026010718,1,1,7390,0.96,3,0,False,2026-01-07 18:10:52
8236,8236,194,10,2026010718,1,1,14384,0.86,4,1,False,2026-01-07 18:15:52
8237,8237,263,1,2026021115,1,1,9064,0.88,,0,False,2026-02-11 15:46:34
8238,8238,263,3,2026021115,1,1,13039,0.82,4,0,False,2026-02-11 15:49:34
8239,8239,263,8,2026021115,1,1,10180,0.92,5,0,False,2026-02-11 15:54:34
8240,8240,858,6,2026010616,3,1,8048,0.96,5,0,True,2026-01-06 16:23:23
8241,8241,71,4,2026032319,1,1,6753,0.83,5,0,False,2026-03-23 19:17:08
8242,8242,71,10,2026032319,1,1,10340,0.91,4,0,False,2026-03-23 19:19:08
8243,8243,1193,1,2026031409,1,1,9345,0.86,4,0,False,2026-03-14 09:01:37
8244,8244,1193,3,2026031409,1,1,5518,0.87,3,0,False,2026-03-14 09:05:37
8245,8245,1193,8,2026031409,1,1,6941,0.86,5,0,False,2026-03-14 09:09:37
8246,8246,125,20,2025110602,2,1,11060,0.97,4,0,False,2025-11-06 02:37:53
8247,8247,6,17,2025121704,2,4,7541,0.01,1,0,False,2025-12-17 04:10:29
8248,8248,6,16,2025121704,2,1,6360,0.91,5,0,False,2025-12-17 04:13:29
8249,8249,108,6,2026031014,2,1,12713,0.97,4,0,False,2026-03-10 14:22:39
8250,8250,108,15,2026031014,2,1,10973,0.97,4,0,False,2026-03-10 14:26:39
8251,8251,519,20,2025120212,1,1,11886,0.93,4,0,False,2025-12-02 12:57:18
8252,8252,212,3,2026031618,2,1,6120,0.87,5,0,False,2026-03-16 18:51:42
8253,8253,291,6,2025113000,6,1,13740,0.89,,0,True,2025-11-30 00:09:04
8254,8254,291,15,2025113000,6,1,12002,0.83,5,0,False,2025-11-30 00:14:04
8255,8255,325,25,2025100807,5,1,4225,0.83,3,0,False,2025-10-08 07:30:26
8256,8256,71,6,2025100219,1,1,8105,0.84,,1,True,2025-10-02 19:40:58
8257,8257,71,15,2025100219,1,1,4678,0.83,5,0,True,2025-10-02 19:42:58
8258,8258,777,6,2026030717,1,1,7496,0.83,4,0,True,2026-03-07 17:06:00
8259,8259,777,15,2026030717,1,1,5906,0.91,4,0,False,2026-03-07 17:11:00
8260,8260,599,1,2026031810,3,1,13159,0.92,5,0,False,2026-03-18 10:57:46
8261,8261,208,20,2026012423,4,1,11830,0.83,4,0,False,2026-01-24 23:25:34
8262,8262,208,5,2026012423,4,1,8524,0.95,5,0,True,2026-01-24 23:29:34
8263,8263,225,13,2025102610,2,1,11613,0.94,3,0,False,2025-10-26 10:22:54
8264,8264,225,14,2025102610,2,1,7724,0.97,4,0,False,2025-10-26 10:24:54
8265,8265,5,17,2025092020,2,1,6992,0.84,,0,False,2025-09-20 20:48:29
8266,8266,5,16,2025092020,2,1,10411,0.87,,0,False,2025-09-20 20:51:29
8267,8267,690,13,2026012618,1,1,10899,0.95,4,1,False,2026-01-26 18:24:12
8268,8268,690,14,2026012618,1,3,6368,0.02,1,0,False,2026-01-26 18:27:12
8269,8269,48,1,2025090111,6,1,6466,0.87,5,0,True,2025-09-01 11:51:33
8270,8270,48,3,2025090111,6,1,10758,0.87,5,0,True,2025-09-01 11:55:33
8271,8271,48,8,2025090111,6,1,9174,0.97,5,0,False,2025-09-01 11:57:33
8272,8272,42,13,2025120818,1,1,5804,0.93,5,0,True,2025-12-08 18:52:42
8273,8273,42,14,2025120818,1,1,13213,0.95,4,0,False,2025-12-08 18:55:42
8274,8274,189,1,2025101002,2,1,14198,0.97,4,0,False,2025-10-10 02:42:40
8275,8275,280,6,2026031712,4,4,9691,0.22,1,2,False,2026-03-17 12:23:57
8276,8276,566,13,2025110602,1,1,13382,0.97,5,0,True,2025-11-06 02:15:24
8277,8277,566,14,2025110602,1,1,7657,0.84,4,0,False,2025-11-06 02:18:24
8278,8278,78,3,2026032922,1,1,10633,0.86,4,0,False,2026-03-29 22:13:20
8279,8279,627,2,2025111707,1,1,4652,0.92,4,0,False,2025-11-17 07:36:20
8280,8280,627,5,2025111707,1,1,8222,0.9,4,1,False,2025-11-17 07:41:20
8281,8281,627,9,2025111707,1,1,6493,0.88,5,0,False,2025-11-17 07:42:20
8282,8282,76,18,2026020520,1,1,5134,0.83,4,0,False,2026-02-05 20:12:14
8283,8283,36,17,2025092805,1,1,8486,0.9,5,0,False,2025-09-28 05:13:35
8284,8284,5,4,2025110900,1,1,8265,0.82,4,1,False,2025-11-09 00:20:27
8285,8285,5,10,2025110900,1,1,11264,0.95,,0,False,2025-11-09 00:23:27
8286,8286,995,2,2025102500,1,1,10645,0.92,5,1,False,2025-10-25 00:38:58
8287,8287,217,19,2026011913,1,1,7721,0.87,4,0,True,2026-01-19 13:58:25
8288,8288,217,23,2026011914,1,1,13816,0.88,5,0,True,2026-01-19 14:03:25
8289,8289,217,8,2026011914,1,1,4886,0.85,4,0,False,2026-01-19 14:08:25
8290,8290,389,5,2025100103,1,1,14073,0.95,4,0,True,2025-10-01 03:37:09
8291,8291,2,14,2025111104,1,1,12365,0.93,5,0,False,2025-11-11 04:04:20
8292,8292,162,13,2026012921,1,1,12652,0.86,4,0,False,2026-01-29 21:35:54
8293,8293,205,22,2026032400,2,1,13032,0.96,5,0,True,2026-03-24 00:43:00
8294,8294,983,5,2025092807,1,1,6380,0.96,4,0,False,2025-09-28 07:43:33
8295,8295,347,20,2026032800,1,2,4373,0.21,,0,False,2026-03-28 00:39:51
8296,8296,347,5,2026032800,1,2,12039,0.2,2,1,False,2026-03-28 00:42:51
8297,8297,964,14,2025110220,3,1,11562,0.83,4,0,False,2025-11-02 20:03:50
8298,8298,19,5,2025111422,2,1,9303,0.94,4,0,False,2025-11-14 22:43:40
8299,8299,1191,10,2025111019,4,1,7737,0.95,5,0,True,2025-11-10 19:44:50
8300,8300,1102,2,2025111304,1,1,13392,0.91,4,0,False,2025-11-13 04:52:03
8301,8301,48,19,2026012522,2,1,11304,0.97,4,0,False,2026-01-25 22:29:28
8302,8302,48,23,2026012522,2,1,12608,0.9,5,0,False,2026-01-25 22:31:28
8303,8303,48,8,2026012522,2,1,7962,0.88,4,0,True,2026-01-25 22:37:28
8304,8304,910,17,2025100122,1,1,11112,0.85,4,0,False,2025-10-01 22:51:49
8305,8305,910,16,2025100122,1,1,10633,0.86,5,0,True,2025-10-01 22:55:49
8306,8306,42,9,2026010616,1,1,10132,0.84,,1,False,2026-01-06 16:42:56
8307,8307,250,2,2026030114,1,1,12156,0.88,4,0,False,2026-03-01 14:58:06
8308,8308,68,20,2026011109,1,1,8791,0.96,4,0,False,2026-01-11 09:23:36
8309,8309,68,5,2026011109,1,1,5583,0.85,4,0,False,2026-01-11 09:26:36
8310,8310,248,4,2026010910,1,5,5822,0.35,,2,False,2026-01-09 10:45:05
8311,8311,233,2,2026020511,1,1,12603,0.93,5,0,True,2026-02-05 11:27:09
8312,8312,233,5,2026020511,1,1,5958,0.83,5,0,True,2026-02-05 11:30:09
8313,8313,233,9,2026020511,1,2,9357,0.12,2,0,False,2026-02-05 11:33:09
8314,8314,30,2,2026032702,2,1,6152,0.9,5,0,False,2026-03-27 02:29:49
8315,8315,30,5,2026032702,2,1,10483,0.86,,0,False,2026-03-27 02:31:49
8316,8316,30,9,2026032702,2,1,5017,0.91,4,0,True,2026-03-27 02:37:49
8317,8317,20,8,2026031607,2,1,10739,0.89,3,0,False,2026-03-16 07:17:42
8318,8318,1043,19,2025121402,1,1,8923,0.86,4,0,False,2025-12-14 02:08:08
8319,8319,1043,23,2025121402,1,1,13232,0.96,4,0,False,2025-12-14 02:12:08
8320,8320,1043,8,2025121402,1,2,8626,0.29,2,0,False,2025-12-14 02:14:08
8321,8321,1106,5,2025121115,1,1,13491,0.94,,0,True,2025-12-11 15:45:14
8322,8322,1152,4,2026013017,1,1,8734,0.94,4,0,False,2026-01-30 17:11:31
8323,8323,1152,10,2026013017,1,5,12937,0.21,1,1,False,2026-01-30 17:13:31
8324,8324,157,1,2026032305,5,1,12894,0.9,4,0,True,2026-03-23 05:50:08
8325,8325,78,2,2025122801,4,1,11012,0.92,4,0,False,2025-12-28 01:35:46
8326,8326,274,17,2025101901,2,1,11814,0.85,4,0,False,2025-10-19 01:42:28
8327,8327,274,16,2025101901,2,1,10118,0.9,,0,False,2025-10-19 01:45:28
8328,8328,240,19,2026021421,2,1,10273,0.88,5,0,False,2026-02-14 21:16:33
8329,8329,917,2,2025112608,1,1,3820,0.88,5,0,True,2025-11-26 08:19:14
8330,8330,80,6,2025102620,1,1,10334,0.89,4,0,False,2025-10-26 20:28:58
8331,8331,80,15,2025102620,1,1,10666,0.85,4,0,False,2025-10-26 20:33:58
8332,8332,237,2,2025111720,1,1,10045,0.93,4,0,False,2025-11-17 20:44:09
8333,8333,237,5,2025111720,1,1,5214,0.98,4,0,False,2025-11-17 20:48:09
8334,8334,237,9,2025111720,1,1,9335,0.97,4,0,False,2025-11-17 20:54:09
8335,8335,313,20,2025112417,6,1,4634,0.91,4,0,True,2025-11-24 17:21:22
8336,8336,313,5,2025112417,6,1,9590,0.98,4,0,False,2025-11-24 17:23:22
8337,8337,17,3,2026031901,6,1,6145,0.9,5,0,False,2026-03-19 01:40:26
8338,8338,251,14,2026022512,1,1,9543,0.82,4,0,False,2026-02-25 12:10:41
8339,8339,71,1,2026012204,1,1,13708,0.9,5,0,True,2026-01-22 04:35:52
8340,8340,71,3,2026012204,1,1,9380,0.94,,0,False,2026-01-22 04:40:52
8341,8341,71,8,2026012204,1,1,7132,0.96,3,0,True,2026-01-22 04:45:52
8342,8342,4,11,2025111711,2,1,8248,0.84,4,0,False,2025-11-17 11:29:42
8343,8343,1093,6,2025110104,1,1,8922,0.88,,0,False,2025-11-01 04:04:37
8344,8344,1093,15,2025110104,1,1,9512,0.96,4,0,False,2025-11-01 04:07:37
8345,8345,181,20,2025100714,2,1,4845,0.98,4,0,False,2025-10-07 14:50:22
8346,8346,181,5,2025100714,2,1,8716,0.94,5,0,True,2025-10-07 14:52:22
8347,8347,225,19,2025112505,6,1,7589,0.93,,0,True,2025-11-25 05:51:15
8348,8348,225,23,2025112505,6,1,8796,0.88,5,0,True,2025-11-25 05:54:15
8349,8349,225,8,2025112505,6,1,4225,0.85,5,0,True,2025-11-25 05:57:15
8350,8350,315,24,2026030719,1,1,5864,0.82,5,0,False,2026-03-07 19:34:11
8351,8351,66,20,2025121908,2,4,4921,0.14,,1,False,2025-12-19 08:33:20
8352,8352,66,5,2025121908,2,1,13893,0.93,4,0,True,2025-12-19 08:35:20
8353,8353,1183,4,2026031220,1,1,12018,0.84,5,0,True,2026-03-12 20:03:01
8354,8354,1183,10,2026031220,1,1,10487,0.85,4,0,False,2026-03-12 20:05:01
8355,8355,232,6,2025120818,1,1,10531,0.92,4,0,False,2025-12-08 18:34:28
8356,8356,232,15,2025120818,1,1,10801,0.91,5,0,False,2025-12-08 18:38:28
8357,8357,128,22,2026032819,1,1,9289,0.93,4,0,False,2026-03-28 19:22:56
8358,8358,777,20,2026030813,4,1,8931,0.94,5,0,True,2026-03-08 13:26:55
8359,8359,777,5,2026030813,4,1,13955,0.94,5,0,True,2026-03-08 13:30:55
8360,8360,86,3,2026011010,1,1,11569,0.97,5,0,True,2026-01-10 10:59:09
8361,8361,78,14,2026020119,1,1,6025,0.87,4,0,False,2026-02-01 19:58:31
8362,8362,999,20,2025091711,5,1,6256,0.97,3,0,False,2025-09-17 11:24:30
8363,8363,233,5,2026012811,3,1,10295,0.83,5,0,False,2026-01-28 11:51:07
8364,8364,981,4,2025121604,1,1,13569,0.89,5,1,True,2025-12-16 04:27:56
8365,8365,981,10,2025121604,1,1,14017,0.94,5,0,False,2025-12-16 04:30:56
8366,8366,26,20,2026031817,1,1,4540,0.89,4,0,False,2026-03-18 17:47:19
8367,8367,26,5,2026031817,1,1,6769,0.97,5,0,True,2026-03-18 17:50:19
8368,8368,48,19,2026022617,2,1,15224,0.89,4,0,False,2026-02-26 17:21:21
8369,8369,87,2,2026011103,2,1,10731,0.96,5,1,False,2026-01-11 03:57:20
8370,8370,1043,2,2026010305,2,1,3987,0.92,5,0,True,2026-01-03 05:47:04
8371,8371,1043,5,2026010305,2,1,4056,0.91,5,0,False,2026-01-03 05:51:04
8372,8372,1043,9,2026010305,2,1,13656,0.87,5,0,False,2026-01-03 05:51:04
8373,8373,65,6,2025091814,1,3,4277,0.17,,1,False,2025-09-18 14:25:53
8374,8374,1141,19,2026022211,3,1,9011,0.84,4,1,False,2026-02-22 11:37:38
8375,8375,1141,23,2026022211,3,1,5304,0.96,4,0,True,2026-02-22 11:42:38
8376,8376,1141,8,2026022211,3,1,13094,0.83,5,0,False,2026-02-22 11:47:38
8377,8377,249,2,2025101721,1,1,6312,0.85,5,0,False,2025-10-17 21:40:21
8378,8378,249,5,2025101721,1,1,9118,0.94,,0,False,2025-10-17 21:43:21
8379,8379,249,9,2025101721,1,1,14951,0.85,4,0,False,2025-10-17 21:48:21
8380,8380,948,19,2026010220,1,3,13500,0.32,1,0,False,2026-01-02 20:35:35
8381,8381,948,23,2026010220,1,1,13697,0.85,5,0,False,2026-01-02 20:38:35
8382,8382,948,8,2026010220,1,4,14110,0.09,,0,False,2026-01-02 20:41:35
8383,8383,181,19,2026030904,1,1,11225,0.86,5,0,True,2026-03-09 04:12:37
8384,8384,181,23,2026030904,1,1,4749,0.95,4,0,False,2026-03-09 04:16:37
8385,8385,181,8,2026030904,1,1,5693,0.86,5,0,True,2026-03-09 04:16:37
8386,8386,5,10,2025111220,2,1,10882,0.92,4,0,False,2025-11-12 20:13:33
8387,8387,668,12,2026030711,2,1,11187,0.87,5,0,False,2026-03-07 11:54:35
8388,8388,73,19,2026011302,2,1,8693,0.9,3,0,False,2026-01-13 02:48:17
8389,8389,73,23,2026011302,2,1,5053,0.91,4,0,True,2026-01-13 02:52:17
8390,8390,73,8,2026011302,2,1,8505,0.96,4,0,True,2026-01-13 02:56:17
8391,8391,61,9,2025092116,4,1,8559,0.85,4,0,False,2025-09-21 16:20:26
8392,8392,159,3,2025121907,2,1,11329,0.94,,0,False,2025-12-19 07:10:55
8393,8393,847,17,2025113010,1,1,8695,0.94,5,0,False,2025-11-30 10:18:27
8394,8394,847,16,2025113010,1,1,5299,0.84,4,0,False,2025-11-30 10:20:27
8395,8395,335,11,2025100913,2,3,4895,0.17,,0,False,2025-10-09 13:30:25
8396,8396,183,13,2026030510,1,1,7863,0.96,4,0,False,2026-03-05 10:29:03
8397,8397,183,14,2026030510,1,1,4054,0.88,5,0,False,2026-03-05 10:34:03
8398,8398,731,18,2026030921,5,1,4424,0.97,4,0,False,2026-03-09 21:49:54
8399,8399,1130,24,2025122601,4,1,10470,0.95,5,0,False,2025-12-26 01:21:21
8400,8400,305,2,2025121913,2,1,6575,0.9,5,0,False,2025-12-19 13:22:58
8401,8401,305,5,2025121913,2,1,7653,0.85,3,0,False,2025-12-19 13:25:58
8402,8402,305,9,2025121913,2,1,8348,0.86,5,0,False,2025-12-19 13:26:58
8403,8403,175,13,2025100108,1,6,10232,0.0,2,0,False,2025-10-01 08:13:13
8404,8404,175,14,2025100108,1,1,12896,0.9,5,0,False,2025-10-01 08:18:13
8405,8405,95,17,2026030923,5,1,3875,0.93,5,0,False,2026-03-09 23:07:14
8406,8406,95,16,2026030923,5,1,14139,0.87,3,0,False,2026-03-09 23:11:14
8407,8407,194,19,2026032812,3,1,13830,0.93,3,0,True,2026-03-28 12:31:58
8408,8408,194,23,2026032812,3,1,13185,0.82,5,0,False,2026-03-28 12:33:58
8409,8409,194,8,2026032812,3,1,9156,0.93,4,0,False,2026-03-28 12:39:58
8410,8410,919,19,2026032004,1,2,9191,0.22,1,0,False,2026-03-20 04:20:59
8411,8411,919,23,2026032004,1,3,13854,0.04,1,0,False,2026-03-20 04:24:59
8412,8412,919,8,2026032004,1,1,11509,0.87,4,0,False,2026-03-20 04:28:59
8413,8413,65,22,2025101700,1,3,9212,0.17,1,0,False,2025-10-17 00:10:17
8414,8414,954,2,2026012621,4,1,12772,0.94,5,0,True,2026-01-26 21:45:33
8415,8415,954,5,2026012621,4,3,5819,0.05,,0,False,2026-01-26 21:48:33
8416,8416,954,9,2026012621,4,6,12778,0.0,1,0,False,2026-01-26 21:53:33
8417,8417,231,1,2026021423,1,3,10405,0.04,2,0,False,2026-02-14 23:45:30
8418,8418,231,3,2026021423,1,1,7736,0.84,4,1,False,2026-02-14 23:50:30
8419,8419,231,8,2026021423,1,1,11845,0.94,,0,False,2026-02-14 23:53:30
8420,8420,59,1,2026022103,3,1,6927,0.85,,0,False,2026-02-21 03:28:53
8421,8421,59,3,2026022103,3,1,5852,0.95,5,0,True,2026-02-21 03:33:53
8422,8422,59,8,2026022103,3,1,6415,0.91,4,0,False,2026-02-21 03:32:53
8423,8423,8,20,2025103015,1,1,8970,0.9,3,0,True,2025-10-30 15:03:15
8424,8424,8,5,2025103015,1,1,7311,0.94,4,0,False,2025-10-30 15:07:15
8425,8425,19,14,2025122200,5,6,7728,0.0,,0,False,2025-12-22 00:54:54
8426,8426,377,20,2025121812,1,1,14195,0.88,5,0,True,2025-12-18 12:30:15
8427,8427,377,5,2025121812,1,1,4329,0.89,4,0,False,2025-12-18 12:35:15
8428,8428,103,13,2026012614,1,1,4519,0.91,4,0,False,2026-01-26 14:47:16
8429,8429,103,14,2026012614,1,1,12352,0.96,4,0,False,2026-01-26 14:52:16
8430,8430,313,20,2026020609,2,1,12834,0.91,5,0,False,2026-02-06 09:02:47
8431,8431,313,5,2026020609,2,1,14061,0.82,4,0,True,2026-02-06 09:05:47
8432,8432,258,13,2025101605,3,1,10653,0.88,3,0,True,2025-10-16 05:58:37
8433,8433,205,9,2025120913,2,1,12087,0.88,3,0,False,2025-12-09 13:37:30
8434,8434,668,4,2025100922,1,1,12519,0.91,,1,False,2025-10-09 22:55:41
8435,8435,668,10,2025100923,1,2,10890,0.0,2,0,False,2025-10-09 23:00:41
8436,8436,2,11,2026020115,3,1,10860,0.98,4,0,True,2026-02-01 15:58:30
8437,8437,77,17,2025092719,1,1,8278,0.95,4,0,False,2025-09-27 19:56:06
8438,8438,77,16,2025092719,1,1,12751,0.97,,0,False,2025-09-27 19:58:06
8439,8439,473,1,2026032415,3,1,9878,0.85,5,0,False,2026-03-24 15:32:25
8440,8440,473,3,2026032415,3,1,12273,0.92,5,0,False,2026-03-24 15:36:25
8441,8441,473,8,2026032415,3,1,5251,0.92,4,0,False,2026-03-24 15:36:25
8442,8442,217,4,2026012009,5,1,14500,0.89,4,0,False,2026-01-20 09:23:39
8443,8443,217,10,2026012009,5,1,5863,0.92,,0,False,2026-01-20 09:26:39
8444,8444,1100,6,2025112920,1,1,7868,0.87,5,0,True,2025-11-29 20:14:06
8445,8445,1100,15,2025112920,1,1,9531,0.89,4,0,False,2025-11-29 20:19:06
8446,8446,12,19,2026020106,1,2,6539,0.01,2,0,False,2026-02-01 06:59:57
8447,8447,12,23,2026020107,1,1,10198,0.94,4,0,False,2026-02-01 07:03:57
8448,8448,12,8,2026020107,1,1,4313,0.95,4,0,False,2026-02-01 07:03:57
8449,8449,281,20,2026012011,2,2,13562,0.1,,0,False,2026-01-20 11:12:45
8450,8450,281,5,2026012011,2,1,5613,0.94,5,0,True,2026-01-20 11:17:45
8451,8451,271,20,2025100820,1,1,8887,0.92,4,0,False,2025-10-08 20:22:31
8452,8452,271,5,2025100820,1,2,10065,0.24,1,0,False,2025-10-08 20:26:31
8453,8453,43,20,2026011921,2,1,12386,0.85,5,0,True,2026-01-19 21:51:35
8454,8454,43,5,2026011921,2,1,11165,0.85,3,0,False,2026-01-19 21:55:35
8455,8455,199,4,2026012613,3,1,13989,0.87,3,0,True,2026-01-26 13:00:01
8456,8456,199,10,2026012613,3,1,14669,0.9,5,0,True,2026-01-26 13:04:01
8457,8457,100,6,2026021103,2,1,13851,0.92,4,0,False,2026-02-11 03:11:24
8458,8458,561,1,2025121706,3,3,15131,0.25,1,1,False,2025-12-17 06:31:46
8459,8459,561,3,2025121706,3,1,12040,0.92,5,0,False,2025-12-17 06:33:46
8460,8460,561,8,2025121706,3,1,9248,0.97,4,0,False,2025-12-17 06:41:46
8461,8461,222,23,2026013101,2,1,8780,0.88,4,0,False,2026-01-31 01:25:33
8462,8462,964,19,2026012719,4,1,5956,0.9,5,0,False,2026-01-27 19:34:28
8463,8463,964,23,2026012719,4,1,3941,0.9,5,1,False,2026-01-27 19:37:28
8464,8464,964,8,2026012719,4,1,13475,0.93,5,0,False,2026-01-27 19:38:28
8465,8465,358,4,2025121407,1,1,10299,0.91,5,0,True,2025-12-14 07:36:56
8466,8466,358,10,2025121407,1,3,8265,0.06,,0,False,2025-12-14 07:40:56
8467,8467,375,15,2025111807,2,1,10104,0.83,5,0,False,2025-11-18 07:42:08
8468,8468,38,6,2026020521,2,1,12867,0.94,5,0,True,2026-02-05 21:57:52
8469,8469,38,15,2026020522,2,1,6005,0.88,5,0,True,2026-02-05 22:01:52
8470,8470,203,13,2026012608,3,1,12349,0.88,4,1,False,2026-01-26 08:53:49
8471,8471,203,14,2026012608,3,1,7553,0.91,,0,True,2026-01-26 08:55:49
8472,8472,44,10,2025123000,1,3,13144,0.34,2,0,False,2025-12-30 00:13:41
8473,8473,942,20,2026021608,1,1,12197,0.95,,0,False,2026-02-16 08:20:48
8474,8474,942,5,2026021608,1,1,8210,0.87,5,0,True,2026-02-16 08:22:48
8475,8475,457,4,2025110201,2,1,6678,0.97,4,0,False,2025-11-02 01:19:52
8476,8476,457,10,2025110201,2,1,15456,0.86,4,0,False,2025-11-02 01:23:52
8477,8477,52,18,2025122623,4,1,6743,0.95,5,0,True,2025-12-26 23:32:14
8478,8478,303,25,2026022517,2,1,8342,0.9,3,0,True,2026-02-25 17:22:12
8479,8479,754,13,2025093023,1,1,7365,0.98,4,0,True,2025-09-30 23:11:31
8480,8480,754,14,2025093023,1,1,10882,0.84,5,0,False,2025-09-30 23:14:31
8481,8481,90,1,2026030802,1,1,12790,0.97,,0,False,2026-03-08 02:56:14
8482,8482,90,3,2026030803,1,1,9166,0.91,4,0,False,2026-03-08 03:00:14
8483,8483,90,8,2026030803,1,1,6725,0.86,5,0,True,2026-03-08 03:02:14
8484,8484,329,2,2026021308,1,1,12924,0.93,5,0,True,2026-02-13 08:15:21
8485,8485,329,5,2026021308,1,1,11023,0.91,4,0,True,2026-02-13 08:19:21
8486,8486,329,9,2026021308,1,1,14285,0.95,4,0,True,2026-02-13 08:19:21
8487,8487,988,4,2025120903,1,1,5732,0.97,5,0,False,2025-12-09 03:35:01
8488,8488,988,10,2025120903,1,1,14956,0.97,4,0,False,2025-12-09 03:39:01
8489,8489,332,11,2026033008,2,1,12618,0.82,5,0,False,2026-03-30 08:10:33
8490,8490,5,1,2025102012,2,1,10882,0.87,4,0,False,2025-10-20 12:24:41
8491,8491,774,2,2025100310,2,1,13198,0.91,4,0,True,2025-10-03 10:17:27
8492,8492,774,5,2025100310,2,1,10066,0.83,4,0,False,2025-10-03 10:22:27
8493,8493,774,9,2025100310,2,1,6267,0.83,4,0,True,2025-10-03 10:21:27
8494,8494,670,14,2025121319,2,1,7105,0.94,3,0,False,2025-12-13 19:35:23
8495,8495,342,1,2025121022,2,1,6472,0.84,4,0,False,2025-12-10 22:15:43
8496,8496,342,3,2025121022,2,1,11059,0.85,3,0,False,2025-12-10 22:18:43
8497,8497,342,8,2025121022,2,1,12165,0.91,4,0,True,2025-12-10 22:19:43
8498,8498,539,2,2025101506,2,7,14140,0.16,1,1,False,2025-10-15 06:22:42
8499,8499,539,5,2025101506,2,1,5370,0.97,4,1,True,2025-10-15 06:24:42
8500,8500,539,9,2025101506,2,1,13424,0.94,5,0,False,2025-10-15 06:32:42
8501,8501,474,2,2025091018,1,1,9856,0.91,3,0,False,2025-09-10 18:13:42
8502,8502,474,5,2025091018,1,1,11907,0.94,4,0,False,2025-09-10 18:18:42
8503,8503,474,9,2025091018,1,1,14892,0.98,5,1,True,2025-09-10 18:17:42
8504,8504,339,20,2026012111,1,1,9206,0.88,5,0,True,2026-01-21 11:41:59
8505,8505,339,5,2026012111,1,1,12009,0.92,4,0,False,2026-01-21 11:43:59
8506,8506,95,4,2026020221,4,1,13593,0.9,5,0,False,2026-02-02 21:46:54
8507,8507,95,10,2026020221,4,1,9697,0.97,4,0,False,2026-02-02 21:50:54
8508,8508,714,20,2025103118,2,1,8894,0.84,5,0,False,2025-10-31 18:44:51
8509,8509,714,5,2025103118,2,1,12760,0.95,3,0,False,2025-10-31 18:48:51
8510,8510,35,1,2026013000,1,1,14384,0.97,4,0,False,2026-01-30 00:36:30
8511,8511,35,3,2026013000,1,1,9176,0.95,,0,False,2026-01-30 00:38:30
8512,8512,35,8,2026013000,1,1,5577,0.97,,0,False,2026-01-30 00:46:30
8513,8513,934,17,2026020817,6,1,4022,0.88,5,0,False,2026-02-08 17:24:27
8514,8514,129,11,2026013004,4,1,13173,0.88,3,0,False,2026-01-30 04:04:56
8515,8515,32,17,2025111118,1,1,12541,0.96,4,0,False,2025-11-11 18:05:56
8516,8516,32,16,2025111118,1,1,4696,0.94,4,0,False,2025-11-11 18:09:56
8517,8517,395,2,2025101317,2,1,8604,0.93,,0,False,2025-10-13 17:54:09
8518,8518,1089,4,2025122319,3,1,5168,0.96,4,0,True,2025-12-23 19:33:51
8519,8519,1089,10,2025122319,3,1,10406,0.94,4,0,False,2025-12-23 19:38:51
8520,8520,127,6,2026032607,1,1,12194,0.94,4,1,False,2026-03-26 07:42:46
8521,8521,127,15,2026032607,1,1,10363,0.86,5,0,False,2026-03-26 07:44:46
8522,8522,118,20,2026012301,1,6,6913,0.0,,0,False,2026-01-23 01:02:37
8523,8523,118,5,2026012301,1,3,12002,0.33,1,0,False,2026-01-23 01:05:37
8524,8524,314,1,2026030720,1,1,10606,0.96,5,0,False,2026-03-07 20:36:37
8525,8525,314,3,2026030720,1,1,13732,0.89,5,0,True,2026-03-07 20:38:37
8526,8526,314,8,2026030720,1,1,9002,0.87,5,0,True,2026-03-07 20:44:37
8527,8527,247,2,2025112503,3,1,3918,0.97,4,0,False,2025-11-25 03:22:00
8528,8528,247,5,2025112503,3,1,10597,0.96,4,0,True,2025-11-25 03:24:00
8529,8529,247,9,2025112503,3,1,8479,0.83,5,0,False,2025-11-25 03:28:00
8530,8530,343,19,2025111617,1,1,10624,0.89,4,0,False,2025-11-16 17:01:23
8531,8531,343,23,2025111617,1,1,7155,0.91,4,0,False,2025-11-16 17:04:23
8532,8532,343,8,2025111617,1,1,4629,0.89,5,0,False,2025-11-16 17:05:23
8533,8533,391,16,2025111602,1,1,12449,0.91,5,0,False,2025-11-16 02:46:07
8534,8534,314,13,2026030117,3,1,12722,0.94,,0,False,2026-03-01 17:50:59
8535,8535,314,14,2026030117,3,3,13586,0.31,1,0,False,2026-03-01 17:55:59
8536,8536,64,4,2026012601,1,1,11768,0.94,4,0,True,2026-01-26 01:35:44
8537,8537,64,10,2026012601,1,1,10629,0.9,3,0,False,2026-01-26 01:40:44
8538,8538,1093,8,2026031002,3,1,5662,0.89,5,0,False,2026-03-10 02:33:10
8539,8539,1113,2,2025100417,2,1,11078,0.95,4,0,False,2025-10-04 17:50:58
8540,8540,170,13,2026010519,3,1,9348,0.94,5,0,False,2026-01-05 19:08:17
8541,8541,170,14,2026010519,3,1,4386,0.88,4,0,False,2026-01-05 19:11:17
8542,8542,66,19,2025110310,1,1,12954,0.94,5,0,False,2025-11-03 10:08:02
8543,8543,66,23,2025110310,1,1,8669,0.87,4,0,True,2025-11-03 10:13:02
8544,8544,66,8,2025110310,1,1,11747,0.92,4,0,True,2025-11-03 10:16:02
8545,8545,381,9,2025102313,1,1,13822,0.98,5,0,False,2025-10-23 13:08:35
8546,8546,98,17,2025103011,6,1,13112,0.89,5,1,True,2025-10-30 11:13:19
8547,8547,174,1,2026020113,1,7,9444,0.22,2,2,False,2026-02-01 13:15:53
8548,8548,174,3,2026020113,1,1,4895,0.85,4,0,False,2026-02-01 13:18:53
8549,8549,174,8,2026020113,1,1,9703,0.84,5,0,False,2026-02-01 13:23:53
8550,8550,45,20,2025102722,1,1,5372,0.95,,0,False,2025-10-27 22:31:08
8551,8551,45,5,2025102722,1,1,4317,0.89,5,1,True,2025-10-27 22:36:08
8552,8552,40,23,2025112914,3,1,11013,0.95,5,0,True,2025-11-29 14:42:13
8553,8553,47,17,2026022206,2,1,4532,0.84,4,0,False,2026-02-22 06:59:46
8554,8554,47,16,2026022207,2,1,9276,0.87,5,1,False,2026-02-22 07:04:46
8555,8555,573,13,2025102800,2,3,10911,0.13,,0,False,2025-10-28 00:44:19
8556,8556,958,8,2025121820,1,1,8301,0.92,4,0,False,2025-12-18 20:55:04
8557,8557,127,21,2025100505,2,1,8652,0.85,5,0,False,2025-10-05 05:27:00
8558,8558,74,13,2025093020,1,6,12758,0.0,1,0,False,2025-09-30 20:17:01
8559,8559,74,14,2025093020,1,1,13662,0.84,4,0,False,2025-09-30 20:21:01
8560,8560,99,10,2026011009,1,2,5165,0.32,2,0,False,2026-01-10 09:55:49
8561,8561,81,6,2026010703,5,1,12757,0.98,5,0,True,2026-01-07 03:21:53
8562,8562,81,15,2026010703,5,1,8585,0.82,5,0,False,2026-01-07 03:24:53
8563,8563,396,6,2025111311,6,1,4206,0.97,3,0,True,2025-11-13 11:25:38
8564,8564,396,15,2025111311,6,1,11981,0.92,5,0,False,2025-11-13 11:30:38
8565,8565,181,20,2026011203,1,2,8159,0.27,,0,False,2026-01-12 03:06:57
8566,8566,181,5,2026011203,1,1,7182,0.97,5,0,True,2026-01-12 03:08:57
8567,8567,269,18,2026030219,3,2,12365,0.15,,0,False,2026-03-02 19:09:40
8568,8568,127,19,2026022404,4,1,13523,0.83,5,0,True,2026-02-24 04:16:51
8569,8569,127,23,2026022404,4,1,4653,0.96,3,0,True,2026-02-24 04:20:51
8570,8570,127,8,2026022404,4,1,11068,0.96,5,0,True,2026-02-24 04:24:51
8571,8571,272,22,2026010107,1,3,5148,0.27,1,0,False,2026-01-01 07:33:47
8572,8572,77,13,2026012622,1,3,8312,0.07,1,0,False,2026-01-26 22:19:10
8573,8573,77,14,2026012622,1,1,7405,0.85,4,0,False,2026-01-26 22:22:10
8574,8574,774,4,2026010417,5,1,9292,0.86,4,0,False,2026-01-04 17:50:26
8575,8575,774,10,2026010417,5,3,14941,0.25,1,0,False,2026-01-04 17:53:26
8576,8576,329,4,2026032414,2,1,13142,0.97,5,0,True,2026-03-24 14:33:35
8577,8577,329,10,2026032414,2,1,6269,0.87,5,0,True,2026-03-24 14:36:35
8578,8578,41,1,2025112308,1,1,13671,0.85,5,0,False,2025-11-23 08:25:56
8579,8579,41,3,2025112308,1,1,4938,0.97,,0,False,2025-11-23 08:28:56
8580,8580,41,8,2025112308,1,1,6409,0.97,5,0,True,2025-11-23 08:33:56
8581,8581,191,20,2026012805,2,1,13064,0.83,4,0,False,2026-01-28 05:39:01
8582,8582,9,4,2025110618,2,1,5657,0.84,4,0,True,2025-11-06 18:33:18
8583,8583,9,10,2025110618,2,1,14183,0.9,5,0,False,2025-11-06 18:38:18
8584,8584,90,19,2026010102,2,1,14390,0.94,5,0,True,2026-01-01 02:36:29
8585,8585,90,23,2026010102,2,1,10731,0.86,4,1,False,2026-01-01 02:38:29
8586,8586,90,8,2026010102,2,1,5141,0.94,5,0,False,2026-01-01 02:42:29
8587,8587,887,19,2026032306,1,1,6300,0.94,5,0,False,2026-03-23 06:28:51
8588,8588,887,23,2026032306,1,4,12642,0.03,1,0,False,2026-03-23 06:31:51
8589,8589,887,8,2026032306,1,1,8386,0.86,5,0,True,2026-03-23 06:32:51
8590,8590,52,1,2025120722,3,1,9612,0.86,4,0,False,2025-12-07 22:36:58
8591,8591,52,3,2025120722,3,1,10250,0.85,4,0,False,2025-12-07 22:41:58
8592,8592,52,8,2025120722,3,1,13438,0.85,,0,False,2025-12-07 22:40:58
8593,8593,110,6,2026020615,3,1,10963,0.87,5,0,True,2026-02-06 15:58:56
8594,8594,110,15,2026020616,3,2,13619,0.12,2,0,False,2026-02-06 16:00:56
8595,8595,161,19,2026033004,2,1,13876,0.92,4,0,False,2026-03-30 04:34:49
8596,8596,161,23,2026033004,2,1,11438,0.87,5,0,False,2026-03-30 04:39:49
8597,8597,161,8,2026033004,2,1,11327,0.89,5,0,False,2026-03-30 04:44:49
8598,8598,117,4,2026011808,3,1,8668,0.92,5,0,True,2026-01-18 08:00:03
8599,8599,135,6,2025102714,3,1,5958,0.88,5,0,False,2025-10-27 14:10:06
8600,8600,135,15,2025102714,3,1,7740,0.86,4,0,False,2025-10-27 14:13:06
8601,8601,818,22,2025111022,5,1,14319,0.91,5,0,True,2025-11-10 22:58:51
8602,8602,1104,13,2025090215,6,1,10786,0.92,4,0,False,2025-09-02 15:10:01
8603,8603,1104,14,2025090215,6,1,10284,0.95,4,0,True,2025-09-02 15:14:01
8604,8604,443,25,2026011403,2,1,4018,0.98,4,0,False,2026-01-14 03:02:26
8605,8605,231,17,2025092208,1,1,9510,0.83,4,0,False,2025-09-22 08:59:31
8606,8606,231,16,2025092209,1,1,12426,0.97,4,0,False,2025-09-22 09:02:31
8607,8607,900,11,2026011108,1,1,9902,0.98,5,0,False,2026-01-11 08:36:04
8608,8608,408,14,2026010508,1,1,12741,0.83,4,0,False,2026-01-05 08:46:04
8609,8609,1001,19,2026030918,2,1,14681,0.91,4,0,False,2026-03-09 18:14:01
8610,8610,1001,23,2026030918,2,4,4458,0.01,1,0,False,2026-03-09 18:19:01
8611,8611,1001,8,2026030918,2,3,7821,0.05,1,0,False,2026-03-09 18:22:01
8612,8612,34,20,2025092814,1,1,13548,0.88,5,1,False,2025-09-28 14:24:42
8613,8613,34,5,2025092814,1,1,12249,0.88,5,0,True,2025-09-28 14:27:42
8614,8614,291,2,2025100201,1,1,11518,0.84,4,0,True,2025-10-02 01:19:06
8615,8615,291,5,2025100201,1,1,10189,0.95,5,0,True,2025-10-02 01:22:06
8616,8616,291,9,2025100201,1,1,6148,0.93,4,0,False,2025-10-02 01:25:06
8617,8617,185,19,2025122810,1,1,9098,0.85,5,0,False,2025-12-28 10:28:42
8618,8618,185,23,2025122810,1,3,6039,0.11,,0,False,2025-12-28 10:30:42
8619,8619,185,8,2025122810,1,1,7037,0.83,3,0,False,2025-12-28 10:36:42
8620,8620,204,2,2025111403,1,1,11760,0.93,4,0,False,2025-11-14 03:22:29
8621,8621,84,6,2026011717,2,1,13645,0.84,4,0,False,2026-01-17 17:02:03
8622,8622,84,15,2026011717,2,1,11613,0.94,4,0,False,2026-01-17 17:05:03
8623,8623,724,2,2025120309,6,1,9136,0.87,5,0,True,2025-12-03 09:04:17
8624,8624,1151,23,2025090509,2,1,12958,0.91,4,0,False,2025-09-05 09:28:37
8625,8625,849,4,2026031618,2,1,9880,0.96,3,0,False,2026-03-16 18:08:26
8626,8626,849,10,2026031618,2,1,6759,0.94,5,0,True,2026-03-16 18:12:26
8627,8627,619,4,2025100522,1,1,6521,0.84,,0,False,2025-10-05 22:42:35
8628,8628,619,10,2025100522,1,4,10854,0.05,,0,False,2025-10-05 22:45:35
8629,8629,50,11,2026020621,1,6,5988,0.0,,0,False,2026-02-06 21:20:54
8630,8630,12,20,2025101403,2,1,12666,0.87,5,0,False,2025-10-14 03:09:41
8631,8631,12,5,2025101403,2,1,12880,0.95,5,0,True,2025-10-14 03:11:41
8632,8632,366,20,2025101317,1,1,12100,0.89,5,0,True,2025-10-13 17:45:51
8633,8633,366,5,2025101317,1,1,8923,0.94,5,0,True,2025-10-13 17:48:51
8634,8634,39,4,2025111710,2,3,7419,0.12,2,2,False,2025-11-17 10:18:24
8635,8635,202,17,2025122104,1,1,6155,0.84,4,0,True,2025-12-21 04:13:34
8636,8636,202,16,2025122104,1,1,14099,0.97,5,0,False,2025-12-21 04:17:34
8637,8637,226,6,2025121322,5,7,11213,0.25,,0,False,2025-12-13 22:30:45
8638,8638,226,15,2025121322,5,1,5071,0.92,5,0,False,2025-12-13 22:35:45
8639,8639,306,4,2026013118,2,1,6879,0.88,4,0,False,2026-01-31 18:03:06
8640,8640,306,10,2026013118,2,1,7277,0.93,5,0,False,2026-01-31 18:07:06
8641,8641,195,23,2026012818,1,1,9261,0.89,3,0,False,2026-01-28 18:12:22
8642,8642,338,19,2026032416,2,1,14996,0.87,4,0,False,2026-03-24 16:14:55
8643,8643,338,23,2026032416,2,1,3966,0.98,4,0,False,2026-03-24 16:17:55
8644,8644,338,8,2026032416,2,1,7991,0.83,5,0,False,2026-03-24 16:22:55
8645,8645,83,6,2025112717,2,1,5752,0.87,4,0,False,2025-11-27 17:39:42
8646,8646,83,15,2025112717,2,2,12989,0.34,2,1,False,2025-11-27 17:44:42
8647,8647,1031,4,2025102621,2,1,15395,0.91,4,0,True,2025-10-26 21:10:27
8648,8648,960,17,2026030517,1,1,9352,0.88,3,0,False,2026-03-05 17:18:29
8649,8649,960,16,2026030517,1,1,3788,0.88,4,1,False,2026-03-05 17:21:29
8650,8650,11,4,2025120219,1,1,5148,0.84,4,0,False,2025-12-02 19:17:43
8651,8651,27,1,2025112702,1,1,9608,0.95,5,0,True,2025-11-27 02:41:40
8652,8652,27,3,2025112702,1,1,13873,0.94,,0,False,2025-11-27 02:45:40
8653,8653,27,8,2025112702,1,1,5133,0.86,4,0,True,2025-11-27 02:45:40
8654,8654,803,17,2025120911,1,1,11895,0.82,5,1,False,2025-12-09 11:34:36
8655,8655,803,16,2025120911,1,2,13834,0.06,,0,False,2025-12-09 11:38:36
8656,8656,988,2,2026030800,2,1,7522,0.96,,0,False,2026-03-08 00:26:17
8657,8657,988,5,2026030800,2,1,9770,0.93,4,0,True,2026-03-08 00:30:17
8658,8658,988,9,2026030800,2,1,5565,0.93,4,0,True,2026-03-08 00:34:17
8659,8659,356,24,2025121123,1,1,6585,0.95,3,0,True,2025-12-11 23:01:04
8660,8660,40,25,2025121105,1,2,11870,0.35,1,0,False,2025-12-11 05:41:06
8661,8661,977,20,2026020220,2,1,12080,0.95,,0,False,2026-02-02 20:37:21
8662,8662,977,5,2026020220,2,1,10524,0.86,4,0,True,2026-02-02 20:41:21
8663,8663,232,19,2025091716,4,1,5059,0.92,3,0,False,2025-09-17 16:25:39
8664,8664,36,19,2026012416,2,3,15315,0.26,1,0,False,2026-01-24 16:01:33
8665,8665,78,17,2026011820,5,1,12808,0.96,4,0,False,2026-01-18 20:53:17
8666,8666,35,17,2026012009,1,1,8283,0.93,5,0,True,2026-01-20 09:54:27
8667,8667,35,16,2026012009,1,1,9758,0.84,5,0,True,2026-01-20 09:58:27
8668,8668,105,13,2026022617,6,1,14130,0.97,3,0,True,2026-02-26 17:07:29
8669,8669,105,14,2026022617,6,1,11538,0.92,5,0,True,2026-02-26 17:11:29
8670,8670,12,13,2026031205,1,1,12203,0.96,4,0,False,2026-03-12 05:47:50
8671,8671,12,14,2026031205,1,1,13718,0.92,3,0,True,2026-03-12 05:51:50
8672,8672,266,17,2026012417,1,1,9789,0.85,5,0,True,2026-01-24 17:04:34
8673,8673,266,16,2026012417,1,1,10167,0.98,5,0,True,2026-01-24 17:09:34
8674,8674,77,20,2025091022,1,1,8462,0.96,4,1,True,2025-09-10 22:12:47
8675,8675,77,5,2025091022,1,2,10924,0.12,,0,False,2025-09-10 22:16:47
8676,8676,99,3,2026022100,2,1,11108,0.95,5,0,False,2026-02-21 00:35:17
8677,8677,48,3,2025092018,1,1,9821,0.85,4,0,False,2025-09-20 18:29:04
8678,8678,244,19,2025111206,1,1,11424,0.96,4,0,False,2025-11-12 06:24:39
8679,8679,244,23,2025111206,1,1,5896,0.96,4,0,False,2025-11-12 06:29:39
8680,8680,244,8,2025111206,1,1,13106,0.97,4,1,False,2025-11-12 06:34:39
8681,8681,1059,1,2026010920,1,1,5671,0.84,4,0,False,2026-01-09 20:04:30
8682,8682,1059,3,2026010920,1,1,13996,0.85,4,1,False,2026-01-09 20:08:30
8683,8683,1059,8,2026010920,1,1,7169,0.9,4,0,False,2026-01-09 20:10:30
8684,8684,24,2,2025092513,3,1,13265,0.83,4,0,False,2025-09-25 13:06:57
8685,8685,24,5,2025092513,3,6,8009,0.0,,0,False,2025-09-25 13:08:57
8686,8686,24,9,2025092513,3,1,13819,0.85,4,0,False,2025-09-25 13:12:57
8687,8687,45,6,2026022305,2,1,4384,0.98,4,0,False,2026-02-23 05:57:42
8688,8688,45,15,2026022306,2,1,10171,0.92,4,1,False,2026-02-23 06:00:42
8689,8689,148,24,2026012213,4,1,11718,0.86,5,0,True,2026-01-22 13:19:54
8690,8690,181,2,2025122416,2,1,8801,0.85,4,0,True,2025-12-24 16:34:05
8691,8691,181,5,2025122416,2,1,4679,0.92,4,0,True,2025-12-24 16:37:05
8692,8692,181,9,2025122416,2,1,13018,0.96,4,0,False,2025-12-24 16:38:05
8693,8693,424,7,2026030221,2,1,8816,0.87,5,0,False,2026-03-02 21:22:57
8694,8694,265,11,2026010301,2,1,10760,0.84,4,0,True,2026-01-03 01:54:05
8695,8695,172,19,2025120215,2,1,10730,0.95,4,0,True,2025-12-02 15:37:47
8696,8696,172,23,2025120215,2,1,8714,0.96,4,0,False,2025-12-02 15:42:47
8697,8697,172,8,2025120215,2,2,8514,0.13,,0,False,2025-12-02 15:45:47
8698,8698,170,20,2026011101,2,1,4754,0.83,5,0,False,2026-01-11 01:45:10
8699,8699,170,5,2026011101,2,1,11418,0.94,5,0,False,2026-01-11 01:48:10
8700,8700,374,22,2025112105,6,1,10958,0.9,4,0,True,2025-11-21 05:08:42
8701,8701,192,20,2026032814,3,1,5282,0.93,,0,False,2026-03-28 14:41:36
8702,8702,192,5,2026032814,3,1,5386,0.85,3,0,True,2026-03-28 14:46:36
8703,8703,347,8,2025110907,6,1,11202,0.86,5,0,True,2025-11-09 07:15:13
8704,8704,473,24,2025112404,1,1,12409,0.88,5,0,False,2025-11-24 04:06:05
8705,8705,533,2,2025121712,1,1,10292,0.86,3,0,True,2025-12-17 12:58:49
8706,8706,533,5,2025121713,1,1,11502,0.87,4,0,False,2025-12-17 13:01:49
8707,8707,533,9,2025121713,1,1,12170,0.9,5,0,True,2025-12-17 13:08:49
8708,8708,540,13,2026011906,2,1,13129,0.95,,0,True,2026-01-19 06:19:29
8709,8709,540,14,2026011906,2,2,14052,0.18,1,0,False,2026-01-19 06:21:29
8710,8710,156,20,2025102707,3,2,11089,0.01,1,0,False,2025-10-27 07:14:39
8711,8711,156,5,2025102707,3,1,13290,0.94,5,0,False,2025-10-27 07:16:39
8712,8712,186,2,2025113023,1,1,9163,0.82,3,0,False,2025-11-30 23:46:30
8713,8713,186,5,2025113023,1,1,9719,0.88,4,0,False,2025-11-30 23:49:30
8714,8714,186,9,2025113023,1,1,7657,0.86,5,0,False,2025-11-30 23:54:30
8715,8715,167,1,2026010816,1,1,9835,0.93,4,0,False,2026-01-08 16:30:36
8716,8716,167,3,2026010816,1,1,11759,0.89,4,0,False,2026-01-08 16:32:36
8717,8717,167,8,2026010816,1,1,9340,0.85,3,0,False,2026-01-08 16:36:36
8718,8718,38,13,2026020618,1,1,10066,0.97,5,0,False,2026-02-06 18:03:52
8719,8719,38,14,2026020618,1,1,5290,0.86,4,1,False,2026-02-06 18:07:52
8720,8720,395,20,2025122923,1,2,6940,0.09,1,0,False,2025-12-29 23:28:24
8721,8721,395,5,2025122923,1,1,5860,0.89,,0,False,2025-12-29 23:32:24
8722,8722,108,6,2025092712,1,3,12887,0.2,,0,False,2025-09-27 12:09:49
8723,8723,108,15,2025092712,1,1,10922,0.92,4,0,False,2025-09-27 12:13:49
8724,8724,787,17,2025120206,1,1,7202,0.9,5,0,False,2025-12-02 06:06:55
8725,8725,787,16,2025120206,1,1,11805,0.84,4,0,False,2025-12-02 06:11:55
8726,8726,334,5,2026011619,2,1,4875,0.83,5,0,False,2026-01-16 19:00:33
8727,8727,122,6,2026032816,1,1,4579,0.85,4,0,True,2026-03-28 16:58:50
8728,8728,213,24,2025120418,1,1,10661,0.9,4,0,True,2025-12-04 18:24:51
8729,8729,398,4,2025122415,1,1,13511,0.87,4,0,False,2025-12-24 15:30:00
8730,8730,398,10,2025122415,1,1,6735,0.92,5,0,False,2025-12-24 15:32:00
8731,8731,340,14,2025093013,1,1,6805,0.84,,0,False,2025-09-30 13:59:13
8732,8732,59,19,2025090702,2,1,14565,0.89,4,0,False,2025-09-07 02:22:33
8733,8733,59,23,2025090702,2,1,4835,0.95,5,0,True,2025-09-07 02:26:33
8734,8734,59,8,2025090702,2,1,7409,0.92,4,0,False,2025-09-07 02:28:33
8735,8735,56,17,2025112103,2,1,12514,0.9,4,0,True,2025-11-21 03:54:24
8736,8736,56,16,2025112103,2,1,9943,0.98,5,0,False,2025-11-21 03:56:24
8737,8737,32,4,2025100118,1,3,14609,0.27,1,0,False,2025-10-01 18:56:53
8738,8738,32,10,2025100118,1,1,8116,0.88,5,0,False,2025-10-01 18:59:53
8739,8739,126,13,2026013114,4,1,13144,0.84,5,0,True,2026-01-31 14:14:12
8740,8740,126,14,2026013114,4,1,11816,0.92,5,0,True,2026-01-31 14:17:12
8741,8741,35,6,2025101710,1,1,9689,0.95,4,0,False,2025-10-17 10:58:45
8742,8742,35,15,2025101711,1,1,13036,0.98,4,0,False,2025-10-17 11:01:45
8743,8743,1046,6,2026011822,3,1,9553,0.96,4,0,False,2026-01-18 22:35:05
8744,8744,1046,15,2026011822,3,1,12607,0.87,5,0,False,2026-01-18 22:40:05
8745,8745,344,11,2026032220,1,1,8101,0.89,4,0,False,2026-03-22 20:55:58
8746,8746,119,22,2025103101,1,1,13454,0.84,4,0,False,2025-10-31 01:19:49
8747,8747,90,3,2026021814,2,1,13677,0.85,5,1,False,2026-02-18 14:34:50
8748,8748,85,14,2026032201,2,1,6193,0.96,5,0,True,2026-03-22 01:20:54
8749,8749,1096,4,2026010803,2,1,10667,0.89,4,0,False,2026-01-08 03:00:14
8750,8750,1096,10,2026010803,2,1,14093,0.92,5,0,False,2026-01-08 03:02:14
8751,8751,87,19,2026021600,1,1,14328,0.89,4,0,False,2026-02-16 00:01:00
8752,8752,87,23,2026021600,1,1,7003,0.89,3,0,False,2026-02-16 00:06:00
8753,8753,87,8,2026021600,1,1,13955,0.96,5,0,False,2026-02-16 00:11:00
8754,8754,449,1,2025121301,4,6,12320,0.0,,2,False,2025-12-13 01:11:24
8755,8755,921,2,2026033002,1,1,9448,0.93,4,0,False,2026-03-30 02:46:40
8756,8756,921,5,2026033002,1,1,4734,0.83,,0,False,2026-03-30 02:48:40
8757,8757,921,9,2026033002,1,3,14132,0.12,1,0,False,2026-03-30 02:52:40
8758,8758,331,4,2025092222,2,1,8312,0.86,4,0,False,2025-09-22 22:07:18
8759,8759,331,10,2025092222,2,1,8703,0.97,3,1,False,2025-09-22 22:09:18
8760,8760,226,13,2026030522,3,1,13524,0.96,5,0,False,2026-03-05 22:06:17
8761,8761,226,14,2026030522,3,1,13339,0.94,5,0,True,2026-03-05 22:11:17
8762,8762,164,16,2026030603,2,1,10924,0.94,4,0,False,2026-03-06 03:32:48
8763,8763,441,21,2025112521,1,1,6386,0.92,5,0,False,2025-11-25 21:23:30
8764,8764,649,19,2025120616,1,1,5316,0.97,,1,False,2025-12-06 16:59:21
8765,8765,649,23,2025120617,1,1,8076,0.92,5,0,True,2025-12-06 17:03:21
8766,8766,649,8,2025120617,1,1,3752,0.88,5,0,False,2025-12-06 17:03:21
8767,8767,189,12,2025122403,1,1,7362,0.92,5,0,True,2025-12-24 03:34:57
8768,8768,96,23,2026012022,1,1,8218,0.97,5,1,True,2026-01-20 22:49:50
8769,8769,271,19,2025111820,1,1,9519,0.95,4,0,False,2025-11-18 20:05:36
8770,8770,271,23,2025111820,1,1,12648,0.9,4,0,True,2025-11-18 20:10:36
8771,8771,271,8,2025111820,1,1,12053,0.85,5,1,False,2025-11-18 20:11:36
8772,8772,194,13,2026010522,4,1,11774,0.88,4,0,False,2026-01-05 22:21:08
8773,8773,194,14,2026010522,4,1,9576,0.91,3,0,True,2026-01-05 22:24:08
8774,8774,1,19,2026021902,1,2,9661,0.05,,0,False,2026-02-19 02:43:52
8775,8775,1,23,2026021902,1,7,7433,0.14,2,0,False,2026-02-19 02:47:52
8776,8776,1,8,2026021902,1,1,5647,0.97,4,0,False,2026-02-19 02:49:52
8777,8777,271,13,2025113004,3,1,14146,0.9,4,0,False,2025-11-30 04:32:54
8778,8778,271,14,2025113004,3,1,5413,0.85,5,0,True,2025-11-30 04:34:54
8779,8779,582,22,2025092409,4,1,9260,0.91,3,0,True,2025-09-24 09:59:05
8780,8780,445,2,2025122023,1,1,13715,0.96,5,0,True,2025-12-20 23:11:14
8781,8781,445,5,2025122023,1,7,9546,0.34,1,0,False,2025-12-20 23:13:14
8782,8782,445,9,2025122023,1,2,9484,0.26,2,0,False,2025-12-20 23:21:14
8783,8783,17,1,2025122700,2,1,15321,0.86,5,0,True,2025-12-27 00:46:26
8784,8784,17,3,2025122700,2,1,8883,0.87,4,0,False,2025-12-27 00:50:26
8785,8785,17,8,2025122700,2,1,5192,0.82,4,0,False,2025-12-27 00:54:26
8786,8786,75,2,2025121604,2,1,11709,0.9,4,0,True,2025-12-16 04:42:01
8787,8787,75,5,2025121604,2,1,3773,0.98,5,0,False,2025-12-16 04:45:01
8788,8788,75,9,2025121604,2,1,8771,0.95,4,0,False,2025-12-16 04:46:01
8789,8789,314,19,2026020621,3,2,9807,0.21,1,0,False,2026-02-06 21:53:01
8790,8790,749,2,2026010300,1,1,5183,0.96,4,0,True,2026-01-03 00:42:25
8791,8791,502,1,2025110621,6,1,14731,0.89,5,0,True,2025-11-06 21:28:15
8792,8792,240,13,2025120103,1,1,3956,0.89,4,0,True,2025-12-01 03:51:23
8793,8793,240,14,2025120103,1,1,4758,0.82,5,0,True,2025-12-01 03:53:23
8794,8794,24,9,2026032009,3,1,7163,0.84,5,0,False,2026-03-20 09:26:43
8795,8795,41,13,2025121901,1,5,13408,0.05,1,1,False,2025-12-19 01:26:19
8796,8796,41,14,2025121901,1,1,5380,0.85,5,0,False,2025-12-19 01:28:19
8797,8797,89,3,2026010822,2,1,12298,0.96,4,0,False,2026-01-08 22:36:23
8798,8798,283,2,2025110618,1,1,9674,0.82,4,0,False,2025-11-06 18:55:49
8799,8799,283,5,2025110618,1,1,7167,0.93,4,0,False,2025-11-06 18:58:49
8800,8800,283,9,2025110619,1,1,6441,0.9,4,0,False,2025-11-06 19:01:49
8801,8801,66,2,2025101415,1,1,13081,0.97,5,0,False,2025-10-14 15:24:08
8802,8802,66,5,2025101415,1,1,9200,0.92,5,0,False,2025-10-14 15:28:08
8803,8803,66,9,2025101415,1,1,6938,0.93,3,0,False,2025-10-14 15:34:08
8804,8804,498,2,2025092115,3,1,10230,0.85,5,0,True,2025-09-21 15:37:13
8805,8805,498,5,2025092115,3,1,4944,0.85,5,0,True,2025-09-21 15:39:13
8806,8806,498,9,2025092115,3,1,8322,0.91,5,0,False,2025-09-21 15:45:13
8807,8807,914,17,2026010616,1,1,9831,0.86,3,0,False,2026-01-06 16:27:21
8808,8808,599,19,2026021015,2,1,5882,0.94,5,0,False,2026-02-10 15:06:17
8809,8809,599,23,2026021015,2,1,13009,0.91,4,0,False,2026-02-10 15:10:17
8810,8810,599,8,2026021015,2,1,10049,0.96,,0,True,2026-02-10 15:16:17
8811,8811,21,20,2026030206,1,1,5469,0.96,4,0,False,2026-03-02 06:52:41
8812,8812,21,5,2026030206,1,1,9994,0.92,5,0,False,2026-03-02 06:57:41
8813,8813,362,19,2026012315,2,1,13034,0.85,5,0,True,2026-01-23 15:47:00
8814,8814,10,15,2025123012,2,1,11881,0.85,4,0,False,2025-12-30 12:54:39
8815,8815,841,1,2025110106,1,1,6005,0.86,5,0,True,2025-11-01 06:31:46
8816,8816,841,3,2025110106,1,1,11183,0.92,,0,False,2025-11-01 06:36:46
8817,8817,841,8,2025110106,1,1,3800,0.87,4,1,False,2025-11-01 06:35:46
8818,8818,414,1,2025111714,1,1,5597,0.97,5,1,True,2025-11-17 14:13:22
8819,8819,414,3,2025111714,1,1,8819,0.88,5,0,True,2025-11-17 14:16:22
8820,8820,414,8,2025111714,1,1,6625,0.96,5,0,True,2025-11-17 14:21:22
8821,8821,333,13,2026010217,1,1,8264,0.93,5,0,False,2026-01-02 17:38:53
8822,8822,795,14,2026022223,2,1,12192,0.95,,0,False,2026-02-22 23:14:25
8823,8823,519,1,2025122519,4,1,13487,0.97,5,1,True,2025-12-25 19:13:00
8824,8824,519,3,2025122519,4,1,11142,0.89,4,0,False,2025-12-25 19:16:00
8825,8825,519,8,2025122519,4,1,6167,0.92,5,0,False,2025-12-25 19:23:00
8826,8826,288,23,2025112510,2,1,11934,0.88,5,0,False,2025-11-25 10:01:09
8827,8827,11,6,2026010123,2,1,3710,0.93,,0,False,2026-01-01 23:44:37
8828,8828,11,15,2026010123,2,4,9304,0.23,2,1,False,2026-01-01 23:49:37
8829,8829,142,2,2025120200,3,1,12287,0.83,,0,False,2025-12-02 00:41:43
8830,8830,220,1,2025111411,1,1,6817,0.87,,0,False,2025-11-14 11:07:25
8831,8831,220,3,2025111411,1,1,7435,0.91,4,0,False,2025-11-14 11:12:25
8832,8832,220,8,2025111411,1,1,9761,0.94,,0,False,2025-11-14 11:15:25
8833,8833,49,9,2026022015,1,1,8567,0.85,4,0,True,2026-02-20 15:19:31
8834,8834,99,17,2025111602,1,1,5553,0.91,4,0,False,2025-11-16 02:26:38
8835,8835,99,16,2025111602,1,1,9698,0.86,5,0,False,2025-11-16 02:30:38
8836,8836,59,2,2026020317,2,1,6657,0.97,5,0,True,2026-02-03 17:08:46
8837,8837,59,5,2026020317,2,1,11022,0.93,,0,False,2026-02-03 17:13:46
8838,8838,59,9,2026020317,2,1,5800,0.89,5,0,True,2026-02-03 17:16:46
8839,8839,172,19,2025092912,1,1,9201,0.96,4,0,False,2025-09-29 12:10:39
8840,8840,172,23,2025092912,1,1,4041,0.88,4,0,False,2025-09-29 12:12:39
8841,8841,172,8,2025092912,1,1,14017,0.89,5,0,False,2025-09-29 12:14:39
8842,8842,180,25,2026032223,3,1,12950,0.87,,0,False,2026-03-22 23:57:59
8843,8843,602,2,2025112202,3,1,3846,0.95,4,0,True,2025-11-22 02:39:36
8844,8844,602,5,2025112202,3,1,7117,0.89,4,0,False,2025-11-22 02:43:36
8845,8845,602,9,2025112202,3,2,9785,0.12,,1,False,2025-11-22 02:45:36
8846,8846,312,20,2026031610,3,1,7299,0.95,,0,False,2026-03-16 10:16:40
8847,8847,312,5,2026031610,3,1,4927,0.85,4,1,True,2026-03-16 10:18:40
8848,8848,83,17,2025111714,3,1,13722,0.9,5,0,False,2025-11-17 14:10:58
8849,8849,83,16,2025111714,3,1,4191,0.87,4,0,True,2025-11-17 14:14:58
8850,8850,160,13,2025122105,1,1,9107,0.98,5,0,True,2025-12-21 05:14:21
8851,8851,160,14,2025122105,1,1,11302,0.86,4,0,False,2025-12-21 05:18:21
8852,8852,8,6,2026033016,1,1,6562,0.82,5,0,True,2026-03-30 16:31:33
8853,8853,8,15,2026033016,1,1,7519,0.84,4,0,False,2026-03-30 16:35:33
8854,8854,269,12,2026022009,5,1,13004,0.9,,0,True,2026-02-20 09:01:45
8855,8855,1049,19,2026022606,1,1,11428,0.94,,0,False,2026-02-26 06:03:22
8856,8856,1049,23,2026022606,1,2,9316,0.33,,0,False,2026-02-26 06:06:22
8857,8857,1049,8,2026022606,1,1,10786,0.93,5,0,True,2026-02-26 06:13:22
8858,8858,337,18,2025122419,2,1,9945,0.96,5,0,False,2025-12-24 19:39:58
8859,8859,97,23,2026031502,2,1,4119,0.88,4,0,False,2026-03-15 02:09:28
8860,8860,64,8,2025091323,3,3,13330,0.31,1,0,False,2025-09-13 23:07:08
8861,8861,79,12,2025110919,2,1,9928,0.93,5,0,True,2025-11-09 19:38:52
8862,8862,544,1,2025111919,1,1,9433,0.89,4,0,False,2025-11-19 19:14:04
8863,8863,544,3,2025111919,1,1,11191,0.91,,0,True,2025-11-19 19:16:04
8864,8864,544,8,2025111919,1,1,6480,0.84,5,1,False,2025-11-19 19:20:04
8865,8865,954,4,2026032619,1,1,10992,0.9,4,0,False,2026-03-26 19:10:49
8866,8866,954,10,2026032619,1,4,6553,0.15,2,0,False,2026-03-26 19:13:49
8867,8867,774,17,2025111106,3,1,10145,0.83,,0,False,2025-11-11 06:42:48
8868,8868,774,16,2025111106,3,1,8275,0.83,5,0,True,2025-11-11 06:46:48
8869,8869,83,18,2025120204,2,1,7812,0.93,5,0,False,2025-12-02 04:20:40
8870,8870,431,17,2025092714,2,1,14135,0.84,5,0,True,2025-09-27 14:19:47
8871,8871,319,4,2026020804,5,1,12972,0.82,4,0,False,2026-02-08 04:40:06
8872,8872,319,10,2026020804,5,1,11248,0.97,4,0,True,2026-02-08 04:44:06
8873,8873,54,4,2026010810,3,1,12771,0.92,4,0,False,2026-01-08 10:03:41
8874,8874,983,17,2025121622,3,1,6119,0.86,4,0,True,2025-12-16 22:49:49
8875,8875,983,16,2025121622,3,1,5846,0.83,4,0,True,2025-12-16 22:52:49
8876,8876,249,19,2025092103,3,1,5921,0.97,4,0,False,2025-09-21 03:53:48
8877,8877,249,23,2025092103,3,1,12499,0.84,5,1,True,2025-09-21 03:55:48
8878,8878,249,8,2025092104,3,1,9209,0.83,5,0,False,2025-09-21 04:01:48
8879,8879,174,6,2026012408,3,1,7363,0.86,3,0,False,2026-01-24 08:59:43
8880,8880,174,15,2026012409,3,5,8049,0.04,1,0,False,2026-01-24 09:02:43
8881,8881,95,17,2026010118,1,1,12100,0.95,5,1,False,2026-01-01 18:40:03
8882,8882,72,6,2025091101,1,1,5473,0.97,5,0,True,2025-09-11 01:33:42
8883,8883,72,15,2025091101,1,1,13851,0.9,,1,False,2025-09-11 01:35:42
8884,8884,303,6,2026031204,1,1,7990,0.87,3,0,True,2026-03-12 04:03:04
8885,8885,303,15,2026031204,1,1,13181,0.96,5,0,False,2026-03-12 04:08:04
8886,8886,202,20,2026032405,2,1,12002,0.88,3,1,False,2026-03-24 05:21:24
8887,8887,202,5,2026032405,2,1,8235,0.96,4,0,False,2026-03-24 05:24:24
8888,8888,42,18,2025092621,2,1,5570,0.82,3,0,True,2025-09-26 21:58:49
8889,8889,38,1,2025110420,3,1,14970,0.86,4,0,False,2025-11-04 20:23:24
8890,8890,38,3,2025110420,3,1,7043,0.9,4,0,False,2025-11-04 20:25:24
8891,8891,38,8,2025110420,3,1,4858,0.89,,0,False,2025-11-04 20:31:24
8892,8892,89,14,2026011103,2,1,8593,0.82,5,0,False,2026-01-11 03:38:13
8893,8893,8,17,2026033115,1,1,8702,0.88,4,0,False,2026-03-31 15:48:02
8894,8894,8,16,2026033115,1,1,5833,0.94,4,0,False,2026-03-31 15:52:02
8895,8895,100,17,2025122200,1,1,6116,0.88,,0,True,2025-12-22 00:20:02
8896,8896,100,16,2025122200,1,1,12074,0.84,5,1,False,2025-12-22 00:24:02
8897,8897,39,13,2026033119,1,5,12022,0.33,1,1,False,2026-03-31 19:27:55
8898,8898,712,4,2026011822,1,1,13503,0.95,,0,False,2026-01-18 22:37:25
8899,8899,78,17,2026032118,1,1,13291,0.85,4,0,True,2026-03-21 18:56:46
8900,8900,78,16,2026032119,1,1,7836,0.9,4,0,False,2026-03-21 19:00:46
8901,8901,77,19,2025111323,1,1,5734,0.83,5,0,False,2025-11-13 23:49:27
8902,8902,77,23,2025111323,1,1,11333,0.95,5,0,False,2025-11-13 23:54:27
8903,8903,77,8,2025111323,1,1,11646,0.92,4,0,True,2025-11-13 23:59:27
8904,8904,99,6,2026022200,1,1,12810,0.88,4,0,False,2026-02-22 00:58:46
8905,8905,99,15,2026022201,1,1,14075,0.93,4,0,False,2026-02-22 01:00:46
8906,8906,268,8,2026021911,1,1,8827,0.84,5,0,False,2026-02-19 11:59:45
8907,8907,383,1,2025111317,6,1,8347,0.92,5,0,True,2025-11-13 17:19:07
8908,8908,374,17,2026030516,1,1,14097,0.82,4,0,False,2026-03-05 16:05:25
8909,8909,374,16,2026030516,1,1,4729,0.98,5,1,False,2026-03-05 16:09:25
8910,8910,347,19,2026021317,1,1,5271,0.83,,0,False,2026-02-13 17:38:58
8911,8911,347,23,2026021317,1,4,6706,0.05,,0,False,2026-02-13 17:42:58
8912,8912,347,8,2026021317,1,1,12808,0.9,,0,False,2026-02-13 17:46:58
8913,8913,133,19,2025122113,2,1,11696,0.86,4,0,True,2025-12-21 13:58:57
8914,8914,133,23,2025122114,2,1,3769,0.82,5,0,False,2025-12-21 14:00:57
8915,8915,133,8,2025122114,2,1,14121,0.86,5,0,False,2025-12-21 14:08:57
8916,8916,76,20,2025112021,1,1,7116,0.95,4,1,False,2025-11-20 21:40:36
8917,8917,76,5,2025112021,1,1,4451,0.97,4,0,False,2025-11-20 21:43:36
8918,8918,201,17,2025120707,2,1,11625,0.93,5,1,False,2025-12-07 07:37:24
8919,8919,201,16,2025120707,2,1,6874,0.83,5,0,True,2025-12-07 07:42:24
8920,8920,35,22,2025091519,1,1,13606,0.92,5,0,True,2025-09-15 19:59:29
8921,8921,400,6,2026030112,5,1,9387,0.96,4,0,False,2026-03-01 12:14:35
8922,8922,95,19,2025110217,2,1,13483,0.82,4,0,False,2025-11-02 17:48:23
8923,8923,95,23,2025110217,2,1,8491,0.84,4,0,False,2025-11-02 17:51:23
8924,8924,95,8,2025110217,2,5,6688,0.18,2,0,False,2025-11-02 17:52:23
8925,8925,36,13,2026010621,1,1,5749,0.86,4,1,False,2026-01-06 21:02:51
8926,8926,36,14,2026010621,1,5,4237,0.1,2,0,False,2026-01-06 21:07:51
8927,8927,77,19,2025122722,1,1,5663,0.86,4,0,False,2025-12-27 22:41:04
8928,8928,530,8,2025102923,1,1,9789,0.91,5,1,True,2025-10-29 23:32:25
8929,8929,115,13,2026032809,1,1,12434,0.95,4,0,False,2026-03-28 09:30:11
8930,8930,115,14,2026032809,1,1,13607,0.95,4,0,False,2026-03-28 09:32:11
8931,8931,142,20,2026022715,3,1,7769,0.91,4,0,True,2026-02-27 15:53:13
8932,8932,142,5,2026022715,3,1,6327,0.96,4,0,True,2026-02-27 15:58:13
8933,8933,842,19,2025120320,1,1,8452,0.89,4,0,False,2025-12-03 20:14:54
8934,8934,911,2,2026012310,1,4,11427,0.03,2,0,False,2026-01-23 10:35:33
8935,8935,335,1,2025090611,1,1,13662,0.84,4,0,False,2025-09-06 11:53:31
8936,8936,335,3,2025090611,1,1,11781,0.98,5,0,False,2025-09-06 11:57:31
8937,8937,335,8,2025090611,1,2,7723,0.16,2,0,False,2025-09-06 11:57:31
8938,8938,124,20,2025102611,1,1,7913,0.95,5,0,False,2025-10-26 11:42:31
8939,8939,124,5,2025102611,1,1,9343,0.9,5,0,True,2025-10-26 11:44:31
8940,8940,117,17,2026032705,5,1,13615,0.87,5,0,True,2026-03-27 05:55:50
8941,8941,117,16,2026032706,5,1,7451,0.94,3,1,False,2026-03-27 06:00:50
8942,8942,966,6,2025110402,3,1,6342,0.95,5,0,True,2025-11-04 02:22:01
8943,8943,966,15,2025110402,3,7,8394,0.2,,2,False,2025-11-04 02:24:01
8944,8944,314,8,2025121604,1,1,13099,0.91,,0,False,2025-12-16 04:46:46
8945,8945,2,17,2026031220,6,1,12319,0.95,5,0,False,2026-03-12 20:24:25
8946,8946,280,1,2025090910,2,1,7077,0.93,4,0,False,2025-09-09 10:31:49
8947,8947,280,3,2025090910,2,1,5830,0.96,4,0,False,2025-09-09 10:33:49
8948,8948,280,8,2025090910,2,1,10738,0.93,5,0,False,2025-09-09 10:37:49
8949,8949,89,2,2026021311,1,1,8813,0.84,5,0,True,2026-02-13 11:06:45
8950,8950,57,4,2025122500,1,4,13465,0.09,1,0,False,2025-12-25 00:57:47
8951,8951,61,2,2026031813,1,2,6027,0.26,1,0,False,2026-03-18 13:52:55
8952,8952,73,17,2025090705,1,3,13478,0.34,2,0,False,2025-09-07 05:17:50
8953,8953,73,16,2025090705,1,1,5811,0.84,4,0,True,2025-09-07 05:20:50
8954,8954,53,4,2025102215,1,2,9170,0.27,2,0,False,2025-10-22 15:39:03
8955,8955,53,10,2025102215,1,1,6106,0.82,4,0,False,2025-10-22 15:43:03
8956,8956,62,17,2025100619,5,1,9222,0.86,5,0,False,2025-10-06 19:47:59
8957,8957,62,16,2025100619,5,1,13944,0.84,5,0,False,2025-10-06 19:51:59
8958,8958,640,16,2026010223,3,1,10288,0.88,3,0,True,2026-01-02 23:53:13
8959,8959,44,13,2025090120,1,1,5345,0.88,4,0,True,2025-09-01 20:29:51
8960,8960,44,14,2025090120,1,1,4210,0.84,4,0,False,2025-09-01 20:32:51
8961,8961,31,17,2025120321,1,1,6009,0.86,4,0,False,2025-12-03 21:10:10
8962,8962,31,16,2025120321,1,1,5293,0.95,5,0,True,2025-12-03 21:13:10
8963,8963,228,20,2025092707,1,2,5295,0.0,,0,False,2025-09-27 07:24:51
8964,8964,228,5,2025092707,1,1,13863,0.83,5,0,True,2025-09-27 07:28:51
8965,8965,389,2,2025110807,3,2,8921,0.03,,0,False,2025-11-08 07:55:10
8966,8966,389,5,2025110807,3,1,10496,0.94,5,0,False,2025-11-08 07:58:10
8967,8967,389,9,2025110807,3,1,8191,0.93,5,0,False,2025-11-08 07:59:10
8968,8968,52,14,2025092511,2,1,9152,0.82,4,0,False,2025-09-25 11:41:35
8969,8969,343,4,2025092918,4,1,10753,0.98,5,0,False,2025-09-29 18:51:31
8970,8970,343,10,2025092918,4,1,6545,0.95,4,0,False,2025-09-29 18:56:31
8971,8971,1139,19,2025092908,6,1,13601,0.87,5,0,True,2025-09-29 08:09:33
8972,8972,1139,23,2025092908,6,1,8890,0.94,,0,False,2025-09-29 08:14:33
8973,8973,1139,8,2025092908,6,1,4823,0.96,5,0,False,2025-09-29 08:17:33
8974,8974,151,6,2026011301,5,1,5187,0.97,4,0,True,2026-01-13 01:57:26
8975,8975,151,15,2026011302,5,1,10959,0.93,4,0,False,2026-01-13 02:01:26
8976,8976,388,4,2026031420,1,1,14048,0.96,5,0,True,2026-03-14 20:10:34
8977,8977,388,10,2026031420,1,1,7640,0.98,5,0,True,2026-03-14 20:14:34
8978,8978,47,6,2026010201,3,1,7627,0.84,5,0,False,2026-01-02 01:36:57
8979,8979,47,15,2026010201,3,1,9847,0.92,4,0,True,2026-01-02 01:40:57
8980,8980,56,17,2026031313,1,1,7624,0.96,4,0,False,2026-03-13 13:43:59
8981,8981,56,16,2026031313,1,1,8241,0.85,4,0,False,2026-03-13 13:45:59
8982,8982,1053,19,2026021703,1,5,14105,0.32,2,0,False,2026-02-17 03:02:21
8983,8983,124,19,2025102514,3,1,12799,0.95,4,0,True,2025-10-25 14:18:52
8984,8984,124,23,2025102514,3,1,3846,0.84,5,0,False,2025-10-25 14:20:52
8985,8985,124,8,2025102514,3,1,9538,0.95,4,0,False,2025-10-25 14:22:52
8986,8986,194,20,2026020819,2,1,4281,0.91,5,0,True,2026-02-08 19:36:59
8987,8987,194,5,2026020819,2,1,5956,0.92,5,0,False,2026-02-08 19:38:59
8988,8988,44,17,2026021420,2,1,10046,0.83,5,0,False,2026-02-14 20:39:55
8989,8989,44,16,2026021420,2,1,13496,0.82,4,0,True,2026-02-14 20:44:55
8990,8990,52,18,2026031702,2,1,10886,0.88,4,0,False,2026-03-17 02:23:54
8991,8991,269,4,2026020708,3,1,7015,0.85,4,0,True,2026-02-07 08:04:24
8992,8992,113,19,2026032123,1,1,14529,0.97,,0,False,2026-03-21 23:26:55
8993,8993,113,23,2026032123,1,5,6428,0.34,1,0,False,2026-03-21 23:29:55
8994,8994,113,8,2026032123,1,1,4770,0.89,5,0,True,2026-03-21 23:32:55
8995,8995,86,22,2026020820,6,1,9920,0.83,4,1,True,2026-02-08 20:28:26
8996,8996,130,13,2026010112,1,2,11951,0.16,,0,False,2026-01-01 12:36:20
8997,8997,130,14,2026010112,1,1,4473,0.87,4,0,False,2026-01-01 12:40:20
8998,8998,137,20,2025101320,1,1,7414,0.95,4,0,False,2025-10-13 20:08:55
8999,8999,137,5,2025101320,1,1,6626,0.92,4,0,False,2025-10-13 20:10:55
9000,9000,376,17,2026021610,1,1,12884,0.89,4,0,False,2026-02-16 10:59:28
9001,9001,90,15,2026020523,1,1,9035,0.89,5,0,True,2026-02-05 23:07:09
9002,9002,83,5,2025112810,1,1,8069,0.83,3,0,False,2025-11-28 10:05:26
9003,9003,34,3,2025092822,3,1,7968,0.83,3,1,False,2025-09-28 22:48:30
9004,9004,262,19,2026020511,1,1,10011,0.89,5,0,False,2026-02-05 11:46:42
9005,9005,262,23,2026020511,1,1,11148,0.92,4,0,True,2026-02-05 11:48:42
9006,9006,262,8,2026020511,1,1,7652,0.93,3,0,False,2026-02-05 11:52:42
9007,9007,836,20,2025102105,2,4,12245,0.02,,0,False,2025-10-21 05:30:27
9008,9008,836,5,2025102105,2,1,4667,0.86,4,0,True,2025-10-21 05:33:27
9009,9009,6,19,2026021522,2,1,8672,0.82,4,0,False,2026-02-15 22:25:34
9010,9010,6,23,2026021522,2,1,4873,0.88,4,0,False,2026-02-15 22:30:34
9011,9011,6,8,2026021522,2,2,11664,0.08,1,0,False,2026-02-15 22:35:34
9012,9012,418,10,2025110617,1,1,9927,0.95,5,0,False,2025-11-06 17:06:47
9013,9013,1054,2,2025123019,2,1,9713,0.96,4,1,True,2025-12-30 19:54:33
9014,9014,1054,5,2025123019,2,1,7031,0.92,4,0,True,2025-12-30 19:58:33
9015,9015,1054,9,2025123020,2,1,6042,0.89,,0,False,2025-12-30 20:04:33
9016,9016,12,15,2026030405,3,1,6429,0.83,3,0,False,2026-03-04 05:45:46
9017,9017,78,2,2026012902,3,1,11376,0.82,3,0,False,2026-01-29 02:00:31
9018,9018,78,5,2026012902,3,1,13345,0.94,5,0,False,2026-01-29 02:05:31
9019,9019,78,9,2026012902,3,1,10586,0.93,4,0,False,2026-01-29 02:08:31
9020,9020,53,20,2026012312,3,1,4706,0.96,4,0,False,2026-01-23 12:09:55
9021,9021,53,5,2026012312,3,1,6208,0.83,,0,False,2026-01-23 12:13:55
9022,9022,125,1,2026012713,1,1,14718,0.92,4,0,True,2026-01-27 13:53:49
9023,9023,125,3,2026012713,1,1,12108,0.94,4,0,True,2026-01-27 13:58:49
9024,9024,125,8,2026012713,1,1,3748,0.93,3,1,False,2026-01-27 13:57:49
9025,9025,70,14,2026030314,1,2,8347,0.02,,0,False,2026-03-03 14:45:12
9026,9026,307,8,2026032310,1,1,4820,0.91,3,0,False,2026-03-23 10:12:30
9027,9027,50,17,2026011209,2,1,5546,0.86,4,0,True,2026-01-12 09:51:40
9028,9028,50,16,2026011209,2,1,5291,0.96,4,0,True,2026-01-12 09:55:40
9029,9029,66,2,2025111911,2,1,4816,0.93,4,0,False,2025-11-19 11:32:57
9030,9030,66,5,2025111911,2,1,7114,0.88,4,0,False,2025-11-19 11:34:57
9031,9031,66,9,2025111911,2,1,14906,0.85,5,0,False,2025-11-19 11:36:57
9032,9032,18,20,2026021007,1,1,11505,0.98,4,0,False,2026-02-10 07:34:26
9033,9033,18,5,2026021007,1,1,5520,0.85,3,0,False,2026-02-10 07:38:26
9034,9034,25,2,2025122816,3,1,8039,0.91,5,0,False,2025-12-28 16:57:36
9035,9035,25,5,2025122817,3,1,11234,0.89,4,0,False,2025-12-28 17:00:36
9036,9036,25,9,2025122817,3,1,9254,0.96,5,0,False,2025-12-28 17:05:36
9037,9037,513,20,2025120906,1,1,12731,0.86,4,0,False,2025-12-09 06:13:48
9038,9038,513,5,2025120906,1,1,9917,0.89,4,0,False,2025-12-09 06:15:48
9039,9039,319,1,2026020111,5,1,10742,0.83,5,0,False,2026-02-01 11:03:51
9040,9040,319,3,2026020111,5,1,10338,0.96,4,0,False,2026-02-01 11:07:51
9041,9041,319,8,2026020111,5,2,7849,0.2,1,0,False,2026-02-01 11:09:51
9042,9042,28,20,2026030211,3,1,10270,0.95,5,0,True,2026-03-02 11:59:08
9043,9043,28,5,2026030212,3,1,12786,0.83,4,0,False,2026-03-02 12:04:08
9044,9044,265,13,2026021210,1,1,3739,0.96,5,0,True,2026-02-12 10:28:52
9045,9045,265,14,2026021210,1,1,7674,0.82,3,0,False,2026-02-12 10:33:52
9046,9046,58,19,2025090619,1,4,8458,0.25,2,2,False,2025-09-06 19:51:29
9047,9047,58,23,2025090619,1,1,10224,0.93,4,0,True,2025-09-06 19:53:29
9048,9048,58,8,2025090619,1,1,12571,0.84,4,0,True,2025-09-06 19:59:29
9049,9049,112,14,2025122410,2,1,5415,0.83,4,0,False,2025-12-24 10:20:25
9050,9050,708,19,2025092011,3,1,8903,0.93,4,0,False,2025-09-20 11:07:05
9051,9051,708,23,2025092011,3,1,12198,0.93,5,0,False,2025-09-20 11:10:05
9052,9052,708,8,2025092011,3,1,8621,0.83,5,1,True,2025-09-20 11:17:05
9053,9053,721,24,2025091716,2,1,12874,0.82,5,0,True,2025-09-17 16:20:57
9054,9054,195,2,2025122001,1,4,4250,0.09,,0,False,2025-12-20 01:36:48
9055,9055,195,5,2025122001,1,1,6984,0.93,4,0,False,2025-12-20 01:39:48
9056,9056,195,9,2025122001,1,6,12217,0.0,1,0,False,2025-12-20 01:46:48
9057,9057,326,13,2026021422,2,1,6947,0.89,4,0,False,2026-02-14 22:02:54
9058,9058,326,14,2026021422,2,1,4906,0.97,5,0,True,2026-02-14 22:07:54
9059,9059,74,25,2025122308,2,1,9949,0.91,4,0,True,2025-12-23 08:01:50
9060,9060,997,21,2025110120,6,1,14747,0.95,5,0,False,2025-11-01 20:12:43
9061,9061,45,17,2026010517,4,1,8749,0.86,4,1,False,2026-01-05 17:11:27
9062,9062,45,16,2026010517,4,1,10735,0.88,5,0,False,2026-01-05 17:15:27
9063,9063,49,20,2026021609,5,1,11995,0.83,5,0,False,2026-02-16 09:37:32
9064,9064,49,5,2026021609,5,1,7644,0.86,5,0,False,2026-02-16 09:40:32
9065,9065,50,1,2025121002,1,1,7347,0.93,4,0,True,2025-12-10 02:10:23
9066,9066,50,3,2025121002,1,3,6148,0.05,,0,False,2025-12-10 02:14:23
9067,9067,50,8,2025121002,1,1,6772,0.84,5,0,False,2025-12-10 02:14:23
9068,9068,966,20,2025111306,1,1,9553,0.91,4,0,False,2025-11-13 06:59:26
9069,9069,39,19,2026022813,1,2,14767,0.17,,0,False,2026-02-28 13:50:11
9070,9070,39,23,2026022813,1,4,6922,0.11,2,1,False,2026-02-28 13:54:11
9071,9071,39,8,2026022813,1,1,7607,0.93,5,0,False,2026-02-28 13:54:11
9072,9072,330,17,2026033118,5,1,12854,0.98,4,0,False,2026-03-31 18:29:15
9073,9073,330,16,2026033118,5,1,13162,0.85,5,0,False,2026-03-31 18:34:15
9074,9074,94,4,2025110917,1,1,12849,0.88,4,0,False,2025-11-09 17:04:14
9075,9075,94,10,2025110917,1,1,13366,0.88,4,0,False,2025-11-09 17:08:14
9076,9076,429,17,2025120513,5,1,11369,0.92,3,1,False,2025-12-05 13:33:59
9077,9077,429,16,2025120513,5,1,7165,0.95,4,0,True,2025-12-05 13:37:59
9078,9078,120,2,2026021200,1,1,4216,0.96,5,0,True,2026-02-12 00:36:14
9079,9079,120,5,2026021200,1,1,13061,0.92,5,0,True,2026-02-12 00:41:14
9080,9080,120,9,2026021200,1,1,12267,0.89,4,0,True,2026-02-12 00:40:14
9081,9081,82,19,2025111723,1,2,14842,0.2,2,0,False,2025-11-17 23:22:45
9082,9082,82,23,2025111723,1,1,12100,0.87,5,0,False,2025-11-17 23:26:45
9083,9083,82,8,2025111723,1,1,11283,0.9,4,0,False,2025-11-17 23:32:45
9084,9084,32,20,2026031705,1,1,12656,0.88,5,0,False,2026-03-17 05:33:39
9085,9085,32,5,2026031705,1,2,13504,0.32,,0,False,2026-03-17 05:36:39
9086,9086,240,6,2026010311,1,1,4259,0.96,4,0,True,2026-01-03 11:06:16
9087,9087,17,17,2025091222,1,1,11435,0.97,5,0,True,2025-09-12 22:19:23
9088,9088,17,16,2025091222,1,1,8193,0.89,4,0,False,2025-09-12 22:21:23
9089,9089,644,15,2025102113,2,1,9950,0.86,5,0,True,2025-10-21 13:32:24
9090,9090,44,7,2026022605,1,1,4310,0.89,4,0,False,2026-02-26 05:28:32
9091,9091,188,2,2025122904,2,1,11646,0.94,4,0,False,2025-12-29 04:06:15
9092,9092,188,5,2025122904,2,1,13440,0.91,,0,False,2025-12-29 04:11:15
9093,9093,188,9,2025122904,2,1,5923,0.97,,0,True,2025-12-29 04:12:15
9094,9094,362,2,2025120409,2,1,6575,0.97,4,0,False,2025-12-04 09:35:35
9095,9095,362,5,2025120409,2,7,12882,0.26,2,2,False,2025-12-04 09:40:35
9096,9096,362,9,2025120409,2,1,9113,0.87,,0,False,2025-12-04 09:45:35
9097,9097,385,1,2025102212,1,1,5596,0.86,5,0,False,2025-10-22 12:39:17
9098,9098,385,3,2025102212,1,1,7921,0.9,4,0,True,2025-10-22 12:44:17
9099,9099,385,8,2025102212,1,1,12690,0.86,3,1,True,2025-10-22 12:45:17
9100,9100,839,19,2025090508,5,1,12605,0.86,4,0,False,2025-09-05 08:45:39
9101,9101,839,23,2025090508,5,1,6795,0.97,4,0,False,2025-09-05 08:48:39
9102,9102,839,8,2025090508,5,1,11917,0.88,5,0,False,2025-09-05 08:51:39
9103,9103,258,17,2025090623,1,1,10416,0.89,5,0,True,2025-09-06 23:42:51
9104,9104,258,16,2025090623,1,7,7725,0.31,1,0,False,2025-09-06 23:47:51
9105,9105,848,1,2025091808,2,1,14016,0.86,4,0,False,2025-09-18 08:47:01
9106,9106,17,4,2025101003,2,1,9386,0.96,4,0,False,2025-10-10 03:06:18
9107,9107,17,10,2025101003,2,1,11527,0.92,5,0,True,2025-10-10 03:10:18
9108,9108,254,2,2026021323,2,1,7555,0.86,5,0,False,2026-02-13 23:11:29
9109,9109,254,5,2026021323,2,1,9249,0.86,4,0,False,2026-02-13 23:13:29
9110,9110,254,9,2026021323,2,1,13130,0.87,4,0,False,2026-02-13 23:15:29
9111,9111,139,6,2026011000,2,1,4854,0.85,5,0,False,2026-01-10 00:03:07
9112,9112,139,15,2026011000,2,1,5837,0.84,,0,False,2026-01-10 00:08:07
9113,9113,162,1,2025120306,1,4,12787,0.04,,0,False,2025-12-03 06:27:56
9114,9114,216,10,2026020613,1,1,8924,0.85,5,0,False,2026-02-06 13:53:50
9115,9115,49,16,2026030916,1,1,10275,0.93,5,1,False,2026-03-09 16:28:26
9116,9116,115,25,2025091220,2,1,4993,0.92,5,0,True,2025-09-12 20:51:25
9117,9117,258,17,2025110620,1,1,4856,0.97,5,0,False,2025-11-06 20:46:11
9118,9118,258,16,2025110620,1,1,11503,0.87,5,1,True,2025-11-06 20:50:11
9119,9119,4,25,2026010207,2,1,4174,0.89,3,0,False,2026-01-02 07:37:27
9120,9120,204,4,2026030902,1,1,8985,0.96,5,0,False,2026-03-09 02:08:05
9121,9121,204,10,2026030902,1,1,7521,0.88,5,0,False,2026-03-09 02:11:05
9122,9122,232,2,2025120116,1,1,12841,0.9,4,0,False,2025-12-01 16:44:26
9123,9123,232,5,2025120116,1,2,12471,0.11,1,0,False,2025-12-01 16:46:26
9124,9124,232,9,2025120116,1,1,12339,0.9,4,0,True,2025-12-01 16:48:26
9125,9125,29,15,2026010216,1,1,5475,0.87,3,0,False,2026-01-02 16:03:23
9126,9126,311,17,2025121403,3,5,10674,0.2,2,1,False,2025-12-14 03:32:25
9127,9127,311,16,2025121403,3,1,6900,0.93,4,0,False,2025-12-14 03:37:25
9128,9128,368,17,2025122010,6,1,7251,0.85,4,0,False,2025-12-20 10:44:09
9129,9129,873,19,2025103007,1,1,10696,0.98,4,0,True,2025-10-30 07:41:42
9130,9130,873,23,2025103007,1,1,4139,0.97,5,0,False,2025-10-30 07:45:42
9131,9131,873,8,2025103007,1,1,7410,0.89,5,1,False,2025-10-30 07:47:42
9132,9132,79,2,2025102207,2,1,11487,0.84,5,0,True,2025-10-22 07:23:14
9133,9133,79,5,2025102207,2,1,13426,0.95,3,0,False,2025-10-22 07:26:14
9134,9134,79,9,2025102207,2,1,13000,0.83,4,0,False,2025-10-22 07:33:14
9135,9135,3,13,2026020915,2,1,3922,0.87,5,0,False,2026-02-09 15:43:20
9136,9136,3,14,2026020915,2,1,4960,0.87,,0,False,2026-02-09 15:45:20
9137,9137,924,14,2025113022,2,1,6060,0.84,5,0,True,2025-11-30 22:58:08
9138,9138,20,8,2025112609,6,1,9878,0.89,5,0,False,2025-11-26 09:04:06
9139,9139,52,2,2025102902,2,1,12568,0.89,4,0,True,2025-10-29 02:07:05
9140,9140,52,5,2025102902,2,1,13820,0.87,5,0,False,2025-10-29 02:10:05
9141,9141,52,9,2025102902,2,1,8914,0.95,4,0,False,2025-10-29 02:13:05
9142,9142,264,5,2026011123,1,1,12663,0.91,4,0,False,2026-01-11 23:48:17
9143,9143,64,2,2025112007,3,1,9834,0.86,5,0,False,2025-11-20 07:59:18
9144,9144,1160,13,2025122320,2,1,8512,0.91,5,0,False,2025-12-23 20:23:09
9145,9145,1160,14,2025122320,2,1,3868,0.91,5,0,False,2025-12-23 20:25:09
9146,9146,12,3,2026032413,2,4,12761,0.34,2,1,False,2026-03-24 13:56:26
9147,9147,854,2,2025112515,1,1,11717,0.96,,0,False,2025-11-25 15:06:27
9148,9148,854,5,2025112515,1,1,11000,0.85,5,0,False,2025-11-25 15:11:27
9149,9149,854,9,2025112515,1,1,7946,0.88,5,0,True,2025-11-25 15:10:27
9150,9150,9,10,2025110215,1,1,12162,0.95,5,0,False,2025-11-02 15:43:07
9151,9151,30,3,2025100814,3,1,7574,0.88,4,1,False,2025-10-08 14:30:16
9152,9152,205,8,2025120417,2,1,8382,0.94,4,0,True,2025-12-04 17:07:56
9153,9153,34,20,2025112105,2,1,8527,0.85,4,1,False,2025-11-21 05:15:27
9154,9154,34,5,2025112105,2,1,7763,0.96,,0,False,2025-11-21 05:19:27
9155,9155,849,6,2025092302,2,1,10472,0.92,,0,False,2025-09-23 02:56:18
9156,9156,849,15,2025092303,2,1,10603,0.85,5,0,False,2025-09-23 03:00:18
9157,9157,329,6,2025122201,2,1,5011,0.93,5,0,True,2025-12-22 01:01:13
9158,9158,329,15,2025122201,2,1,7417,0.91,4,0,False,2025-12-22 01:04:13
9159,9159,44,19,2025110408,1,1,13618,0.83,4,0,True,2025-11-04 08:03:56
9160,9160,44,23,2025110408,1,1,13696,0.85,5,0,True,2025-11-04 08:08:56
9161,9161,44,8,2025110408,1,1,10794,0.86,5,0,False,2025-11-04 08:13:56
9162,9162,29,2,2026022100,3,1,11397,0.88,4,0,False,2026-02-21 00:46:32
9163,9163,29,5,2026022100,3,1,10348,0.97,4,0,False,2026-02-21 00:49:32
9164,9164,29,9,2026022100,3,1,10830,0.89,4,0,True,2026-02-21 00:52:32
9165,9165,95,6,2025091700,3,1,7331,0.93,3,0,False,2025-09-17 00:29:23
9166,9166,95,15,2025091700,3,1,9966,0.82,4,0,True,2025-09-17 00:31:23
9167,9167,105,1,2026010820,1,1,7632,0.82,4,0,False,2026-01-08 20:38:29
9168,9168,105,3,2026010820,1,1,6710,0.92,4,0,True,2026-01-08 20:43:29
9169,9169,105,8,2026010820,1,7,4326,0.07,1,0,False,2026-01-08 20:46:29
9170,9170,297,19,2026012816,5,1,12164,0.85,4,0,False,2026-01-28 16:02:50
9171,9171,297,23,2026012816,5,1,12129,0.82,,0,True,2026-01-28 16:06:50
9172,9172,297,8,2026012816,5,1,13605,0.83,4,0,False,2026-01-28 16:12:50
9173,9173,58,4,2025102902,1,1,10259,0.96,5,0,False,2025-10-29 02:44:48
9174,9174,58,10,2025102902,1,1,11527,0.86,4,0,False,2025-10-29 02:48:48
9175,9175,238,6,2025110806,5,1,3732,0.97,5,0,True,2025-11-08 06:50:38
9176,9176,238,15,2025110806,5,1,6364,0.95,4,1,True,2025-11-08 06:55:38
9177,9177,392,1,2026021204,5,1,12788,0.86,5,0,False,2026-02-12 04:15:55
9178,9178,392,3,2026021204,5,1,13441,0.86,4,0,False,2026-02-12 04:18:55
9179,9179,392,8,2026021204,5,1,8699,0.93,5,0,True,2026-02-12 04:19:55
9180,9180,385,6,2025110522,2,1,9638,0.84,,0,False,2025-11-05 22:17:04
9181,9181,209,18,2025111515,4,1,13609,0.91,5,0,True,2025-11-15 15:09:25
9182,9182,76,7,2026021309,3,1,12680,0.97,4,0,False,2026-02-13 09:49:27
9183,9183,136,11,2025100813,2,1,14037,0.83,4,0,True,2025-10-08 13:21:40
9184,9184,16,20,2026020705,1,1,6678,0.93,4,0,False,2026-02-07 05:50:37
9185,9185,16,5,2026020705,1,1,10248,0.82,5,0,False,2026-02-07 05:52:37
9186,9186,341,6,2026010202,4,1,4373,0.95,5,0,False,2026-01-02 02:23:34
9187,9187,278,4,2026011616,1,1,10938,0.86,4,0,False,2026-01-16 16:32:12
9188,9188,278,10,2026011616,1,1,13144,0.87,5,0,False,2026-01-16 16:36:12
9189,9189,221,1,2025100222,3,1,15266,0.92,4,0,True,2025-10-02 22:44:09
9190,9190,221,3,2025100222,3,1,9742,0.84,,0,True,2025-10-02 22:49:09
9191,9191,221,8,2025100222,3,1,7036,0.94,4,0,False,2025-10-02 22:50:09
9192,9192,81,20,2026011103,1,1,10089,0.87,4,0,False,2026-01-11 03:00:29
9193,9193,126,5,2025092316,4,1,12050,0.93,5,0,False,2025-09-23 16:51:00
9194,9194,78,6,2025123005,2,1,9971,0.88,5,0,False,2025-12-30 05:16:33
9195,9195,78,15,2025123005,2,1,10505,0.94,4,0,False,2025-12-30 05:20:33
9196,9196,144,6,2025103021,4,1,13496,0.89,4,0,False,2025-10-30 21:33:47
9197,9197,144,15,2025103021,4,1,10129,0.98,5,0,True,2025-10-30 21:38:47
9198,9198,119,19,2025101210,1,1,12531,0.86,5,0,False,2025-10-12 10:14:11
9199,9199,205,17,2026010203,1,1,10714,0.98,5,0,True,2026-01-02 03:03:58
9200,9200,205,16,2026010203,1,1,14031,0.84,5,0,True,2026-01-02 03:08:58
9201,9201,328,16,2026020702,2,1,7105,0.9,4,0,True,2026-02-07 02:34:06
9202,9202,36,16,2025120812,1,3,4414,0.23,2,1,False,2025-12-08 12:16:42
9203,9203,348,8,2026021910,1,1,9331,0.89,4,0,False,2026-02-19 10:03:30
9204,9204,19,4,2026010705,1,1,5690,0.88,5,0,False,2026-01-07 05:24:11
9205,9205,19,10,2026010705,1,1,10167,0.83,5,0,True,2026-01-07 05:27:11
9206,9206,1192,1,2025122219,1,1,6568,0.83,5,0,False,2025-12-22 19:23:28
9207,9207,1192,3,2025122219,1,1,13928,0.95,4,0,False,2025-12-22 19:28:28
9208,9208,1192,8,2025122219,1,1,4414,0.88,5,0,True,2025-12-22 19:27:28
9209,9209,368,17,2026012619,4,1,8186,0.88,3,0,True,2026-01-26 19:37:19
9210,9210,368,16,2026012619,4,1,7729,0.89,5,1,True,2026-01-26 19:39:19
9211,9211,6,4,2026012000,2,1,7355,0.85,5,0,False,2026-01-20 00:21:07
9212,9212,80,1,2026032904,1,1,11138,0.92,5,0,False,2026-03-29 04:55:11
9213,9213,80,3,2026032904,1,1,6735,0.85,5,0,False,2026-03-29 04:58:11
9214,9214,80,8,2026032905,1,1,5270,0.83,3,0,False,2026-03-29 05:01:11
9215,9215,154,7,2026021906,1,1,12858,0.92,5,0,False,2026-02-19 06:29:37
9216,9216,364,1,2026010102,3,1,14590,0.88,4,0,True,2026-01-01 02:34:28
9217,9217,364,3,2026010102,3,1,10429,0.92,4,0,False,2026-01-01 02:38:28
9218,9218,364,8,2026010102,3,1,9744,0.97,4,0,False,2026-01-01 02:42:28
9219,9219,52,6,2025111714,1,4,11180,0.08,1,0,False,2025-11-17 14:55:30
9220,9220,52,15,2025111715,1,2,10900,0.18,2,0,False,2025-11-17 15:00:30
9221,9221,136,15,2025120520,2,1,13994,0.97,5,0,True,2025-12-05 20:48:17
9222,9222,28,19,2025120302,1,1,7424,0.94,3,0,False,2025-12-03 02:49:39
9223,9223,28,23,2025120302,1,1,13994,0.89,4,0,False,2025-12-03 02:53:39
9224,9224,28,8,2025120302,1,1,6029,0.82,5,0,False,2025-12-03 02:55:39
9225,9225,1021,6,2026012615,3,1,8095,0.97,4,0,False,2026-01-26 15:42:58
9226,9226,1021,15,2026012615,3,1,5565,0.92,4,0,False,2026-01-26 15:45:58
9227,9227,17,16,2025111318,2,1,13073,0.97,5,0,True,2025-11-13 18:28:58
9228,9228,315,20,2026032009,1,3,5154,0.3,,0,False,2026-03-20 09:49:49
9229,9229,315,5,2026032009,1,1,13196,0.95,,0,False,2026-03-20 09:51:49
9230,9230,179,13,2025121216,2,1,5806,0.91,4,0,False,2025-12-12 16:41:20
9231,9231,179,14,2025121216,2,1,11611,0.89,,0,False,2025-12-12 16:43:20
9232,9232,600,13,2026022518,1,1,4208,0.85,5,0,True,2026-02-25 18:00:13
9233,9233,9,17,2026031300,3,1,10244,0.89,5,1,False,2026-03-13 00:49:13
9234,9234,9,16,2026031300,3,1,12020,0.96,5,0,False,2026-03-13 00:52:13
9235,9235,73,4,2026021612,2,1,8980,0.9,5,0,False,2026-02-16 12:39:19
9236,9236,73,10,2026021612,2,1,13051,0.84,4,0,True,2026-02-16 12:44:19
9237,9237,277,7,2025100104,1,5,13594,0.24,1,0,False,2025-10-01 04:39:22
9238,9238,317,13,2025111205,3,1,6747,0.96,,0,False,2025-11-12 05:23:16
9239,9239,317,14,2025111205,3,1,12594,0.83,5,1,True,2025-11-12 05:26:16
9240,9240,654,22,2025102111,3,1,13620,0.88,,0,False,2025-10-21 11:44:26
9241,9241,85,13,2026020617,2,1,6202,0.95,4,0,True,2026-02-06 17:19:42
9242,9242,85,14,2026020617,2,1,10797,0.83,4,0,False,2026-02-06 17:23:42
9243,9243,45,24,2025102506,2,1,13161,0.89,4,0,False,2025-10-25 06:11:42
9244,9244,357,1,2026011813,2,1,14300,0.92,4,0,False,2026-01-18 13:20:28
9245,9245,357,3,2026011813,2,4,10959,0.31,,0,False,2026-01-18 13:24:28
9246,9246,357,8,2026011813,2,1,11113,0.96,4,0,True,2026-01-18 13:30:28
9247,9247,78,13,2026030615,2,1,13895,0.84,4,1,False,2026-03-06 15:23:18
9248,9248,78,14,2026030615,2,1,8460,0.92,5,0,True,2026-03-06 15:25:18
9249,9249,573,2,2025091720,2,1,4367,0.91,3,0,False,2025-09-17 20:01:35
9250,9250,166,2,2026013019,2,1,13094,0.87,5,0,False,2026-01-30 19:33:56
9251,9251,166,5,2026013019,2,1,12289,0.82,5,0,True,2026-01-30 19:35:56
9252,9252,166,9,2026013019,2,1,7389,0.83,,0,False,2026-01-30 19:37:56
9253,9253,102,17,2025112515,1,1,9763,0.86,4,0,False,2025-11-25 15:13:18
9254,9254,102,16,2025112515,1,1,12983,0.88,4,0,False,2025-11-25 15:16:18
9255,9255,383,9,2025102221,1,1,12424,0.98,3,0,False,2025-10-22 21:05:43
9256,9256,101,4,2025102410,2,4,10438,0.31,,0,False,2025-10-24 10:53:20
9257,9257,101,10,2025102410,2,1,14353,0.88,5,0,False,2025-10-24 10:55:20
9258,9258,1094,10,2025100405,1,4,13634,0.18,1,0,False,2025-10-04 05:35:59
9259,9259,229,1,2026030109,1,1,11031,0.93,4,0,False,2026-03-01 09:25:46
9260,9260,108,17,2025102216,5,1,7670,0.87,4,0,False,2025-10-22 16:17:06
9261,9261,108,16,2025102216,5,1,4546,0.83,4,0,False,2025-10-22 16:22:06
9262,9262,551,17,2026020121,3,1,5919,0.84,,0,False,2026-02-01 21:16:09
9263,9263,551,16,2026020121,3,1,7981,0.93,4,0,False,2026-02-01 21:20:09
9264,9264,81,13,2026021110,4,1,13876,0.89,5,0,True,2026-02-11 10:22:15
9265,9265,81,14,2026021110,4,1,3769,0.92,5,0,False,2026-02-11 10:25:15
9266,9266,295,19,2026032005,1,1,6718,0.86,3,0,True,2026-03-20 05:01:11
9267,9267,295,23,2026032005,1,1,8473,0.92,5,0,True,2026-03-20 05:05:11
9268,9268,295,8,2026032005,1,1,12272,0.84,,0,False,2026-03-20 05:05:11
9269,9269,201,18,2026021517,2,1,5495,0.87,5,0,True,2026-02-15 17:05:32
9270,9270,61,13,2025120208,1,6,10248,0.0,1,0,False,2025-12-02 08:42:26
9271,9271,1046,19,2025091020,1,1,6487,0.93,5,0,False,2025-09-10 20:09:41
9272,9272,67,2,2026031108,6,1,6001,0.96,5,0,True,2026-03-11 08:08:18
9273,9273,67,5,2026031108,6,1,13716,0.91,,0,True,2026-03-11 08:11:18
9274,9274,67,9,2026031108,6,1,8238,0.84,4,0,False,2026-03-11 08:16:18
9275,9275,127,13,2025112319,1,1,6499,0.91,5,0,False,2025-11-23 19:57:00
9276,9276,127,14,2025112320,1,1,7565,0.88,3,0,False,2025-11-23 20:00:00
9277,9277,61,20,2025091817,1,1,5131,0.84,,1,True,2025-09-18 17:25:26
9278,9278,61,5,2025091817,1,1,4786,0.85,,0,True,2025-09-18 17:28:26
9279,9279,817,10,2026013016,1,1,15412,0.94,,0,False,2026-01-30 16:09:05
9280,9280,376,1,2025112406,3,1,8958,0.89,3,0,False,2025-11-24 06:14:18
9281,9281,376,3,2025112406,3,1,10061,0.95,5,0,False,2025-11-24 06:19:18
9282,9282,376,8,2025112406,3,1,8928,0.85,4,0,True,2025-11-24 06:20:18
9283,9283,878,21,2026032502,2,1,11991,0.95,4,0,False,2026-03-25 02:39:57
9284,9284,329,1,2025103003,2,1,6343,0.85,4,0,False,2025-10-30 03:08:56
9285,9285,329,3,2025103003,2,1,6402,0.85,5,0,False,2025-10-30 03:11:56
9286,9286,329,8,2025103003,2,1,7031,0.85,4,0,False,2025-10-30 03:18:56
9287,9287,127,19,2025123016,1,1,10812,0.84,,0,False,2025-12-30 16:45:20
9288,9288,127,23,2025123016,1,2,7172,0.35,2,0,False,2025-12-30 16:47:20
9289,9289,127,8,2025123016,1,1,13946,0.83,5,0,True,2025-12-30 16:53:20
9290,9290,85,19,2025120623,1,3,5469,0.28,2,0,False,2025-12-06 23:21:39
9291,9291,85,23,2025120623,1,1,13692,0.88,4,1,False,2025-12-06 23:24:39
9292,9292,85,8,2025120623,1,7,12299,0.0,2,0,False,2025-12-06 23:27:39
9293,9293,610,4,2026010808,2,1,10918,0.97,,0,False,2026-01-08 08:56:25
9294,9294,610,10,2026010809,2,1,14210,0.89,4,0,False,2026-01-08 09:01:25
9295,9295,324,22,2026012515,1,2,12010,0.14,1,0,False,2026-01-25 15:49:37
9296,9296,297,4,2026011701,1,1,12329,0.94,4,1,False,2026-01-17 01:39:19
9297,9297,297,10,2026011701,1,1,14365,0.82,5,0,False,2026-01-17 01:42:19
9298,9298,614,2,2026032304,1,1,5093,0.86,4,0,True,2026-03-23 04:03:18
9299,9299,614,5,2026032304,1,1,4166,0.91,4,0,False,2026-03-23 04:05:18
9300,9300,614,9,2026032304,1,2,13826,0.32,,0,False,2026-03-23 04:07:18
9301,9301,180,20,2025102915,5,1,10324,0.93,5,0,False,2025-10-29 15:23:27
9302,9302,180,5,2025102915,5,1,4632,0.93,5,0,True,2025-10-29 15:25:27
9303,9303,21,19,2025092716,3,2,7223,0.05,2,0,False,2025-09-27 16:07:08
9304,9304,21,23,2025092716,3,1,9986,0.92,5,0,True,2025-09-27 16:10:08
9305,9305,21,8,2025092716,3,1,9688,0.88,4,0,False,2025-09-27 16:11:08
9306,9306,991,16,2025101013,2,1,4985,0.9,5,0,False,2025-10-10 13:25:20
9307,9307,338,23,2026030112,1,6,9569,0.0,1,0,False,2026-03-01 12:06:31
9308,9308,33,4,2026021415,1,3,12416,0.03,1,1,False,2026-02-14 15:16:49
9309,9309,33,10,2026021415,1,1,14585,0.89,4,0,False,2026-02-14 15:21:49
9310,9310,959,20,2025122722,2,1,13874,0.91,5,0,False,2025-12-27 22:38:54
9311,9311,959,5,2025122722,2,4,12560,0.22,1,0,False,2025-12-27 22:40:54
9312,9312,71,22,2025092322,2,1,14975,0.85,3,0,False,2025-09-23 22:00:58
9313,9313,72,19,2025102023,1,1,9007,0.85,5,0,True,2025-10-20 23:06:49
9314,9314,72,23,2025102023,1,1,4630,0.9,4,0,False,2025-10-20 23:11:49
9315,9315,72,8,2025102023,1,1,10087,0.83,4,0,False,2025-10-20 23:16:49
9316,9316,262,7,2026022213,1,2,12496,0.14,1,0,False,2026-02-22 13:15:11
9317,9317,527,4,2025112106,5,1,15459,0.96,,0,True,2025-11-21 06:43:53
9318,9318,20,20,2026030908,6,1,8380,0.82,5,1,True,2026-03-09 08:05:09
9319,9319,20,5,2026030908,6,1,6974,0.83,5,0,True,2026-03-09 08:09:09
9320,9320,323,20,2026030519,3,1,6748,0.91,5,0,False,2026-03-05 19:22:26
9321,9321,323,5,2026030519,3,1,5142,0.82,5,0,True,2026-03-05 19:24:26
9322,9322,818,6,2025122306,2,3,13524,0.3,1,0,False,2025-12-23 06:01:54
9323,9323,818,15,2025122306,2,1,9664,0.89,4,1,True,2025-12-23 06:06:54
9324,9324,31,25,2026021520,1,1,6016,0.91,4,0,False,2026-02-15 20:13:23
9325,9325,71,19,2026012402,1,1,15433,0.88,4,0,False,2026-01-24 02:39:54
9326,9326,71,23,2026012402,1,1,8589,0.89,5,0,False,2026-01-24 02:42:54
9327,9327,71,8,2026012402,1,3,4501,0.1,1,1,False,2026-01-24 02:47:54
9328,9328,37,13,2025121005,3,1,11790,0.83,5,0,False,2025-12-10 05:58:21
9329,9329,37,14,2025121006,3,1,4779,0.93,5,0,True,2025-12-10 06:03:21
9330,9330,802,4,2025100807,2,1,9676,0.88,5,0,True,2025-10-08 07:49:29
9331,9331,802,10,2025100807,2,1,15147,0.94,4,0,True,2025-10-08 07:54:29
9332,9332,145,4,2026012905,1,1,9328,0.92,3,0,True,2026-01-29 05:11:18
9333,9333,145,10,2026012905,1,1,14512,0.89,4,0,True,2026-01-29 05:13:18
9334,9334,47,23,2025111216,3,3,7535,0.06,1,0,False,2025-11-12 16:35:28
9335,9335,36,19,2026032519,2,1,14873,0.84,5,0,True,2026-03-25 19:40:32
9336,9336,36,23,2026032519,2,1,12134,0.96,3,0,True,2026-03-25 19:43:32
9337,9337,36,8,2026032519,2,1,7364,0.97,4,0,False,2026-03-25 19:48:32
9338,9338,99,2,2026030720,1,1,7643,0.89,4,0,False,2026-03-07 20:09:17
9339,9339,99,5,2026030720,1,1,7464,0.98,4,0,False,2026-03-07 20:11:17
9340,9340,99,9,2026030720,1,1,7914,0.86,4,0,False,2026-03-07 20:17:17
9341,9341,422,4,2026020111,5,1,7337,0.88,5,0,True,2026-02-01 11:18:37
9342,9342,290,1,2026032923,2,1,7782,0.84,5,0,False,2026-03-29 23:00:32
9343,9343,290,3,2026032923,2,1,9437,0.92,,0,True,2026-03-29 23:04:32
9344,9344,290,8,2026032923,2,1,12436,0.84,4,0,True,2026-03-29 23:10:32
9345,9345,24,4,2025091619,2,1,10770,0.91,5,0,False,2025-09-16 19:23:17
9346,9346,22,6,2026030217,6,1,10853,0.87,5,0,True,2026-03-02 17:16:06
9347,9347,96,2,2025121213,1,1,14038,0.88,5,0,False,2025-12-12 13:17:12
9348,9348,96,5,2025121213,1,1,12194,0.96,5,0,True,2025-12-12 13:19:12
9349,9349,96,9,2025121213,1,3,15464,0.27,2,0,False,2025-12-12 13:23:12
9350,9350,255,3,2025112818,2,1,7158,0.86,4,1,False,2025-11-28 18:23:49
9351,9351,1197,15,2026011005,2,1,7826,0.87,4,0,False,2026-01-10 05:43:55
9352,9352,288,20,2026012301,1,1,3827,0.97,4,1,False,2026-01-23 01:12:59
9353,9353,77,6,2025110508,1,1,11466,0.97,4,0,False,2025-11-05 08:03:19
9354,9354,147,4,2026021807,5,1,9971,0.84,4,0,True,2026-02-18 07:52:58
9355,9355,147,10,2026021807,5,1,12256,0.89,5,0,True,2026-02-18 07:56:58
9356,9356,1,2,2025090406,2,1,10364,0.96,4,0,False,2025-09-04 06:54:50
9357,9357,489,17,2025122301,5,1,13979,0.91,4,0,False,2025-12-23 01:04:29
9358,9358,822,17,2025091903,2,1,7565,0.9,5,0,False,2025-09-19 03:10:14
9359,9359,822,16,2025091903,2,1,13445,0.86,3,0,False,2025-09-19 03:15:14
9360,9360,34,17,2025110316,3,1,4291,0.82,4,0,True,2025-11-03 16:22:23
9361,9361,34,16,2025110316,3,1,13012,0.98,5,0,True,2025-11-03 16:24:23
9362,9362,16,21,2026031504,3,1,11077,0.94,4,0,False,2026-03-15 04:06:50
9363,9363,361,16,2025091721,1,1,13488,0.85,4,0,False,2025-09-17 21:29:19
9364,9364,264,1,2026010709,1,1,11414,0.87,5,0,True,2026-01-07 09:31:31
9365,9365,264,3,2026010709,1,1,8267,0.93,4,0,True,2026-01-07 09:34:31
9366,9366,264,8,2026010709,1,1,11905,0.87,3,0,False,2026-01-07 09:35:31
9367,9367,1,2,2025122304,2,1,11281,0.85,5,0,True,2025-12-23 04:50:30
9368,9368,1,5,2025122304,2,1,8872,0.85,5,0,True,2025-12-23 04:53:30
9369,9369,1,9,2025122304,2,1,7851,0.85,3,0,False,2025-12-23 04:58:30
9370,9370,448,4,2025092523,1,1,7577,0.92,3,0,True,2025-09-25 23:51:06
9371,9371,448,10,2025092523,1,1,11459,0.89,5,0,True,2025-09-25 23:54:06
9372,9372,368,3,2025121712,5,1,11610,0.83,5,0,True,2025-12-17 12:07:39
9373,9373,357,24,2026030420,1,1,13215,0.84,4,1,False,2026-03-04 20:12:36
9374,9374,374,13,2025111704,4,1,7067,0.95,3,0,False,2025-11-17 04:58:45
9375,9375,374,14,2025111705,4,1,5027,0.91,5,0,False,2025-11-17 05:00:45
9376,9376,295,19,2025120519,1,1,7413,0.82,5,0,False,2025-12-05 19:01:46
9377,9377,295,23,2025120519,1,5,10451,0.09,,0,False,2025-12-05 19:05:46
9378,9378,295,8,2025120519,1,1,8891,0.83,3,0,False,2025-12-05 19:05:46
9379,9379,84,19,2026010302,2,1,14358,0.82,4,0,False,2026-01-03 02:29:02
9380,9380,84,23,2026010302,2,1,12239,0.95,4,0,False,2026-01-03 02:34:02
9381,9381,84,8,2026010302,2,1,13749,0.93,4,0,False,2026-01-03 02:33:02
9382,9382,15,12,2025120111,5,1,13100,0.85,5,0,True,2025-12-01 11:33:36
9383,9383,22,17,2026022811,1,2,6039,0.06,1,0,False,2026-02-28 11:32:38
9384,9384,11,2,2026022705,2,1,6989,0.94,4,0,True,2026-02-27 05:15:34
9385,9385,683,4,2026022321,3,1,14605,0.84,5,0,True,2026-02-23 21:38:49
9386,9386,683,10,2026022321,3,1,8080,0.82,4,0,False,2026-02-23 21:41:49
9387,9387,212,5,2025121017,1,1,11476,0.94,4,0,False,2025-12-10 17:21:37
9388,9388,933,17,2025110511,6,1,13196,0.86,4,0,True,2025-11-05 11:20:33
9389,9389,933,16,2025110511,6,1,4498,0.83,4,0,False,2025-11-05 11:25:33
9390,9390,87,13,2026011902,2,1,4717,0.88,,0,False,2026-01-19 02:21:54
9391,9391,87,14,2026011902,2,1,4053,0.88,5,0,False,2026-01-19 02:25:54
9392,9392,101,6,2026032820,1,1,9392,0.83,4,0,False,2026-03-28 20:05:34
9393,9393,101,15,2026032820,1,1,6291,0.92,4,0,False,2026-03-28 20:07:34
9394,9394,306,19,2025112021,5,1,9443,0.96,5,0,False,2025-11-20 21:43:45
9395,9395,306,23,2025112021,5,5,5772,0.23,1,0,False,2025-11-20 21:48:45
9396,9396,306,8,2025112021,5,1,5518,0.84,4,0,True,2025-11-20 21:49:45
9397,9397,284,4,2025112913,1,1,12753,0.83,,0,False,2025-11-29 13:28:26
9398,9398,284,10,2025112913,1,1,15195,0.86,4,0,False,2025-11-29 13:31:26
9399,9399,342,9,2026011607,3,1,12778,0.86,5,0,True,2026-01-16 07:37:02
9400,9400,364,23,2025090203,1,1,12478,0.86,5,0,False,2025-09-02 03:19:02
9401,9401,47,17,2026033121,2,1,8778,0.87,5,0,True,2026-03-31 21:16:28
9402,9402,47,16,2026033121,2,1,4163,0.91,4,0,False,2026-03-31 21:18:28
9403,9403,229,2,2025092114,3,1,8289,0.97,,0,True,2025-09-21 14:34:35
9404,9404,304,5,2025112808,1,6,8610,0.0,2,1,False,2025-11-28 08:34:13
9405,9405,259,1,2026032512,3,1,9336,0.92,5,0,True,2026-03-25 12:09:11
9406,9406,259,3,2026032512,3,1,11646,0.96,4,0,False,2026-03-25 12:13:11
9407,9407,259,8,2026032512,3,1,12203,0.96,4,0,False,2026-03-25 12:15:11
9408,9408,364,19,2025091422,1,1,8244,0.83,4,0,False,2025-09-14 22:42:21
9409,9409,364,23,2025091422,1,1,8955,0.91,5,0,False,2025-09-14 22:46:21
9410,9410,364,8,2025091422,1,4,10852,0.17,1,0,False,2025-09-14 22:52:21
9411,9411,401,20,2026030611,1,1,4457,0.92,4,0,False,2026-03-06 11:04:32
9412,9412,33,10,2026032015,1,4,12258,0.07,1,0,False,2026-03-20 15:49:55
9413,9413,77,21,2025101203,1,4,10295,0.02,2,0,False,2025-10-12 03:01:40
9414,9414,811,6,2026030719,2,2,10005,0.25,1,0,False,2026-03-07 19:06:32
9415,9415,811,15,2026030719,2,1,8634,0.91,4,1,True,2026-03-07 19:11:32
9416,9416,186,12,2026021405,1,3,4777,0.21,1,0,False,2026-02-14 05:33:56
9417,9417,95,13,2025111705,1,7,6231,0.19,,0,False,2025-11-17 05:28:56
9418,9418,95,14,2025111705,1,4,12684,0.23,2,0,False,2025-11-17 05:31:56
9419,9419,837,21,2025122017,3,1,7412,0.87,3,0,True,2025-12-20 17:48:27
9420,9420,809,19,2025122213,1,1,14396,0.92,5,0,True,2025-12-22 13:23:46
9421,9421,809,23,2025122213,1,1,13931,0.94,4,0,False,2025-12-22 13:26:46
9422,9422,809,8,2025122213,1,1,13148,0.89,4,0,True,2025-12-22 13:33:46
9423,9423,421,4,2026012100,1,1,6604,0.86,4,0,False,2026-01-21 00:12:11
9424,9424,421,10,2026012100,1,1,13976,0.92,4,0,False,2026-01-21 00:14:11
9425,9425,91,25,2026021109,2,1,5441,0.92,5,0,False,2026-02-11 09:21:34
9426,9426,90,4,2026022519,2,1,11845,0.94,3,0,False,2026-02-25 19:32:53
9427,9427,90,10,2026022519,2,1,7455,0.86,5,0,False,2026-02-25 19:37:53
9428,9428,250,6,2025102007,2,1,6358,0.95,5,0,True,2025-10-20 07:14:26
9429,9429,250,15,2025102007,2,1,7099,0.96,3,0,False,2025-10-20 07:19:26
9430,9430,111,13,2026031018,5,1,8311,0.83,5,0,True,2026-03-10 18:40:35
9431,9431,111,14,2026031018,5,1,3920,0.9,5,0,True,2026-03-10 18:44:35
9432,9432,35,2,2026020902,1,1,6669,0.87,3,0,False,2026-02-09 02:59:34
9433,9433,956,20,2026011012,5,1,7492,0.85,4,0,False,2026-01-10 12:07:47
9434,9434,956,5,2026011012,5,1,7637,0.82,4,1,False,2026-01-10 12:11:47
9435,9435,95,12,2026021814,1,1,8661,0.97,4,0,False,2026-02-18 14:28:33
9436,9436,214,4,2025101512,2,1,6722,0.89,,0,False,2025-10-15 12:39:33
9437,9437,214,10,2025101512,2,1,10995,0.89,5,0,False,2025-10-15 12:43:33
9438,9438,208,2,2026012817,4,1,4539,0.91,4,0,False,2026-01-28 17:01:38
9439,9439,208,5,2026012817,4,1,8943,0.89,3,0,False,2026-01-28 17:04:38
9440,9440,208,9,2026012817,4,1,10488,0.85,5,0,False,2026-01-28 17:11:38
9441,9441,19,4,2025092506,1,1,9802,0.97,3,0,False,2025-09-25 06:21:57
9442,9442,19,10,2025092506,1,3,10326,0.17,2,0,False,2025-09-25 06:25:57
9443,9443,109,19,2025091400,1,1,7660,0.9,,0,False,2025-09-14 00:41:21
9444,9444,109,23,2025091400,1,1,5953,0.84,4,1,True,2025-09-14 00:45:21
9445,9445,109,8,2025091400,1,1,7500,0.86,5,0,True,2025-09-14 00:45:21
9446,9446,388,23,2025121215,1,1,4659,0.82,3,0,True,2025-12-12 15:01:35
9447,9447,335,13,2026031500,6,1,10935,0.96,,0,False,2026-03-15 00:37:05
9448,9448,335,14,2026031500,6,1,6640,0.86,,0,False,2026-03-15 00:42:05
9449,9449,382,6,2025121203,5,1,10182,0.84,3,0,False,2025-12-12 03:24:22
9450,9450,382,15,2025121203,5,1,8160,0.85,5,1,True,2025-12-12 03:29:22
9451,9451,441,2,2026031414,1,1,12261,0.88,4,0,False,2026-03-14 14:48:01
9452,9452,264,1,2026021505,1,1,10905,0.83,3,0,False,2026-02-15 05:21:20
9453,9453,84,17,2025102221,1,1,6948,0.87,4,1,False,2025-10-22 21:35:15
9454,9454,84,16,2025102221,1,3,10112,0.08,1,0,False,2025-10-22 21:37:15
9455,9455,308,2,2026022716,2,1,10169,0.86,4,0,False,2026-02-27 16:44:37
9456,9456,308,5,2026022716,2,1,6565,0.98,3,0,False,2026-02-27 16:48:37
9457,9457,308,9,2026022716,2,3,14865,0.1,1,0,False,2026-02-27 16:48:37
9458,9458,54,19,2025122407,2,1,6042,0.92,4,0,True,2025-12-24 07:23:49
9459,9459,313,13,2026012011,1,1,10091,0.92,5,0,True,2026-01-20 11:46:54
9460,9460,158,4,2026020100,3,1,5436,0.94,4,0,False,2026-02-01 00:15:39
9461,9461,34,2,2025112211,2,1,6535,0.86,4,0,False,2025-11-22 11:14:21
9462,9462,34,5,2025112211,2,1,12784,0.96,5,0,True,2025-11-22 11:16:21
9463,9463,34,9,2025112211,2,1,11948,0.96,4,0,True,2025-11-22 11:24:21
9464,9464,160,4,2025091708,3,5,5176,0.04,2,1,False,2025-09-17 08:56:59
9465,9465,160,10,2025091708,3,1,8865,0.97,,0,False,2025-09-17 08:59:59
9466,9466,200,6,2025102812,1,1,4109,0.89,4,0,False,2025-10-28 12:31:20
9467,9467,200,15,2025102812,1,1,11608,0.84,5,0,True,2025-10-28 12:34:20
9468,9468,164,19,2025122820,1,2,12559,0.29,,1,False,2025-12-28 20:49:34
9469,9469,164,23,2025122820,1,1,11205,0.97,3,0,True,2025-12-28 20:52:34
9470,9470,164,8,2025122820,1,1,8630,0.87,4,0,False,2025-12-28 20:53:34
9471,9471,1139,10,2025100811,5,1,12480,0.94,5,0,False,2025-10-08 11:38:57
9472,9472,64,12,2025122201,1,1,9045,0.96,4,1,False,2025-12-22 01:24:43
9473,9473,497,13,2026032707,2,1,5088,0.85,5,0,False,2026-03-27 07:06:14
9474,9474,497,14,2026032707,2,1,7106,0.95,4,0,False,2026-03-27 07:08:14
9475,9475,966,13,2026011318,1,1,13680,0.84,4,0,True,2026-01-13 18:25:35
9476,9476,966,14,2026011318,1,1,12904,0.87,,0,False,2026-01-13 18:27:35
9477,9477,87,1,2026032015,5,1,6256,0.88,4,0,False,2026-03-20 15:29:29
9478,9478,87,3,2026032015,5,1,13875,0.91,4,0,False,2026-03-20 15:33:29
9479,9479,87,8,2026032015,5,3,7512,0.24,2,0,False,2026-03-20 15:35:29
9480,9480,132,20,2025110215,2,1,10842,0.93,5,0,False,2025-11-02 15:00:32
9481,9481,132,5,2025110215,2,6,8633,0.0,2,2,False,2025-11-02 15:02:32
9482,9482,289,8,2025122916,1,1,10287,0.97,5,0,True,2025-12-29 16:32:54
9483,9483,895,16,2025090315,1,1,7710,0.95,5,0,False,2025-09-03 15:30:22
9484,9484,249,2,2026033113,1,1,9474,0.89,5,0,False,2026-03-31 13:12:19
9485,9485,249,5,2026033113,1,6,5038,0.0,1,0,False,2026-03-31 13:15:19
9486,9486,249,9,2026033113,1,1,7771,0.87,4,0,False,2026-03-31 13:18:19
9487,9487,1175,20,2025091217,2,1,11859,0.92,5,0,False,2025-09-12 17:11:59
9488,9488,1175,5,2025091217,2,1,9620,0.87,4,0,False,2025-09-12 17:14:59
9489,9489,43,17,2025112404,1,1,11221,0.85,4,0,False,2025-11-24 04:42:00
9490,9490,43,16,2025112404,1,1,9624,0.87,5,0,True,2025-11-24 04:44:00
9491,9491,223,23,2025112021,5,1,4694,0.94,5,0,False,2025-11-20 21:20:51
9492,9492,1050,16,2025092422,1,1,6680,0.88,4,0,False,2025-09-24 22:12:12
9493,9493,136,20,2025111310,1,5,6942,0.09,2,0,False,2025-11-13 10:17:16
9494,9494,136,5,2025111310,1,6,4842,0.0,,0,False,2025-11-13 10:19:16
9495,9495,792,13,2025101713,1,1,8288,0.89,,0,False,2025-10-17 13:45:05
9496,9496,792,14,2025101713,1,4,3791,0.29,2,0,False,2025-10-17 13:48:05
9497,9497,77,17,2026012022,1,1,11394,0.98,5,0,True,2026-01-20 22:49:21
9498,9498,77,16,2026012022,1,3,5980,0.07,1,0,False,2026-01-20 22:51:21
9499,9499,194,19,2025121418,3,1,7194,0.96,5,0,True,2025-12-14 18:20:36
9500,9500,194,23,2025121418,3,1,11987,0.87,4,0,False,2025-12-14 18:23:36
9501,9501,194,8,2025121418,3,1,12005,0.98,4,0,False,2025-12-14 18:26:36
9502,9502,389,20,2025091214,2,1,3980,0.85,4,0,False,2025-09-12 14:58:52
9503,9503,389,5,2025091215,2,1,4749,0.89,4,0,True,2025-09-12 15:01:52
9504,9504,197,2,2026031812,1,1,7219,0.91,5,0,False,2026-03-18 12:19:28
9505,9505,197,5,2026031812,1,1,9983,0.93,4,0,False,2026-03-18 12:21:28
9506,9506,197,9,2026031812,1,3,7592,0.03,,0,False,2026-03-18 12:25:28
9507,9507,228,6,2025092812,1,1,7086,0.91,3,0,True,2025-09-28 12:50:23
9508,9508,228,15,2025092812,1,1,5335,0.88,5,0,True,2025-09-28 12:54:23
9509,9509,632,19,2026032816,3,1,9261,0.89,3,0,False,2026-03-28 16:47:21
9510,9510,632,23,2026032816,3,1,13082,0.84,5,0,True,2026-03-28 16:52:21
9511,9511,632,8,2026032816,3,2,8872,0.04,1,0,False,2026-03-28 16:57:21
9512,9512,845,10,2026011420,1,1,8366,0.98,4,0,False,2026-01-14 20:27:00
9513,9513,382,4,2026030916,2,1,8043,0.97,5,0,False,2026-03-09 16:58:50
9514,9514,382,10,2026030917,2,1,14624,0.82,5,0,True,2026-03-09 17:02:50
9515,9515,267,2,2025101007,1,1,5347,0.95,4,0,True,2025-10-10 07:45:03
9516,9516,267,5,2025101007,1,1,5460,0.82,5,0,False,2025-10-10 07:47:03
9517,9517,267,9,2025101007,1,2,12348,0.3,2,0,False,2025-10-10 07:55:03
9518,9518,97,17,2026033113,1,1,10861,0.88,4,1,False,2026-03-31 13:46:44
9519,9519,97,16,2026033113,1,3,12793,0.1,2,0,False,2026-03-31 13:51:44
9520,9520,310,20,2025091904,2,1,5583,0.93,4,0,False,2025-09-19 04:26:05
9521,9521,310,5,2025091904,2,1,8783,0.85,4,0,False,2025-09-19 04:29:05
9522,9522,251,6,2026010307,4,1,11057,0.83,4,0,False,2026-01-03 07:18:21
9523,9523,226,17,2026020704,1,1,9448,0.85,4,1,True,2026-02-07 04:54:47
9524,9524,226,16,2026020704,1,3,11472,0.21,,0,False,2026-02-07 04:58:47
9525,9525,1121,2,2026022803,2,1,12123,0.9,,0,False,2026-02-28 03:09:55
9526,9526,1121,5,2026022803,2,1,12030,0.86,4,0,False,2026-02-28 03:14:55
9527,9527,1121,9,2026022803,2,1,8087,0.97,4,0,False,2026-02-28 03:15:55
9528,9528,341,9,2026011206,1,2,6064,0.31,2,0,False,2026-01-12 06:23:20
9529,9529,42,4,2026011922,2,1,7983,0.9,5,0,False,2026-01-19 22:53:56
9530,9530,42,10,2026011922,2,1,6479,0.91,4,0,False,2026-01-19 22:58:56
9531,9531,214,1,2026031605,1,1,8471,0.84,3,0,False,2026-03-16 05:53:08
9532,9532,214,3,2026031605,1,1,13553,0.88,4,0,False,2026-03-16 05:55:08
9533,9533,214,8,2026031606,1,1,11876,0.84,4,0,True,2026-03-16 06:01:08
9534,9534,271,8,2026010310,1,1,11042,0.87,,0,False,2026-01-03 10:03:18
9535,9535,7,4,2026010822,1,7,8103,0.05,1,1,False,2026-01-08 22:05:31
9536,9536,7,10,2026010822,1,4,8061,0.03,,0,False,2026-01-08 22:10:31
9537,9537,36,11,2026030212,1,1,8050,0.87,5,0,False,2026-03-02 12:53:44
9538,9538,120,1,2025121816,2,1,15244,0.89,4,0,False,2025-12-18 16:32:45
9539,9539,120,3,2025121816,2,1,4657,0.86,4,0,True,2025-12-18 16:36:45
9540,9540,120,8,2025121816,2,1,10246,0.89,4,0,False,2025-12-18 16:42:45
9541,9541,9,2,2025102600,1,1,4547,0.84,4,0,True,2025-10-26 00:29:55
9542,9542,201,2,2026012904,1,1,5336,0.88,3,0,True,2026-01-29 04:20:57
9543,9543,201,5,2026012904,1,1,11453,0.85,5,0,False,2026-01-29 04:23:57
9544,9544,201,9,2026012904,1,1,5941,0.96,5,1,True,2026-01-29 04:28:57
9545,9545,795,6,2026022708,1,1,8469,0.91,,0,False,2026-02-27 08:48:58
9546,9546,795,15,2026022708,1,5,14174,0.11,1,0,False,2026-02-27 08:50:58
9547,9547,7,1,2025120600,4,1,9948,0.84,5,0,False,2025-12-06 00:55:55
9548,9548,60,20,2026012211,1,1,6321,0.96,5,0,False,2026-01-22 11:25:40
9549,9549,60,5,2026012211,1,1,13809,0.87,4,0,False,2026-01-22 11:30:40
9550,9550,684,4,2025101506,6,1,12821,0.89,4,0,False,2025-10-15 06:55:12
9551,9551,684,10,2025101506,6,2,11553,0.19,2,0,False,2025-10-15 06:59:12
9552,9552,28,2,2025110300,1,1,5383,0.95,3,0,False,2025-11-03 00:31:41
9553,9553,28,5,2025110300,1,1,4516,0.93,4,0,False,2025-11-03 00:35:41
9554,9554,28,9,2025110300,1,1,9067,0.95,5,0,False,2025-11-03 00:39:41
9555,9555,354,13,2026011209,6,1,9931,0.96,4,0,True,2026-01-12 09:15:21
9556,9556,354,14,2026011209,6,1,4973,0.96,4,0,False,2026-01-12 09:17:21
9557,9557,92,20,2025092409,1,4,12221,0.0,2,0,False,2025-09-24 09:27:29
9558,9558,92,5,2025092409,1,1,13202,0.96,3,0,False,2025-09-24 09:31:29
9559,9559,981,21,2025120613,2,1,12271,0.87,4,0,True,2025-12-06 13:10:08
9560,9560,59,6,2025102021,1,1,10182,0.84,5,0,True,2025-10-20 21:47:16
9561,9561,59,15,2025102021,1,1,5640,0.87,4,0,True,2025-10-20 21:50:16
9562,9562,45,13,2025111806,2,1,5092,0.89,5,0,False,2025-11-18 06:42:44
9563,9563,45,14,2025111806,2,1,11607,0.94,3,1,False,2025-11-18 06:45:44
9564,9564,257,20,2025121104,1,1,5595,0.87,4,0,False,2025-12-11 04:07:28
9565,9565,257,5,2025121104,1,1,13263,0.95,5,0,False,2025-12-11 04:11:28
9566,9566,465,6,2025101318,1,1,7557,0.93,4,1,True,2025-10-13 18:22:51
9567,9567,82,19,2025092413,2,1,9118,0.84,4,0,False,2025-09-24 13:40:59
9568,9568,82,23,2025092413,2,1,12059,0.87,4,1,False,2025-09-24 13:44:59
9569,9569,82,8,2025092413,2,1,13194,0.83,4,0,False,2025-09-24 13:50:59
9570,9570,3,18,2026011223,6,1,8398,0.94,4,0,False,2026-01-12 23:31:01
9571,9571,364,1,2026012220,2,1,12132,0.92,4,0,False,2026-01-22 20:52:07
9572,9572,364,3,2026012220,2,7,8562,0.07,1,0,False,2026-01-22 20:54:07
9573,9573,364,8,2026012221,2,1,10669,0.83,5,0,False,2026-01-22 21:00:07
9574,9574,333,22,2026030122,2,1,7947,0.91,4,0,False,2026-03-01 22:25:49
9575,9575,21,15,2026010614,3,1,10134,0.86,5,0,True,2026-01-06 14:57:10
9576,9576,96,22,2025102711,1,1,11549,0.83,4,0,False,2025-10-27 11:16:15
9577,9577,112,8,2026031316,3,1,8773,0.88,4,0,False,2026-03-13 16:56:13
9578,9578,392,20,2026031318,1,1,6530,0.97,3,0,False,2026-03-13 18:18:17
9579,9579,392,5,2026031318,1,1,4308,0.83,5,0,True,2026-03-13 18:23:17
9580,9580,118,1,2026011200,3,1,11204,0.95,4,0,False,2026-01-12 00:47:35
9581,9581,217,11,2026032117,1,1,7381,0.85,5,0,False,2026-03-21 17:06:15
9582,9582,97,20,2026030609,1,1,6361,0.91,3,0,True,2026-03-06 09:52:24
9583,9583,97,5,2026030609,1,1,8059,0.94,4,0,False,2026-03-06 09:55:24
9584,9584,61,6,2025100705,1,1,9672,0.96,4,0,True,2025-10-07 05:31:50
9585,9585,61,15,2025100705,1,1,13866,0.97,5,0,True,2025-10-07 05:33:50
9586,9586,78,2,2026012000,1,3,12284,0.25,,0,False,2026-01-20 00:26:27
9587,9587,78,5,2026012000,1,1,5910,0.91,4,0,False,2026-01-20 00:29:27
9588,9588,78,9,2026012000,1,2,14574,0.27,1,0,False,2026-01-20 00:36:27
9589,9589,57,2,2025112213,1,1,6663,0.9,5,0,True,2025-11-22 13:25:04
9590,9590,57,5,2025112213,1,1,11689,0.87,4,0,False,2025-11-22 13:29:04
9591,9591,57,9,2025112213,1,1,11926,0.95,,0,True,2025-11-22 13:31:04
9592,9592,294,21,2025111108,6,1,6185,0.94,4,0,False,2025-11-11 08:16:49
9593,9593,335,9,2025120905,3,1,5397,0.95,5,0,True,2025-12-09 05:38:13
9594,9594,311,4,2025122902,3,1,12328,0.93,4,0,False,2025-12-29 02:12:48
9595,9595,311,10,2025122902,3,1,7505,0.95,4,0,False,2025-12-29 02:15:48
9596,9596,138,6,2025112222,3,1,7689,0.98,5,0,True,2025-11-22 22:45:25
9597,9597,138,15,2025112222,3,1,13284,0.85,5,1,True,2025-11-22 22:48:25
9598,9598,19,20,2025111615,6,1,12684,0.93,4,0,False,2025-11-16 15:51:18
9599,9599,19,5,2025111615,6,4,13715,0.14,1,1,False,2025-11-16 15:53:18
9600,9600,156,6,2025101307,1,1,12080,0.87,4,0,False,2025-10-13 07:59:46
9601,9601,156,15,2025101308,1,1,7197,0.97,,0,False,2025-10-13 08:04:46
9602,9602,777,2,2025111904,2,1,8602,0.95,4,0,False,2025-11-19 04:32:57
9603,9603,777,5,2025111904,2,1,5901,0.97,4,0,False,2025-11-19 04:34:57
9604,9604,777,9,2025111904,2,1,10741,0.83,,0,True,2025-11-19 04:38:57
9605,9605,178,6,2026011617,1,1,5562,0.9,3,0,False,2026-01-16 17:03:29
9606,9606,1083,13,2026020122,2,1,6339,0.93,4,1,True,2026-02-01 22:39:56
9607,9607,1083,14,2026020122,2,1,6176,0.93,3,1,False,2026-02-01 22:42:56
9608,9608,968,20,2026012014,1,1,4054,0.89,3,0,False,2026-01-20 14:31:34
9609,9609,968,5,2026012014,1,1,9580,0.9,4,0,False,2026-01-20 14:33:34
9610,9610,227,17,2025111103,2,1,13426,0.84,5,0,False,2025-11-11 03:10:37
9611,9611,227,16,2025111103,2,1,4219,0.83,5,0,True,2025-11-11 03:15:37
9612,9612,94,1,2026032020,2,1,15076,0.92,3,0,False,2026-03-20 20:48:23
9613,9613,94,3,2026032020,2,1,11405,0.83,5,0,False,2026-03-20 20:53:23
9614,9614,94,8,2026032020,2,1,3787,0.98,5,0,False,2026-03-20 20:58:23
9615,9615,380,19,2026022709,2,1,5629,0.9,4,0,False,2026-02-27 09:52:41
9616,9616,380,23,2026022709,2,1,12781,0.84,4,0,False,2026-02-27 09:55:41
9617,9617,380,8,2026022710,2,1,14065,0.84,,0,False,2026-02-27 10:02:41
9618,9618,1194,6,2025112618,3,1,12443,0.89,4,1,False,2025-11-26 18:23:01
9619,9619,195,17,2025111313,2,1,12259,0.9,3,0,False,2025-11-13 13:08:01
9620,9620,195,16,2025111313,2,1,5134,0.96,4,0,False,2025-11-13 13:10:01
9621,9621,203,19,2025110512,2,3,8661,0.07,,0,False,2025-11-05 12:20:10
9622,9622,203,23,2025110512,2,1,7798,0.91,,0,False,2025-11-05 12:23:10
9623,9623,203,8,2025110512,2,1,8240,0.84,5,0,True,2025-11-05 12:28:10
9624,9624,33,6,2026020803,3,1,8211,0.83,,0,False,2026-02-08 03:11:27
9625,9625,33,15,2026020803,3,4,12271,0.01,2,0,False,2026-02-08 03:15:27
9626,9626,644,4,2025091811,3,1,12507,0.9,4,0,False,2025-09-18 11:09:58
9627,9627,644,10,2025091811,3,1,5595,0.89,5,0,False,2025-09-18 11:12:58
9628,9628,17,17,2026012404,3,6,4365,0.0,,0,False,2026-01-24 04:18:47
9629,9629,17,16,2026012404,3,1,5105,0.92,3,0,False,2026-01-24 04:20:47
9630,9630,407,13,2025100208,3,1,10553,0.91,5,0,False,2025-10-02 08:21:22
9631,9631,407,14,2025100208,3,7,9923,0.2,1,0,False,2025-10-02 08:23:22
9632,9632,60,19,2025123008,1,1,14943,0.92,4,0,False,2025-12-30 08:13:22
9633,9633,60,23,2025123008,1,1,6188,0.95,4,1,True,2025-12-30 08:18:22
9634,9634,60,8,2025123008,1,1,10977,0.96,,0,False,2025-12-30 08:23:22
9635,9635,113,9,2025100702,1,1,9054,0.87,4,0,True,2025-10-07 02:25:51
9636,9636,199,19,2026012512,3,1,8154,0.97,4,0,False,2026-01-25 12:04:26
9637,9637,199,23,2026012512,3,1,4978,0.96,,1,False,2026-01-25 12:09:26
9638,9638,199,8,2026012512,3,1,5094,0.89,4,0,False,2026-01-25 12:12:26
9639,9639,110,19,2025122714,1,1,9419,0.89,,0,False,2025-12-27 14:32:46
9640,9640,110,23,2025122714,1,1,4427,0.89,3,0,False,2025-12-27 14:34:46
9641,9641,110,8,2025122714,1,1,9956,0.85,5,0,False,2025-12-27 14:42:46
9642,9642,19,22,2025122122,1,1,10126,0.86,3,0,True,2025-12-21 22:27:30
9643,9643,246,15,2025120408,1,1,12952,0.92,5,1,False,2025-12-04 08:17:19
9644,9644,92,2,2026021313,1,1,14017,0.86,3,0,False,2026-02-13 13:44:52
9645,9645,92,5,2026021313,1,1,4380,0.92,,0,False,2026-02-13 13:48:52
9646,9646,92,9,2026021313,1,1,9444,0.85,5,0,False,2026-02-13 13:52:52
9647,9647,348,8,2025101308,6,1,10410,0.84,5,0,True,2025-10-13 08:13:44
9648,9648,980,2,2025120611,1,1,11146,0.85,4,0,False,2025-12-06 11:40:35
9649,9649,980,5,2025120611,1,1,10025,0.97,4,0,False,2025-12-06 11:45:35
9650,9650,980,9,2025120611,1,1,7380,0.94,4,0,False,2025-12-06 11:50:35
9651,9651,518,23,2025111208,1,1,11849,0.85,4,0,False,2025-11-12 08:42:21
9652,9652,48,21,2025110508,4,1,14215,0.94,4,0,False,2025-11-05 08:52:00
9653,9653,277,15,2025112913,1,1,4322,0.93,4,0,False,2025-11-29 13:55:43
9654,9654,307,4,2026031120,2,1,5068,0.84,5,0,True,2026-03-11 20:35:42
9655,9655,307,10,2026031120,2,1,14399,0.96,5,0,True,2026-03-11 20:40:42
9656,9656,367,25,2026020105,1,1,5213,0.92,3,0,True,2026-02-01 05:24:00
9657,9657,279,8,2025111517,1,3,5190,0.09,1,1,False,2025-11-15 17:11:00
9658,9658,614,1,2025102020,1,1,8670,0.95,3,0,False,2025-10-20 20:28:50
9659,9659,614,3,2025102020,1,1,9833,0.96,5,1,False,2025-10-20 20:33:50
9660,9660,614,8,2025102020,1,1,12507,0.88,4,0,False,2025-10-20 20:38:50
9661,9661,114,19,2026012207,1,1,14660,0.85,3,0,False,2026-01-22 07:27:00
9662,9662,114,23,2026012207,1,1,13092,0.95,5,0,False,2026-01-22 07:29:00
9663,9663,114,8,2026012207,1,6,7967,0.0,,0,False,2026-01-22 07:35:00
9664,9664,266,4,2026022716,1,1,10138,0.97,3,0,False,2026-02-27 16:50:43
9665,9665,266,10,2026022716,1,1,12963,0.94,5,0,False,2026-02-27 16:53:43
9666,9666,6,19,2025121021,3,1,11145,0.9,5,0,False,2025-12-10 21:55:22
9667,9667,6,23,2025121021,3,1,13302,0.84,5,0,True,2025-12-10 21:59:22
9668,9668,6,8,2025121022,3,1,14166,0.91,4,0,False,2025-12-10 22:01:22
9669,9669,6,4,2025112716,1,1,11379,0.86,4,0,False,2025-11-27 16:55:33
9670,9670,6,10,2025112716,1,1,7335,0.84,5,0,True,2025-11-27 16:57:33
9671,9671,564,19,2026011502,1,1,13129,0.86,5,0,False,2026-01-15 02:25:38
9672,9672,327,6,2026030609,1,1,13292,0.88,5,0,False,2026-03-06 09:24:13
9673,9673,327,15,2026030609,1,7,12087,0.23,1,0,False,2026-03-06 09:29:13
9674,9674,629,17,2026021309,2,1,9797,0.94,4,0,False,2026-02-13 09:44:06
9675,9675,629,16,2026021309,2,1,12295,0.83,4,0,False,2026-02-13 09:48:06
9676,9676,338,17,2025121222,4,1,5160,0.95,4,0,False,2025-12-12 22:48:36
9677,9677,338,16,2025121222,4,1,4448,0.85,5,0,True,2025-12-12 22:50:36
9678,9678,356,17,2026032219,1,1,7103,0.94,5,0,False,2026-03-22 19:11:17
9679,9679,356,16,2026032219,1,1,7029,0.98,4,0,False,2026-03-22 19:16:17
9680,9680,116,7,2026030720,1,1,9441,0.9,4,0,False,2026-03-07 20:22:04
9681,9681,27,12,2025120210,2,1,11131,0.85,4,0,False,2025-12-02 10:06:31
9682,9682,60,4,2026020404,3,1,15102,0.84,4,0,False,2026-02-04 04:06:23
9683,9683,60,10,2026020404,3,1,13636,0.92,5,0,False,2026-02-04 04:09:23
9684,9684,353,1,2026032018,1,1,8031,0.96,5,0,True,2026-03-20 18:11:34
9685,9685,353,3,2026032018,1,1,5580,0.92,5,0,False,2026-03-20 18:16:34
9686,9686,353,8,2026032018,1,1,12391,0.93,4,0,True,2026-03-20 18:19:34
9687,9687,861,20,2025122817,1,1,7376,0.96,5,0,False,2025-12-28 17:00:55
9688,9688,861,5,2025122817,1,1,4139,0.85,,0,False,2025-12-28 17:02:55
9689,9689,92,12,2026022318,1,1,8863,0.98,4,0,False,2026-02-23 18:52:41
9690,9690,120,6,2025103115,4,1,11064,0.98,5,0,True,2025-10-31 15:13:53
9691,9691,723,21,2026030403,1,2,9589,0.28,1,0,False,2026-03-04 03:35:28
9692,9692,368,1,2026032101,1,1,14812,0.85,5,1,True,2026-03-21 01:35:07
9693,9693,368,3,2026032101,1,3,5985,0.25,,0,False,2026-03-21 01:40:07
9694,9694,368,8,2026032101,1,1,13196,0.94,4,0,False,2026-03-21 01:43:07
9695,9695,52,2,2025100922,1,5,6853,0.06,1,0,False,2025-10-09 22:09:31
9696,9696,52,5,2025100922,1,3,8523,0.16,,0,False,2025-10-09 22:12:31
9697,9697,52,9,2025100922,1,1,5990,0.88,4,0,False,2025-10-09 22:19:31
9698,9698,50,19,2026021716,3,1,6612,0.93,4,0,True,2026-02-17 16:56:44
9699,9699,50,23,2026021717,3,1,10530,0.84,3,0,False,2026-02-17 17:00:44
9700,9700,50,8,2026021717,3,1,8038,0.89,4,0,True,2026-02-17 17:00:44
9701,9701,941,20,2026021601,1,1,5360,0.92,5,1,True,2026-02-16 01:11:06
9702,9702,941,5,2026021601,1,5,7388,0.2,2,0,False,2026-02-16 01:16:06
9703,9703,27,11,2026032414,4,1,8324,0.94,4,0,False,2026-03-24 14:49:43
9704,9704,1118,6,2025120907,3,1,10742,0.87,5,0,True,2025-12-09 07:31:55
9705,9705,1118,15,2025120907,3,2,9360,0.05,1,0,False,2025-12-09 07:36:55
9706,9706,222,1,2025102521,2,1,11003,0.95,5,0,True,2025-10-25 21:31:55
9707,9707,38,2,2025121015,1,1,14197,0.93,4,0,False,2025-12-10 15:32:53
9708,9708,38,5,2025121015,1,1,10829,0.95,5,0,True,2025-12-10 15:36:53
9709,9709,38,9,2025121015,1,1,8189,0.92,5,0,True,2025-12-10 15:38:53
9710,9710,10,3,2026020202,3,1,6196,0.89,4,0,True,2026-02-02 02:49:32
9711,9711,547,13,2025111615,1,1,11681,0.96,5,0,True,2025-11-16 15:42:03
9712,9712,547,14,2025111615,1,1,12377,0.94,4,0,False,2025-11-16 15:46:03
9713,9713,68,6,2026020411,1,1,7255,0.9,5,0,True,2026-02-04 11:10:17
9714,9714,68,15,2026020411,1,1,4536,0.97,4,0,False,2026-02-04 11:13:17
9715,9715,6,1,2025112103,2,1,6373,0.95,4,0,False,2025-11-21 03:43:55
9716,9716,464,4,2026012304,1,3,14379,0.23,2,0,False,2026-01-23 04:40:25
9717,9717,464,10,2026012304,1,1,9240,0.82,5,0,False,2026-01-23 04:43:25
9718,9718,118,24,2026013020,5,1,12957,0.97,4,0,False,2026-01-30 20:28:18
9719,9719,339,2,2025121609,1,1,7672,0.91,3,0,False,2025-12-16 09:30:27
9720,9720,345,17,2026012104,1,1,6732,0.94,5,0,True,2026-01-21 04:36:25
9721,9721,345,16,2026012104,1,1,9186,0.85,5,0,False,2026-01-21 04:38:25
9722,9722,111,6,2026032020,2,1,12249,0.96,4,0,True,2026-03-20 20:10:42
9723,9723,111,15,2026032020,2,2,5011,0.14,,0,False,2026-03-20 20:13:42
9724,9724,146,6,2026021008,1,1,9556,0.97,4,0,False,2026-02-10 08:19:03
9725,9725,146,15,2026021008,1,4,7772,0.27,1,0,False,2026-02-10 08:23:03
9726,9726,248,24,2026012217,1,6,14427,0.0,2,0,False,2026-01-22 17:35:18
9727,9727,10,19,2025091816,5,1,10938,0.94,5,0,False,2025-09-18 16:07:23
9728,9728,10,23,2025091816,5,1,12377,0.91,4,0,True,2025-09-18 16:11:23
9729,9729,10,8,2025091816,5,1,6783,0.91,4,0,False,2025-09-18 16:17:23
9730,9730,34,19,2025122917,2,1,11066,0.88,5,0,False,2025-12-29 17:36:28
9731,9731,272,3,2026031618,1,6,8678,0.0,,0,False,2026-03-16 18:24:17
9732,9732,587,17,2026022608,1,1,13042,0.95,5,0,True,2026-02-26 08:11:10
9733,9733,587,16,2026022608,1,1,10288,0.94,4,0,False,2026-02-26 08:14:10
9734,9734,372,14,2025111102,1,1,4603,0.95,5,0,True,2025-11-11 02:52:30
9735,9735,61,17,2026021510,1,1,6987,0.92,3,1,False,2026-02-15 10:13:11
9736,9736,60,8,2025100222,1,1,4420,0.94,5,1,True,2025-10-02 22:06:50
9737,9737,206,6,2026022609,1,1,8050,0.98,3,0,False,2026-02-26 09:55:46
9738,9738,206,15,2026022609,1,1,12687,0.95,,0,False,2026-02-26 09:59:46
9739,9739,135,22,2026021617,6,1,15332,0.94,4,0,False,2026-02-16 17:20:52
9740,9740,658,25,2026022717,5,1,13570,0.92,5,0,False,2026-02-27 17:54:40
9741,9741,297,22,2026021606,3,1,12153,0.9,3,0,False,2026-02-16 06:48:29
9742,9742,673,1,2025122519,2,1,10232,0.91,4,0,False,2025-12-25 19:01:40
9743,9743,673,3,2025122519,2,1,5113,0.83,4,0,False,2025-12-25 19:04:40
9744,9744,673,8,2025122519,2,1,4145,0.86,4,0,False,2025-12-25 19:05:40
9745,9745,361,17,2026020210,2,1,9087,0.91,5,0,True,2026-02-02 10:23:53
9746,9746,361,16,2026020210,2,2,12686,0.31,2,0,False,2026-02-02 10:28:53
9747,9747,350,12,2026032212,2,1,8557,0.84,5,0,False,2026-03-22 12:34:28
9748,9748,55,19,2026032006,1,1,13793,0.92,3,0,True,2026-03-20 06:39:05
9749,9749,245,19,2025121521,1,1,12680,0.85,4,0,True,2025-12-15 21:35:15
9750,9750,245,23,2025121521,1,6,6283,0.0,,0,False,2025-12-15 21:38:15
9751,9751,245,8,2025121521,1,7,13552,0.24,1,0,False,2025-12-15 21:39:15
9752,9752,516,19,2026033116,1,1,14874,0.93,5,0,True,2026-03-31 16:54:53
9753,9753,516,23,2026033116,1,4,7791,0.34,,0,False,2026-03-31 16:57:53
9754,9754,516,8,2026033117,1,1,7055,0.85,3,1,True,2026-03-31 17:02:53
9755,9755,317,19,2025110613,1,1,11247,0.96,4,0,False,2025-11-06 13:00:28
9756,9756,317,23,2025110613,1,1,6891,0.94,,0,True,2025-11-06 13:05:28
9757,9757,317,8,2025110613,1,1,4201,0.97,4,1,False,2025-11-06 13:08:28
9758,9758,300,20,2026011911,1,1,9950,0.94,5,0,False,2026-01-19 11:32:41
9759,9759,99,4,2026012322,1,1,5976,0.86,5,0,False,2026-01-23 22:31:52
9760,9760,99,10,2026012322,1,1,11681,0.9,4,0,False,2026-01-23 22:36:52
9761,9761,40,13,2026012322,2,1,10167,0.92,4,0,False,2026-01-23 22:58:37
9762,9762,40,14,2026012323,2,1,12231,0.89,4,0,False,2026-01-23 23:01:37
9763,9763,3,2,2026022115,1,1,10558,0.95,5,0,True,2026-02-21 15:41:43
9764,9764,3,5,2026022115,1,2,12338,0.22,1,0,False,2026-02-21 15:44:43
9765,9765,3,9,2026022115,1,1,5028,0.84,5,0,True,2026-02-21 15:51:43
9766,9766,255,13,2026021111,3,1,11093,0.95,5,0,False,2026-02-11 11:31:44
9767,9767,364,1,2025090914,1,1,14711,0.83,4,0,False,2025-09-09 14:12:36
9768,9768,364,3,2025090914,1,1,13864,0.84,,0,False,2025-09-09 14:15:36
9769,9769,364,8,2025090914,1,1,9617,0.87,5,1,True,2025-09-09 14:16:36
9770,9770,277,8,2025110416,2,1,13027,0.94,5,1,False,2025-11-04 16:20:41
9771,9771,276,4,2026012201,5,1,7555,0.82,5,0,False,2026-01-22 01:31:09
9772,9772,276,10,2026012201,5,1,14626,0.83,4,0,False,2026-01-22 01:35:09
9773,9773,1095,4,2026010407,3,1,15329,0.88,4,0,False,2026-01-04 07:26:37
9774,9774,1095,10,2026010407,3,1,13825,0.83,4,0,False,2026-01-04 07:28:37
9775,9775,55,12,2025110704,6,1,11717,0.84,4,1,False,2025-11-07 04:05:21
9776,9776,97,10,2026031207,2,1,14018,0.92,5,0,True,2026-03-12 07:10:15
9777,9777,3,8,2026020805,2,1,4453,0.95,4,0,False,2026-02-08 05:02:28
9778,9778,195,21,2026030619,2,2,11191,0.29,1,1,False,2026-03-06 19:52:27
9779,9779,443,4,2025122704,1,1,5359,0.95,4,0,False,2025-12-27 04:36:31
9780,9780,331,6,2025121721,2,6,6574,0.0,,0,False,2025-12-17 21:29:43
9781,9781,331,15,2025121721,2,6,13077,0.0,,0,False,2025-12-17 21:34:43
9782,9782,803,6,2025101603,1,1,7097,0.92,5,0,False,2025-10-16 03:47:13
9783,9783,803,15,2025101603,1,1,9148,0.85,,0,False,2025-10-16 03:50:13
9784,9784,334,2,2026011304,1,1,7472,0.88,4,0,False,2026-01-13 04:58:00
9785,9785,655,2,2025101620,2,1,11641,0.97,5,0,False,2025-10-16 20:19:47
9786,9786,655,5,2025101620,2,3,5106,0.06,2,0,False,2025-10-16 20:21:47
9787,9787,655,9,2025101620,2,6,9984,0.0,2,0,False,2025-10-16 20:23:47
9788,9788,38,20,2025111710,2,1,8068,0.84,4,0,False,2025-11-17 10:09:52
9789,9789,38,5,2025111710,2,1,4858,0.93,,0,False,2025-11-17 10:13:52
9790,9790,550,3,2026032023,2,2,12623,0.28,2,0,False,2026-03-20 23:19:30
9791,9791,32,6,2026013009,1,1,6490,0.92,5,1,False,2026-01-30 09:42:09
9792,9792,32,15,2026013009,1,1,11108,0.85,4,0,False,2026-01-30 09:44:09
9793,9793,1151,19,2025101518,2,1,9909,0.85,3,0,True,2025-10-15 18:36:51
9794,9794,1151,23,2025101518,2,1,4043,0.89,5,0,False,2025-10-15 18:41:51
9795,9795,1151,8,2025101518,2,1,6078,0.94,4,1,False,2025-10-15 18:44:51
9796,9796,181,19,2026012210,1,1,6969,0.88,3,0,True,2026-01-22 10:47:28
9797,9797,181,23,2026012210,1,1,7951,0.84,4,0,False,2026-01-22 10:50:28
9798,9798,181,8,2026012210,1,6,5446,0.0,1,0,False,2026-01-22 10:51:28
9799,9799,276,18,2025122017,2,1,10264,0.85,4,1,True,2025-12-20 17:31:03
9800,9800,125,17,2025092222,1,1,12922,0.86,5,0,True,2025-09-22 22:36:14
9801,9801,125,16,2025092222,1,1,10763,0.92,3,0,False,2025-09-22 22:40:14
9802,9802,535,6,2025111120,1,1,13212,0.89,5,0,True,2025-11-11 20:09:21
9803,9803,535,15,2025111120,1,1,3732,0.93,4,0,False,2025-11-11 20:12:21
9804,9804,865,9,2026022112,1,1,9248,0.9,5,0,False,2026-02-21 12:04:46
9805,9805,1058,14,2025122622,1,1,4130,0.86,4,0,True,2025-12-26 22:49:22
9806,9806,277,10,2026020601,2,1,14928,0.93,4,1,False,2026-02-06 01:15:37
9807,9807,354,6,2026010514,2,1,9634,0.9,,0,False,2026-01-05 14:22:26
9808,9808,20,2,2026031406,1,1,13582,0.91,5,0,False,2026-03-14 06:05:17
9809,9809,20,5,2026031406,1,1,13758,0.88,4,0,False,2026-03-14 06:10:17
9810,9810,20,9,2026031406,1,1,10254,0.83,4,0,False,2026-03-14 06:13:17
9811,9811,1064,9,2026032715,1,1,5597,0.92,5,0,False,2026-03-27 15:19:16
9812,9812,129,17,2026032018,4,1,8949,0.98,4,0,False,2026-03-20 18:12:36
9813,9813,129,16,2026032018,4,1,12239,0.92,4,0,False,2026-03-20 18:14:36
9814,9814,420,4,2025120307,1,1,8889,0.83,4,0,False,2025-12-03 07:33:38
9815,9815,420,10,2025120307,1,1,12223,0.85,3,0,False,2025-12-03 07:38:38
9816,9816,36,16,2025110809,4,1,10112,0.94,4,1,True,2025-11-08 09:55:58
9817,9817,374,2,2025092013,3,3,6830,0.34,,0,False,2025-09-20 13:15:15
9818,9818,374,5,2025092013,3,1,7065,0.94,4,0,False,2025-09-20 13:17:15
9819,9819,374,9,2025092013,3,1,12540,0.88,,0,False,2025-09-20 13:21:15
9820,9820,544,4,2025110500,2,1,8330,0.86,4,0,False,2025-11-05 00:52:33
9821,9821,544,10,2025110500,2,1,14199,0.86,3,0,False,2025-11-05 00:54:33
9822,9822,29,1,2026010713,2,1,12748,0.97,5,0,True,2026-01-07 13:13:31
9823,9823,29,3,2026010713,2,1,3785,0.83,5,1,True,2026-01-07 13:16:31
9824,9824,29,8,2026010713,2,1,6494,0.91,5,0,False,2026-01-07 13:21:31
9825,9825,429,17,2026021413,1,1,12434,0.96,4,0,True,2026-02-14 13:26:00
9826,9826,429,16,2026021413,1,1,4860,0.86,4,0,False,2026-02-14 13:30:00
9827,9827,96,4,2026032111,2,1,13620,0.84,5,0,False,2026-03-21 11:10:03
9828,9828,96,10,2026032111,2,1,8812,0.89,4,0,True,2026-03-21 11:14:03
9829,9829,32,6,2025101209,1,3,12328,0.02,2,0,False,2025-10-12 09:28:11
9830,9830,32,15,2025101209,1,1,7820,0.88,4,0,False,2025-10-12 09:33:11
9831,9831,399,16,2025122405,2,1,8484,0.88,4,0,False,2025-12-24 05:24:10
9832,9832,881,12,2025122011,1,1,9290,0.83,5,0,True,2025-12-20 11:46:15
9833,9833,236,4,2025112007,1,1,13687,0.82,5,0,True,2025-11-20 07:19:19
9834,9834,236,10,2025112007,1,1,15157,0.83,,0,False,2025-11-20 07:23:19
9835,9835,155,22,2025120116,6,1,8111,0.84,4,0,True,2025-12-01 16:24:45
9836,9836,176,4,2026011716,1,6,5594,0.0,2,1,False,2026-01-17 16:02:48
9837,9837,411,6,2025122300,1,1,4318,0.93,4,0,False,2025-12-23 00:50:30
9838,9838,411,15,2025122300,1,1,6871,0.91,5,0,False,2025-12-23 00:53:30
9839,9839,1037,9,2026022108,2,1,5688,0.97,5,0,False,2026-02-21 08:03:02
9840,9840,20,1,2026021403,2,1,14620,0.94,,0,True,2026-02-14 03:40:25
9841,9841,20,3,2026021403,2,1,6329,0.92,4,1,False,2026-02-14 03:45:25
9842,9842,20,8,2026021403,2,1,3915,0.85,3,0,False,2026-02-14 03:44:25
9843,9843,384,4,2026012611,1,1,10300,0.93,5,0,True,2026-01-26 11:44:42
9844,9844,762,1,2025101101,2,1,7222,0.89,3,0,False,2025-10-11 01:02:50
9845,9845,16,2,2025110317,2,1,11739,0.91,5,0,True,2025-11-03 17:06:27
9846,9846,16,5,2025110317,2,1,12296,0.96,5,0,False,2025-11-03 17:09:27
9847,9847,16,9,2025110317,2,1,14748,0.94,,0,True,2025-11-03 17:10:27
9848,9848,864,19,2026020815,5,1,9177,0.95,5,0,False,2026-02-08 15:10:27
9849,9849,87,6,2025120318,1,5,10031,0.05,1,0,False,2025-12-03 18:41:06
9850,9850,87,15,2025120318,1,1,4783,0.9,4,0,True,2025-12-03 18:44:06
9851,9851,563,20,2026021504,1,1,5512,0.96,5,0,True,2026-02-15 04:06:07
9852,9852,563,5,2026021504,1,1,4711,0.88,4,0,False,2026-02-15 04:09:07
9853,9853,69,1,2026022111,1,3,15078,0.21,,0,False,2026-02-21 11:44:45
9854,9854,69,3,2026022111,1,1,8018,0.97,4,0,False,2026-02-21 11:49:45
9855,9855,69,8,2026022111,1,1,10241,0.92,5,0,False,2026-02-21 11:48:45
9856,9856,369,6,2025111007,1,1,5005,0.84,5,0,False,2025-11-10 07:08:31
9857,9857,369,15,2025111007,1,1,13647,0.9,5,0,False,2025-11-10 07:12:31
9858,9858,70,6,2026030911,1,1,10496,0.98,4,0,False,2026-03-09 11:57:31
9859,9859,70,15,2026030912,1,4,9094,0.31,2,0,False,2026-03-09 12:01:31
9860,9860,497,2,2025111201,1,1,12184,0.86,4,0,False,2025-11-12 01:53:09
9861,9861,497,5,2025111201,1,1,11707,0.85,5,0,False,2025-11-12 01:57:09
9862,9862,497,9,2025111201,1,1,15353,0.82,5,1,True,2025-11-12 01:57:09
9863,9863,78,2,2026032502,2,1,5011,0.92,4,0,False,2026-03-25 02:14:47
9864,9864,78,5,2026032502,2,1,7176,0.91,4,0,False,2026-03-25 02:18:47
9865,9865,78,9,2026032502,2,1,10000,0.86,5,0,False,2026-03-25 02:24:47
9866,9866,117,6,2026030714,4,1,12785,0.92,4,0,True,2026-03-07 14:37:13
9867,9867,117,15,2026030714,4,1,5598,0.98,3,0,True,2026-03-07 14:42:13
9868,9868,332,4,2025110706,2,1,8685,0.95,4,0,False,2025-11-07 06:55:11
9869,9869,20,4,2025120901,4,1,11475,0.93,,0,True,2025-12-09 01:58:14
9870,9870,20,10,2025120902,4,1,14994,0.97,4,1,False,2025-12-09 02:01:14
9871,9871,54,1,2025092717,1,1,6207,0.86,4,0,False,2025-09-27 17:20:15
9872,9872,54,3,2025092717,1,1,6475,0.94,5,0,False,2025-09-27 17:23:15
9873,9873,54,8,2025092717,1,1,5393,0.82,5,0,False,2025-09-27 17:30:15
9874,9874,231,6,2025092919,1,1,9208,0.86,3,0,False,2025-09-29 19:38:05
9875,9875,231,15,2025092919,1,1,7519,0.82,5,0,False,2025-09-29 19:42:05
9876,9876,10,1,2025101100,1,3,5795,0.28,,0,False,2025-10-11 00:24:08
9877,9877,10,3,2025101100,1,7,13448,0.32,2,2,False,2025-10-11 00:28:08
9878,9878,10,8,2025101100,1,1,5602,0.93,4,1,False,2025-10-11 00:32:08
9879,9879,526,9,2026012011,1,1,6777,0.89,5,0,False,2026-01-20 11:59:28
9880,9880,239,24,2026022411,1,1,14675,0.94,4,0,False,2026-02-24 11:27:50
9881,9881,168,2,2025111801,1,2,4956,0.16,2,1,False,2025-11-18 01:54:21
9882,9882,168,5,2025111801,1,1,7611,0.97,4,0,True,2025-11-18 01:57:21
9883,9883,168,9,2025111802,1,1,14479,0.92,5,0,True,2025-11-18 02:04:21
9884,9884,66,4,2026030602,6,1,5131,0.88,4,0,False,2026-03-06 02:12:18
9885,9885,66,10,2026030602,6,1,10682,0.92,4,0,True,2026-03-06 02:16:18
9886,9886,59,14,2026010223,1,1,6474,0.96,5,0,True,2026-01-02 23:24:19
9887,9887,515,4,2026021913,4,7,7351,0.34,,0,False,2026-02-19 13:07:49
9888,9888,515,10,2026021913,4,1,11677,0.85,4,0,False,2026-02-19 13:11:49
9889,9889,256,6,2025121703,1,1,10058,0.9,5,0,False,2025-12-17 03:38:34
9890,9890,256,15,2025121703,1,4,13584,0.2,2,0,False,2025-12-17 03:40:34
9891,9891,78,1,2025111321,4,1,12413,0.95,5,0,True,2025-11-13 21:53:10
9892,9892,78,3,2025111321,4,1,14188,0.86,,0,False,2025-11-13 21:56:10
9893,9893,78,8,2025111321,4,1,5216,0.94,5,0,True,2025-11-13 21:57:10
9894,9894,603,2,2025121920,2,1,8655,0.89,3,0,False,2025-12-19 20:30:04
9895,9895,603,5,2025121920,2,1,10636,0.92,4,0,False,2025-12-19 20:32:04
9896,9896,603,9,2025121920,2,1,6886,0.82,,0,False,2025-12-19 20:36:04
9897,9897,1154,2,2026031504,2,1,11321,0.94,5,0,True,2026-03-15 04:56:33
9898,9898,117,2,2026021803,2,1,9251,0.82,5,0,True,2026-02-18 03:36:06
9899,9899,326,2,2025120510,3,1,4525,0.95,4,0,False,2025-12-05 10:17:58
9900,9900,326,5,2025120510,3,1,11628,0.91,4,0,False,2025-12-05 10:22:58
9901,9901,326,9,2025120510,3,1,7628,0.88,3,0,False,2025-12-05 10:27:58
9902,9902,272,13,2025122319,2,1,5863,0.83,,0,False,2025-12-23 19:29:46
9903,9903,272,14,2025122319,2,1,9207,0.84,4,0,False,2025-12-23 19:31:46
9904,9904,4,20,2026031423,2,1,3963,0.85,4,0,False,2026-03-14 23:48:19
9905,9905,4,5,2026031423,2,1,10210,0.96,5,0,False,2026-03-14 23:50:19
9906,9906,17,5,2025121719,5,1,11762,0.84,5,0,True,2025-12-17 19:51:34
9907,9907,157,18,2025102614,1,2,12365,0.27,,0,False,2025-10-26 14:27:48
9908,9908,1012,1,2026032822,2,1,9901,0.93,4,1,False,2026-03-28 22:53:13
9909,9909,12,16,2025110512,5,1,8381,0.98,4,0,False,2025-11-05 12:30:26
9910,9910,330,13,2025091311,2,1,9933,0.93,4,0,False,2025-09-13 11:39:20
9911,9911,330,14,2025091311,2,1,8589,0.85,5,0,True,2025-09-13 11:43:20
9912,9912,174,18,2025092320,4,2,4833,0.28,,0,False,2025-09-23 20:56:35
9913,9913,99,18,2026030418,1,1,9246,0.9,4,0,False,2026-03-04 18:56:48
9914,9914,72,6,2025101216,1,1,12889,0.95,3,0,False,2025-10-12 16:32:49
9915,9915,72,15,2025101216,1,1,4904,0.85,3,0,False,2025-10-12 16:36:49
9916,9916,166,19,2025101421,2,1,15407,0.94,5,0,True,2025-10-14 21:38:10
9917,9917,166,23,2025101421,2,1,12030,0.85,4,0,False,2025-10-14 21:40:10
9918,9918,166,8,2025101421,2,1,13491,0.96,4,0,False,2025-10-14 21:44:10
9919,9919,295,21,2026011702,1,1,12064,0.9,4,0,True,2026-01-17 02:56:43
9920,9920,45,6,2025122807,1,1,6772,0.87,4,0,False,2025-12-28 07:51:43
9921,9921,45,15,2025122807,1,1,10385,0.84,5,0,True,2025-12-28 07:55:43
9922,9922,157,1,2026032422,2,1,9886,0.94,4,0,False,2026-03-24 22:09:39
9923,9923,157,3,2026032422,2,1,10032,0.86,5,0,False,2026-03-24 22:13:39
9924,9924,157,8,2026032422,2,1,3748,0.97,3,0,False,2026-03-24 22:15:39
9925,9925,1,21,2025112412,2,1,9355,0.97,4,0,True,2025-11-24 12:49:21
9926,9926,203,13,2026012314,5,1,12988,0.94,5,0,False,2026-01-23 14:33:00
9927,9927,203,14,2026012314,5,1,11781,0.83,5,0,False,2026-01-23 14:35:00
9928,9928,400,1,2026012007,1,1,5793,0.84,4,1,True,2026-01-20 07:56:08
9929,9929,400,3,2026012007,1,1,12855,0.97,4,0,False,2026-01-20 07:58:08
9930,9930,400,8,2026012008,1,1,5826,0.84,4,1,False,2026-01-20 08:00:08
9931,9931,1026,17,2025121118,6,1,14116,0.95,5,0,False,2025-12-11 18:09:50
9932,9932,1026,16,2025121118,6,1,12340,0.83,4,0,True,2025-12-11 18:14:50
9933,9933,5,2,2025100303,1,3,10864,0.29,1,0,False,2025-10-03 03:26:57
9934,9934,5,5,2025100303,1,1,6112,0.86,4,0,False,2025-10-03 03:30:57
9935,9935,5,9,2025100303,1,5,8649,0.14,2,0,False,2025-10-03 03:34:57
9936,9936,10,24,2026022510,2,4,14276,0.06,1,1,False,2026-02-25 10:41:34
9937,9937,32,18,2026032808,1,1,6177,0.96,3,0,True,2026-03-28 08:12:40
9938,9938,820,6,2026012309,3,1,8233,0.88,4,0,True,2026-01-23 09:37:52
9939,9939,820,15,2026012309,3,1,11407,0.92,4,0,False,2026-01-23 09:42:52
9940,9940,95,1,2026012121,4,1,12709,0.94,,0,False,2026-01-21 21:08:41
9941,9941,95,3,2026012121,4,1,12465,0.85,3,0,False,2026-01-21 21:11:41
9942,9942,95,8,2026012121,4,1,5040,0.96,4,0,True,2026-01-21 21:16:41
9943,9943,280,22,2026022620,2,1,6301,0.94,4,0,False,2026-02-26 20:37:06
9944,9944,831,13,2026020410,3,1,7027,0.83,5,0,False,2026-02-04 10:47:18
9945,9945,831,14,2026020410,3,1,3857,0.95,4,1,True,2026-02-04 10:52:18
9946,9946,46,7,2025101705,2,1,7021,0.91,,0,False,2025-10-17 05:51:27
9947,9947,171,7,2026033108,2,1,7097,0.89,4,0,False,2026-03-31 08:42:01
9948,9948,320,18,2026032410,2,1,7279,0.88,4,0,False,2026-03-24 10:41:10
9949,9949,362,6,2026022704,1,1,11999,0.93,5,0,True,2026-02-27 04:20:34
9950,9950,362,15,2026022704,1,1,13263,0.97,4,0,False,2026-02-27 04:24:34
9951,9951,1184,7,2026010120,1,1,4172,0.97,4,0,False,2026-01-01 20:42:37
9952,9952,270,16,2026012907,2,1,10270,0.96,5,0,False,2026-01-29 07:46:22
9953,9953,272,1,2025122806,4,1,7814,0.92,5,0,True,2025-12-28 06:13:09
9954,9954,272,3,2025122806,4,1,10683,0.95,5,0,False,2025-12-28 06:16:09
9955,9955,272,8,2025122806,4,1,9177,0.87,4,0,False,2025-12-28 06:23:09
9956,9956,46,24,2025121411,3,1,13644,0.95,4,0,False,2025-12-14 11:35:28
9957,9957,517,13,2025112720,1,3,7303,0.3,,0,False,2025-11-27 20:37:56
9958,9958,517,14,2025112720,1,4,8855,0.23,1,2,False,2025-11-27 20:40:56
9959,9959,178,25,2026012210,4,1,6494,0.85,5,0,False,2026-01-22 10:12:21
9960,9960,120,20,2025112214,3,1,10933,0.83,3,0,False,2025-11-22 14:19:08
9961,9961,120,5,2025112214,3,3,13268,0.21,,0,False,2025-11-22 14:21:08
9962,9962,25,15,2026020117,2,1,9001,0.86,5,0,False,2026-02-01 17:11:58
9963,9963,76,19,2026010603,4,1,10591,0.95,4,0,False,2026-01-06 03:52:05
9964,9964,254,19,2025101202,2,1,14566,0.97,5,0,True,2025-10-12 02:38:42
9965,9965,254,23,2025101202,2,1,9356,0.95,5,0,True,2025-10-12 02:42:42
9966,9966,254,8,2025101202,2,1,8306,0.89,,0,False,2025-10-12 02:42:42
9967,9967,1072,2,2025121122,2,1,4899,0.83,,1,False,2025-12-11 22:26:54
9968,9968,1072,5,2025121122,2,1,12976,0.9,4,0,True,2025-12-11 22:30:54
9969,9969,1072,9,2025121122,2,1,7712,0.95,4,0,False,2025-12-11 22:34:54
9970,9970,52,23,2025112021,1,1,11799,0.88,,1,True,2025-11-20 21:59:32
9971,9971,218,13,2025102417,5,1,5591,0.86,4,0,False,2025-10-24 17:37:01
9972,9972,218,14,2025102417,5,1,9263,0.9,4,0,True,2025-10-24 17:40:01
9973,9973,197,12,2025102102,3,1,11251,0.85,4,1,True,2025-10-21 02:00:24
9974,9974,206,13,2026013119,1,1,4236,0.97,3,1,False,2026-01-31 19:26:58
9975,9975,206,14,2026013119,1,1,7262,0.84,,0,False,2026-01-31 19:31:58
9976,9976,14,17,2026030807,1,1,4369,0.97,4,0,False,2026-03-08 07:43:37
9977,9977,181,2,2026030400,1,2,11179,0.23,2,0,False,2026-03-04 00:41:19
9978,9978,181,5,2026030400,1,1,7361,0.88,4,0,False,2026-03-04 00:43:19
9979,9979,181,9,2026030400,1,1,10907,0.93,5,0,True,2026-03-04 00:47:19
9980,9980,20,9,2025120509,2,1,8681,0.83,4,0,True,2025-12-05 09:27:30
9981,9981,367,4,2026021921,2,6,10014,0.0,2,0,False,2026-02-19 21:15:42
9982,9982,367,10,2026021921,2,1,6525,0.88,4,0,True,2026-02-19 21:19:42
9983,9983,660,19,2025101606,1,1,10921,0.83,5,0,False,2025-10-16 06:50:28
9984,9984,443,6,2025120200,3,1,12409,0.9,4,0,True,2025-12-02 00:34:59
9985,9985,443,15,2025120200,3,1,8252,0.85,4,0,True,2025-12-02 00:37:59
9986,9986,709,19,2026021303,2,1,12451,0.94,5,0,True,2026-02-13 03:29:20
9987,9987,709,23,2026021303,2,2,3808,0.04,1,0,False,2026-02-13 03:33:20
9988,9988,709,8,2026021303,2,1,13147,0.88,4,0,False,2026-02-13 03:35:20
9989,9989,158,19,2026030708,1,1,13946,0.94,5,1,False,2026-03-07 08:19:41
9990,9990,343,6,2026021106,2,1,13076,0.97,4,0,True,2026-02-11 06:23:52
9991,9991,343,15,2026021106,2,7,10566,0.06,1,0,False,2026-02-11 06:27:52
9992,9992,76,14,2026022113,1,1,12525,0.94,4,0,False,2026-02-21 13:05:32
9993,9993,352,2,2025112916,1,1,3785,0.86,5,0,True,2025-11-29 16:01:07
9994,9994,352,5,2025112916,1,1,13232,0.96,4,0,False,2025-11-29 16:06:07
9995,9995,352,9,2025112916,1,1,13120,0.9,4,0,False,2025-11-29 16:05:07
9996,9996,251,5,2025090308,2,1,12534,0.96,4,0,False,2025-09-03 08:00:38
9997,9997,17,6,2026013017,1,7,6045,0.22,,0,False,2026-01-30 17:35:37
9998,9998,17,15,2026013017,1,1,5442,0.93,,0,False,2026-01-30 17:37:37
9999,9999,905,1,2026031514,4,1,6455,0.83,,1,False,2026-03-15 14:49:17
10000,10000,905,3,2026031514,4,1,12625,0.89,5,0,True,2026-03-15 14:51:17
