user_key,user_id,name,email,signup_date,created_at,total_tryons,engagement_level
1,1,Akshay Iyer,akshay.iyer1@example.com,2025-06-07,2025-06-07 23:00:00,46,Power User (>25)
2,2,Tanvi Nair,tanvi.nair2@example.com,2025-07-28,2025-07-28 04:00:00,35,Power User (>25)
3,3,Sanjana Iyer,sanjana.iyer3@example.com,2025-11-21,2025-11-21 23:00:00,37,Power User (>25)
4,4,Harsh Mehta,harsh.mehta4@example.com,2025-10-30,2025-10-30 13:00:00,34,Power User (>25)
5,5,Rohan Sharma,rohan.sharma5@example.com,2025-06-24,2025-06-24 06:00:00,28,Power User (>25)
6,6,Rahul Deshmukh,rahul.deshmukh6@example.com,2025-11-02,2025-11-02 00:00:00,32,Power User (>25)
7,7,Sakshi Gupta,sakshi.gupta7@example.com,2025-11-14,2025-11-14 22:00:00,34,Power User (>25)
8,8,Harsh Bose,harsh.bose8@example.com,2025-07-27,2025-07-27 14:00:00,32,Power User (>25)
9,9,Bhavna Joshi,bhavna.joshi9@example.com,2025-06-02,2025-06-02 05:00:00,52,Power User (>25)
10,10,Rishi Bose,rishi.bose10@example.com,2025-08-27,2025-08-27 08:00:00,43,Power User (>25)
11,11,Rhea Gupta,rhea.gupta11@example.com,2025-08-26,2025-08-26 03:00:00,31,Power User (>25)
12,12,Ishita Chopra,ishita.chopra12@example.com,2025-06-25,2025-06-25 11:00:00,29,Power User (>25)
13,13,Karan Menon,karan.menon13@example.com,2025-08-07,2025-08-07 01:00:00,25,High (11-25)
14,14,Amit Malhotra,amit.malhotra14@example.com,2025-10-16,2025-10-16 03:00:00,19,High (11-25)
15,15,Aakash Mehta,aakash.mehta15@example.com,2025-10-20,2025-10-20 09:00:00,22,High (11-25)
16,16,Akshay Menon,akshay.menon16@example.com,2025-09-01,2025-09-01 18:00:00,33,Power User (>25)
17,17,Vikram Singhania,vikram.singhania17@example.com,2025-06-18,2025-06-18 01:00:00,53,Power User (>25)
18,18,Yash Nair,yash.nair18@example.com,2025-08-14,2025-08-14 02:00:00,32,Power User (>25)
19,19,Rahul Das,rahul.das19@example.com,2025-06-26,2025-06-26 12:00:00,33,Power User (>25)
20,20,Tanvi Malhotra,tanvi.malhotra20@example.com,2025-11-10,2025-11-10 11:00:00,39,Power User (>25)
21,21,Arjun Reddy,arjun.reddy21@example.com,2025-08-30,2025-08-30 06:00:00,25,High (11-25)
22,22,Yash Joshi,yash.joshi22@example.com,2025-11-27,2025-11-27 21:00:00,35,Power User (>25)
23,23,Tara Mehta,tara.mehta23@example.com,2025-11-03,2025-11-03 20:00:00,21,High (11-25)
24,24,Arjun Choudhury,arjun.choudhury24@example.com,2025-08-02,2025-08-02 05:00:00,55,Power User (>25)
25,25,Neha Chopra,neha.chopra25@example.com,2025-08-09,2025-08-09 20:00:00,47,Power User (>25)
26,26,Rishi Choudhury,rishi.choudhury26@example.com,2025-07-27,2025-07-27 21:00:00,34,Power User (>25)
27,27,Dev Mishra,dev.mishra27@example.com,2025-06-15,2025-06-15 07:00:00,30,Power User (>25)
28,28,Rohan Pandey,rohan.pandey28@example.com,2025-08-20,2025-08-20 12:00:00,36,Power User (>25)
29,29,Tanvi Mehta,tanvi.mehta29@example.com,2025-07-25,2025-07-25 18:00:00,43,Power User (>25)
30,30,Payal Kapoor,payal.kapoor30@example.com,2025-07-25,2025-07-25 20:00:00,33,Power User (>25)
31,31,Anushka Chopra,anushka.chopra31@example.com,2025-11-12,2025-11-12 14:00:00,25,High (11-25)
32,32,Rhea Joshi,rhea.joshi32@example.com,2025-07-06,2025-07-06 07:00:00,42,Power User (>25)
33,33,Sanjana Choudhury,sanjana.choudhury33@example.com,2025-10-16,2025-10-16 08:00:00,34,Power User (>25)
34,34,Sanjana Bhat,sanjana.bhat34@example.com,2025-09-18,2025-09-18 18:00:00,45,Power User (>25)
35,35,Simran Reddy,simran.reddy35@example.com,2025-07-27,2025-07-27 04:00:00,43,Power User (>25)
36,36,Manish Kulkarni,manish.kulkarni36@example.com,2025-06-24,2025-06-24 01:00:00,25,High (11-25)
37,37,Meera Verma,meera.verma37@example.com,2025-11-08,2025-11-08 05:00:00,23,High (11-25)
38,38,Nandini Bose,nandini.bose38@example.com,2025-10-31,2025-10-31 02:00:00,28,Power User (>25)
39,39,Aakash Chopra,aakash.chopra39@example.com,2025-10-31,2025-10-31 14:00:00,15,High (11-25)
40,40,Divya Joshi,divya.joshi40@example.com,2025-10-20,2025-10-20 00:00:00,43,Power User (>25)
41,41,Nandini Trivedi,nandini.trivedi41@example.com,2025-06-30,2025-06-30 21:00:00,46,Power User (>25)
42,42,Harsh Saxena,harsh.saxena42@example.com,2025-08-08,2025-08-08 20:00:00,32,Power User (>25)
43,43,Ritu Iyer,ritu.iyer43@example.com,2025-08-15,2025-08-15 13:00:00,28,Power User (>25)
44,44,Arjun Malhotra,arjun.malhotra44@example.com,2025-06-01,2025-06-01 23:00:00,26,Power User (>25)
45,45,Amit Joshi,amit.joshi45@example.com,2025-10-07,2025-10-07 05:00:00,46,Power User (>25)
46,46,Manish Mukherjee,manish.mukherjee46@example.com,2025-06-28,2025-06-28 20:00:00,23,High (11-25)
47,47,Priya Mishra,priya.mishra47@example.com,2025-11-11,2025-11-11 16:00:00,41,Power User (>25)
48,48,Kunal Gupta,kunal.gupta48@example.com,2025-07-10,2025-07-10 11:00:00,32,Power User (>25)
49,49,Deepak Rao,deepak.rao49@example.com,2025-10-17,2025-10-17 16:00:00,34,Power User (>25)
50,50,Aarav Menon,aarav.menon50@example.com,2025-08-22,2025-08-22 15:00:00,45,Power User (>25)
51,51,Diya Iyer,diya.iyer51@example.com,2025-09-01,2025-09-01 09:00:00,35,Power User (>25)
52,52,Kavya Patel,kavya.patel52@example.com,2025-08-01,2025-08-01 18:00:00,44,Power User (>25)
53,53,Ishita Mehta,ishita.mehta53@example.com,2025-10-03,2025-10-03 02:00:00,33,Power User (>25)
54,54,Deepak Choudhury,deepak.choudhury54@example.com,2025-07-03,2025-07-03 04:00:00,24,High (11-25)
55,55,Yash Kulkarni,yash.kulkarni55@example.com,2025-10-19,2025-10-19 05:00:00,35,Power User (>25)
56,56,Siddharth Deshmukh,siddharth.deshmukh56@example.com,2025-11-03,2025-11-03 13:00:00,33,Power User (>25)
57,57,Sneha Mukherjee,sneha.mukherjee57@example.com,2025-10-17,2025-10-17 23:00:00,30,Power User (>25)
58,58,Rishi Gupta,rishi.gupta58@example.com,2025-08-19,2025-08-19 12:00:00,31,Power User (>25)
59,59,Yash Agarwal,yash.agarwal59@example.com,2025-09-04,2025-09-04 14:00:00,43,Power User (>25)
60,60,Divya Malhotra,divya.malhotra60@example.com,2025-07-01,2025-07-01 07:00:00,22,High (11-25)
61,61,Rahul Mehta,rahul.mehta61@example.com,2025-08-26,2025-08-26 00:00:00,25,High (11-25)
62,62,Bhavna Choudhury,bhavna.choudhury62@example.com,2025-07-29,2025-07-29 18:00:00,35,Power User (>25)
63,63,Rahul Sharma,rahul.sharma63@example.com,2025-06-19,2025-06-19 22:00:00,26,Power User (>25)
64,64,Akshay Patel,akshay.patel64@example.com,2025-07-29,2025-07-29 02:00:00,39,Power User (>25)
65,65,Rohan Das,rohan.das65@example.com,2025-08-24,2025-08-24 02:00:00,20,High (11-25)
66,66,Manish Nair,manish.nair66@example.com,2025-08-11,2025-08-11 21:00:00,32,Power User (>25)
67,67,Anushka Gupta,anushka.gupta67@example.com,2025-10-17,2025-10-17 04:00:00,38,Power User (>25)
68,68,Amit Mukherjee,amit.mukherjee68@example.com,2025-10-25,2025-10-25 18:00:00,25,High (11-25)
69,69,Gaurav Nair,gaurav.nair69@example.com,2025-09-30,2025-09-30 13:00:00,40,Power User (>25)
70,70,Vikram Iyer,vikram.iyer70@example.com,2025-06-25,2025-06-25 21:00:00,33,Power User (>25)
71,71,Isha Reddy,isha.reddy71@example.com,2025-09-17,2025-09-17 13:00:00,42,Power User (>25)
72,72,Neha Das,neha.das72@example.com,2025-06-14,2025-06-14 21:00:00,26,Power User (>25)
73,73,Tara Agarwal,tara.agarwal73@example.com,2025-06-26,2025-06-26 01:00:00,31,Power User (>25)
74,74,Simran Trivedi,simran.trivedi74@example.com,2025-08-26,2025-08-26 03:00:00,39,Power User (>25)
75,75,Kavya Gupta,kavya.gupta75@example.com,2025-07-19,2025-07-19 17:00:00,30,Power User (>25)
76,76,Sameer Verma,sameer.verma76@example.com,2025-09-17,2025-09-17 05:00:00,40,Power User (>25)
77,77,Tanvi Malhotra,tanvi.malhotra77@example.com,2025-08-03,2025-08-03 02:00:00,24,High (11-25)
78,78,Sameer Pandey,sameer.pandey78@example.com,2025-10-19,2025-10-19 03:00:00,49,Power User (>25)
79,79,Ananya Agarwal,ananya.agarwal79@example.com,2025-10-17,2025-10-17 00:00:00,28,Power User (>25)
80,80,Ishita Mukherjee,ishita.mukherjee80@example.com,2025-07-31,2025-07-31 05:00:00,37,Power User (>25)
81,81,Varun Kulkarni,varun.kulkarni81@example.com,2025-10-02,2025-10-02 06:00:00,34,Power User (>25)
82,82,Simran Ghosh,simran.ghosh82@example.com,2025-06-16,2025-06-16 05:00:00,31,Power User (>25)
83,83,Aakash Sharma,aakash.sharma83@example.com,2025-09-08,2025-09-08 08:00:00,44,Power User (>25)
84,84,Neha Sengupta,neha.sengupta84@example.com,2025-09-17,2025-09-17 22:00:00,40,Power User (>25)
85,85,Amit Pandey,amit.pandey85@example.com,2025-10-21,2025-10-21 21:00:00,56,Power User (>25)
86,86,Payal Kulkarni,payal.kulkarni86@example.com,2025-07-10,2025-07-10 06:00:00,18,High (11-25)
87,87,Nikhil Gupta,nikhil.gupta87@example.com,2025-06-15,2025-06-15 18:00:00,48,Power User (>25)
88,88,Sanjana Choudhury,sanjana.choudhury88@example.com,2025-06-16,2025-06-16 23:00:00,33,Power User (>25)
89,89,Dev Patel,dev.patel89@example.com,2025-06-13,2025-06-13 18:00:00,34,Power User (>25)
90,90,Gaurav Deshmukh,gaurav.deshmukh90@example.com,2025-10-14,2025-10-14 05:00:00,35,Power User (>25)
91,91,Ananya Deshmukh,ananya.deshmukh91@example.com,2025-06-21,2025-06-21 05:00:00,26,Power User (>25)
92,92,Kabir Menon,kabir.menon92@example.com,2025-06-18,2025-06-18 21:00:00,32,Power User (>25)
93,93,Kavya Chopra,kavya.chopra93@example.com,2025-07-01,2025-07-01 18:00:00,41,Power User (>25)
94,94,Kavya Bhat,kavya.bhat94@example.com,2025-10-31,2025-10-31 01:00:00,26,Power User (>25)
95,95,Swati Mehta,swati.mehta95@example.com,2025-09-16,2025-09-16 21:00:00,48,Power User (>25)
96,96,Bhavna Bhat,bhavna.bhat96@example.com,2025-10-12,2025-10-12 10:00:00,28,Power User (>25)
97,97,Siddharth Gupta,siddharth.gupta97@example.com,2025-11-19,2025-11-19 22:00:00,28,Power User (>25)
98,98,Dev Nair,dev.nair98@example.com,2025-08-07,2025-08-07 12:00:00,23,High (11-25)
99,99,Aditya Bansal,aditya.bansal99@example.com,2025-11-13,2025-11-13 09:00:00,28,Power User (>25)
100,100,Neha Kapoor,neha.kapoor100@example.com,2025-06-19,2025-06-19 00:00:00,27,Power User (>25)
101,101,Neha Menon,neha.menon101@example.com,2025-10-23,2025-10-23 03:00:00,10,Medium (3-10)
102,102,Kabir Choudhury,kabir.choudhury102@example.com,2025-07-25,2025-07-25 16:00:00,14,High (11-25)
103,103,Siddharth Verma,siddharth.verma103@example.com,2025-08-29,2025-08-29 02:00:00,22,High (11-25)
104,104,Kavya Reddy,kavya.reddy104@example.com,2025-08-12,2025-08-12 05:00:00,23,High (11-25)
105,105,Sameer Mishra,sameer.mishra105@example.com,2025-10-18,2025-10-18 22:00:00,14,High (11-25)
106,106,Priya Menon,priya.menon106@example.com,2025-11-15,2025-11-15 16:00:00,14,High (11-25)
107,107,Aarav Bansal,aarav.bansal107@example.com,2025-10-20,2025-10-20 09:00:00,4,Medium (3-10)
108,108,Yash Iyer,yash.iyer108@example.com,2025-07-05,2025-07-05 08:00:00,14,High (11-25)
109,109,Meera Ghosh,meera.ghosh109@example.com,2025-06-28,2025-06-28 23:00:00,19,High (11-25)
110,110,Sakshi Verma,sakshi.verma110@example.com,2025-08-09,2025-08-09 09:00:00,17,High (11-25)
111,111,Kunal Gupta,kunal.gupta111@example.com,2025-08-27,2025-08-27 06:00:00,14,High (11-25)
112,112,Nandini Agarwal,nandini.agarwal112@example.com,2025-08-07,2025-08-07 16:00:00,12,High (11-25)
113,113,Anushka Joshi,anushka.joshi113@example.com,2025-06-14,2025-06-14 02:00:00,12,High (11-25)
114,114,Akshay Bose,akshay.bose114@example.com,2025-08-10,2025-08-10 01:00:00,15,High (11-25)
115,115,Aarav Kapoor,aarav.kapoor115@example.com,2025-07-04,2025-07-04 20:00:00,14,High (11-25)
116,116,Siddharth Rao,siddharth.rao116@example.com,2025-09-22,2025-09-22 17:00:00,8,Medium (3-10)
117,117,Payal Bose,payal.bose117@example.com,2025-10-22,2025-10-22 00:00:00,11,High (11-25)
118,118,Meera Mehta,meera.mehta118@example.com,2025-11-24,2025-11-24 04:00:00,22,High (11-25)
119,119,Harsh Patel,harsh.patel119@example.com,2025-09-03,2025-09-03 18:00:00,16,High (11-25)
120,120,Sakshi Verma,sakshi.verma120@example.com,2025-09-19,2025-09-19 04:00:00,13,High (11-25)
121,121,Rohan Sengupta,rohan.sengupta121@example.com,2025-09-02,2025-09-02 01:00:00,12,High (11-25)
122,122,Karan Gupta,karan.gupta122@example.com,2025-11-22,2025-11-22 07:00:00,5,Medium (3-10)
123,123,Yash Iyer,yash.iyer123@example.com,2025-08-30,2025-08-30 17:00:00,17,High (11-25)
124,124,Varun Menon,varun.menon124@example.com,2025-07-10,2025-07-10 07:00:00,19,High (11-25)
125,125,Arjun Pandey,arjun.pandey125@example.com,2025-07-16,2025-07-16 13:00:00,19,High (11-25)
126,126,Diya Rao,diya.rao126@example.com,2025-08-25,2025-08-25 13:00:00,11,High (11-25)
127,127,Yash Das,yash.das127@example.com,2025-08-03,2025-08-03 08:00:00,26,Power User (>25)
128,128,Arjun Pandey,arjun.pandey128@example.com,2025-11-27,2025-11-27 03:00:00,6,Medium (3-10)
129,129,Aakash Das,aakash.das129@example.com,2025-06-10,2025-06-10 15:00:00,23,High (11-25)
130,130,Rahul Gupta,rahul.gupta130@example.com,2025-09-26,2025-09-26 11:00:00,16,High (11-25)
131,131,Priya Mishra,priya.mishra131@example.com,2025-07-29,2025-07-29 07:00:00,4,Medium (3-10)
132,132,Diya Bansal,diya.bansal132@example.com,2025-07-20,2025-07-20 12:00:00,8,Medium (3-10)
133,133,Ritu Joshi,ritu.joshi133@example.com,2025-06-18,2025-06-18 08:00:00,25,High (11-25)
134,134,Karan Agarwal,karan.agarwal134@example.com,2025-10-09,2025-10-09 12:00:00,8,Medium (3-10)
135,135,Nandini Mishra,nandini.mishra135@example.com,2025-10-16,2025-10-16 10:00:00,19,High (11-25)
136,136,Diya Iyer,diya.iyer136@example.com,2025-08-06,2025-08-06 05:00:00,8,Medium (3-10)
137,137,Bhavna Joshi,bhavna.joshi137@example.com,2025-06-10,2025-06-10 03:00:00,15,High (11-25)
138,138,Kunal Bose,kunal.bose138@example.com,2025-08-28,2025-08-28 23:00:00,21,High (11-25)
139,139,Dev Bose,dev.bose139@example.com,2025-11-03,2025-11-03 16:00:00,23,High (11-25)
140,140,Meera Chopra,meera.chopra140@example.com,2025-10-26,2025-10-26 06:00:00,15,High (11-25)
141,141,Siddharth Patel,siddharth.patel141@example.com,2025-09-20,2025-09-20 00:00:00,7,Medium (3-10)
142,142,Divya Mukherjee,divya.mukherjee142@example.com,2025-10-16,2025-10-16 21:00:00,15,High (11-25)
143,143,Amit Trivedi,amit.trivedi143@example.com,2025-11-19,2025-11-19 06:00:00,8,Medium (3-10)
144,144,Shreya Bose,shreya.bose144@example.com,2025-06-18,2025-06-18 21:00:00,15,High (11-25)
145,145,Ritu Menon,ritu.menon145@example.com,2025-08-20,2025-08-20 21:00:00,20,High (11-25)
146,146,Meera Trivedi,meera.trivedi146@example.com,2025-08-16,2025-08-16 16:00:00,12,High (11-25)
147,147,Priya Bansal,priya.bansal147@example.com,2025-09-13,2025-09-13 10:00:00,12,High (11-25)
148,148,Simran Singhania,simran.singhania148@example.com,2025-08-15,2025-08-15 17:00:00,18,High (11-25)
149,149,Aditya Gupta,aditya.gupta149@example.com,2025-09-16,2025-09-16 21:00:00,8,Medium (3-10)
150,150,Aakash Bansal,aakash.bansal150@example.com,2025-07-15,2025-07-15 19:00:00,10,Medium (3-10)
151,151,Pranav Sengupta,pranav.sengupta151@example.com,2025-09-12,2025-09-12 17:00:00,16,High (11-25)
152,152,Aarav Sengupta,aarav.sengupta152@example.com,2025-08-13,2025-08-13 06:00:00,6,Medium (3-10)
153,153,Isha Pandey,isha.pandey153@example.com,2025-10-27,2025-10-27 19:00:00,9,Medium (3-10)
154,154,Tara Kapoor,tara.kapoor154@example.com,2025-09-28,2025-09-28 14:00:00,6,Medium (3-10)
155,155,Sameer Bansal,sameer.bansal155@example.com,2025-07-25,2025-07-25 16:00:00,11,High (11-25)
156,156,Gaurav Pandey,gaurav.pandey156@example.com,2025-07-14,2025-07-14 21:00:00,14,High (11-25)
157,157,Ishita Sengupta,ishita.sengupta157@example.com,2025-10-10,2025-10-10 21:00:00,10,Medium (3-10)
158,158,Akshay Menon,akshay.menon158@example.com,2025-08-25,2025-08-25 02:00:00,16,High (11-25)
159,159,Deepak Nair,deepak.nair159@example.com,2025-11-20,2025-11-20 09:00:00,14,High (11-25)
160,160,Rahul Pandey,rahul.pandey160@example.com,2025-07-21,2025-07-21 04:00:00,11,High (11-25)
161,161,Diya Patel,diya.patel161@example.com,2025-08-02,2025-08-02 15:00:00,14,High (11-25)
162,162,Swati Das,swati.das162@example.com,2025-06-19,2025-06-19 14:00:00,14,High (11-25)
163,163,Varun Ghosh,varun.ghosh163@example.com,2025-11-09,2025-11-09 18:00:00,16,High (11-25)
164,164,Vikram Singhania,vikram.singhania164@example.com,2025-11-26,2025-11-26 12:00:00,16,High (11-25)
165,165,Anushka Chopra,anushka.chopra165@example.com,2025-08-02,2025-08-02 04:00:00,8,Medium (3-10)
166,166,Tara Singhania,tara.singhania166@example.com,2025-06-02,2025-06-02 03:00:00,14,High (11-25)
167,167,Trisha Bose,trisha.bose167@example.com,2025-07-27,2025-07-27 05:00:00,12,High (11-25)
168,168,Rishi Deshmukh,rishi.deshmukh168@example.com,2025-09-27,2025-09-27 01:00:00,23,High (11-25)
169,169,Sakshi Nair,sakshi.nair169@example.com,2025-07-02,2025-07-02 14:00:00,6,Medium (3-10)
170,170,Aditya Pandey,aditya.pandey170@example.com,2025-09-27,2025-09-27 21:00:00,16,High (11-25)
171,171,Divya Choudhury,divya.choudhury171@example.com,2025-10-31,2025-10-31 10:00:00,8,Medium (3-10)
172,172,Deepak Ghosh,deepak.ghosh172@example.com,2025-09-22,2025-09-22 19:00:00,22,High (11-25)
173,173,Amit Ghosh,amit.ghosh173@example.com,2025-10-08,2025-10-08 13:00:00,11,High (11-25)
174,174,Sakshi Malhotra,sakshi.malhotra174@example.com,2025-07-11,2025-07-11 23:00:00,14,High (11-25)
175,175,Gaurav Malhotra,gaurav.malhotra175@example.com,2025-08-06,2025-08-06 07:00:00,11,High (11-25)
176,176,Akshay Joshi,akshay.joshi176@example.com,2025-10-12,2025-10-12 15:00:00,13,High (11-25)
177,177,Akshay Nair,akshay.nair177@example.com,2025-08-10,2025-08-10 14:00:00,13,High (11-25)
178,178,Kabir Singhania,kabir.singhania178@example.com,2025-08-13,2025-08-13 07:00:00,16,High (11-25)
179,179,Tanvi Kapoor,tanvi.kapoor179@example.com,2025-08-21,2025-08-21 17:00:00,19,High (11-25)
180,180,Ishita Verma,ishita.verma180@example.com,2025-07-09,2025-07-09 07:00:00,8,Medium (3-10)
181,181,Aakash Singhania,aakash.singhania181@example.com,2025-07-10,2025-07-10 22:00:00,23,High (11-25)
182,182,Sneha Mehta,sneha.mehta182@example.com,2025-09-15,2025-09-15 13:00:00,8,Medium (3-10)
183,183,Ritu Choudhury,ritu.choudhury183@example.com,2025-09-28,2025-09-28 13:00:00,14,High (11-25)
184,184,Ananya Gupta,ananya.gupta184@example.com,2025-09-16,2025-09-16 12:00:00,9,Medium (3-10)
185,185,Trisha Bhat,trisha.bhat185@example.com,2025-11-26,2025-11-26 00:00:00,16,High (11-25)
186,186,Deepak Bhat,deepak.bhat186@example.com,2025-09-06,2025-09-06 15:00:00,15,High (11-25)
187,187,Aarav Reddy,aarav.reddy187@example.com,2025-08-16,2025-08-16 12:00:00,12,High (11-25)
188,188,Varun Choudhury,varun.choudhury188@example.com,2025-10-18,2025-10-18 19:00:00,11,High (11-25)
189,189,Rahul Kulkarni,rahul.kulkarni189@example.com,2025-07-27,2025-07-27 08:00:00,15,High (11-25)
190,190,Isha Kulkarni,isha.kulkarni190@example.com,2025-06-08,2025-06-08 12:00:00,8,Medium (3-10)
191,191,Ritu Bansal,ritu.bansal191@example.com,2025-11-21,2025-11-21 12:00:00,18,High (11-25)
192,192,Amit Rao,amit.rao192@example.com,2025-09-28,2025-09-28 04:00:00,6,Medium (3-10)
193,193,Swati Choudhury,swati.choudhury193@example.com,2025-06-07,2025-06-07 12:00:00,3,Medium (3-10)
194,194,Bhavna Bhat,bhavna.bhat194@example.com,2025-11-17,2025-11-17 00:00:00,25,High (11-25)
195,195,Ishita Agarwal,ishita.agarwal195@example.com,2025-09-18,2025-09-18 04:00:00,28,Power User (>25)
196,196,Neha Rao,neha.rao196@example.com,2025-06-13,2025-06-13 08:00:00,10,Medium (3-10)
197,197,Aakash Kapoor,aakash.kapoor197@example.com,2025-07-25,2025-07-25 14:00:00,11,High (11-25)
198,198,Dev Kapoor,dev.kapoor198@example.com,2025-09-06,2025-09-06 08:00:00,16,High (11-25)
199,199,Deepak Mishra,deepak.mishra199@example.com,2025-09-16,2025-09-16 08:00:00,9,Medium (3-10)
200,200,Ishita Kulkarni,ishita.kulkarni200@example.com,2025-06-05,2025-06-05 23:00:00,15,High (11-25)
201,201,Harsh Patel,harsh.patel201@example.com,2025-08-29,2025-08-29 07:00:00,28,Power User (>25)
202,202,Tara Mehta,tara.mehta202@example.com,2025-11-14,2025-11-14 01:00:00,14,High (11-25)
203,203,Deepak Sharma,deepak.sharma203@example.com,2025-08-03,2025-08-03 06:00:00,14,High (11-25)
204,204,Diya Menon,diya.menon204@example.com,2025-07-10,2025-07-10 07:00:00,7,Medium (3-10)
205,205,Aditya Kulkarni,aditya.kulkarni205@example.com,2025-11-19,2025-11-19 03:00:00,25,High (11-25)
206,206,Pranav Gupta,pranav.gupta206@example.com,2025-09-28,2025-09-28 22:00:00,11,High (11-25)
207,207,Siddharth Saxena,siddharth.saxena207@example.com,2025-09-03,2025-09-03 05:00:00,11,High (11-25)
208,208,Kunal Menon,kunal.menon208@example.com,2025-06-30,2025-06-30 05:00:00,16,High (11-25)
209,209,Priya Iyer,priya.iyer209@example.com,2025-10-27,2025-10-27 00:00:00,7,Medium (3-10)
210,210,Priya Bhat,priya.bhat210@example.com,2025-11-21,2025-11-21 12:00:00,10,Medium (3-10)
211,211,Simran Singhania,simran.singhania211@example.com,2025-07-21,2025-07-21 02:00:00,9,Medium (3-10)
212,212,Bhavna Singhania,bhavna.singhania212@example.com,2025-11-08,2025-11-08 07:00:00,10,Medium (3-10)
213,213,Vivaan Singhania,vivaan.singhania213@example.com,2025-08-17,2025-08-17 21:00:00,18,High (11-25)
214,214,Kunal Pandey,kunal.pandey214@example.com,2025-07-01,2025-07-01 18:00:00,13,High (11-25)
215,215,Rohan Reddy,rohan.reddy215@example.com,2025-10-15,2025-10-15 13:00:00,12,High (11-25)
216,216,Yash Reddy,yash.reddy216@example.com,2025-06-18,2025-06-18 16:00:00,10,Medium (3-10)
217,217,Tara Kapoor,tara.kapoor217@example.com,2025-06-04,2025-06-04 13:00:00,25,High (11-25)
218,218,Anushka Iyer,anushka.iyer218@example.com,2025-09-19,2025-09-19 11:00:00,14,High (11-25)
219,219,Akshay Ghosh,akshay.ghosh219@example.com,2025-09-26,2025-09-26 22:00:00,11,High (11-25)
220,220,Rhea Bose,rhea.bose220@example.com,2025-07-16,2025-07-16 23:00:00,12,High (11-25)
221,221,Divya Agarwal,divya.agarwal221@example.com,2025-08-09,2025-08-09 19:00:00,13,High (11-25)
222,222,Harsh Saxena,harsh.saxena222@example.com,2025-10-02,2025-10-02 14:00:00,13,High (11-25)
223,223,Isha Mishra,isha.mishra223@example.com,2025-10-30,2025-10-30 08:00:00,6,Medium (3-10)
224,224,Dev Das,dev.das224@example.com,2025-08-02,2025-08-02 02:00:00,1,Low (1-2)
225,225,Tanvi Ghosh,tanvi.ghosh225@example.com,2025-09-24,2025-09-24 07:00:00,13,High (11-25)
226,226,Deepak Malhotra,deepak.malhotra226@example.com,2025-10-24,2025-10-24 19:00:00,19,High (11-25)
227,227,Yash Chopra,yash.chopra227@example.com,2025-08-26,2025-08-26 00:00:00,14,High (11-25)
228,228,Anushka Das,anushka.das228@example.com,2025-08-23,2025-08-23 05:00:00,16,High (11-25)
229,229,Anushka Gupta,anushka.gupta229@example.com,2025-08-30,2025-08-30 08:00:00,13,High (11-25)
230,230,Ritu Joshi,ritu.joshi230@example.com,2025-10-31,2025-10-31 22:00:00,13,High (11-25)
231,231,Tanvi Choudhury,tanvi.choudhury231@example.com,2025-06-03,2025-06-03 16:00:00,10,Medium (3-10)
232,232,Vikram Mehta,vikram.mehta232@example.com,2025-08-01,2025-08-01 23:00:00,14,High (11-25)
233,233,Varun Kulkarni,varun.kulkarni233@example.com,2025-10-21,2025-10-21 07:00:00,16,High (11-25)
234,234,Rishi Kulkarni,rishi.kulkarni234@example.com,2025-11-13,2025-11-13 22:00:00,15,High (11-25)
235,235,Anushka Malhotra,anushka.malhotra235@example.com,2025-06-05,2025-06-05 02:00:00,10,Medium (3-10)
236,236,Nikhil Nair,nikhil.nair236@example.com,2025-09-12,2025-09-12 22:00:00,15,High (11-25)
237,237,Kavya Sengupta,kavya.sengupta237@example.com,2025-11-17,2025-11-17 18:00:00,10,Medium (3-10)
238,238,Shreya Kulkarni,shreya.kulkarni238@example.com,2025-10-20,2025-10-20 16:00:00,12,High (11-25)
239,239,Karan Bose,karan.bose239@example.com,2025-10-19,2025-10-19 10:00:00,15,High (11-25)
240,240,Karan Singhania,karan.singhania240@example.com,2025-09-25,2025-09-25 08:00:00,11,High (11-25)
241,241,Priya Joshi,priya.joshi241@example.com,2025-07-30,2025-07-30 03:00:00,11,High (11-25)
242,242,Amit Gupta,amit.gupta242@example.com,2025-08-20,2025-08-20 03:00:00,14,High (11-25)
243,243,Sanjana Choudhury,sanjana.choudhury243@example.com,2025-11-24,2025-11-24 05:00:00,13,High (11-25)
244,244,Vikram Gupta,vikram.gupta244@example.com,2025-10-02,2025-10-02 08:00:00,15,High (11-25)
245,245,Amit Bhat,amit.bhat245@example.com,2025-10-13,2025-10-13 19:00:00,11,High (11-25)
246,246,Nikhil Iyer,nikhil.iyer246@example.com,2025-07-20,2025-07-20 09:00:00,17,High (11-25)
247,247,Rahul Reddy,rahul.reddy247@example.com,2025-07-16,2025-07-16 09:00:00,12,High (11-25)
248,248,Aarav Singhania,aarav.singhania248@example.com,2025-10-15,2025-10-15 04:00:00,11,High (11-25)
249,249,Tanvi Patel,tanvi.patel249@example.com,2025-06-14,2025-06-14 17:00:00,24,High (11-25)
250,250,Nikhil Singhania,nikhil.singhania250@example.com,2025-07-03,2025-07-03 20:00:00,19,High (11-25)
251,251,Deepak Kulkarni,deepak.kulkarni251@example.com,2025-06-27,2025-06-27 00:00:00,10,Medium (3-10)
252,252,Pranav Sengupta,pranav.sengupta252@example.com,2025-09-29,2025-09-29 15:00:00,10,Medium (3-10)
253,253,Sameer Kapoor,sameer.kapoor253@example.com,2025-07-18,2025-07-18 01:00:00,6,Medium (3-10)
254,254,Siddharth Das,siddharth.das254@example.com,2025-10-01,2025-10-01 03:00:00,11,High (11-25)
255,255,Kabir Chopra,kabir.chopra255@example.com,2025-10-04,2025-10-04 02:00:00,21,High (11-25)
256,256,Pranav Agarwal,pranav.agarwal256@example.com,2025-11-23,2025-11-23 01:00:00,12,High (11-25)
257,257,Rhea Verma,rhea.verma257@example.com,2025-10-23,2025-10-23 09:00:00,16,High (11-25)
258,258,Ishita Nair,ishita.nair258@example.com,2025-07-01,2025-07-01 17:00:00,17,High (11-25)
259,259,Deepak Bose,deepak.bose259@example.com,2025-11-03,2025-11-03 19:00:00,20,High (11-25)
260,260,Swati Nair,swati.nair260@example.com,2025-10-12,2025-10-12 12:00:00,4,Medium (3-10)
261,261,Sameer Mukherjee,sameer.mukherjee261@example.com,2025-09-22,2025-09-22 09:00:00,6,Medium (3-10)
262,262,Bhavna Bose,bhavna.bose262@example.com,2025-08-18,2025-08-18 18:00:00,15,High (11-25)
263,263,Swati Patel,swati.patel263@example.com,2025-11-04,2025-11-04 23:00:00,21,High (11-25)
264,264,Vivaan Saxena,vivaan.saxena264@example.com,2025-07-24,2025-07-24 20:00:00,18,High (11-25)
265,265,Sneha Joshi,sneha.joshi265@example.com,2025-11-17,2025-11-17 02:00:00,8,Medium (3-10)
266,266,Arjun Nair,arjun.nair266@example.com,2025-07-15,2025-07-15 17:00:00,9,Medium (3-10)
267,267,Kabir Rao,kabir.rao267@example.com,2025-06-01,2025-06-01 13:00:00,20,High (11-25)
268,268,Sameer Singhania,sameer.singhania268@example.com,2025-10-31,2025-10-31 15:00:00,10,Medium (3-10)
269,269,Nikhil Patel,nikhil.patel269@example.com,2025-07-30,2025-07-30 09:00:00,14,High (11-25)
270,270,Payal Sengupta,payal.sengupta270@example.com,2025-11-27,2025-11-27 14:00:00,14,High (11-25)
271,271,Kabir Bansal,kabir.bansal271@example.com,2025-07-30,2025-07-30 08:00:00,34,Power User (>25)
272,272,Akshay Bhat,akshay.bhat272@example.com,2025-11-17,2025-11-17 06:00:00,17,High (11-25)
273,273,Isha Iyer,isha.iyer273@example.com,2025-10-18,2025-10-18 07:00:00,15,High (11-25)
274,274,Tara Verma,tara.verma274@example.com,2025-08-08,2025-08-08 04:00:00,16,High (11-25)
275,275,Kabir Patel,kabir.patel275@example.com,2025-07-13,2025-07-13 09:00:00,13,High (11-25)
276,276,Kunal Trivedi,kunal.trivedi276@example.com,2025-10-24,2025-10-24 09:00:00,13,High (11-25)
277,277,Sameer Iyer,sameer.iyer277@example.com,2025-09-28,2025-09-28 22:00:00,16,High (11-25)
278,278,Priya Singhania,priya.singhania278@example.com,2025-09-12,2025-09-12 08:00:00,14,High (11-25)
279,279,Manish Choudhury,manish.choudhury279@example.com,2025-10-05,2025-10-05 14:00:00,8,Medium (3-10)
280,280,Ishita Menon,ishita.menon280@example.com,2025-06-11,2025-06-11 13:00:00,19,High (11-25)
281,281,Sanjana Kapoor,sanjana.kapoor281@example.com,2025-11-02,2025-11-02 08:00:00,20,High (11-25)
282,282,Diya Mehta,diya.mehta282@example.com,2025-07-29,2025-07-29 21:00:00,9,Medium (3-10)
283,283,Pranav Bhat,pranav.bhat283@example.com,2025-06-06,2025-06-06 21:00:00,16,High (11-25)
284,284,Tanvi Bhat,tanvi.bhat284@example.com,2025-06-11,2025-06-11 05:00:00,9,Medium (3-10)
285,285,Gaurav Deshmukh,gaurav.deshmukh285@example.com,2025-11-14,2025-11-14 14:00:00,8,Medium (3-10)
286,286,Tanvi Rao,tanvi.rao286@example.com,2025-10-28,2025-10-28 13:00:00,9,Medium (3-10)
287,287,Akshay Mishra,akshay.mishra287@example.com,2025-10-04,2025-10-04 02:00:00,9,Medium (3-10)
288,288,Gaurav Reddy,gaurav.reddy288@example.com,2025-09-13,2025-09-13 10:00:00,10,Medium (3-10)
289,289,Dev Bansal,dev.bansal289@example.com,2025-06-27,2025-06-27 05:00:00,11,High (11-25)
290,290,Ritu Bose,ritu.bose290@example.com,2025-11-25,2025-11-25 15:00:00,15,High (11-25)
291,291,Nikhil Bansal,nikhil.bansal291@example.com,2025-09-11,2025-09-11 17:00:00,22,High (11-25)
292,292,Rohan Malhotra,rohan.malhotra292@example.com,2025-06-23,2025-06-23 10:00:00,19,High (11-25)
293,293,Siddharth Kapoor,siddharth.kapoor293@example.com,2025-06-30,2025-06-30 12:00:00,14,High (11-25)
294,294,Manish Mishra,manish.mishra294@example.com,2025-06-01,2025-06-01 21:00:00,11,High (11-25)
295,295,Harsh Malhotra,harsh.malhotra295@example.com,2025-09-14,2025-09-14 01:00:00,19,High (11-25)
296,296,Vikram Deshmukh,vikram.deshmukh296@example.com,2025-09-01,2025-09-01 19:00:00,11,High (11-25)
297,297,Deepak Kulkarni,deepak.kulkarni297@example.com,2025-11-08,2025-11-08 14:00:00,23,High (11-25)
298,298,Deepak Patel,deepak.patel298@example.com,2025-07-23,2025-07-23 08:00:00,22,High (11-25)
299,299,Sakshi Verma,sakshi.verma299@example.com,2025-08-13,2025-08-13 14:00:00,4,Medium (3-10)
300,300,Rishi Kulkarni,rishi.kulkarni300@example.com,2025-07-02,2025-07-02 00:00:00,23,High (11-25)
301,301,Akshay Menon,akshay.menon301@example.com,2025-08-01,2025-08-01 22:00:00,11,High (11-25)
302,302,Arjun Sengupta,arjun.sengupta302@example.com,2025-10-20,2025-10-20 00:00:00,13,High (11-25)
303,303,Sakshi Bose,sakshi.bose303@example.com,2025-06-24,2025-06-24 07:00:00,15,High (11-25)
304,304,Meera Malhotra,meera.malhotra304@example.com,2025-07-01,2025-07-01 20:00:00,7,Medium (3-10)
305,305,Rhea Kulkarni,rhea.kulkarni305@example.com,2025-08-14,2025-08-14 16:00:00,15,High (11-25)
306,306,Payal Joshi,payal.joshi306@example.com,2025-09-15,2025-09-15 15:00:00,13,High (11-25)
307,307,Gaurav Nair,gaurav.nair307@example.com,2025-09-25,2025-09-25 17:00:00,9,Medium (3-10)
308,308,Rhea Chopra,rhea.chopra308@example.com,2025-07-19,2025-07-19 19:00:00,21,High (11-25)
309,309,Manish Trivedi,manish.trivedi309@example.com,2025-07-05,2025-07-05 02:00:00,8,Medium (3-10)
310,310,Tanvi Saxena,tanvi.saxena310@example.com,2025-09-15,2025-09-15 10:00:00,13,High (11-25)
311,311,Manish Joshi,manish.joshi311@example.com,2025-06-01,2025-06-01 09:00:00,13,High (11-25)
312,312,Amit Sengupta,amit.sengupta312@example.com,2025-10-29,2025-10-29 18:00:00,13,High (11-25)
313,313,Yash Kulkarni,yash.kulkarni313@example.com,2025-07-09,2025-07-09 14:00:00,19,High (11-25)
314,314,Harsh Kulkarni,harsh.kulkarni314@example.com,2025-08-28,2025-08-28 10:00:00,19,High (11-25)
315,315,Sakshi Saxena,sakshi.saxena315@example.com,2025-10-18,2025-10-18 12:00:00,14,High (11-25)
316,316,Neha Mukherjee,neha.mukherjee316@example.com,2025-08-22,2025-08-22 06:00:00,5,Medium (3-10)
317,317,Rishi Nair,rishi.nair317@example.com,2025-10-25,2025-10-25 12:00:00,16,High (11-25)
318,318,Rahul Das,rahul.das318@example.com,2025-09-14,2025-09-14 01:00:00,3,Medium (3-10)
319,319,Dev Trivedi,dev.trivedi319@example.com,2025-09-30,2025-09-30 22:00:00,13,High (11-25)
320,320,Aakash Chopra,aakash.chopra320@example.com,2025-11-17,2025-11-17 20:00:00,6,Medium (3-10)
321,321,Rhea Kulkarni,rhea.kulkarni321@example.com,2025-06-10,2025-06-10 04:00:00,10,Medium (3-10)
322,322,Manish Bhat,manish.bhat322@example.com,2025-08-24,2025-08-24 03:00:00,7,Medium (3-10)
323,323,Sameer Iyer,sameer.iyer323@example.com,2025-10-13,2025-10-13 14:00:00,22,High (11-25)
324,324,Aarav Trivedi,aarav.trivedi324@example.com,2025-07-07,2025-07-07 13:00:00,15,High (11-25)
325,325,Tara Verma,tara.verma325@example.com,2025-06-20,2025-06-20 15:00:00,10,Medium (3-10)
326,326,Siddharth Kapoor,siddharth.kapoor326@example.com,2025-11-07,2025-11-07 22:00:00,8,Medium (3-10)
327,327,Simran Agarwal,simran.agarwal327@example.com,2025-06-21,2025-06-21 10:00:00,16,High (11-25)
328,328,Nandini Das,nandini.das328@example.com,2025-10-15,2025-10-15 12:00:00,20,High (11-25)
329,329,Dev Agarwal,dev.agarwal329@example.com,2025-10-03,2025-10-03 17:00:00,22,High (11-25)
330,330,Rohan Menon,rohan.menon330@example.com,2025-06-18,2025-06-18 07:00:00,23,High (11-25)
331,331,Akshay Bansal,akshay.bansal331@example.com,2025-08-13,2025-08-13 07:00:00,12,High (11-25)
332,332,Sanjana Mehta,sanjana.mehta332@example.com,2025-09-20,2025-09-20 03:00:00,7,Medium (3-10)
333,333,Deepak Agarwal,deepak.agarwal333@example.com,2025-11-28,2025-11-28 03:00:00,6,Medium (3-10)
334,334,Sameer Rao,sameer.rao334@example.com,2025-11-25,2025-11-25 09:00:00,12,High (11-25)
335,335,Diya Patel,diya.patel335@example.com,2025-08-23,2025-08-23 01:00:00,16,High (11-25)
336,336,Nikhil Reddy,nikhil.reddy336@example.com,2025-09-04,2025-09-04 13:00:00,8,Medium (3-10)
337,337,Rhea Nair,rhea.nair337@example.com,2025-10-14,2025-10-14 13:00:00,10,Medium (3-10)
338,338,Pranav Bansal,pranav.bansal338@example.com,2025-07-17,2025-07-17 05:00:00,16,High (11-25)
339,339,Pooja Mehta,pooja.mehta339@example.com,2025-11-04,2025-11-04 12:00:00,21,High (11-25)
340,340,Swati Bansal,swati.bansal340@example.com,2025-08-01,2025-08-01 15:00:00,14,High (11-25)
341,341,Bhavna Verma,bhavna.verma341@example.com,2025-07-30,2025-07-30 14:00:00,14,High (11-25)
342,342,Akshay Joshi,akshay.joshi342@example.com,2025-09-26,2025-09-26 08:00:00,16,High (11-25)
343,343,Yash Sharma,yash.sharma343@example.com,2025-09-28,2025-09-28 09:00:00,14,High (11-25)
344,344,Nandini Choudhury,nandini.choudhury344@example.com,2025-07-11,2025-07-11 02:00:00,13,High (11-25)
345,345,Sameer Reddy,sameer.reddy345@example.com,2025-10-29,2025-10-29 09:00:00,23,High (11-25)
346,346,Akshay Bose,akshay.bose346@example.com,2025-11-24,2025-11-24 08:00:00,20,High (11-25)
347,347,Neha Das,neha.das347@example.com,2025-08-17,2025-08-17 06:00:00,21,High (11-25)
348,348,Aakash Das,aakash.das348@example.com,2025-10-02,2025-10-02 03:00:00,17,High (11-25)
349,349,Kavya Chopra,kavya.chopra349@example.com,2025-10-25,2025-10-25 11:00:00,19,High (11-25)
350,350,Pranav Sengupta,pranav.sengupta350@example.com,2025-11-27,2025-11-27 09:00:00,10,Medium (3-10)
351,351,Diya Mishra,diya.mishra351@example.com,2025-11-16,2025-11-16 12:00:00,5,Medium (3-10)
352,352,Tanvi Sharma,tanvi.sharma352@example.com,2025-10-23,2025-10-23 21:00:00,18,High (11-25)
353,353,Trisha Trivedi,trisha.trivedi353@example.com,2025-06-13,2025-06-13 19:00:00,9,Medium (3-10)
354,354,Sanjana Kulkarni,sanjana.kulkarni354@example.com,2025-08-13,2025-08-13 07:00:00,13,High (11-25)
355,355,Kunal Pandey,kunal.pandey355@example.com,2025-08-30,2025-08-30 07:00:00,13,High (11-25)
356,356,Akshay Gupta,akshay.gupta356@example.com,2025-11-06,2025-11-06 08:00:00,16,High (11-25)
357,357,Nandini Saxena,nandini.saxena357@example.com,2025-11-16,2025-11-16 21:00:00,15,High (11-25)
358,358,Aditya Agarwal,aditya.agarwal358@example.com,2025-06-25,2025-06-25 20:00:00,14,High (11-25)
359,359,Tara Patel,tara.patel359@example.com,2025-08-19,2025-08-19 14:00:00,7,Medium (3-10)
360,360,Rohan Bhat,rohan.bhat360@example.com,2025-09-02,2025-09-02 23:00:00,11,High (11-25)
361,361,Aditya Mehta,aditya.mehta361@example.com,2025-08-15,2025-08-15 10:00:00,13,High (11-25)
362,362,Sanjana Bose,sanjana.bose362@example.com,2025-07-15,2025-07-15 06:00:00,12,High (11-25)
363,363,Aditya Pandey,aditya.pandey363@example.com,2025-10-17,2025-10-17 11:00:00,14,High (11-25)
364,364,Divya Deshmukh,divya.deshmukh364@example.com,2025-08-09,2025-08-09 05:00:00,30,Power User (>25)
365,365,Siddharth Mukherjee,siddharth.mukherjee365@example.com,2025-10-02,2025-10-02 09:00:00,20,High (11-25)
366,366,Sanjana Das,sanjana.das366@example.com,2025-08-26,2025-08-26 03:00:00,15,High (11-25)
367,367,Neha Mehta,neha.mehta367@example.com,2025-07-07,2025-07-07 07:00:00,16,High (11-25)
368,368,Nandini Trivedi,nandini.trivedi368@example.com,2025-11-20,2025-11-20 12:00:00,17,High (11-25)
369,369,Sakshi Reddy,sakshi.reddy369@example.com,2025-06-24,2025-06-24 12:00:00,10,Medium (3-10)
370,370,Aarav Joshi,aarav.joshi370@example.com,2025-10-16,2025-10-16 03:00:00,11,High (11-25)
371,371,Neha Reddy,neha.reddy371@example.com,2025-11-20,2025-11-20 23:00:00,6,Medium (3-10)
372,372,Nandini Joshi,nandini.joshi372@example.com,2025-10-28,2025-10-28 12:00:00,17,High (11-25)
373,373,Akshay Reddy,akshay.reddy373@example.com,2025-06-28,2025-06-28 21:00:00,8,Medium (3-10)
374,374,Rahul Kulkarni,rahul.kulkarni374@example.com,2025-06-07,2025-06-07 19:00:00,9,Medium (3-10)
375,375,Sakshi Kapoor,sakshi.kapoor375@example.com,2025-11-04,2025-11-04 07:00:00,22,High (11-25)
376,376,Tara Mehta,tara.mehta376@example.com,2025-11-10,2025-11-10 14:00:00,12,High (11-25)
377,377,Rishi Sengupta,rishi.sengupta377@example.com,2025-11-14,2025-11-14 13:00:00,13,High (11-25)
378,378,Meera Verma,meera.verma378@example.com,2025-06-12,2025-06-12 01:00:00,11,High (11-25)
379,379,Priya Kulkarni,priya.kulkarni379@example.com,2025-06-30,2025-06-30 03:00:00,5,Medium (3-10)
380,380,Kavya Ghosh,kavya.ghosh380@example.com,2025-10-16,2025-10-16 04:00:00,17,High (11-25)
381,381,Aakash Malhotra,aakash.malhotra381@example.com,2025-09-03,2025-09-03 21:00:00,5,Medium (3-10)
382,382,Sanjana Singhania,sanjana.singhania382@example.com,2025-10-17,2025-10-17 13:00:00,6,Medium (3-10)
383,383,Bhavna Trivedi,bhavna.trivedi383@example.com,2025-07-10,2025-07-10 13:00:00,28,Power User (>25)
384,384,Tara Iyer,tara.iyer384@example.com,2025-10-04,2025-10-04 19:00:00,18,High (11-25)
385,385,Varun Joshi,varun.joshi385@example.com,2025-06-09,2025-06-09 22:00:00,14,High (11-25)
386,386,Shreya Gupta,shreya.gupta386@example.com,2025-09-22,2025-09-22 14:00:00,9,Medium (3-10)
387,387,Kavya Das,kavya.das387@example.com,2025-09-01,2025-09-01 03:00:00,2,Low (1-2)
388,388,Nandini Reddy,nandini.reddy388@example.com,2025-10-18,2025-10-18 20:00:00,15,High (11-25)
389,389,Karan Patel,karan.patel389@example.com,2025-09-10,2025-09-10 08:00:00,10,Medium (3-10)
390,390,Vikram Iyer,vikram.iyer390@example.com,2025-09-25,2025-09-25 02:00:00,13,High (11-25)
391,391,Yash Gupta,yash.gupta391@example.com,2025-11-12,2025-11-12 20:00:00,11,High (11-25)
392,392,Kunal Sharma,kunal.sharma392@example.com,2025-06-13,2025-06-13 10:00:00,21,High (11-25)
393,393,Kavya Verma,kavya.verma393@example.com,2025-10-23,2025-10-23 06:00:00,3,Medium (3-10)
394,394,Kabir Mishra,kabir.mishra394@example.com,2025-10-20,2025-10-20 06:00:00,18,High (11-25)
395,395,Bhavna Gupta,bhavna.gupta395@example.com,2025-07-30,2025-07-30 10:00:00,9,Medium (3-10)
396,396,Trisha Verma,trisha.verma396@example.com,2025-10-31,2025-10-31 00:00:00,13,High (11-25)
397,397,Tanvi Das,tanvi.das397@example.com,2025-07-08,2025-07-08 04:00:00,15,High (11-25)
398,398,Harsh Joshi,harsh.joshi398@example.com,2025-07-15,2025-07-15 03:00:00,8,Medium (3-10)
399,399,Yash Das,yash.das399@example.com,2025-06-07,2025-06-07 04:00:00,11,High (11-25)
400,400,Aarav Reddy,aarav.reddy400@example.com,2025-07-31,2025-07-31 18:00:00,19,High (11-25)
401,401,Dev Sharma,dev.sharma401@example.com,2025-07-15,2025-07-15 08:00:00,2,Low (1-2)
402,402,Ananya Verma,ananya.verma402@example.com,2025-09-16,2025-09-16 16:00:00,3,Medium (3-10)
403,403,Meera Trivedi,meera.trivedi403@example.com,2025-06-17,2025-06-17 15:00:00,2,Low (1-2)
404,404,Sameer Saxena,sameer.saxena404@example.com,2025-09-01,2025-09-01 16:00:00,5,Medium (3-10)
405,405,Bhavna Iyer,bhavna.iyer405@example.com,2025-09-24,2025-09-24 16:00:00,1,Low (1-2)
406,406,Rahul Menon,rahul.menon406@example.com,2025-06-12,2025-06-12 23:00:00,1,Low (1-2)
407,407,Yash Deshmukh,yash.deshmukh407@example.com,2025-08-17,2025-08-17 14:00:00,9,Medium (3-10)
408,408,Tara Sharma,tara.sharma408@example.com,2025-06-16,2025-06-16 15:00:00,3,Medium (3-10)
409,409,Simran Bose,simran.bose409@example.com,2025-11-23,2025-11-23 03:00:00,1,Low (1-2)
410,410,Anushka Singhania,anushka.singhania410@example.com,2025-09-22,2025-09-22 02:00:00,4,Medium (3-10)
411,411,Ishita Kapoor,ishita.kapoor411@example.com,2025-11-03,2025-11-03 04:00:00,4,Medium (3-10)
412,412,Kabir Verma,kabir.verma412@example.com,2025-08-10,2025-08-10 19:00:00,2,Low (1-2)
413,413,Akshay Bhat,akshay.bhat413@example.com,2025-10-19,2025-10-19 22:00:00,8,Medium (3-10)
414,414,Dev Chopra,dev.chopra414@example.com,2025-10-31,2025-10-31 16:00:00,5,Medium (3-10)
415,415,Nikhil Malhotra,nikhil.malhotra415@example.com,2025-10-08,2025-10-08 19:00:00,2,Low (1-2)
416,416,Isha Iyer,isha.iyer416@example.com,2025-11-27,2025-11-27 03:00:00,0,Inactive (0)
417,417,Tara Agarwal,tara.agarwal417@example.com,2025-10-20,2025-10-20 23:00:00,0,Inactive (0)
418,418,Sneha Bose,sneha.bose418@example.com,2025-09-24,2025-09-24 07:00:00,7,Medium (3-10)
419,419,Varun Kapoor,varun.kapoor419@example.com,2025-09-25,2025-09-25 12:00:00,1,Low (1-2)
420,420,Varun Trivedi,varun.trivedi420@example.com,2025-06-25,2025-06-25 10:00:00,3,Medium (3-10)
421,421,Isha Kapoor,isha.kapoor421@example.com,2025-11-18,2025-11-18 08:00:00,5,Medium (3-10)
422,422,Shreya Verma,shreya.verma422@example.com,2025-11-23,2025-11-23 15:00:00,8,Medium (3-10)
423,423,Kabir Mehta,kabir.mehta423@example.com,2025-06-22,2025-06-22 02:00:00,0,Inactive (0)
424,424,Isha Iyer,isha.iyer424@example.com,2025-09-04,2025-09-04 04:00:00,1,Low (1-2)
425,425,Sakshi Patel,sakshi.patel425@example.com,2025-10-29,2025-10-29 17:00:00,3,Medium (3-10)
426,426,Sakshi Kapoor,sakshi.kapoor426@example.com,2025-11-19,2025-11-19 03:00:00,0,Inactive (0)
427,427,Varun Reddy,varun.reddy427@example.com,2025-11-18,2025-11-18 13:00:00,1,Low (1-2)
428,428,Amit Patel,amit.patel428@example.com,2025-08-13,2025-08-13 19:00:00,3,Medium (3-10)
429,429,Priya Reddy,priya.reddy429@example.com,2025-06-27,2025-06-27 18:00:00,4,Medium (3-10)
430,430,Manish Gupta,manish.gupta430@example.com,2025-07-10,2025-07-10 21:00:00,2,Low (1-2)
431,431,Gaurav Nair,gaurav.nair431@example.com,2025-06-28,2025-06-28 11:00:00,4,Medium (3-10)
432,432,Sakshi Reddy,sakshi.reddy432@example.com,2025-06-30,2025-06-30 08:00:00,3,Medium (3-10)
433,433,Pranav Nair,pranav.nair433@example.com,2025-09-18,2025-09-18 17:00:00,1,Low (1-2)
434,434,Trisha Mishra,trisha.mishra434@example.com,2025-11-07,2025-11-07 19:00:00,2,Low (1-2)
435,435,Nandini Agarwal,nandini.agarwal435@example.com,2025-10-21,2025-10-21 00:00:00,8,Medium (3-10)
436,436,Kunal Mukherjee,kunal.mukherjee436@example.com,2025-11-16,2025-11-16 22:00:00,5,Medium (3-10)
437,437,Tanvi Sharma,tanvi.sharma437@example.com,2025-07-17,2025-07-17 08:00:00,3,Medium (3-10)
438,438,Rishi Saxena,rishi.saxena438@example.com,2025-08-19,2025-08-19 10:00:00,5,Medium (3-10)
439,439,Karan Sharma,karan.sharma439@example.com,2025-07-17,2025-07-17 04:00:00,4,Medium (3-10)
440,440,Pranav Bansal,pranav.bansal440@example.com,2025-09-11,2025-09-11 02:00:00,3,Medium (3-10)
441,441,Rhea Trivedi,rhea.trivedi441@example.com,2025-11-10,2025-11-10 00:00:00,6,Medium (3-10)
442,442,Ishita Trivedi,ishita.trivedi442@example.com,2025-10-14,2025-10-14 06:00:00,0,Inactive (0)
443,443,Aakash Bose,aakash.bose443@example.com,2025-09-25,2025-09-25 10:00:00,5,Medium (3-10)
444,444,Arjun Reddy,arjun.reddy444@example.com,2025-08-19,2025-08-19 23:00:00,2,Low (1-2)
445,445,Dev Saxena,dev.saxena445@example.com,2025-10-24,2025-10-24 19:00:00,8,Medium (3-10)
446,446,Ishita Ghosh,ishita.ghosh446@example.com,2025-06-14,2025-06-14 04:00:00,0,Inactive (0)
447,447,Arjun Saxena,arjun.saxena447@example.com,2025-11-06,2025-11-06 01:00:00,5,Medium (3-10)
448,448,Nandini Mehta,nandini.mehta448@example.com,2025-08-09,2025-08-09 14:00:00,3,Medium (3-10)
449,449,Yash Bose,yash.bose449@example.com,2025-10-03,2025-10-03 19:00:00,1,Low (1-2)
450,450,Sameer Bose,sameer.bose450@example.com,2025-08-09,2025-08-09 06:00:00,5,Medium (3-10)
451,451,Deepak Deshmukh,deepak.deshmukh451@example.com,2025-06-30,2025-06-30 11:00:00,4,Medium (3-10)
452,452,Isha Iyer,isha.iyer452@example.com,2025-08-12,2025-08-12 21:00:00,3,Medium (3-10)
453,453,Nandini Bhat,nandini.bhat453@example.com,2025-10-03,2025-10-03 16:00:00,0,Inactive (0)
454,454,Yash Sengupta,yash.sengupta454@example.com,2025-06-12,2025-06-12 07:00:00,0,Inactive (0)
455,455,Simran Menon,simran.menon455@example.com,2025-06-15,2025-06-15 00:00:00,4,Medium (3-10)
456,456,Sneha Sengupta,sneha.sengupta456@example.com,2025-07-25,2025-07-25 04:00:00,0,Inactive (0)
457,457,Deepak Joshi,deepak.joshi457@example.com,2025-08-14,2025-08-14 10:00:00,6,Medium (3-10)
458,458,Meera Sharma,meera.sharma458@example.com,2025-10-06,2025-10-06 23:00:00,1,Low (1-2)
459,459,Isha Rao,isha.rao459@example.com,2025-07-04,2025-07-04 12:00:00,1,Low (1-2)
460,460,Harsh Singhania,harsh.singhania460@example.com,2025-07-29,2025-07-29 16:00:00,5,Medium (3-10)
461,461,Sakshi Mishra,sakshi.mishra461@example.com,2025-11-19,2025-11-19 11:00:00,1,Low (1-2)
462,462,Kabir Chopra,kabir.chopra462@example.com,2025-06-11,2025-06-11 13:00:00,0,Inactive (0)
463,463,Diya Malhotra,diya.malhotra463@example.com,2025-06-20,2025-06-20 10:00:00,3,Medium (3-10)
464,464,Pranav Bose,pranav.bose464@example.com,2025-10-25,2025-10-25 12:00:00,5,Medium (3-10)
465,465,Payal Agarwal,payal.agarwal465@example.com,2025-09-15,2025-09-15 09:00:00,5,Medium (3-10)
466,466,Meera Chopra,meera.chopra466@example.com,2025-06-06,2025-06-06 10:00:00,2,Low (1-2)
467,467,Arjun Pandey,arjun.pandey467@example.com,2025-11-06,2025-11-06 14:00:00,5,Medium (3-10)
468,468,Rishi Mukherjee,rishi.mukherjee468@example.com,2025-09-01,2025-09-01 02:00:00,7,Medium (3-10)
469,469,Isha Das,isha.das469@example.com,2025-06-28,2025-06-28 07:00:00,7,Medium (3-10)
470,470,Isha Bhat,isha.bhat470@example.com,2025-09-11,2025-09-11 16:00:00,1,Low (1-2)
471,471,Ishita Chopra,ishita.chopra471@example.com,2025-08-19,2025-08-19 23:00:00,4,Medium (3-10)
472,472,Ritu Nair,ritu.nair472@example.com,2025-08-25,2025-08-25 05:00:00,3,Medium (3-10)
473,473,Kabir Deshmukh,kabir.deshmukh473@example.com,2025-11-10,2025-11-10 03:00:00,7,Medium (3-10)
474,474,Divya Deshmukh,divya.deshmukh474@example.com,2025-07-20,2025-07-20 11:00:00,4,Medium (3-10)
475,475,Karan Trivedi,karan.trivedi475@example.com,2025-11-13,2025-11-13 04:00:00,3,Medium (3-10)
476,476,Kavya Iyer,kavya.iyer476@example.com,2025-07-08,2025-07-08 08:00:00,2,Low (1-2)
477,477,Vikram Rao,vikram.rao477@example.com,2025-11-02,2025-11-02 04:00:00,3,Medium (3-10)
478,478,Deepak Saxena,deepak.saxena478@example.com,2025-11-15,2025-11-15 02:00:00,1,Low (1-2)
479,479,Pooja Saxena,pooja.saxena479@example.com,2025-11-08,2025-11-08 15:00:00,0,Inactive (0)
480,480,Neha Saxena,neha.saxena480@example.com,2025-10-23,2025-10-23 18:00:00,3,Medium (3-10)
481,481,Sameer Bansal,sameer.bansal481@example.com,2025-10-23,2025-10-23 20:00:00,2,Low (1-2)
482,482,Akshay Menon,akshay.menon482@example.com,2025-08-22,2025-08-22 20:00:00,6,Medium (3-10)
483,483,Dev Verma,dev.verma483@example.com,2025-09-21,2025-09-21 02:00:00,1,Low (1-2)
484,484,Gaurav Malhotra,gaurav.malhotra484@example.com,2025-11-09,2025-11-09 09:00:00,5,Medium (3-10)
485,485,Tanvi Bhat,tanvi.bhat485@example.com,2025-06-15,2025-06-15 11:00:00,2,Low (1-2)
486,486,Manish Mehta,manish.mehta486@example.com,2025-08-19,2025-08-19 14:00:00,5,Medium (3-10)
487,487,Sameer Patel,sameer.patel487@example.com,2025-06-15,2025-06-15 11:00:00,1,Low (1-2)
488,488,Nikhil Mehta,nikhil.mehta488@example.com,2025-11-13,2025-11-13 02:00:00,3,Medium (3-10)
489,489,Swati Menon,swati.menon489@example.com,2025-10-08,2025-10-08 12:00:00,3,Medium (3-10)
490,490,Neha Bhat,neha.bhat490@example.com,2025-10-20,2025-10-20 23:00:00,5,Medium (3-10)
491,491,Rohan Malhotra,rohan.malhotra491@example.com,2025-10-25,2025-10-25 20:00:00,2,Low (1-2)
492,492,Vikram Kapoor,vikram.kapoor492@example.com,2025-11-02,2025-11-02 15:00:00,0,Inactive (0)
493,493,Manish Verma,manish.verma493@example.com,2025-06-16,2025-06-16 14:00:00,0,Inactive (0)
494,494,Vivaan Pandey,vivaan.pandey494@example.com,2025-08-27,2025-08-27 22:00:00,0,Inactive (0)
495,495,Ishita Deshmukh,ishita.deshmukh495@example.com,2025-11-13,2025-11-13 05:00:00,0,Inactive (0)
496,496,Rohan Nair,rohan.nair496@example.com,2025-09-21,2025-09-21 14:00:00,0,Inactive (0)
497,497,Divya Deshmukh,divya.deshmukh497@example.com,2025-11-04,2025-11-04 05:00:00,5,Medium (3-10)
498,498,Shreya Reddy,shreya.reddy498@example.com,2025-08-12,2025-08-12 12:00:00,8,Medium (3-10)
499,499,Varun Saxena,varun.saxena499@example.com,2025-08-26,2025-08-26 21:00:00,0,Inactive (0)
500,500,Kunal Patel,kunal.patel500@example.com,2025-11-09,2025-11-09 20:00:00,2,Low (1-2)
501,501,Ritu Mehta,ritu.mehta501@example.com,2025-08-24,2025-08-24 03:00:00,4,Medium (3-10)
502,502,Sakshi Bansal,sakshi.bansal502@example.com,2025-09-07,2025-09-07 09:00:00,6,Medium (3-10)
503,503,Siddharth Trivedi,siddharth.trivedi503@example.com,2025-11-16,2025-11-16 19:00:00,3,Medium (3-10)
504,504,Rhea Kapoor,rhea.kapoor504@example.com,2025-06-21,2025-06-21 18:00:00,2,Low (1-2)
505,505,Yash Verma,yash.verma505@example.com,2025-08-29,2025-08-29 09:00:00,4,Medium (3-10)
506,506,Tara Singhania,tara.singhania506@example.com,2025-11-17,2025-11-17 12:00:00,7,Medium (3-10)
507,507,Aditya Menon,aditya.menon507@example.com,2025-06-22,2025-06-22 09:00:00,2,Low (1-2)
508,508,Sakshi Chopra,sakshi.chopra508@example.com,2025-11-12,2025-11-12 10:00:00,0,Inactive (0)
509,509,Aditya Bansal,aditya.bansal509@example.com,2025-11-27,2025-11-27 23:00:00,0,Inactive (0)
510,510,Nandini Mukherjee,nandini.mukherjee510@example.com,2025-10-13,2025-10-13 02:00:00,2,Low (1-2)
511,511,Tara Bansal,tara.bansal511@example.com,2025-09-17,2025-09-17 16:00:00,2,Low (1-2)
512,512,Shreya Sharma,shreya.sharma512@example.com,2025-09-01,2025-09-01 09:00:00,4,Medium (3-10)
513,513,Pooja Gupta,pooja.gupta513@example.com,2025-08-27,2025-08-27 15:00:00,4,Medium (3-10)
514,514,Vikram Nair,vikram.nair514@example.com,2025-07-06,2025-07-06 04:00:00,0,Inactive (0)
515,515,Kabir Sengupta,kabir.sengupta515@example.com,2025-06-26,2025-06-26 16:00:00,5,Medium (3-10)
516,516,Trisha Choudhury,trisha.choudhury516@example.com,2025-10-13,2025-10-13 01:00:00,3,Medium (3-10)
517,517,Yash Kapoor,yash.kapoor517@example.com,2025-11-06,2025-11-06 04:00:00,2,Low (1-2)
518,518,Kunal Chopra,kunal.chopra518@example.com,2025-07-10,2025-07-10 05:00:00,3,Medium (3-10)
519,519,Pooja Mishra,pooja.mishra519@example.com,2025-11-25,2025-11-25 19:00:00,4,Medium (3-10)
520,520,Arjun Trivedi,arjun.trivedi520@example.com,2025-09-21,2025-09-21 01:00:00,4,Medium (3-10)
521,521,Varun Reddy,varun.reddy521@example.com,2025-11-21,2025-11-21 23:00:00,3,Medium (3-10)
522,522,Kavya Malhotra,kavya.malhotra522@example.com,2025-11-04,2025-11-04 09:00:00,0,Inactive (0)
523,523,Deepak Trivedi,deepak.trivedi523@example.com,2025-09-23,2025-09-23 07:00:00,3,Medium (3-10)
524,524,Harsh Nair,harsh.nair524@example.com,2025-08-19,2025-08-19 15:00:00,2,Low (1-2)
525,525,Vikram Reddy,vikram.reddy525@example.com,2025-11-21,2025-11-21 18:00:00,6,Medium (3-10)
526,526,Sameer Malhotra,sameer.malhotra526@example.com,2025-08-12,2025-08-12 12:00:00,1,Low (1-2)
527,527,Manish Deshmukh,manish.deshmukh527@example.com,2025-09-16,2025-09-16 05:00:00,3,Medium (3-10)
528,528,Vikram Pandey,vikram.pandey528@example.com,2025-11-02,2025-11-02 04:00:00,3,Medium (3-10)
529,529,Siddharth Patel,siddharth.patel529@example.com,2025-11-12,2025-11-12 15:00:00,0,Inactive (0)
530,530,Shreya Choudhury,shreya.choudhury530@example.com,2025-06-27,2025-06-27 22:00:00,8,Medium (3-10)
531,531,Divya Das,divya.das531@example.com,2025-07-02,2025-07-02 09:00:00,0,Inactive (0)
532,532,Ishita Saxena,ishita.saxena532@example.com,2025-07-12,2025-07-12 08:00:00,0,Inactive (0)
533,533,Sameer Ghosh,sameer.ghosh533@example.com,2025-10-10,2025-10-10 04:00:00,7,Medium (3-10)
534,534,Isha Mehta,isha.mehta534@example.com,2025-07-27,2025-07-27 14:00:00,5,Medium (3-10)
535,535,Karan Mukherjee,karan.mukherjee535@example.com,2025-06-07,2025-06-07 13:00:00,12,High (11-25)
536,536,Ananya Chopra,ananya.chopra536@example.com,2025-10-07,2025-10-07 11:00:00,1,Low (1-2)
537,537,Kavya Chopra,kavya.chopra537@example.com,2025-06-21,2025-06-21 11:00:00,7,Medium (3-10)
538,538,Rahul Sharma,rahul.sharma538@example.com,2025-08-21,2025-08-21 03:00:00,5,Medium (3-10)
539,539,Payal Agarwal,payal.agarwal539@example.com,2025-08-25,2025-08-25 04:00:00,6,Medium (3-10)
540,540,Aditya Patel,aditya.patel540@example.com,2025-08-13,2025-08-13 15:00:00,2,Low (1-2)
541,541,Rishi Mishra,rishi.mishra541@example.com,2025-07-06,2025-07-06 22:00:00,3,Medium (3-10)
542,542,Gaurav Malhotra,gaurav.malhotra542@example.com,2025-11-05,2025-11-05 00:00:00,7,Medium (3-10)
543,543,Ishita Sharma,ishita.sharma543@example.com,2025-08-05,2025-08-05 06:00:00,5,Medium (3-10)
544,544,Rhea Choudhury,rhea.choudhury544@example.com,2025-11-03,2025-11-03 16:00:00,5,Medium (3-10)
545,545,Isha Iyer,isha.iyer545@example.com,2025-08-13,2025-08-13 07:00:00,3,Medium (3-10)
546,546,Priya Iyer,priya.iyer546@example.com,2025-06-13,2025-06-13 07:00:00,4,Medium (3-10)
547,547,Varun Agarwal,varun.agarwal547@example.com,2025-11-07,2025-11-07 14:00:00,8,Medium (3-10)
548,548,Kabir Iyer,kabir.iyer548@example.com,2025-10-06,2025-10-06 19:00:00,1,Low (1-2)
549,549,Harsh Sharma,harsh.sharma549@example.com,2025-11-09,2025-11-09 16:00:00,6,Medium (3-10)
550,550,Pranav Nair,pranav.nair550@example.com,2025-07-07,2025-07-07 09:00:00,4,Medium (3-10)
551,551,Isha Sharma,isha.sharma551@example.com,2025-11-05,2025-11-05 11:00:00,14,High (11-25)
552,552,Kavya Bhat,kavya.bhat552@example.com,2025-09-15,2025-09-15 05:00:00,0,Inactive (0)
553,553,Yash Bansal,yash.bansal553@example.com,2025-06-22,2025-06-22 16:00:00,4,Medium (3-10)
554,554,Shreya Mehta,shreya.mehta554@example.com,2025-10-13,2025-10-13 17:00:00,4,Medium (3-10)
555,555,Manish Pandey,manish.pandey555@example.com,2025-10-08,2025-10-08 17:00:00,0,Inactive (0)
556,556,Diya Chopra,diya.chopra556@example.com,2025-09-29,2025-09-29 01:00:00,6,Medium (3-10)
557,557,Akshay Chopra,akshay.chopra557@example.com,2025-09-04,2025-09-04 08:00:00,6,Medium (3-10)
558,558,Sanjana Sharma,sanjana.sharma558@example.com,2025-08-31,2025-08-31 02:00:00,0,Inactive (0)
559,559,Karan Nair,karan.nair559@example.com,2025-11-16,2025-11-16 20:00:00,7,Medium (3-10)
560,560,Vivaan Saxena,vivaan.saxena560@example.com,2025-10-27,2025-10-27 23:00:00,2,Low (1-2)
561,561,Deepak Kapoor,deepak.kapoor561@example.com,2025-07-05,2025-07-05 01:00:00,7,Medium (3-10)
562,562,Karan Choudhury,karan.choudhury562@example.com,2025-08-26,2025-08-26 20:00:00,2,Low (1-2)
563,563,Pooja Mishra,pooja.mishra563@example.com,2025-11-23,2025-11-23 14:00:00,6,Medium (3-10)
564,564,Rishi Kulkarni,rishi.kulkarni564@example.com,2025-11-09,2025-11-09 05:00:00,7,Medium (3-10)
565,565,Aditya Mehta,aditya.mehta565@example.com,2025-09-26,2025-09-26 01:00:00,2,Low (1-2)
566,566,Nikhil Gupta,nikhil.gupta566@example.com,2025-06-12,2025-06-12 06:00:00,2,Low (1-2)
567,567,Rohan Kapoor,rohan.kapoor567@example.com,2025-08-19,2025-08-19 16:00:00,0,Inactive (0)
568,568,Simran Mishra,simran.mishra568@example.com,2025-10-18,2025-10-18 15:00:00,2,Low (1-2)
569,569,Siddharth Patel,siddharth.patel569@example.com,2025-11-13,2025-11-13 06:00:00,5,Medium (3-10)
570,570,Nikhil Reddy,nikhil.reddy570@example.com,2025-06-13,2025-06-13 20:00:00,2,Low (1-2)
571,571,Ritu Joshi,ritu.joshi571@example.com,2025-07-02,2025-07-02 11:00:00,0,Inactive (0)
572,572,Isha Ghosh,isha.ghosh572@example.com,2025-09-11,2025-09-11 23:00:00,5,Medium (3-10)
573,573,Sameer Ghosh,sameer.ghosh573@example.com,2025-09-07,2025-09-07 10:00:00,2,Low (1-2)
574,574,Pooja Kulkarni,pooja.kulkarni574@example.com,2025-11-25,2025-11-25 15:00:00,3,Medium (3-10)
575,575,Shreya Mukherjee,shreya.mukherjee575@example.com,2025-10-11,2025-10-11 08:00:00,7,Medium (3-10)
576,576,Ishita Trivedi,ishita.trivedi576@example.com,2025-09-17,2025-09-17 02:00:00,2,Low (1-2)
577,577,Isha Menon,isha.menon577@example.com,2025-07-17,2025-07-17 17:00:00,4,Medium (3-10)
578,578,Nikhil Kapoor,nikhil.kapoor578@example.com,2025-06-27,2025-06-27 02:00:00,3,Medium (3-10)
579,579,Dev Bansal,dev.bansal579@example.com,2025-08-15,2025-08-15 09:00:00,0,Inactive (0)
580,580,Sameer Menon,sameer.menon580@example.com,2025-09-18,2025-09-18 05:00:00,6,Medium (3-10)
581,581,Rishi Malhotra,rishi.malhotra581@example.com,2025-08-29,2025-08-29 14:00:00,1,Low (1-2)
582,582,Rohan Trivedi,rohan.trivedi582@example.com,2025-08-30,2025-08-30 19:00:00,1,Low (1-2)
583,583,Isha Joshi,isha.joshi583@example.com,2025-11-11,2025-11-11 01:00:00,4,Medium (3-10)
584,584,Kabir Bansal,kabir.bansal584@example.com,2025-11-11,2025-11-11 12:00:00,4,Medium (3-10)
585,585,Shreya Deshmukh,shreya.deshmukh585@example.com,2025-11-21,2025-11-21 05:00:00,4,Medium (3-10)
586,586,Diya Verma,diya.verma586@example.com,2025-11-03,2025-11-03 21:00:00,2,Low (1-2)
587,587,Sameer Patel,sameer.patel587@example.com,2025-07-03,2025-07-03 02:00:00,8,Medium (3-10)
588,588,Kavya Saxena,kavya.saxena588@example.com,2025-11-13,2025-11-13 11:00:00,4,Medium (3-10)
589,589,Shreya Chopra,shreya.chopra589@example.com,2025-10-24,2025-10-24 01:00:00,0,Inactive (0)
590,590,Kunal Verma,kunal.verma590@example.com,2025-11-21,2025-11-21 14:00:00,2,Low (1-2)
591,591,Shreya Reddy,shreya.reddy591@example.com,2025-09-22,2025-09-22 02:00:00,2,Low (1-2)
592,592,Pranav Verma,pranav.verma592@example.com,2025-10-14,2025-10-14 11:00:00,0,Inactive (0)
593,593,Simran Kapoor,simran.kapoor593@example.com,2025-11-14,2025-11-14 08:00:00,0,Inactive (0)
594,594,Kavya Iyer,kavya.iyer594@example.com,2025-06-07,2025-06-07 23:00:00,0,Inactive (0)
595,595,Pooja Kulkarni,pooja.kulkarni595@example.com,2025-10-11,2025-10-11 12:00:00,2,Low (1-2)
596,596,Sakshi Iyer,sakshi.iyer596@example.com,2025-08-07,2025-08-07 08:00:00,1,Low (1-2)
597,597,Payal Malhotra,payal.malhotra597@example.com,2025-07-25,2025-07-25 19:00:00,3,Medium (3-10)
598,598,Nikhil Singhania,nikhil.singhania598@example.com,2025-10-04,2025-10-04 06:00:00,0,Inactive (0)
599,599,Meera Verma,meera.verma599@example.com,2025-06-19,2025-06-19 14:00:00,7,Medium (3-10)
600,600,Pooja Ghosh,pooja.ghosh600@example.com,2025-09-22,2025-09-22 02:00:00,5,Medium (3-10)
601,601,Nandini Das,nandini.das601@example.com,2025-08-21,2025-08-21 21:00:00,3,Medium (3-10)
602,602,Karan Singhania,karan.singhania602@example.com,2025-06-17,2025-06-17 17:00:00,6,Medium (3-10)
603,603,Harsh Sengupta,harsh.sengupta603@example.com,2025-08-16,2025-08-16 05:00:00,8,Medium (3-10)
604,604,Payal Singhania,payal.singhania604@example.com,2025-11-27,2025-11-27 20:00:00,0,Inactive (0)
605,605,Pooja Pandey,pooja.pandey605@example.com,2025-09-01,2025-09-01 16:00:00,5,Medium (3-10)
606,606,Rahul Iyer,rahul.iyer606@example.com,2025-07-22,2025-07-22 04:00:00,0,Inactive (0)
607,607,Kavya Pandey,kavya.pandey607@example.com,2025-10-05,2025-10-05 00:00:00,0,Inactive (0)
608,608,Shreya Choudhury,shreya.choudhury608@example.com,2025-10-25,2025-10-25 11:00:00,0,Inactive (0)
609,609,Neha Pandey,neha.pandey609@example.com,2025-10-20,2025-10-20 04:00:00,4,Medium (3-10)
610,610,Swati Ghosh,swati.ghosh610@example.com,2025-06-23,2025-06-23 02:00:00,5,Medium (3-10)
611,611,Priya Chopra,priya.chopra611@example.com,2025-10-01,2025-10-01 16:00:00,3,Medium (3-10)
612,612,Varun Saxena,varun.saxena612@example.com,2025-09-13,2025-09-13 18:00:00,4,Medium (3-10)
613,613,Kabir Verma,kabir.verma613@example.com,2025-08-21,2025-08-21 20:00:00,3,Medium (3-10)
614,614,Kabir Malhotra,kabir.malhotra614@example.com,2025-09-28,2025-09-28 21:00:00,10,Medium (3-10)
615,615,Divya Reddy,divya.reddy615@example.com,2025-07-03,2025-07-03 17:00:00,3,Medium (3-10)
616,616,Akshay Bhat,akshay.bhat616@example.com,2025-07-17,2025-07-17 04:00:00,3,Medium (3-10)
617,617,Isha Deshmukh,isha.deshmukh617@example.com,2025-06-15,2025-06-15 03:00:00,0,Inactive (0)
618,618,Divya Verma,divya.verma618@example.com,2025-08-17,2025-08-17 05:00:00,1,Low (1-2)
619,619,Arjun Kapoor,arjun.kapoor619@example.com,2025-07-28,2025-07-28 11:00:00,6,Medium (3-10)
620,620,Divya Ghosh,divya.ghosh620@example.com,2025-08-12,2025-08-12 02:00:00,2,Low (1-2)
621,621,Siddharth Gupta,siddharth.gupta621@example.com,2025-11-10,2025-11-10 17:00:00,5,Medium (3-10)
622,622,Tanvi Verma,tanvi.verma622@example.com,2025-11-08,2025-11-08 09:00:00,1,Low (1-2)
623,623,Swati Choudhury,swati.choudhury623@example.com,2025-06-24,2025-06-24 16:00:00,5,Medium (3-10)
624,624,Tara Rao,tara.rao624@example.com,2025-10-30,2025-10-30 18:00:00,1,Low (1-2)
625,625,Rhea Rao,rhea.rao625@example.com,2025-11-16,2025-11-16 19:00:00,6,Medium (3-10)
626,626,Amit Ghosh,amit.ghosh626@example.com,2025-11-02,2025-11-02 10:00:00,0,Inactive (0)
627,627,Pranav Patel,pranav.patel627@example.com,2025-06-08,2025-06-08 02:00:00,3,Medium (3-10)
628,628,Rohan Agarwal,rohan.agarwal628@example.com,2025-10-26,2025-10-26 08:00:00,4,Medium (3-10)
629,629,Tara Gupta,tara.gupta629@example.com,2025-10-25,2025-10-25 13:00:00,9,Medium (3-10)
630,630,Swati Agarwal,swati.agarwal630@example.com,2025-06-08,2025-06-08 15:00:00,3,Medium (3-10)
631,631,Akshay Choudhury,akshay.choudhury631@example.com,2025-08-14,2025-08-14 20:00:00,1,Low (1-2)
632,632,Priya Kulkarni,priya.kulkarni632@example.com,2025-08-02,2025-08-02 21:00:00,4,Medium (3-10)
633,633,Simran Sengupta,simran.sengupta633@example.com,2025-09-25,2025-09-25 02:00:00,3,Medium (3-10)
634,634,Rishi Patel,rishi.patel634@example.com,2025-07-11,2025-07-11 14:00:00,5,Medium (3-10)
635,635,Varun Kulkarni,varun.kulkarni635@example.com,2025-09-27,2025-09-27 06:00:00,3,Medium (3-10)
636,636,Ritu Menon,ritu.menon636@example.com,2025-07-07,2025-07-07 10:00:00,3,Medium (3-10)
637,637,Payal Kapoor,payal.kapoor637@example.com,2025-08-28,2025-08-28 12:00:00,3,Medium (3-10)
638,638,Aditya Saxena,aditya.saxena638@example.com,2025-09-03,2025-09-03 16:00:00,1,Low (1-2)
639,639,Sakshi Iyer,sakshi.iyer639@example.com,2025-08-21,2025-08-21 07:00:00,0,Inactive (0)
640,640,Neha Iyer,neha.iyer640@example.com,2025-08-08,2025-08-08 14:00:00,5,Medium (3-10)
641,641,Kavya Verma,kavya.verma641@example.com,2025-06-25,2025-06-25 01:00:00,0,Inactive (0)
642,642,Nikhil Chopra,nikhil.chopra642@example.com,2025-11-05,2025-11-05 13:00:00,4,Medium (3-10)
643,643,Kavya Das,kavya.das643@example.com,2025-07-11,2025-07-11 10:00:00,3,Medium (3-10)
644,644,Pranav Trivedi,pranav.trivedi644@example.com,2025-08-20,2025-08-20 06:00:00,6,Medium (3-10)
645,645,Deepak Rao,deepak.rao645@example.com,2025-10-06,2025-10-06 16:00:00,0,Inactive (0)
646,646,Neha Kulkarni,neha.kulkarni646@example.com,2025-08-18,2025-08-18 15:00:00,2,Low (1-2)
647,647,Diya Mehta,diya.mehta647@example.com,2025-09-09,2025-09-09 16:00:00,1,Low (1-2)
648,648,Neha Nair,neha.nair648@example.com,2025-07-26,2025-07-26 18:00:00,0,Inactive (0)
649,649,Karan Patel,karan.patel649@example.com,2025-06-13,2025-06-13 09:00:00,5,Medium (3-10)
650,650,Anushka Menon,anushka.menon650@example.com,2025-11-15,2025-11-15 21:00:00,0,Inactive (0)
651,651,Gaurav Sengupta,gaurav.sengupta651@example.com,2025-10-16,2025-10-16 00:00:00,5,Medium (3-10)
652,652,Vivaan Bose,vivaan.bose652@example.com,2025-07-05,2025-07-05 08:00:00,2,Low (1-2)
653,653,Amit Reddy,amit.reddy653@example.com,2025-09-12,2025-09-12 11:00:00,0,Inactive (0)
654,654,Rohan Chopra,rohan.chopra654@example.com,2025-06-14,2025-06-14 18:00:00,1,Low (1-2)
655,655,Sakshi Gupta,sakshi.gupta655@example.com,2025-09-01,2025-09-01 17:00:00,3,Medium (3-10)
656,656,Nikhil Mehta,nikhil.mehta656@example.com,2025-09-07,2025-09-07 16:00:00,1,Low (1-2)
657,657,Sameer Saxena,sameer.saxena657@example.com,2025-10-19,2025-10-19 08:00:00,5,Medium (3-10)
658,658,Swati Bansal,swati.bansal658@example.com,2025-11-04,2025-11-04 03:00:00,7,Medium (3-10)
659,659,Aditya Iyer,aditya.iyer659@example.com,2025-09-09,2025-09-09 11:00:00,0,Inactive (0)
660,660,Ritu Choudhury,ritu.choudhury660@example.com,2025-09-02,2025-09-02 04:00:00,1,Low (1-2)
661,661,Vikram Menon,vikram.menon661@example.com,2025-10-09,2025-10-09 12:00:00,1,Low (1-2)
662,662,Manish Patel,manish.patel662@example.com,2025-06-12,2025-06-12 01:00:00,0,Inactive (0)
663,663,Aditya Singhania,aditya.singhania663@example.com,2025-08-25,2025-08-25 15:00:00,6,Medium (3-10)
664,664,Divya Malhotra,divya.malhotra664@example.com,2025-07-09,2025-07-09 19:00:00,0,Inactive (0)
665,665,Manish Verma,manish.verma665@example.com,2025-08-23,2025-08-23 19:00:00,9,Medium (3-10)
666,666,Dev Rao,dev.rao666@example.com,2025-09-09,2025-09-09 19:00:00,5,Medium (3-10)
667,667,Sanjana Mishra,sanjana.mishra667@example.com,2025-08-16,2025-08-16 18:00:00,0,Inactive (0)
668,668,Ritu Deshmukh,ritu.deshmukh668@example.com,2025-10-09,2025-10-09 17:00:00,3,Medium (3-10)
669,669,Anushka Singhania,anushka.singhania669@example.com,2025-10-23,2025-10-23 09:00:00,0,Inactive (0)
670,670,Gaurav Mishra,gaurav.mishra670@example.com,2025-06-05,2025-06-05 11:00:00,5,Medium (3-10)
671,671,Ritu Bansal,ritu.bansal671@example.com,2025-06-29,2025-06-29 13:00:00,2,Low (1-2)
672,672,Bhavna Sengupta,bhavna.sengupta672@example.com,2025-11-24,2025-11-24 20:00:00,0,Inactive (0)
673,673,Diya Menon,diya.menon673@example.com,2025-09-30,2025-09-30 08:00:00,6,Medium (3-10)
674,674,Tara Pandey,tara.pandey674@example.com,2025-10-27,2025-10-27 18:00:00,1,Low (1-2)
675,675,Rahul Trivedi,rahul.trivedi675@example.com,2025-06-14,2025-06-14 18:00:00,0,Inactive (0)
676,676,Gaurav Rao,gaurav.rao676@example.com,2025-10-13,2025-10-13 20:00:00,2,Low (1-2)
677,677,Amit Menon,amit.menon677@example.com,2025-09-06,2025-09-06 04:00:00,0,Inactive (0)
678,678,Nandini Nair,nandini.nair678@example.com,2025-06-09,2025-06-09 18:00:00,3,Medium (3-10)
679,679,Rishi Iyer,rishi.iyer679@example.com,2025-07-19,2025-07-19 00:00:00,1,Low (1-2)
680,680,Sameer Kapoor,sameer.kapoor680@example.com,2025-09-16,2025-09-16 04:00:00,3,Medium (3-10)
681,681,Varun Singhania,varun.singhania681@example.com,2025-07-23,2025-07-23 13:00:00,7,Medium (3-10)
682,682,Manish Saxena,manish.saxena682@example.com,2025-11-04,2025-11-04 15:00:00,2,Low (1-2)
683,683,Sanjana Trivedi,sanjana.trivedi683@example.com,2025-06-16,2025-06-16 22:00:00,4,Medium (3-10)
684,684,Aditya Deshmukh,aditya.deshmukh684@example.com,2025-07-24,2025-07-24 17:00:00,2,Low (1-2)
685,685,Dev Bansal,dev.bansal685@example.com,2025-10-01,2025-10-01 16:00:00,5,Medium (3-10)
686,686,Aakash Kapoor,aakash.kapoor686@example.com,2025-07-15,2025-07-15 14:00:00,3,Medium (3-10)
687,687,Harsh Kapoor,harsh.kapoor687@example.com,2025-10-18,2025-10-18 11:00:00,5,Medium (3-10)
688,688,Nandini Saxena,nandini.saxena688@example.com,2025-11-22,2025-11-22 20:00:00,3,Medium (3-10)
689,689,Rishi Joshi,rishi.joshi689@example.com,2025-11-04,2025-11-04 15:00:00,2,Low (1-2)
690,690,Vikram Nair,vikram.nair690@example.com,2025-08-11,2025-08-11 17:00:00,7,Medium (3-10)
691,691,Priya Nair,priya.nair691@example.com,2025-08-16,2025-08-16 09:00:00,2,Low (1-2)
692,692,Payal Gupta,payal.gupta692@example.com,2025-11-24,2025-11-24 22:00:00,6,Medium (3-10)
693,693,Anushka Kapoor,anushka.kapoor693@example.com,2025-10-01,2025-10-01 11:00:00,0,Inactive (0)
694,694,Sakshi Mukherjee,sakshi.mukherjee694@example.com,2025-08-10,2025-08-10 09:00:00,2,Low (1-2)
695,695,Meera Bhat,meera.bhat695@example.com,2025-11-21,2025-11-21 17:00:00,3,Medium (3-10)
696,696,Aakash Ghosh,aakash.ghosh696@example.com,2025-09-10,2025-09-10 11:00:00,0,Inactive (0)
697,697,Trisha Pandey,trisha.pandey697@example.com,2025-07-08,2025-07-08 09:00:00,7,Medium (3-10)
698,698,Rohan Sengupta,rohan.sengupta698@example.com,2025-06-21,2025-06-21 11:00:00,2,Low (1-2)
699,699,Sameer Agarwal,sameer.agarwal699@example.com,2025-08-05,2025-08-05 23:00:00,0,Inactive (0)
700,700,Gaurav Gupta,gaurav.gupta700@example.com,2025-07-22,2025-07-22 17:00:00,4,Medium (3-10)
701,701,Tanvi Mukherjee,tanvi.mukherjee701@example.com,2025-10-22,2025-10-22 22:00:00,1,Low (1-2)
702,702,Tanvi Verma,tanvi.verma702@example.com,2025-06-28,2025-06-28 19:00:00,4,Medium (3-10)
703,703,Sanjana Bhat,sanjana.bhat703@example.com,2025-08-01,2025-08-01 07:00:00,6,Medium (3-10)
704,704,Ananya Bansal,ananya.bansal704@example.com,2025-10-14,2025-10-14 07:00:00,2,Low (1-2)
705,705,Akshay Nair,akshay.nair705@example.com,2025-06-14,2025-06-14 03:00:00,2,Low (1-2)
706,706,Varun Kapoor,varun.kapoor706@example.com,2025-09-29,2025-09-29 03:00:00,3,Medium (3-10)
707,707,Nandini Saxena,nandini.saxena707@example.com,2025-07-06,2025-07-06 00:00:00,0,Inactive (0)
708,708,Sakshi Mukherjee,sakshi.mukherjee708@example.com,2025-07-11,2025-07-11 13:00:00,3,Medium (3-10)
709,709,Tara Mukherjee,tara.mukherjee709@example.com,2025-09-30,2025-09-30 15:00:00,9,Medium (3-10)
710,710,Tara Gupta,tara.gupta710@example.com,2025-08-13,2025-08-13 10:00:00,0,Inactive (0)
711,711,Nikhil Agarwal,nikhil.agarwal711@example.com,2025-06-16,2025-06-16 02:00:00,3,Medium (3-10)
712,712,Tara Bhat,tara.bhat712@example.com,2025-07-30,2025-07-30 17:00:00,1,Low (1-2)
713,713,Sanjana Trivedi,sanjana.trivedi713@example.com,2025-06-10,2025-06-10 05:00:00,1,Low (1-2)
714,714,Varun Ghosh,varun.ghosh714@example.com,2025-07-16,2025-07-16 01:00:00,5,Medium (3-10)
715,715,Simran Pandey,simran.pandey715@example.com,2025-10-05,2025-10-05 05:00:00,2,Low (1-2)
716,716,Sanjana Das,sanjana.das716@example.com,2025-08-14,2025-08-14 01:00:00,1,Low (1-2)
717,717,Aarav Sengupta,aarav.sengupta717@example.com,2025-10-24,2025-10-24 19:00:00,4,Medium (3-10)
718,718,Vivaan Mukherjee,vivaan.mukherjee718@example.com,2025-08-25,2025-08-25 09:00:00,1,Low (1-2)
719,719,Neha Agarwal,neha.agarwal719@example.com,2025-10-18,2025-10-18 16:00:00,5,Medium (3-10)
720,720,Anushka Ghosh,anushka.ghosh720@example.com,2025-07-05,2025-07-05 16:00:00,1,Low (1-2)
721,721,Neha Joshi,neha.joshi721@example.com,2025-07-20,2025-07-20 03:00:00,2,Low (1-2)
722,722,Ritu Rao,ritu.rao722@example.com,2025-09-26,2025-09-26 20:00:00,4,Medium (3-10)
723,723,Siddharth Singhania,siddharth.singhania723@example.com,2025-07-18,2025-07-18 00:00:00,8,Medium (3-10)
724,724,Sanjana Kapoor,sanjana.kapoor724@example.com,2025-08-15,2025-08-15 18:00:00,8,Medium (3-10)
725,725,Nandini Saxena,nandini.saxena725@example.com,2025-07-20,2025-07-20 05:00:00,1,Low (1-2)
726,726,Swati Das,swati.das726@example.com,2025-11-11,2025-11-11 12:00:00,2,Low (1-2)
727,727,Isha Deshmukh,isha.deshmukh727@example.com,2025-08-23,2025-08-23 02:00:00,0,Inactive (0)
728,728,Simran Bansal,simran.bansal728@example.com,2025-06-25,2025-06-25 05:00:00,1,Low (1-2)
729,729,Aditya Kulkarni,aditya.kulkarni729@example.com,2025-08-22,2025-08-22 07:00:00,5,Medium (3-10)
730,730,Aarav Joshi,aarav.joshi730@example.com,2025-09-07,2025-09-07 07:00:00,6,Medium (3-10)
731,731,Sameer Saxena,sameer.saxena731@example.com,2025-08-08,2025-08-08 10:00:00,2,Low (1-2)
732,732,Priya Bhat,priya.bhat732@example.com,2025-10-25,2025-10-25 00:00:00,5,Medium (3-10)
733,733,Siddharth Agarwal,siddharth.agarwal733@example.com,2025-09-01,2025-09-01 22:00:00,4,Medium (3-10)
734,734,Kavya Patel,kavya.patel734@example.com,2025-11-18,2025-11-18 03:00:00,5,Medium (3-10)
735,735,Neha Sengupta,neha.sengupta735@example.com,2025-07-11,2025-07-11 12:00:00,3,Medium (3-10)
736,736,Nandini Deshmukh,nandini.deshmukh736@example.com,2025-11-28,2025-11-28 09:00:00,0,Inactive (0)
737,737,Rishi Iyer,rishi.iyer737@example.com,2025-11-11,2025-11-11 09:00:00,4,Medium (3-10)
738,738,Shreya Menon,shreya.menon738@example.com,2025-07-27,2025-07-27 07:00:00,3,Medium (3-10)
739,739,Aditya Kulkarni,aditya.kulkarni739@example.com,2025-07-10,2025-07-10 14:00:00,4,Medium (3-10)
740,740,Sanjana Menon,sanjana.menon740@example.com,2025-09-04,2025-09-04 13:00:00,3,Medium (3-10)
741,741,Rishi Choudhury,rishi.choudhury741@example.com,2025-09-29,2025-09-29 17:00:00,1,Low (1-2)
742,742,Yash Mishra,yash.mishra742@example.com,2025-07-26,2025-07-26 07:00:00,2,Low (1-2)
743,743,Nandini Saxena,nandini.saxena743@example.com,2025-10-31,2025-10-31 02:00:00,0,Inactive (0)
744,744,Divya Malhotra,divya.malhotra744@example.com,2025-10-14,2025-10-14 22:00:00,6,Medium (3-10)
745,745,Shreya Mehta,shreya.mehta745@example.com,2025-10-23,2025-10-23 03:00:00,4,Medium (3-10)
746,746,Ananya Mishra,ananya.mishra746@example.com,2025-10-19,2025-10-19 16:00:00,2,Low (1-2)
747,747,Vikram Bhat,vikram.bhat747@example.com,2025-10-16,2025-10-16 04:00:00,1,Low (1-2)
748,748,Arjun Kapoor,arjun.kapoor748@example.com,2025-10-12,2025-10-12 14:00:00,1,Low (1-2)
749,749,Meera Bansal,meera.bansal749@example.com,2025-07-23,2025-07-23 22:00:00,5,Medium (3-10)
750,750,Bhavna Kulkarni,bhavna.kulkarni750@example.com,2025-06-24,2025-06-24 16:00:00,3,Medium (3-10)
751,751,Sameer Pandey,sameer.pandey751@example.com,2025-06-15,2025-06-15 14:00:00,5,Medium (3-10)
752,752,Aditya Deshmukh,aditya.deshmukh752@example.com,2025-09-15,2025-09-15 14:00:00,1,Low (1-2)
753,753,Pranav Patel,pranav.patel753@example.com,2025-10-22,2025-10-22 14:00:00,6,Medium (3-10)
754,754,Nandini Pandey,nandini.pandey754@example.com,2025-08-18,2025-08-18 23:00:00,4,Medium (3-10)
755,755,Diya Chopra,diya.chopra755@example.com,2025-08-05,2025-08-05 00:00:00,3,Medium (3-10)
756,756,Sanjana Gupta,sanjana.gupta756@example.com,2025-10-27,2025-10-27 02:00:00,6,Medium (3-10)
757,757,Rohan Bose,rohan.bose757@example.com,2025-08-28,2025-08-28 22:00:00,1,Low (1-2)
758,758,Kabir Choudhury,kabir.choudhury758@example.com,2025-06-16,2025-06-16 02:00:00,2,Low (1-2)
759,759,Gaurav Patel,gaurav.patel759@example.com,2025-08-13,2025-08-13 13:00:00,0,Inactive (0)
760,760,Pooja Saxena,pooja.saxena760@example.com,2025-07-05,2025-07-05 20:00:00,5,Medium (3-10)
761,761,Amit Agarwal,amit.agarwal761@example.com,2025-09-16,2025-09-16 11:00:00,0,Inactive (0)
762,762,Aakash Malhotra,aakash.malhotra762@example.com,2025-09-05,2025-09-05 12:00:00,4,Medium (3-10)
763,763,Ishita Bansal,ishita.bansal763@example.com,2025-11-17,2025-11-17 17:00:00,0,Inactive (0)
764,764,Aditya Agarwal,aditya.agarwal764@example.com,2025-08-29,2025-08-29 03:00:00,2,Low (1-2)
765,765,Pooja Choudhury,pooja.choudhury765@example.com,2025-09-09,2025-09-09 16:00:00,5,Medium (3-10)
766,766,Aditya Trivedi,aditya.trivedi766@example.com,2025-07-28,2025-07-28 00:00:00,8,Medium (3-10)
767,767,Deepak Sharma,deepak.sharma767@example.com,2025-08-16,2025-08-16 14:00:00,0,Inactive (0)
768,768,Nandini Trivedi,nandini.trivedi768@example.com,2025-10-18,2025-10-18 13:00:00,5,Medium (3-10)
769,769,Harsh Chopra,harsh.chopra769@example.com,2025-07-29,2025-07-29 07:00:00,2,Low (1-2)
770,770,Neha Reddy,neha.reddy770@example.com,2025-07-10,2025-07-10 08:00:00,0,Inactive (0)
771,771,Vikram Mukherjee,vikram.mukherjee771@example.com,2025-06-29,2025-06-29 01:00:00,4,Medium (3-10)
772,772,Yash Bose,yash.bose772@example.com,2025-11-05,2025-11-05 00:00:00,2,Low (1-2)
773,773,Kavya Gupta,kavya.gupta773@example.com,2025-06-18,2025-06-18 03:00:00,0,Inactive (0)
774,774,Kunal Patel,kunal.patel774@example.com,2025-09-23,2025-09-23 19:00:00,16,High (11-25)
775,775,Nandini Singhania,nandini.singhania775@example.com,2025-06-13,2025-06-13 07:00:00,6,Medium (3-10)
776,776,Sanjana Patel,sanjana.patel776@example.com,2025-09-11,2025-09-11 14:00:00,6,Medium (3-10)
777,777,Rahul Choudhury,rahul.choudhury777@example.com,2025-07-26,2025-07-26 01:00:00,14,High (11-25)
778,778,Aditya Deshmukh,aditya.deshmukh778@example.com,2025-08-14,2025-08-14 07:00:00,4,Medium (3-10)
779,779,Amit Bhat,amit.bhat779@example.com,2025-08-21,2025-08-21 18:00:00,0,Inactive (0)
780,780,Kunal Saxena,kunal.saxena780@example.com,2025-11-20,2025-11-20 10:00:00,2,Low (1-2)
781,781,Kavya Sengupta,kavya.sengupta781@example.com,2025-07-07,2025-07-07 21:00:00,3,Medium (3-10)
782,782,Divya Nair,divya.nair782@example.com,2025-09-14,2025-09-14 09:00:00,0,Inactive (0)
783,783,Tanvi Patel,tanvi.patel783@example.com,2025-10-21,2025-10-21 18:00:00,3,Medium (3-10)
784,784,Sanjana Mukherjee,sanjana.mukherjee784@example.com,2025-07-15,2025-07-15 20:00:00,4,Medium (3-10)
785,785,Nandini Bose,nandini.bose785@example.com,2025-10-21,2025-10-21 15:00:00,1,Low (1-2)
786,786,Ananya Reddy,ananya.reddy786@example.com,2025-11-12,2025-11-12 21:00:00,0,Inactive (0)
787,787,Aakash Pandey,aakash.pandey787@example.com,2025-10-13,2025-10-13 10:00:00,3,Medium (3-10)
788,788,Rishi Bose,rishi.bose788@example.com,2025-09-13,2025-09-13 04:00:00,2,Low (1-2)
789,789,Priya Chopra,priya.chopra789@example.com,2025-07-18,2025-07-18 17:00:00,4,Medium (3-10)
790,790,Gaurav Nair,gaurav.nair790@example.com,2025-07-28,2025-07-28 09:00:00,3,Medium (3-10)
791,791,Payal Verma,payal.verma791@example.com,2025-09-27,2025-09-27 01:00:00,4,Medium (3-10)
792,792,Sakshi Bose,sakshi.bose792@example.com,2025-09-15,2025-09-15 17:00:00,6,Medium (3-10)
793,793,Divya Verma,divya.verma793@example.com,2025-09-08,2025-09-08 07:00:00,6,Medium (3-10)
794,794,Siddharth Gupta,siddharth.gupta794@example.com,2025-08-24,2025-08-24 20:00:00,2,Low (1-2)
795,795,Ishita Mukherjee,ishita.mukherjee795@example.com,2025-09-24,2025-09-24 11:00:00,3,Medium (3-10)
796,796,Ishita Choudhury,ishita.choudhury796@example.com,2025-07-19,2025-07-19 01:00:00,10,Medium (3-10)
797,797,Tanvi Chopra,tanvi.chopra797@example.com,2025-11-20,2025-11-20 19:00:00,6,Medium (3-10)
798,798,Kunal Patel,kunal.patel798@example.com,2025-06-19,2025-06-19 06:00:00,3,Medium (3-10)
799,799,Deepak Bhat,deepak.bhat799@example.com,2025-11-19,2025-11-19 17:00:00,3,Medium (3-10)
800,800,Sneha Kulkarni,sneha.kulkarni800@example.com,2025-07-24,2025-07-24 10:00:00,7,Medium (3-10)
801,801,Priya Mukherjee,priya.mukherjee801@example.com,2025-06-04,2025-06-04 06:00:00,5,Medium (3-10)
802,802,Vikram Trivedi,vikram.trivedi802@example.com,2025-07-01,2025-07-01 23:00:00,10,Medium (3-10)
803,803,Deepak Kulkarni,deepak.kulkarni803@example.com,2025-08-02,2025-08-02 22:00:00,7,Medium (3-10)
804,804,Kunal Singhania,kunal.singhania804@example.com,2025-07-23,2025-07-23 12:00:00,3,Medium (3-10)
805,805,Kavya Choudhury,kavya.choudhury805@example.com,2025-08-22,2025-08-22 09:00:00,1,Low (1-2)
806,806,Aakash Malhotra,aakash.malhotra806@example.com,2025-10-15,2025-10-15 20:00:00,1,Low (1-2)
807,807,Karan Sengupta,karan.sengupta807@example.com,2025-08-06,2025-08-06 11:00:00,0,Inactive (0)
808,808,Manish Ghosh,manish.ghosh808@example.com,2025-10-06,2025-10-06 14:00:00,3,Medium (3-10)
809,809,Vivaan Pandey,vivaan.pandey809@example.com,2025-09-29,2025-09-29 10:00:00,4,Medium (3-10)
810,810,Sneha Reddy,sneha.reddy810@example.com,2025-08-20,2025-08-20 13:00:00,0,Inactive (0)
811,811,Rohan Bhat,rohan.bhat811@example.com,2025-07-27,2025-07-27 23:00:00,2,Low (1-2)
812,812,Rhea Sharma,rhea.sharma812@example.com,2025-08-06,2025-08-06 17:00:00,5,Medium (3-10)
813,813,Bhavna Bhat,bhavna.bhat813@example.com,2025-09-15,2025-09-15 09:00:00,0,Inactive (0)
814,814,Rhea Gupta,rhea.gupta814@example.com,2025-08-24,2025-08-24 07:00:00,2,Low (1-2)
815,815,Aakash Bhat,aakash.bhat815@example.com,2025-08-02,2025-08-02 15:00:00,1,Low (1-2)
816,816,Sakshi Agarwal,sakshi.agarwal816@example.com,2025-11-23,2025-11-23 10:00:00,6,Medium (3-10)
817,817,Siddharth Saxena,siddharth.saxena817@example.com,2025-10-04,2025-10-04 23:00:00,2,Low (1-2)
818,818,Tara Trivedi,tara.trivedi818@example.com,2025-10-04,2025-10-04 14:00:00,9,Medium (3-10)
819,819,Arjun Trivedi,arjun.trivedi819@example.com,2025-08-30,2025-08-30 05:00:00,2,Low (1-2)
820,820,Aditya Trivedi,aditya.trivedi820@example.com,2025-10-18,2025-10-18 15:00:00,5,Medium (3-10)
821,821,Pooja Mukherjee,pooja.mukherjee821@example.com,2025-10-17,2025-10-17 20:00:00,0,Inactive (0)
822,822,Ananya Deshmukh,ananya.deshmukh822@example.com,2025-06-09,2025-06-09 02:00:00,2,Low (1-2)
823,823,Yash Patel,yash.patel823@example.com,2025-06-02,2025-06-02 13:00:00,5,Medium (3-10)
824,824,Aditya Mishra,aditya.mishra824@example.com,2025-11-09,2025-11-09 07:00:00,0,Inactive (0)
825,825,Kabir Singhania,kabir.singhania825@example.com,2025-07-09,2025-07-09 00:00:00,6,Medium (3-10)
826,826,Sneha Deshmukh,sneha.deshmukh826@example.com,2025-09-25,2025-09-25 11:00:00,0,Inactive (0)
827,827,Ananya Menon,ananya.menon827@example.com,2025-11-11,2025-11-11 21:00:00,1,Low (1-2)
828,828,Swati Mukherjee,swati.mukherjee828@example.com,2025-10-02,2025-10-02 21:00:00,0,Inactive (0)
829,829,Anushka Sharma,anushka.sharma829@example.com,2025-06-02,2025-06-02 17:00:00,4,Medium (3-10)
830,830,Sakshi Bose,sakshi.bose830@example.com,2025-06-04,2025-06-04 00:00:00,5,Medium (3-10)
831,831,Divya Trivedi,divya.trivedi831@example.com,2025-08-10,2025-08-10 17:00:00,7,Medium (3-10)
832,832,Nikhil Sharma,nikhil.sharma832@example.com,2025-10-07,2025-10-07 22:00:00,2,Low (1-2)
833,833,Nandini Bose,nandini.bose833@example.com,2025-07-16,2025-07-16 03:00:00,0,Inactive (0)
834,834,Vivaan Deshmukh,vivaan.deshmukh834@example.com,2025-07-09,2025-07-09 07:00:00,0,Inactive (0)
835,835,Vikram Menon,vikram.menon835@example.com,2025-10-13,2025-10-13 08:00:00,5,Medium (3-10)
836,836,Karan Joshi,karan.joshi836@example.com,2025-09-10,2025-09-10 02:00:00,7,Medium (3-10)
837,837,Shreya Chopra,shreya.chopra837@example.com,2025-09-26,2025-09-26 18:00:00,1,Low (1-2)
838,838,Kavya Singhania,kavya.singhania838@example.com,2025-07-28,2025-07-28 09:00:00,5,Medium (3-10)
839,839,Nandini Mishra,nandini.mishra839@example.com,2025-06-21,2025-06-21 20:00:00,3,Medium (3-10)
840,840,Tara Saxena,tara.saxena840@example.com,2025-06-09,2025-06-09 02:00:00,4,Medium (3-10)
841,841,Simran Chopra,simran.chopra841@example.com,2025-09-05,2025-09-05 17:00:00,3,Medium (3-10)
842,842,Gaurav Patel,gaurav.patel842@example.com,2025-11-11,2025-11-11 00:00:00,7,Medium (3-10)
843,843,Rishi Rao,rishi.rao843@example.com,2025-06-22,2025-06-22 15:00:00,0,Inactive (0)
844,844,Isha Agarwal,isha.agarwal844@example.com,2025-08-24,2025-08-24 18:00:00,4,Medium (3-10)
845,845,Vivaan Ghosh,vivaan.ghosh845@example.com,2025-10-14,2025-10-14 01:00:00,1,Low (1-2)
846,846,Rahul Gupta,rahul.gupta846@example.com,2025-11-25,2025-11-25 18:00:00,3,Medium (3-10)
847,847,Gaurav Joshi,gaurav.joshi847@example.com,2025-06-12,2025-06-12 02:00:00,3,Medium (3-10)
848,848,Nandini Mukherjee,nandini.mukherjee848@example.com,2025-08-11,2025-08-11 17:00:00,1,Low (1-2)
849,849,Pranav Bansal,pranav.bansal849@example.com,2025-06-09,2025-06-09 05:00:00,6,Medium (3-10)
850,850,Dev Sharma,dev.sharma850@example.com,2025-07-24,2025-07-24 18:00:00,0,Inactive (0)
851,851,Rhea Saxena,rhea.saxena851@example.com,2025-09-10,2025-09-10 02:00:00,5,Medium (3-10)
852,852,Priya Rao,priya.rao852@example.com,2025-10-23,2025-10-23 07:00:00,2,Low (1-2)
853,853,Pranav Mishra,pranav.mishra853@example.com,2025-09-08,2025-09-08 21:00:00,1,Low (1-2)
854,854,Harsh Kapoor,harsh.kapoor854@example.com,2025-09-07,2025-09-07 23:00:00,5,Medium (3-10)
855,855,Aditya Pandey,aditya.pandey855@example.com,2025-11-24,2025-11-24 23:00:00,9,Medium (3-10)
856,856,Ishita Deshmukh,ishita.deshmukh856@example.com,2025-08-28,2025-08-28 01:00:00,0,Inactive (0)
857,857,Vivaan Bose,vivaan.bose857@example.com,2025-07-30,2025-07-30 02:00:00,4,Medium (3-10)
858,858,Ritu Menon,ritu.menon858@example.com,2025-11-05,2025-11-05 19:00:00,5,Medium (3-10)
859,859,Simran Saxena,simran.saxena859@example.com,2025-08-23,2025-08-23 00:00:00,0,Inactive (0)
860,860,Akshay Joshi,akshay.joshi860@example.com,2025-09-24,2025-09-24 15:00:00,2,Low (1-2)
861,861,Rahul Reddy,rahul.reddy861@example.com,2025-10-20,2025-10-20 12:00:00,4,Medium (3-10)
862,862,Isha Rao,isha.rao862@example.com,2025-11-22,2025-11-22 18:00:00,0,Inactive (0)
863,863,Yash Chopra,yash.chopra863@example.com,2025-06-22,2025-06-22 19:00:00,7,Medium (3-10)
864,864,Nikhil Pandey,nikhil.pandey864@example.com,2025-08-03,2025-08-03 22:00:00,6,Medium (3-10)
865,865,Kabir Mehta,kabir.mehta865@example.com,2025-08-08,2025-08-08 04:00:00,8,Medium (3-10)
866,866,Aakash Singhania,aakash.singhania866@example.com,2025-11-10,2025-11-10 04:00:00,0,Inactive (0)
867,867,Sanjana Chopra,sanjana.chopra867@example.com,2025-08-21,2025-08-21 11:00:00,4,Medium (3-10)
868,868,Vivaan Mehta,vivaan.mehta868@example.com,2025-06-02,2025-06-02 09:00:00,0,Inactive (0)
869,869,Sameer Reddy,sameer.reddy869@example.com,2025-08-09,2025-08-09 03:00:00,5,Medium (3-10)
870,870,Aditya Mehta,aditya.mehta870@example.com,2025-07-18,2025-07-18 13:00:00,3,Medium (3-10)
871,871,Sameer Choudhury,sameer.choudhury871@example.com,2025-10-21,2025-10-21 16:00:00,6,Medium (3-10)
872,872,Varun Iyer,varun.iyer872@example.com,2025-06-07,2025-06-07 02:00:00,2,Low (1-2)
873,873,Karan Choudhury,karan.choudhury873@example.com,2025-06-24,2025-06-24 19:00:00,3,Medium (3-10)
874,874,Kunal Pandey,kunal.pandey874@example.com,2025-08-23,2025-08-23 12:00:00,0,Inactive (0)
875,875,Aarav Sengupta,aarav.sengupta875@example.com,2025-09-14,2025-09-14 12:00:00,2,Low (1-2)
876,876,Trisha Mehta,trisha.mehta876@example.com,2025-10-22,2025-10-22 07:00:00,3,Medium (3-10)
877,877,Pranav Deshmukh,pranav.deshmukh877@example.com,2025-07-14,2025-07-14 21:00:00,2,Low (1-2)
878,878,Aakash Rao,aakash.rao878@example.com,2025-07-06,2025-07-06 08:00:00,2,Low (1-2)
879,879,Priya Joshi,priya.joshi879@example.com,2025-10-05,2025-10-05 04:00:00,4,Medium (3-10)
880,880,Kabir Rao,kabir.rao880@example.com,2025-09-20,2025-09-20 08:00:00,3,Medium (3-10)
881,881,Varun Sengupta,varun.sengupta881@example.com,2025-10-02,2025-10-02 02:00:00,3,Medium (3-10)
882,882,Shreya Joshi,shreya.joshi882@example.com,2025-08-03,2025-08-03 23:00:00,0,Inactive (0)
883,883,Akshay Kulkarni,akshay.kulkarni883@example.com,2025-10-31,2025-10-31 19:00:00,0,Inactive (0)
884,884,Vikram Malhotra,vikram.malhotra884@example.com,2025-06-28,2025-06-28 04:00:00,2,Low (1-2)
885,885,Priya Sharma,priya.sharma885@example.com,2025-09-10,2025-09-10 10:00:00,2,Low (1-2)
886,886,Swati Chopra,swati.chopra886@example.com,2025-08-24,2025-08-24 14:00:00,0,Inactive (0)
887,887,Ritu Bose,ritu.bose887@example.com,2025-11-14,2025-11-14 19:00:00,5,Medium (3-10)
888,888,Aditya Sengupta,aditya.sengupta888@example.com,2025-08-22,2025-08-22 19:00:00,1,Low (1-2)
889,889,Rishi Gupta,rishi.gupta889@example.com,2025-10-01,2025-10-01 10:00:00,2,Low (1-2)
890,890,Pooja Chopra,pooja.chopra890@example.com,2025-08-21,2025-08-21 09:00:00,10,Medium (3-10)
891,891,Sanjana Singhania,sanjana.singhania891@example.com,2025-11-10,2025-11-10 15:00:00,1,Low (1-2)
892,892,Pranav Pandey,pranav.pandey892@example.com,2025-08-02,2025-08-02 10:00:00,6,Medium (3-10)
893,893,Aakash Joshi,aakash.joshi893@example.com,2025-09-09,2025-09-09 11:00:00,8,Medium (3-10)
894,894,Meera Mukherjee,meera.mukherjee894@example.com,2025-10-23,2025-10-23 06:00:00,6,Medium (3-10)
895,895,Bhavna Choudhury,bhavna.choudhury895@example.com,2025-07-17,2025-07-17 21:00:00,2,Low (1-2)
896,896,Trisha Choudhury,trisha.choudhury896@example.com,2025-06-07,2025-06-07 23:00:00,4,Medium (3-10)
897,897,Neha Singhania,neha.singhania897@example.com,2025-07-24,2025-07-24 14:00:00,8,Medium (3-10)
898,898,Nikhil Mishra,nikhil.mishra898@example.com,2025-11-25,2025-11-25 02:00:00,4,Medium (3-10)
899,899,Varun Bansal,varun.bansal899@example.com,2025-10-06,2025-10-06 04:00:00,2,Low (1-2)
900,900,Akshay Sengupta,akshay.sengupta900@example.com,2025-08-01,2025-08-01 08:00:00,1,Low (1-2)
901,901,Yash Verma,yash.verma901@example.com,2025-09-17,2025-09-17 12:00:00,4,Medium (3-10)
902,902,Kabir Malhotra,kabir.malhotra902@example.com,2025-11-01,2025-11-01 15:00:00,4,Medium (3-10)
903,903,Bhavna Chopra,bhavna.chopra903@example.com,2025-10-15,2025-10-15 16:00:00,3,Medium (3-10)
904,904,Rishi Bose,rishi.bose904@example.com,2025-10-18,2025-10-18 01:00:00,0,Inactive (0)
905,905,Shreya Singhania,shreya.singhania905@example.com,2025-10-16,2025-10-16 19:00:00,4,Medium (3-10)
906,906,Akshay Mukherjee,akshay.mukherjee906@example.com,2025-06-22,2025-06-22 03:00:00,3,Medium (3-10)
907,907,Trisha Nair,trisha.nair907@example.com,2025-11-16,2025-11-16 21:00:00,3,Medium (3-10)
908,908,Karan Rao,karan.rao908@example.com,2025-11-13,2025-11-13 19:00:00,3,Medium (3-10)
909,909,Rohan Bhat,rohan.bhat909@example.com,2025-11-13,2025-11-13 21:00:00,1,Low (1-2)
910,910,Tara Chopra,tara.chopra910@example.com,2025-08-24,2025-08-24 13:00:00,2,Low (1-2)
911,911,Vivaan Sharma,vivaan.sharma911@example.com,2025-06-26,2025-06-26 08:00:00,1,Low (1-2)
912,912,Rahul Deshmukh,rahul.deshmukh912@example.com,2025-10-11,2025-10-11 17:00:00,2,Low (1-2)
913,913,Bhavna Singhania,bhavna.singhania913@example.com,2025-10-26,2025-10-26 07:00:00,3,Medium (3-10)
914,914,Sameer Reddy,sameer.reddy914@example.com,2025-09-09,2025-09-09 14:00:00,1,Low (1-2)
915,915,Trisha Bansal,trisha.bansal915@example.com,2025-10-29,2025-10-29 22:00:00,0,Inactive (0)
916,916,Manish Verma,manish.verma916@example.com,2025-08-28,2025-08-28 00:00:00,0,Inactive (0)
917,917,Gaurav Iyer,gaurav.iyer917@example.com,2025-08-15,2025-08-15 13:00:00,12,High (11-25)
918,918,Ishita Iyer,ishita.iyer918@example.com,2025-07-07,2025-07-07 11:00:00,5,Medium (3-10)
919,919,Priya Kapoor,priya.kapoor919@example.com,2025-09-25,2025-09-25 06:00:00,5,Medium (3-10)
920,920,Divya Kulkarni,divya.kulkarni920@example.com,2025-08-29,2025-08-29 15:00:00,2,Low (1-2)
921,921,Vivaan Malhotra,vivaan.malhotra921@example.com,2025-11-26,2025-11-26 14:00:00,7,Medium (3-10)
922,922,Dev Mehta,dev.mehta922@example.com,2025-08-16,2025-08-16 01:00:00,0,Inactive (0)
923,923,Payal Iyer,payal.iyer923@example.com,2025-06-06,2025-06-06 10:00:00,6,Medium (3-10)
924,924,Tara Iyer,tara.iyer924@example.com,2025-11-21,2025-11-21 05:00:00,2,Low (1-2)
925,925,Sanjana Nair,sanjana.nair925@example.com,2025-10-11,2025-10-11 05:00:00,8,Medium (3-10)
926,926,Sakshi Rao,sakshi.rao926@example.com,2025-08-24,2025-08-24 17:00:00,6,Medium (3-10)
927,927,Isha Malhotra,isha.malhotra927@example.com,2025-07-30,2025-07-30 12:00:00,0,Inactive (0)
928,928,Akshay Rao,akshay.rao928@example.com,2025-07-18,2025-07-18 20:00:00,8,Medium (3-10)
929,929,Yash Bose,yash.bose929@example.com,2025-09-10,2025-09-10 00:00:00,0,Inactive (0)
930,930,Sanjana Menon,sanjana.menon930@example.com,2025-07-21,2025-07-21 14:00:00,4,Medium (3-10)
931,931,Bhavna Bose,bhavna.bose931@example.com,2025-09-08,2025-09-08 00:00:00,3,Medium (3-10)
932,932,Payal Gupta,payal.gupta932@example.com,2025-07-23,2025-07-23 08:00:00,1,Low (1-2)
933,933,Deepak Singhania,deepak.singhania933@example.com,2025-06-17,2025-06-17 18:00:00,9,Medium (3-10)
934,934,Vivaan Pandey,vivaan.pandey934@example.com,2025-10-16,2025-10-16 05:00:00,2,Low (1-2)
935,935,Shreya Kapoor,shreya.kapoor935@example.com,2025-07-21,2025-07-21 14:00:00,1,Low (1-2)
936,936,Meera Joshi,meera.joshi936@example.com,2025-11-19,2025-11-19 15:00:00,1,Low (1-2)
937,937,Divya Agarwal,divya.agarwal937@example.com,2025-08-20,2025-08-20 19:00:00,8,Medium (3-10)
938,938,Aakash Menon,aakash.menon938@example.com,2025-09-09,2025-09-09 18:00:00,2,Low (1-2)
939,939,Meera Reddy,meera.reddy939@example.com,2025-08-30,2025-08-30 14:00:00,0,Inactive (0)
940,940,Swati Rao,swati.rao940@example.com,2025-11-20,2025-11-20 22:00:00,7,Medium (3-10)
941,941,Priya Mukherjee,priya.mukherjee941@example.com,2025-11-05,2025-11-05 18:00:00,4,Medium (3-10)
942,942,Ishita Bansal,ishita.bansal942@example.com,2025-07-05,2025-07-05 10:00:00,5,Medium (3-10)
943,943,Meera Nair,meera.nair943@example.com,2025-08-18,2025-08-18 03:00:00,3,Medium (3-10)
944,944,Pooja Reddy,pooja.reddy944@example.com,2025-11-25,2025-11-25 04:00:00,6,Medium (3-10)
945,945,Manish Chopra,manish.chopra945@example.com,2025-09-16,2025-09-16 19:00:00,3,Medium (3-10)
946,946,Aditya Bhat,aditya.bhat946@example.com,2025-09-07,2025-09-07 13:00:00,5,Medium (3-10)
947,947,Pooja Kulkarni,pooja.kulkarni947@example.com,2025-11-10,2025-11-10 17:00:00,0,Inactive (0)
948,948,Rishi Mukherjee,rishi.mukherjee948@example.com,2025-11-13,2025-11-13 05:00:00,3,Medium (3-10)
949,949,Sakshi Rao,sakshi.rao949@example.com,2025-10-04,2025-10-04 09:00:00,0,Inactive (0)
950,950,Aditya Rao,aditya.rao950@example.com,2025-08-20,2025-08-20 14:00:00,5,Medium (3-10)
951,951,Swati Patel,swati.patel951@example.com,2025-08-31,2025-08-31 00:00:00,2,Low (1-2)
952,952,Anushka Verma,anushka.verma952@example.com,2025-07-20,2025-07-20 12:00:00,0,Inactive (0)
953,953,Sakshi Deshmukh,sakshi.deshmukh953@example.com,2025-11-15,2025-11-15 15:00:00,0,Inactive (0)
954,954,Varun Bansal,varun.bansal954@example.com,2025-10-04,2025-10-04 13:00:00,6,Medium (3-10)
955,955,Payal Mishra,payal.mishra955@example.com,2025-09-22,2025-09-22 15:00:00,5,Medium (3-10)
956,956,Arjun Mehta,arjun.mehta956@example.com,2025-10-23,2025-10-23 00:00:00,9,Medium (3-10)
957,957,Deepak Nair,deepak.nair957@example.com,2025-08-14,2025-08-14 01:00:00,0,Inactive (0)
958,958,Tanvi Nair,tanvi.nair958@example.com,2025-10-16,2025-10-16 09:00:00,2,Low (1-2)
959,959,Arjun Saxena,arjun.saxena959@example.com,2025-09-26,2025-09-26 18:00:00,3,Medium (3-10)
960,960,Sanjana Saxena,sanjana.saxena960@example.com,2025-10-05,2025-10-05 17:00:00,2,Low (1-2)
961,961,Manish Iyer,manish.iyer961@example.com,2025-10-25,2025-10-25 03:00:00,1,Low (1-2)
962,962,Tanvi Saxena,tanvi.saxena962@example.com,2025-10-18,2025-10-18 11:00:00,1,Low (1-2)
963,963,Harsh Mishra,harsh.mishra963@example.com,2025-06-11,2025-06-11 23:00:00,2,Low (1-2)
964,964,Sameer Choudhury,sameer.choudhury964@example.com,2025-07-26,2025-07-26 13:00:00,9,Medium (3-10)
965,965,Vivaan Trivedi,vivaan.trivedi965@example.com,2025-11-15,2025-11-15 07:00:00,0,Inactive (0)
966,966,Priya Das,priya.das966@example.com,2025-06-09,2025-06-09 14:00:00,8,Medium (3-10)
967,967,Siddharth Reddy,siddharth.reddy967@example.com,2025-06-23,2025-06-23 14:00:00,5,Medium (3-10)
968,968,Meera Saxena,meera.saxena968@example.com,2025-07-31,2025-07-31 06:00:00,7,Medium (3-10)
969,969,Sanjana Bhat,sanjana.bhat969@example.com,2025-11-24,2025-11-24 11:00:00,0,Inactive (0)
970,970,Payal Menon,payal.menon970@example.com,2025-11-09,2025-11-09 13:00:00,4,Medium (3-10)
971,971,Arjun Menon,arjun.menon971@example.com,2025-07-06,2025-07-06 06:00:00,9,Medium (3-10)
972,972,Sneha Pandey,sneha.pandey972@example.com,2025-06-16,2025-06-16 18:00:00,3,Medium (3-10)
973,973,Karan Choudhury,karan.choudhury973@example.com,2025-08-11,2025-08-11 19:00:00,7,Medium (3-10)
974,974,Harsh Rao,harsh.rao974@example.com,2025-08-22,2025-08-22 22:00:00,2,Low (1-2)
975,975,Nikhil Sengupta,nikhil.sengupta975@example.com,2025-10-25,2025-10-25 08:00:00,0,Inactive (0)
976,976,Manish Ghosh,manish.ghosh976@example.com,2025-11-21,2025-11-21 03:00:00,0,Inactive (0)
977,977,Aditya Saxena,aditya.saxena977@example.com,2025-09-14,2025-09-14 01:00:00,4,Medium (3-10)
978,978,Tanvi Das,tanvi.das978@example.com,2025-11-15,2025-11-15 04:00:00,6,Medium (3-10)
979,979,Rishi Das,rishi.das979@example.com,2025-07-04,2025-07-04 07:00:00,4,Medium (3-10)
980,980,Rhea Singhania,rhea.singhania980@example.com,2025-08-22,2025-08-22 07:00:00,3,Medium (3-10)
981,981,Deepak Mishra,deepak.mishra981@example.com,2025-11-21,2025-11-21 12:00:00,8,Medium (3-10)
982,982,Anushka Verma,anushka.verma982@example.com,2025-10-26,2025-10-26 20:00:00,0,Inactive (0)
983,983,Tanvi Agarwal,tanvi.agarwal983@example.com,2025-09-15,2025-09-15 12:00:00,3,Medium (3-10)
984,984,Sameer Mehta,sameer.mehta984@example.com,2025-11-10,2025-11-10 02:00:00,0,Inactive (0)
985,985,Simran Deshmukh,simran.deshmukh985@example.com,2025-08-11,2025-08-11 22:00:00,3,Medium (3-10)
986,986,Shreya Malhotra,shreya.malhotra986@example.com,2025-10-03,2025-10-03 10:00:00,1,Low (1-2)
987,987,Bhavna Sharma,bhavna.sharma987@example.com,2025-06-24,2025-06-24 23:00:00,2,Low (1-2)
988,988,Neha Agarwal,neha.agarwal988@example.com,2025-11-18,2025-11-18 22:00:00,9,Medium (3-10)
989,989,Karan Das,karan.das989@example.com,2025-06-17,2025-06-17 17:00:00,3,Medium (3-10)
990,990,Simran Gupta,simran.gupta990@example.com,2025-09-18,2025-09-18 06:00:00,1,Low (1-2)
991,991,Anushka Joshi,anushka.joshi991@example.com,2025-08-22,2025-08-22 09:00:00,4,Medium (3-10)
992,992,Ritu Choudhury,ritu.choudhury992@example.com,2025-10-26,2025-10-26 04:00:00,0,Inactive (0)
993,993,Pranav Das,pranav.das993@example.com,2025-10-03,2025-10-03 10:00:00,0,Inactive (0)
994,994,Nandini Saxena,nandini.saxena994@example.com,2025-06-13,2025-06-13 01:00:00,0,Inactive (0)
995,995,Vivaan Agarwal,vivaan.agarwal995@example.com,2025-09-26,2025-09-26 00:00:00,4,Medium (3-10)
996,996,Meera Mukherjee,meera.mukherjee996@example.com,2025-07-11,2025-07-11 14:00:00,1,Low (1-2)
997,997,Neha Sharma,neha.sharma997@example.com,2025-09-18,2025-09-18 06:00:00,1,Low (1-2)
998,998,Rishi Mukherjee,rishi.mukherjee998@example.com,2025-07-04,2025-07-04 20:00:00,5,Medium (3-10)
999,999,Priya Rao,priya.rao999@example.com,2025-08-10,2025-08-10 02:00:00,2,Low (1-2)
1000,1000,Tara Reddy,tara.reddy1000@example.com,2025-08-04,2025-08-04 02:00:00,4,Medium (3-10)
1001,1001,Shreya Bansal,shreya.bansal1001@example.com,2025-11-14,2025-11-14 05:00:00,8,Medium (3-10)
1002,1002,Ananya Chopra,ananya.chopra1002@example.com,2025-11-08,2025-11-08 09:00:00,5,Medium (3-10)
1003,1003,Amit Singhania,amit.singhania1003@example.com,2025-07-30,2025-07-30 13:00:00,0,Inactive (0)
1004,1004,Tara Mehta,tara.mehta1004@example.com,2025-11-28,2025-11-28 03:00:00,4,Medium (3-10)
1005,1005,Aarav Gupta,aarav.gupta1005@example.com,2025-10-01,2025-10-01 02:00:00,0,Inactive (0)
1006,1006,Aditya Bhat,aditya.bhat1006@example.com,2025-07-28,2025-07-28 16:00:00,0,Inactive (0)
1007,1007,Nandini Malhotra,nandini.malhotra1007@example.com,2025-06-03,2025-06-03 00:00:00,4,Medium (3-10)
1008,1008,Rishi Kapoor,rishi.kapoor1008@example.com,2025-07-01,2025-07-01 13:00:00,1,Low (1-2)
1009,1009,Rishi Verma,rishi.verma1009@example.com,2025-10-01,2025-10-01 02:00:00,4,Medium (3-10)
1010,1010,Rahul Chopra,rahul.chopra1010@example.com,2025-06-23,2025-06-23 23:00:00,3,Medium (3-10)
1011,1011,Vivaan Iyer,vivaan.iyer1011@example.com,2025-08-20,2025-08-20 11:00:00,4,Medium (3-10)
1012,1012,Priya Verma,priya.verma1012@example.com,2025-09-06,2025-09-06 04:00:00,1,Low (1-2)
1013,1013,Tara Bansal,tara.bansal1013@example.com,2025-07-07,2025-07-07 02:00:00,0,Inactive (0)
1014,1014,Divya Bhat,divya.bhat1014@example.com,2025-06-03,2025-06-03 19:00:00,3,Medium (3-10)
1015,1015,Tara Rao,tara.rao1015@example.com,2025-09-21,2025-09-21 11:00:00,2,Low (1-2)
1016,1016,Amit Gupta,amit.gupta1016@example.com,2025-11-08,2025-11-08 23:00:00,0,Inactive (0)
1017,1017,Rhea Mukherjee,rhea.mukherjee1017@example.com,2025-09-14,2025-09-14 19:00:00,9,Medium (3-10)
1018,1018,Nandini Malhotra,nandini.malhotra1018@example.com,2025-07-26,2025-07-26 02:00:00,1,Low (1-2)
1019,1019,Vivaan Verma,vivaan.verma1019@example.com,2025-07-02,2025-07-02 18:00:00,1,Low (1-2)
1020,1020,Amit Chopra,amit.chopra1020@example.com,2025-08-29,2025-08-29 13:00:00,0,Inactive (0)
1021,1021,Dev Pandey,dev.pandey1021@example.com,2025-07-06,2025-07-06 07:00:00,5,Medium (3-10)
1022,1022,Tanvi Agarwal,tanvi.agarwal1022@example.com,2025-06-22,2025-06-22 07:00:00,7,Medium (3-10)
1023,1023,Sakshi Menon,sakshi.menon1023@example.com,2025-11-01,2025-11-01 23:00:00,0,Inactive (0)
1024,1024,Kunal Sengupta,kunal.sengupta1024@example.com,2025-11-24,2025-11-24 00:00:00,2,Low (1-2)
1025,1025,Yash Ghosh,yash.ghosh1025@example.com,2025-08-17,2025-08-17 06:00:00,1,Low (1-2)
1026,1026,Divya Menon,divya.menon1026@example.com,2025-10-09,2025-10-09 06:00:00,12,High (11-25)
1027,1027,Sanjana Chopra,sanjana.chopra1027@example.com,2025-08-15,2025-08-15 20:00:00,0,Inactive (0)
1028,1028,Ananya Pandey,ananya.pandey1028@example.com,2025-08-01,2025-08-01 15:00:00,3,Medium (3-10)
1029,1029,Aakash Iyer,aakash.iyer1029@example.com,2025-08-01,2025-08-01 15:00:00,0,Inactive (0)
1030,1030,Akshay Menon,akshay.menon1030@example.com,2025-06-19,2025-06-19 16:00:00,8,Medium (3-10)
1031,1031,Aarav Reddy,aarav.reddy1031@example.com,2025-08-21,2025-08-21 04:00:00,1,Low (1-2)
1032,1032,Aakash Das,aakash.das1032@example.com,2025-10-24,2025-10-24 13:00:00,0,Inactive (0)
1033,1033,Shreya Choudhury,shreya.choudhury1033@example.com,2025-11-22,2025-11-22 05:00:00,6,Medium (3-10)
1034,1034,Deepak Kulkarni,deepak.kulkarni1034@example.com,2025-06-19,2025-06-19 00:00:00,1,Low (1-2)
1035,1035,Bhavna Mehta,bhavna.mehta1035@example.com,2025-06-04,2025-06-04 08:00:00,5,Medium (3-10)
1036,1036,Sneha Patel,sneha.patel1036@example.com,2025-06-16,2025-06-16 12:00:00,4,Medium (3-10)
1037,1037,Manish Sengupta,manish.sengupta1037@example.com,2025-11-08,2025-11-08 22:00:00,2,Low (1-2)
1038,1038,Manish Saxena,manish.saxena1038@example.com,2025-09-15,2025-09-15 13:00:00,5,Medium (3-10)
1039,1039,Rishi Chopra,rishi.chopra1039@example.com,2025-06-22,2025-06-22 20:00:00,2,Low (1-2)
1040,1040,Harsh Choudhury,harsh.choudhury1040@example.com,2025-11-05,2025-11-05 04:00:00,1,Low (1-2)
1041,1041,Tanvi Mehta,tanvi.mehta1041@example.com,2025-08-19,2025-08-19 02:00:00,2,Low (1-2)
1042,1042,Manish Mukherjee,manish.mukherjee1042@example.com,2025-07-23,2025-07-23 04:00:00,0,Inactive (0)
1043,1043,Harsh Kapoor,harsh.kapoor1043@example.com,2025-09-09,2025-09-09 18:00:00,6,Medium (3-10)
1044,1044,Akshay Saxena,akshay.saxena1044@example.com,2025-11-14,2025-11-14 21:00:00,0,Inactive (0)
1045,1045,Tara Mehta,tara.mehta1045@example.com,2025-08-19,2025-08-19 22:00:00,0,Inactive (0)
1046,1046,Isha Trivedi,isha.trivedi1046@example.com,2025-08-01,2025-08-01 01:00:00,3,Medium (3-10)
1047,1047,Kavya Mehta,kavya.mehta1047@example.com,2025-09-20,2025-09-20 03:00:00,3,Medium (3-10)
1048,1048,Neha Menon,neha.menon1048@example.com,2025-11-03,2025-11-03 01:00:00,12,High (11-25)
1049,1049,Priya Bansal,priya.bansal1049@example.com,2025-11-16,2025-11-16 23:00:00,11,High (11-25)
1050,1050,Pooja Iyer,pooja.iyer1050@example.com,2025-06-04,2025-06-04 22:00:00,2,Low (1-2)
1051,1051,Aditya Singhania,aditya.singhania1051@example.com,2025-06-03,2025-06-03 05:00:00,4,Medium (3-10)
1052,1052,Anushka Reddy,anushka.reddy1052@example.com,2025-10-12,2025-10-12 16:00:00,4,Medium (3-10)
1053,1053,Amit Joshi,amit.joshi1053@example.com,2025-07-13,2025-07-13 11:00:00,1,Low (1-2)
1054,1054,Aditya Trivedi,aditya.trivedi1054@example.com,2025-08-08,2025-08-08 23:00:00,7,Medium (3-10)
1055,1055,Meera Saxena,meera.saxena1055@example.com,2025-06-08,2025-06-08 10:00:00,2,Low (1-2)
1056,1056,Isha Joshi,isha.joshi1056@example.com,2025-10-13,2025-10-13 02:00:00,1,Low (1-2)
1057,1057,Siddharth Singhania,siddharth.singhania1057@example.com,2025-10-26,2025-10-26 20:00:00,2,Low (1-2)
1058,1058,Kabir Kulkarni,kabir.kulkarni1058@example.com,2025-09-25,2025-09-25 16:00:00,1,Low (1-2)
1059,1059,Shreya Patel,shreya.patel1059@example.com,2025-10-06,2025-10-06 18:00:00,5,Medium (3-10)
1060,1060,Arjun Reddy,arjun.reddy1060@example.com,2025-07-11,2025-07-11 08:00:00,3,Medium (3-10)
1061,1061,Trisha Iyer,trisha.iyer1061@example.com,2025-10-25,2025-10-25 21:00:00,2,Low (1-2)
1062,1062,Amit Iyer,amit.iyer1062@example.com,2025-07-29,2025-07-29 23:00:00,8,Medium (3-10)
1063,1063,Manish Sharma,manish.sharma1063@example.com,2025-06-12,2025-06-12 00:00:00,3,Medium (3-10)
1064,1064,Kavya Patel,kavya.patel1064@example.com,2025-09-29,2025-09-29 11:00:00,5,Medium (3-10)
1065,1065,Aakash Mukherjee,aakash.mukherjee1065@example.com,2025-07-09,2025-07-09 05:00:00,4,Medium (3-10)
1066,1066,Rohan Choudhury,rohan.choudhury1066@example.com,2025-11-15,2025-11-15 13:00:00,1,Low (1-2)
1067,1067,Rahul Kapoor,rahul.kapoor1067@example.com,2025-08-03,2025-08-03 13:00:00,4,Medium (3-10)
1068,1068,Amit Kapoor,amit.kapoor1068@example.com,2025-08-09,2025-08-09 02:00:00,0,Inactive (0)
1069,1069,Pranav Reddy,pranav.reddy1069@example.com,2025-07-01,2025-07-01 16:00:00,4,Medium (3-10)
1070,1070,Nandini Ghosh,nandini.ghosh1070@example.com,2025-06-14,2025-06-14 05:00:00,2,Low (1-2)
1071,1071,Rahul Pandey,rahul.pandey1071@example.com,2025-10-11,2025-10-11 01:00:00,3,Medium (3-10)
1072,1072,Simran Mehta,simran.mehta1072@example.com,2025-09-28,2025-09-28 09:00:00,8,Medium (3-10)
1073,1073,Trisha Das,trisha.das1073@example.com,2025-08-19,2025-08-19 10:00:00,2,Low (1-2)
1074,1074,Ishita Choudhury,ishita.choudhury1074@example.com,2025-09-25,2025-09-25 00:00:00,3,Medium (3-10)
1075,1075,Shreya Gupta,shreya.gupta1075@example.com,2025-08-14,2025-08-14 18:00:00,2,Low (1-2)
1076,1076,Priya Trivedi,priya.trivedi1076@example.com,2025-11-07,2025-11-07 07:00:00,0,Inactive (0)
1077,1077,Neha Reddy,neha.reddy1077@example.com,2025-10-30,2025-10-30 15:00:00,4,Medium (3-10)
1078,1078,Trisha Saxena,trisha.saxena1078@example.com,2025-07-21,2025-07-21 23:00:00,0,Inactive (0)
1079,1079,Harsh Saxena,harsh.saxena1079@example.com,2025-08-02,2025-08-02 04:00:00,0,Inactive (0)
1080,1080,Aarav Mukherjee,aarav.mukherjee1080@example.com,2025-09-13,2025-09-13 00:00:00,4,Medium (3-10)
1081,1081,Rahul Choudhury,rahul.choudhury1081@example.com,2025-08-28,2025-08-28 20:00:00,0,Inactive (0)
1082,1082,Rishi Ghosh,rishi.ghosh1082@example.com,2025-06-03,2025-06-03 10:00:00,1,Low (1-2)
1083,1083,Aarav Saxena,aarav.saxena1083@example.com,2025-11-16,2025-11-16 12:00:00,7,Medium (3-10)
1084,1084,Sanjana Trivedi,sanjana.trivedi1084@example.com,2025-08-18,2025-08-18 03:00:00,11,High (11-25)
1085,1085,Sneha Deshmukh,sneha.deshmukh1085@example.com,2025-07-31,2025-07-31 13:00:00,3,Medium (3-10)
1086,1086,Anushka Patel,anushka.patel1086@example.com,2025-07-07,2025-07-07 22:00:00,10,Medium (3-10)
1087,1087,Tanvi Mehta,tanvi.mehta1087@example.com,2025-06-12,2025-06-12 07:00:00,1,Low (1-2)
1088,1088,Divya Bose,divya.bose1088@example.com,2025-11-27,2025-11-27 11:00:00,0,Inactive (0)
1089,1089,Neha Trivedi,neha.trivedi1089@example.com,2025-06-22,2025-06-22 18:00:00,7,Medium (3-10)
1090,1090,Vivaan Deshmukh,vivaan.deshmukh1090@example.com,2025-07-05,2025-07-05 20:00:00,2,Low (1-2)
1091,1091,Simran Mehta,simran.mehta1091@example.com,2025-10-30,2025-10-30 18:00:00,7,Medium (3-10)
1092,1092,Ananya Bose,ananya.bose1092@example.com,2025-11-17,2025-11-17 04:00:00,3,Medium (3-10)
1093,1093,Kavya Sengupta,kavya.sengupta1093@example.com,2025-08-06,2025-08-06 10:00:00,7,Medium (3-10)
1094,1094,Simran Singhania,simran.singhania1094@example.com,2025-08-23,2025-08-23 10:00:00,3,Medium (3-10)
1095,1095,Sameer Joshi,sameer.joshi1095@example.com,2025-07-30,2025-07-30 02:00:00,2,Low (1-2)
1096,1096,Vikram Verma,vikram.verma1096@example.com,2025-10-28,2025-10-28 03:00:00,2,Low (1-2)
1097,1097,Rhea Iyer,rhea.iyer1097@example.com,2025-07-13,2025-07-13 14:00:00,2,Low (1-2)
1098,1098,Neha Kapoor,neha.kapoor1098@example.com,2025-09-13,2025-09-13 03:00:00,4,Medium (3-10)
1099,1099,Harsh Reddy,harsh.reddy1099@example.com,2025-07-24,2025-07-24 14:00:00,4,Medium (3-10)
1100,1100,Priya Malhotra,priya.malhotra1100@example.com,2025-08-07,2025-08-07 03:00:00,2,Low (1-2)
1101,1101,Ishita Rao,ishita.rao1101@example.com,2025-11-23,2025-11-23 09:00:00,4,Medium (3-10)
1102,1102,Payal Singhania,payal.singhania1102@example.com,2025-11-02,2025-11-02 01:00:00,2,Low (1-2)
1103,1103,Sneha Mishra,sneha.mishra1103@example.com,2025-08-23,2025-08-23 04:00:00,5,Medium (3-10)
1104,1104,Ishita Singhania,ishita.singhania1104@example.com,2025-08-03,2025-08-03 11:00:00,4,Medium (3-10)
1105,1105,Simran Deshmukh,simran.deshmukh1105@example.com,2025-06-13,2025-06-13 21:00:00,3,Medium (3-10)
1106,1106,Priya Joshi,priya.joshi1106@example.com,2025-07-15,2025-07-15 00:00:00,3,Medium (3-10)
1107,1107,Simran Das,simran.das1107@example.com,2025-09-24,2025-09-24 17:00:00,1,Low (1-2)
1108,1108,Sanjana Choudhury,sanjana.choudhury1108@example.com,2025-08-03,2025-08-03 03:00:00,3,Medium (3-10)
1109,1109,Neha Iyer,neha.iyer1109@example.com,2025-07-06,2025-07-06 03:00:00,4,Medium (3-10)
1110,1110,Aarav Patel,aarav.patel1110@example.com,2025-07-27,2025-07-27 04:00:00,2,Low (1-2)
1111,1111,Vikram Mishra,vikram.mishra1111@example.com,2025-09-11,2025-09-11 11:00:00,1,Low (1-2)
1112,1112,Nandini Agarwal,nandini.agarwal1112@example.com,2025-11-13,2025-11-13 02:00:00,2,Low (1-2)
1113,1113,Bhavna Bhat,bhavna.bhat1113@example.com,2025-08-06,2025-08-06 02:00:00,7,Medium (3-10)
1114,1114,Diya Mehta,diya.mehta1114@example.com,2025-07-21,2025-07-21 20:00:00,5,Medium (3-10)
1115,1115,Sameer Pandey,sameer.pandey1115@example.com,2025-07-03,2025-07-03 02:00:00,5,Medium (3-10)
1116,1116,Ritu Iyer,ritu.iyer1116@example.com,2025-06-11,2025-06-11 14:00:00,3,Medium (3-10)
1117,1117,Ananya Rao,ananya.rao1117@example.com,2025-10-25,2025-10-25 13:00:00,0,Inactive (0)
1118,1118,Amit Chopra,amit.chopra1118@example.com,2025-10-06,2025-10-06 00:00:00,6,Medium (3-10)
1119,1119,Aakash Bansal,aakash.bansal1119@example.com,2025-09-18,2025-09-18 05:00:00,4,Medium (3-10)
1120,1120,Karan Gupta,karan.gupta1120@example.com,2025-07-18,2025-07-18 08:00:00,1,Low (1-2)
1121,1121,Tanvi Malhotra,tanvi.malhotra1121@example.com,2025-07-09,2025-07-09 01:00:00,10,Medium (3-10)
1122,1122,Swati Menon,swati.menon1122@example.com,2025-11-05,2025-11-05 07:00:00,4,Medium (3-10)
1123,1123,Tara Sengupta,tara.sengupta1123@example.com,2025-10-06,2025-10-06 13:00:00,3,Medium (3-10)
1124,1124,Sakshi Kulkarni,sakshi.kulkarni1124@example.com,2025-06-16,2025-06-16 02:00:00,0,Inactive (0)
1125,1125,Tanvi Chopra,tanvi.chopra1125@example.com,2025-07-06,2025-07-06 13:00:00,0,Inactive (0)
1126,1126,Vikram Agarwal,vikram.agarwal1126@example.com,2025-10-13,2025-10-13 07:00:00,6,Medium (3-10)
1127,1127,Akshay Pandey,akshay.pandey1127@example.com,2025-10-18,2025-10-18 00:00:00,1,Low (1-2)
1128,1128,Aakash Pandey,aakash.pandey1128@example.com,2025-08-31,2025-08-31 15:00:00,2,Low (1-2)
1129,1129,Harsh Pandey,harsh.pandey1129@example.com,2025-10-03,2025-10-03 11:00:00,6,Medium (3-10)
1130,1130,Pranav Deshmukh,pranav.deshmukh1130@example.com,2025-08-22,2025-08-22 12:00:00,2,Low (1-2)
1131,1131,Tanvi Rao,tanvi.rao1131@example.com,2025-06-07,2025-06-07 10:00:00,2,Low (1-2)
1132,1132,Kunal Nair,kunal.nair1132@example.com,2025-06-08,2025-06-08 08:00:00,3,Medium (3-10)
1133,1133,Ananya Pandey,ananya.pandey1133@example.com,2025-09-29,2025-09-29 16:00:00,4,Medium (3-10)
1134,1134,Karan Saxena,karan.saxena1134@example.com,2025-10-28,2025-10-28 07:00:00,0,Inactive (0)
1135,1135,Arjun Iyer,arjun.iyer1135@example.com,2025-08-03,2025-08-03 21:00:00,0,Inactive (0)
1136,1136,Kavya Joshi,kavya.joshi1136@example.com,2025-10-15,2025-10-15 23:00:00,6,Medium (3-10)
1137,1137,Ananya Saxena,ananya.saxena1137@example.com,2025-07-27,2025-07-27 18:00:00,3,Medium (3-10)
1138,1138,Aakash Reddy,aakash.reddy1138@example.com,2025-07-15,2025-07-15 05:00:00,0,Inactive (0)
1139,1139,Kavya Bhat,kavya.bhat1139@example.com,2025-08-21,2025-08-21 23:00:00,7,Medium (3-10)
1140,1140,Rishi Reddy,rishi.reddy1140@example.com,2025-10-30,2025-10-30 00:00:00,3,Medium (3-10)
1141,1141,Payal Singhania,payal.singhania1141@example.com,2025-08-30,2025-08-30 18:00:00,4,Medium (3-10)
1142,1142,Pranav Verma,pranav.verma1142@example.com,2025-10-23,2025-10-23 06:00:00,0,Inactive (0)
1143,1143,Anushka Choudhury,anushka.choudhury1143@example.com,2025-08-19,2025-08-19 05:00:00,1,Low (1-2)
1144,1144,Anushka Patel,anushka.patel1144@example.com,2025-06-24,2025-06-24 01:00:00,3,Medium (3-10)
1145,1145,Rahul Menon,rahul.menon1145@example.com,2025-07-27,2025-07-27 00:00:00,0,Inactive (0)
1146,1146,Divya Kulkarni,divya.kulkarni1146@example.com,2025-06-01,2025-06-01 10:00:00,2,Low (1-2)
1147,1147,Swati Gupta,swati.gupta1147@example.com,2025-07-04,2025-07-04 10:00:00,1,Low (1-2)
1148,1148,Payal Rao,payal.rao1148@example.com,2025-08-22,2025-08-22 01:00:00,3,Medium (3-10)
1149,1149,Diya Verma,diya.verma1149@example.com,2025-10-29,2025-10-29 22:00:00,3,Medium (3-10)
1150,1150,Rhea Saxena,rhea.saxena1150@example.com,2025-06-29,2025-06-29 16:00:00,0,Inactive (0)
1151,1151,Shreya Mehta,shreya.mehta1151@example.com,2025-09-04,2025-09-04 22:00:00,5,Medium (3-10)
1152,1152,Yash Chopra,yash.chopra1152@example.com,2025-10-29,2025-10-29 03:00:00,3,Medium (3-10)
1153,1153,Ritu Sengupta,ritu.sengupta1153@example.com,2025-08-22,2025-08-22 04:00:00,6,Medium (3-10)
1154,1154,Arjun Trivedi,arjun.trivedi1154@example.com,2025-09-20,2025-09-20 20:00:00,3,Medium (3-10)
1155,1155,Anushka Agarwal,anushka.agarwal1155@example.com,2025-08-21,2025-08-21 05:00:00,3,Medium (3-10)
1156,1156,Payal Choudhury,payal.choudhury1156@example.com,2025-11-25,2025-11-25 19:00:00,1,Low (1-2)
1157,1157,Karan Nair,karan.nair1157@example.com,2025-11-18,2025-11-18 18:00:00,1,Low (1-2)
1158,1158,Pooja Chopra,pooja.chopra1158@example.com,2025-08-18,2025-08-18 23:00:00,2,Low (1-2)
1159,1159,Rishi Sengupta,rishi.sengupta1159@example.com,2025-07-03,2025-07-03 05:00:00,0,Inactive (0)
1160,1160,Amit Sharma,amit.sharma1160@example.com,2025-11-27,2025-11-27 18:00:00,5,Medium (3-10)
1161,1161,Simran Das,simran.das1161@example.com,2025-10-24,2025-10-24 01:00:00,0,Inactive (0)
1162,1162,Pooja Menon,pooja.menon1162@example.com,2025-08-21,2025-08-21 19:00:00,4,Medium (3-10)
1163,1163,Rahul Agarwal,rahul.agarwal1163@example.com,2025-10-23,2025-10-23 03:00:00,4,Medium (3-10)
1164,1164,Anushka Verma,anushka.verma1164@example.com,2025-08-24,2025-08-24 23:00:00,2,Low (1-2)
1165,1165,Kabir Nair,kabir.nair1165@example.com,2025-08-28,2025-08-28 10:00:00,3,Medium (3-10)
1166,1166,Arjun Agarwal,arjun.agarwal1166@example.com,2025-06-23,2025-06-23 22:00:00,8,Medium (3-10)
1167,1167,Yash Agarwal,yash.agarwal1167@example.com,2025-08-25,2025-08-25 14:00:00,2,Low (1-2)
1168,1168,Aarav Joshi,aarav.joshi1168@example.com,2025-07-24,2025-07-24 07:00:00,1,Low (1-2)
1169,1169,Rishi Mehta,rishi.mehta1169@example.com,2025-08-29,2025-08-29 08:00:00,0,Inactive (0)
1170,1170,Vivaan Trivedi,vivaan.trivedi1170@example.com,2025-06-01,2025-06-01 01:00:00,0,Inactive (0)
1171,1171,Aakash Malhotra,aakash.malhotra1171@example.com,2025-09-16,2025-09-16 05:00:00,3,Medium (3-10)
1172,1172,Varun Kulkarni,varun.kulkarni1172@example.com,2025-09-05,2025-09-05 11:00:00,6,Medium (3-10)
1173,1173,Harsh Chopra,harsh.chopra1173@example.com,2025-06-26,2025-06-26 15:00:00,0,Inactive (0)
1174,1174,Pranav Agarwal,pranav.agarwal1174@example.com,2025-11-23,2025-11-23 07:00:00,1,Low (1-2)
1175,1175,Arjun Malhotra,arjun.malhotra1175@example.com,2025-06-19,2025-06-19 01:00:00,4,Medium (3-10)
1176,1176,Nikhil Sharma,nikhil.sharma1176@example.com,2025-08-21,2025-08-21 08:00:00,0,Inactive (0)
1177,1177,Vivaan Mehta,vivaan.mehta1177@example.com,2025-08-27,2025-08-27 05:00:00,5,Medium (3-10)
1178,1178,Aakash Rao,aakash.rao1178@example.com,2025-06-20,2025-06-20 17:00:00,6,Medium (3-10)
1179,1179,Ishita Kapoor,ishita.kapoor1179@example.com,2025-10-31,2025-10-31 19:00:00,3,Medium (3-10)
1180,1180,Gaurav Singhania,gaurav.singhania1180@example.com,2025-06-08,2025-06-08 13:00:00,8,Medium (3-10)
1181,1181,Tara Rao,tara.rao1181@example.com,2025-11-03,2025-11-03 13:00:00,0,Inactive (0)
1182,1182,Arjun Patel,arjun.patel1182@example.com,2025-06-26,2025-06-26 10:00:00,0,Inactive (0)
1183,1183,Sneha Gupta,sneha.gupta1183@example.com,2025-09-13,2025-09-13 22:00:00,2,Low (1-2)
1184,1184,Sakshi Trivedi,sakshi.trivedi1184@example.com,2025-10-17,2025-10-17 08:00:00,6,Medium (3-10)
1185,1185,Yash Sengupta,yash.sengupta1185@example.com,2025-08-16,2025-08-16 07:00:00,3,Medium (3-10)
1186,1186,Vivaan Patel,vivaan.patel1186@example.com,2025-09-09,2025-09-09 18:00:00,1,Low (1-2)
1187,1187,Sakshi Mishra,sakshi.mishra1187@example.com,2025-10-04,2025-10-04 04:00:00,2,Low (1-2)
1188,1188,Ananya Reddy,ananya.reddy1188@example.com,2025-06-01,2025-06-01 13:00:00,7,Medium (3-10)
1189,1189,Ishita Sengupta,ishita.sengupta1189@example.com,2025-11-17,2025-11-17 20:00:00,1,Low (1-2)
1190,1190,Kunal Kulkarni,kunal.kulkarni1190@example.com,2025-07-22,2025-07-22 03:00:00,3,Medium (3-10)
1191,1191,Diya Gupta,diya.gupta1191@example.com,2025-07-14,2025-07-14 20:00:00,1,Low (1-2)
1192,1192,Nikhil Mehta,nikhil.mehta1192@example.com,2025-09-30,2025-09-30 03:00:00,5,Medium (3-10)
1193,1193,Priya Pandey,priya.pandey1193@example.com,2025-09-10,2025-09-10 15:00:00,8,Medium (3-10)
1194,1194,Anushka Ghosh,anushka.ghosh1194@example.com,2025-11-17,2025-11-17 08:00:00,8,Medium (3-10)
1195,1195,Ishita Agarwal,ishita.agarwal1195@example.com,2025-10-18,2025-10-18 12:00:00,0,Inactive (0)
1196,1196,Pooja Reddy,pooja.reddy1196@example.com,2025-09-06,2025-09-06 11:00:00,0,Inactive (0)
1197,1197,Pooja Malhotra,pooja.malhotra1197@example.com,2025-06-12,2025-06-12 08:00:00,1,Low (1-2)
1198,1198,Sameer Malhotra,sameer.malhotra1198@example.com,2025-08-07,2025-08-07 07:00:00,2,Low (1-2)
1199,1199,Tanvi Bhat,tanvi.bhat1199@example.com,2025-06-16,2025-06-16 04:00:00,4,Medium (3-10)
1200,1200,Deepak Singhania,deepak.singhania1200@example.com,2025-11-18,2025-11-18 03:00:00,0,Inactive (0)
