id,user_id,product_id,status,processing_time,created_at,completed_at
1,26,14,COMPLETED,12,2026-01-12 20:22:04,2026-01-12 20:22:16
2,1010,2,COMPLETED,13,2025-12-01 20:20:34,2025-12-01 20:20:47
3,1010,5,COMPLETED,5,2025-12-01 20:25:34,2025-12-01 20:25:39
4,1010,9,COMPLETED,14,2025-12-01 20:24:34,2025-12-01 20:24:48
5,933,20,COMPLETED,13,2025-09-27 08:35:48,2025-09-27 08:36:01
6,933,5,COMPLETED,5,2025-09-27 08:40:48,2025-09-27 08:40:53
7,273,18,COMPLETED,6,2025-11-06 14:38:58,2025-11-06 14:39:04
8,44,17,COMPLETED,8,2026-02-04 08:18:03,2026-02-04 08:18:11
9,44,16,COMPLETED,8,2026-02-04 08:23:03,2026-02-04 08:23:11
10,183,20,COMPLETED,12,2026-03-07 08:36:56,2026-03-07 08:37:08
11,183,5,COMPLETED,5,2026-03-07 08:38:56,2026-03-07 08:39:01
12,244,4,COMPLETED,8,2026-01-20 10:12:18,2026-01-20 10:12:26
13,244,10,COMPLETED,11,2026-01-20 10:17:18,2026-01-20 10:17:29
14,185,17,COMPLETED,6,2026-02-26 03:42:49,2026-02-26 03:42:55
15,185,16,COMPLETED,10,2026-02-26 03:45:49,2026-02-26 03:45:59
16,794,6,COMPLETED,8,2025-09-04 18:56:06,2025-09-04 18:56:14
17,794,15,COMPLETED,12,2025-09-04 19:01:06,2025-09-04 19:01:18
18,148,17,COMPLETED,14,2025-10-11 01:37:04,2025-10-11 01:37:18
19,148,16,COMPLETED,6,2025-10-11 01:41:04,2025-10-11 01:41:10
20,73,20,COMPLETED,7,2025-09-23 09:10:41,2025-09-23 09:10:48
21,154,4,COMPLETED,10,2026-02-18 01:25:13,2026-02-18 01:25:23
22,154,10,COMPLETED,7,2026-02-18 01:28:13,2026-02-18 01:28:20
23,394,6,COMPLETED,10,2026-02-05 13:16:34,2026-02-05 13:16:44
24,100,19,FAILED,12,2025-12-11 12:35:17,2025-12-11 12:35:29
25,100,23,COMPLETED,6,2025-12-11 12:37:17,2025-12-11 12:37:23
26,100,8,COMPLETED,6,2025-12-11 12:41:17,2025-12-11 12:41:23
27,387,6,FAILED,6,2025-10-02 17:13:02,2025-10-02 17:13:08
28,387,15,FAILED,11,2025-10-02 17:15:02,2025-10-02 17:15:13
29,12,1,FAILED,10,2025-11-17 18:40:31,2025-11-17 18:40:41
30,31,6,COMPLETED,9,2026-02-17 17:43:04,2026-02-17 17:43:13
31,31,15,COMPLETED,10,2026-02-17 17:46:04,2026-02-17 17:46:14
32,68,1,COMPLETED,15,2025-11-19 11:27:47,2025-11-19 11:28:02
33,68,3,COMPLETED,4,2025-11-19 11:29:47,2025-11-19 11:29:51
34,68,8,COMPLETED,7,2025-11-19 11:37:47,2025-11-19 11:37:54
35,323,2,COMPLETED,12,2025-12-10 11:18:15,2025-12-10 11:18:27
36,323,5,COMPLETED,8,2025-12-10 11:20:15,2025-12-10 11:20:23
37,323,9,COMPLETED,8,2025-12-10 11:24:15,2025-12-10 11:24:23
38,211,2,COMPLETED,5,2025-12-01 09:44:51,2025-12-01 09:44:56
39,211,5,COMPLETED,6,2025-12-01 09:47:51,2025-12-01 09:47:57
40,211,9,COMPLETED,5,2025-12-01 09:52:51,2025-12-01 09:52:56
41,42,19,COMPLETED,11,2025-11-06 13:17:22,2025-11-06 13:17:33
42,42,23,COMPLETED,6,2025-11-06 13:22:22,2025-11-06 13:22:28
43,42,8,COMPLETED,11,2025-11-06 13:21:22,2025-11-06 13:21:33
44,359,25,COMPLETED,11,2025-11-10 17:28:15,2025-11-10 17:28:26
45,34,2,FAILED,13,2026-02-24 17:26:49,2026-02-24 17:27:02
46,34,5,COMPLETED,13,2026-02-24 17:29:49,2026-02-24 17:30:02
47,34,9,COMPLETED,14,2026-02-24 17:32:49,2026-02-24 17:33:03
48,310,6,COMPLETED,7,2025-09-19 12:32:16,2025-09-19 12:32:23
49,84,20,FAILED,11,2025-12-12 11:46:30,2025-12-12 11:46:41
50,84,5,COMPLETED,4,2025-12-12 11:48:30,2025-12-12 11:48:34
51,1,20,COMPLETED,7,2025-10-06 15:12:28,2025-10-06 15:12:35
52,100,12,COMPLETED,14,2026-03-04 01:55:31,2026-03-04 01:55:45
53,88,2,COMPLETED,7,2026-03-23 01:15:13,2026-03-23 01:15:20
54,88,5,FAILED,6,2026-03-23 01:18:13,2026-03-23 01:18:19
55,88,9,COMPLETED,7,2026-03-23 01:19:13,2026-03-23 01:19:20
56,188,6,COMPLETED,11,2026-02-22 20:37:50,2026-02-22 20:38:01
57,188,15,COMPLETED,13,2026-02-22 20:40:50,2026-02-22 20:41:03
58,97,4,COMPLETED,13,2026-02-01 16:39:28,2026-02-01 16:39:41
59,97,10,COMPLETED,15,2026-02-01 16:43:28,2026-02-01 16:43:43
60,365,23,COMPLETED,9,2026-03-29 21:03:53,2026-03-29 21:04:02
61,288,18,COMPLETED,4,2026-02-22 03:10:34,2026-02-22 03:10:38
62,451,22,COMPLETED,12,2025-11-02 20:01:35,2025-11-02 20:01:47
63,805,18,COMPLETED,8,2025-11-27 10:41:46,2025-11-27 10:41:54
64,17,19,COMPLETED,8,2025-12-07 22:40:08,2025-12-07 22:40:16
65,17,23,COMPLETED,5,2025-12-07 22:43:08,2025-12-07 22:43:13
66,17,8,COMPLETED,3,2025-12-07 22:50:08,2025-12-07 22:50:11
67,383,17,COMPLETED,8,2025-10-31 10:53:37,2025-10-31 10:53:45
68,383,16,COMPLETED,10,2025-10-31 10:56:37,2025-10-31 10:56:47
69,67,11,COMPLETED,3,2025-11-27 10:18:02,2025-11-27 10:18:05
70,110,20,COMPLETED,5,2025-12-03 16:12:16,2025-12-03 16:12:21
71,256,17,COMPLETED,5,2026-01-16 22:04:43,2026-01-16 22:04:48
72,256,16,COMPLETED,7,2026-01-16 22:07:43,2026-01-16 22:07:50
73,521,7,COMPLETED,11,2026-02-11 08:57:33,2026-02-11 08:57:44
74,12,13,COMPLETED,8,2025-09-29 18:43:16,2025-09-29 18:43:24
75,12,14,COMPLETED,13,2025-09-29 18:45:16,2025-09-29 18:45:29
76,745,4,COMPLETED,5,2025-12-31 11:00:12,2025-12-31 11:00:17
77,251,18,COMPLETED,9,2025-10-24 07:10:02,2025-10-24 07:10:11
78,4,1,COMPLETED,10,2026-02-14 18:48:45,2026-02-14 18:48:55
79,4,3,FAILED,6,2026-02-14 18:51:45,2026-02-14 18:51:51
80,4,8,COMPLETED,12,2026-02-14 18:52:45,2026-02-14 18:52:57
81,354,19,COMPLETED,8,2025-12-07 16:34:40,2025-12-07 16:34:48
82,354,23,COMPLETED,12,2025-12-07 16:39:40,2025-12-07 16:39:52
83,354,8,COMPLETED,14,2025-12-07 16:42:40,2025-12-07 16:42:54
84,721,11,COMPLETED,13,2025-10-23 11:49:15,2025-10-23 11:49:28
85,85,4,COMPLETED,14,2026-03-30 11:30:24,2026-03-30 11:30:38
86,85,10,COMPLETED,12,2026-03-30 11:33:24,2026-03-30 11:33:36
87,45,13,COMPLETED,13,2025-12-22 05:10:29,2025-12-22 05:10:42
88,45,14,COMPLETED,6,2025-12-22 05:13:29,2025-12-22 05:13:35
89,213,19,COMPLETED,10,2026-01-18 16:13:00,2026-01-18 16:13:10
90,213,23,COMPLETED,12,2026-01-18 16:18:00,2026-01-18 16:18:12
91,213,8,COMPLETED,9,2026-01-18 16:21:00,2026-01-18 16:21:09
92,341,20,COMPLETED,11,2025-10-01 13:29:52,2025-10-01 13:30:03
93,341,5,COMPLETED,8,2025-10-01 13:31:52,2025-10-01 13:32:00
94,57,4,COMPLETED,8,2025-12-26 08:04:52,2025-12-26 08:05:00
95,336,1,FAILED,7,2026-02-10 13:51:29,2026-02-10 13:51:36
96,336,3,COMPLETED,8,2026-02-10 13:54:29,2026-02-10 13:54:37
97,336,8,COMPLETED,10,2026-02-10 13:57:29,2026-02-10 13:57:39
98,584,17,COMPLETED,5,2025-12-16 07:38:29,2025-12-16 07:38:34
99,61,5,COMPLETED,11,2026-03-16 04:58:17,2026-03-16 04:58:28
100,28,18,COMPLETED,7,2025-10-21 22:45:10,2025-10-21 22:45:17
101,212,2,COMPLETED,12,2026-01-21 00:41:27,2026-01-21 00:41:39
102,212,5,FAILED,12,2026-01-21 00:44:27,2026-01-21 00:44:39
103,212,9,COMPLETED,14,2026-01-21 00:47:27,2026-01-21 00:47:41
104,765,13,COMPLETED,9,2026-02-20 11:52:47,2026-02-20 11:52:56
105,765,14,COMPLETED,5,2026-02-20 11:57:47,2026-02-20 11:57:52
106,345,6,COMPLETED,4,2026-03-23 05:04:00,2026-03-23 05:04:04
107,345,15,COMPLETED,5,2026-03-23 05:06:00,2026-03-23 05:06:05
108,67,24,COMPLETED,7,2025-11-01 13:00:43,2025-11-01 13:00:50
109,180,17,COMPLETED,4,2025-11-18 16:02:51,2025-11-18 16:02:55
110,342,13,COMPLETED,4,2025-10-26 13:44:44,2025-10-26 13:44:48
111,342,14,COMPLETED,8,2025-10-26 13:48:44,2025-10-26 13:48:52
112,1090,19,COMPLETED,6,2026-02-24 22:39:40,2026-02-24 22:39:46
113,1071,13,COMPLETED,11,2026-03-30 02:58:57,2026-03-30 02:59:08
114,1071,14,COMPLETED,7,2026-03-30 03:00:57,2026-03-30 03:01:04
115,69,17,COMPLETED,9,2025-11-30 07:24:42,2025-11-30 07:24:51
116,69,16,COMPLETED,6,2025-11-30 07:27:42,2025-11-30 07:27:48
117,60,7,COMPLETED,4,2025-12-04 08:07:48,2025-12-04 08:07:52
118,348,1,COMPLETED,9,2026-01-29 04:38:27,2026-01-29 04:38:36
119,348,3,COMPLETED,10,2026-01-29 04:42:27,2026-01-29 04:42:37
120,348,8,COMPLETED,5,2026-01-29 04:42:27,2026-01-29 04:42:32
121,196,4,COMPLETED,8,2025-09-04 14:28:01,2025-09-04 14:28:09
122,196,10,COMPLETED,11,2025-09-04 14:32:01,2025-09-04 14:32:12
123,151,6,COMPLETED,9,2026-03-06 01:05:55,2026-03-06 01:06:04
124,151,15,COMPLETED,14,2026-03-06 01:08:55,2026-03-06 01:09:09
125,391,1,FAILED,12,2026-02-14 11:48:52,2026-02-14 11:49:04
126,391,3,COMPLETED,4,2026-02-14 11:52:52,2026-02-14 11:52:56
127,391,8,COMPLETED,12,2026-02-14 11:56:52,2026-02-14 11:57:04
128,541,19,COMPLETED,7,2026-01-17 05:51:22,2026-01-17 05:51:29
129,541,23,COMPLETED,5,2026-01-17 05:55:22,2026-01-17 05:55:27
130,541,8,COMPLETED,10,2026-01-17 05:57:22,2026-01-17 05:57:32
131,184,17,COMPLETED,7,2026-02-04 00:56:29,2026-02-04 00:56:36
132,376,20,COMPLETED,12,2025-11-25 13:07:43,2025-11-25 13:07:55
133,376,5,FAILED,10,2025-11-25 13:09:43,2025-11-25 13:09:53
134,75,6,FAILED,11,2025-12-20 16:42:20,2025-12-20 16:42:31
135,75,15,COMPLETED,13,2025-12-20 16:46:20,2025-12-20 16:46:33
136,324,13,COMPLETED,7,2026-02-17 06:16:58,2026-02-17 06:17:05
137,324,14,FAILED,11,2026-02-17 06:18:58,2026-02-17 06:19:09
138,366,16,COMPLETED,6,2026-03-11 09:08:07,2026-03-11 09:08:13
139,271,20,COMPLETED,13,2026-02-01 15:21:21,2026-02-01 15:21:34
140,271,5,COMPLETED,4,2026-02-01 15:25:21,2026-02-01 15:25:25
141,87,9,COMPLETED,8,2026-02-25 04:06:16,2026-02-25 04:06:24
142,85,24,FAILED,13,2025-11-14 06:43:29,2025-11-14 06:43:42
143,198,6,FAILED,9,2025-09-18 07:48:41,2025-09-18 07:48:50
144,198,15,COMPLETED,7,2025-09-18 07:50:41,2025-09-18 07:50:48
145,11,4,COMPLETED,15,2026-02-27 07:17:24,2026-02-27 07:17:39
146,435,13,COMPLETED,5,2026-02-04 17:13:41,2026-02-04 17:13:46
147,435,14,COMPLETED,7,2026-02-04 17:18:41,2026-02-04 17:18:48
148,13,5,COMPLETED,13,2026-03-04 21:50:37,2026-03-04 21:50:50
149,117,4,COMPLETED,12,2025-11-20 21:18:42,2025-11-20 21:18:54
150,7,6,COMPLETED,6,2026-01-26 08:31:51,2026-01-26 08:31:57
151,7,15,COMPLETED,12,2026-01-26 08:35:51,2026-01-26 08:36:03
152,249,13,FAILED,4,2026-02-22 20:33:51,2026-02-22 20:33:55
153,249,14,COMPLETED,12,2026-02-22 20:37:51,2026-02-22 20:38:03
154,57,6,COMPLETED,4,2026-02-26 16:03:19,2026-02-26 16:03:23
155,57,15,COMPLETED,4,2026-02-26 16:06:19,2026-02-26 16:06:23
156,709,13,COMPLETED,11,2026-02-04 18:08:07,2026-02-04 18:08:18
157,709,14,COMPLETED,10,2026-02-04 18:10:07,2026-02-04 18:10:17
158,583,9,COMPLETED,6,2025-11-22 07:41:52,2025-11-22 07:41:58
159,249,4,COMPLETED,14,2025-11-13 21:53:56,2025-11-13 21:54:10
160,249,10,COMPLETED,14,2025-11-13 21:58:56,2025-11-13 21:59:10
161,104,19,COMPLETED,15,2025-11-01 18:18:41,2025-11-01 18:18:56
162,104,23,COMPLETED,7,2025-11-01 18:22:41,2025-11-01 18:22:48
163,104,8,COMPLETED,13,2025-11-01 18:28:41,2025-11-01 18:28:54
164,41,4,FAILED,14,2025-12-27 13:22:05,2025-12-27 13:22:19
165,41,10,FAILED,14,2025-12-27 13:25:05,2025-12-27 13:25:19
166,77,20,COMPLETED,13,2025-12-26 23:01:17,2025-12-26 23:01:30
167,77,5,COMPLETED,4,2025-12-26 23:03:17,2025-12-26 23:03:21
168,966,20,COMPLETED,3,2026-01-09 04:44:14,2026-01-09 04:44:17
169,966,5,FAILED,9,2026-01-09 04:49:14,2026-01-09 04:49:23
170,67,13,COMPLETED,5,2025-10-26 19:26:21,2025-10-26 19:26:26
171,436,2,COMPLETED,11,2026-03-02 10:34:31,2026-03-02 10:34:42
172,436,5,COMPLETED,8,2026-03-02 10:37:31,2026-03-02 10:37:39
173,436,9,COMPLETED,10,2026-03-02 10:42:31,2026-03-02 10:42:41
174,97,25,COMPLETED,4,2026-03-14 07:40:05,2026-03-14 07:40:09
175,71,2,COMPLETED,8,2026-02-09 04:15:44,2026-02-09 04:15:52
176,71,5,COMPLETED,7,2026-02-09 04:17:44,2026-02-09 04:17:51
177,71,9,COMPLETED,5,2026-02-09 04:23:44,2026-02-09 04:23:49
178,919,6,COMPLETED,3,2026-01-05 07:03:42,2026-01-05 07:03:45
179,919,15,COMPLETED,8,2026-01-05 07:07:42,2026-01-05 07:07:50
180,338,17,COMPLETED,6,2025-11-30 02:38:51,2025-11-30 02:38:57
181,194,13,COMPLETED,8,2025-11-21 04:08:36,2025-11-21 04:08:44
182,194,14,COMPLETED,4,2025-11-21 04:12:36,2025-11-21 04:12:40
183,1048,20,COMPLETED,7,2025-12-16 19:17:29,2025-12-16 19:17:36
184,1048,5,COMPLETED,5,2025-12-16 19:20:29,2025-12-16 19:20:34
185,42,7,COMPLETED,6,2026-03-30 13:47:00,2026-03-30 13:47:06
186,274,2,COMPLETED,10,2025-11-01 17:06:48,2025-11-01 17:06:58
187,274,5,FAILED,13,2025-11-01 17:10:48,2025-11-01 17:11:01
188,274,9,COMPLETED,12,2025-11-01 17:12:48,2025-11-01 17:13:00
189,739,12,COMPLETED,3,2026-03-02 09:11:32,2026-03-02 09:11:35
190,1051,7,COMPLETED,9,2025-11-26 18:21:20,2025-11-26 18:21:29
191,863,1,COMPLETED,13,2026-02-14 09:06:28,2026-02-14 09:06:41
192,863,3,COMPLETED,7,2026-02-14 09:08:28,2026-02-14 09:08:35
193,863,8,COMPLETED,4,2026-02-14 09:16:28,2026-02-14 09:16:32
194,180,10,COMPLETED,12,2025-12-28 14:39:01,2025-12-28 14:39:13
195,189,6,COMPLETED,7,2026-03-14 18:28:07,2026-03-14 18:28:14
196,189,15,COMPLETED,5,2026-03-14 18:30:07,2026-03-14 18:30:12
197,380,20,COMPLETED,12,2026-02-16 02:59:29,2026-02-16 02:59:41
198,380,5,COMPLETED,8,2026-02-16 03:02:29,2026-02-16 03:02:37
199,506,6,COMPLETED,11,2026-02-11 15:42:50,2026-02-11 15:43:01
200,506,15,COMPLETED,11,2026-02-11 15:44:50,2026-02-11 15:45:01
201,24,13,FAILED,4,2025-09-03 21:15:54,2025-09-03 21:15:58
202,24,14,COMPLETED,6,2025-09-03 21:19:54,2025-09-03 21:20:00
203,309,24,COMPLETED,6,2025-11-09 05:40:02,2025-11-09 05:40:08
204,730,6,COMPLETED,4,2025-10-02 05:09:10,2025-10-02 05:09:14
205,730,15,COMPLETED,8,2025-10-02 05:11:10,2025-10-02 05:11:18
206,744,17,COMPLETED,13,2025-12-03 10:06:12,2025-12-03 10:06:25
207,744,16,COMPLETED,5,2025-12-03 10:10:12,2025-12-03 10:10:17
208,63,17,FAILED,8,2026-02-09 08:39:04,2026-02-09 08:39:12
209,63,16,COMPLETED,13,2026-02-09 08:43:04,2026-02-09 08:43:17
210,9,17,COMPLETED,13,2025-11-08 12:58:54,2025-11-08 12:59:07
211,9,16,COMPLETED,12,2025-11-08 13:02:54,2025-11-08 13:03:06
212,394,1,COMPLETED,9,2025-12-20 06:20:59,2025-12-20 06:21:08
213,394,3,COMPLETED,10,2025-12-20 06:24:59,2025-12-20 06:25:09
214,394,8,COMPLETED,4,2025-12-20 06:24:59,2025-12-20 06:25:03
215,27,13,COMPLETED,5,2025-12-02 14:59:10,2025-12-02 14:59:15
216,27,14,COMPLETED,11,2025-12-02 15:01:10,2025-12-02 15:01:21
217,243,2,COMPLETED,5,2026-01-26 13:30:19,2026-01-26 13:30:24
218,243,5,COMPLETED,4,2026-01-26 13:32:19,2026-01-26 13:32:23
219,243,9,FAILED,8,2026-01-26 13:38:19,2026-01-26 13:38:27
220,83,22,FAILED,6,2026-01-09 22:41:29,2026-01-09 22:41:35
221,113,13,FAILED,5,2026-01-03 00:29:40,2026-01-03 00:29:45
222,113,14,COMPLETED,13,2026-01-03 00:31:40,2026-01-03 00:31:53
223,323,20,COMPLETED,11,2026-02-24 00:12:54,2026-02-24 00:13:05
224,28,13,COMPLETED,7,2026-03-02 04:38:52,2026-03-02 04:38:59
225,28,14,COMPLETED,9,2026-03-02 04:43:52,2026-03-02 04:44:01
226,10,19,COMPLETED,11,2026-03-04 22:26:14,2026-03-04 22:26:25
227,10,23,COMPLETED,10,2026-03-04 22:28:14,2026-03-04 22:28:24
228,10,8,COMPLETED,9,2026-03-04 22:32:14,2026-03-04 22:32:23
229,371,14,COMPLETED,13,2026-02-11 17:17:51,2026-02-11 17:18:04
230,35,2,COMPLETED,13,2026-02-28 02:37:09,2026-02-28 02:37:22
231,35,5,COMPLETED,5,2026-02-28 02:42:09,2026-02-28 02:42:14
232,35,9,COMPLETED,15,2026-02-28 02:41:09,2026-02-28 02:41:24
233,59,13,COMPLETED,13,2026-01-04 22:54:16,2026-01-04 22:54:29
234,59,14,COMPLETED,4,2026-01-04 22:59:16,2026-01-04 22:59:20
235,271,13,COMPLETED,10,2026-01-18 20:24:09,2026-01-18 20:24:19
236,271,14,COMPLETED,9,2026-01-18 20:27:09,2026-01-18 20:27:18
237,47,1,FAILED,7,2026-03-21 02:44:03,2026-03-21 02:44:10
238,47,3,COMPLETED,13,2026-03-21 02:49:03,2026-03-21 02:49:16
239,47,8,COMPLETED,13,2026-03-21 02:54:03,2026-03-21 02:54:16
240,224,9,FAILED,14,2025-12-02 06:40:10,2025-12-02 06:40:24
241,368,17,COMPLETED,11,2025-12-17 14:10:32,2025-12-17 14:10:43
242,348,13,COMPLETED,13,2026-02-08 20:26:51,2026-02-08 20:27:04
243,348,14,COMPLETED,13,2026-02-08 20:31:51,2026-02-08 20:32:04
244,396,19,COMPLETED,12,2026-02-17 11:03:41,2026-02-17 11:03:53
245,396,23,COMPLETED,7,2026-02-17 11:05:41,2026-02-17 11:05:48
246,396,8,COMPLETED,9,2026-02-17 11:07:41,2026-02-17 11:07:50
247,79,6,COMPLETED,6,2026-03-02 01:50:51,2026-03-02 01:50:57
248,79,15,COMPLETED,7,2026-03-02 01:55:51,2026-03-02 01:55:58
249,726,25,COMPLETED,12,2025-11-21 13:10:35,2025-11-21 13:10:47
250,363,6,FAILED,8,2025-12-31 17:51:36,2025-12-31 17:51:44
251,363,15,COMPLETED,13,2025-12-31 17:53:36,2025-12-31 17:53:49
252,776,2,COMPLETED,6,2026-01-19 02:07:21,2026-01-19 02:07:27
253,776,5,COMPLETED,10,2026-01-19 02:10:21,2026-01-19 02:10:31
254,776,9,COMPLETED,5,2026-01-19 02:11:21,2026-01-19 02:11:26
255,28,21,FAILED,14,2025-11-24 12:57:10,2025-11-24 12:57:24
256,56,9,COMPLETED,10,2025-11-24 12:34:31,2025-11-24 12:34:41
257,543,13,COMPLETED,6,2025-12-18 00:30:23,2025-12-18 00:30:29
258,54,20,COMPLETED,13,2026-03-11 10:18:23,2026-03-11 10:18:36
259,54,5,FAILED,4,2026-03-11 10:23:23,2026-03-11 10:23:27
260,80,19,COMPLETED,6,2026-01-07 10:14:47,2026-01-07 10:14:53
261,1,17,COMPLETED,12,2026-03-07 13:11:02,2026-03-07 13:11:14
262,1,16,FAILED,6,2026-03-07 13:15:02,2026-03-07 13:15:08
263,1103,20,COMPLETED,4,2025-11-14 12:16:42,2025-11-14 12:16:46
264,1103,5,COMPLETED,12,2025-11-14 12:19:42,2025-11-14 12:19:54
265,636,1,COMPLETED,13,2025-09-07 17:01:46,2025-09-07 17:01:59
266,636,3,COMPLETED,11,2025-09-07 17:04:46,2025-09-07 17:04:57
267,636,8,COMPLETED,8,2025-09-07 17:05:46,2025-09-07 17:05:54
268,30,3,COMPLETED,7,2025-11-06 14:56:25,2025-11-06 14:56:32
269,635,11,COMPLETED,6,2026-02-17 06:59:44,2026-02-17 06:59:50
270,37,6,COMPLETED,14,2025-12-05 10:12:40,2025-12-05 10:12:54
271,533,3,COMPLETED,11,2025-10-13 00:50:33,2025-10-13 00:50:44
272,62,20,COMPLETED,5,2025-12-15 13:26:04,2025-12-15 13:26:09
273,62,5,COMPLETED,12,2025-12-15 13:30:04,2025-12-15 13:30:16
274,315,17,COMPLETED,11,2026-03-14 19:06:52,2026-03-14 19:07:03
275,48,17,COMPLETED,5,2025-09-18 01:51:59,2025-09-18 01:52:04
276,48,16,FAILED,7,2025-09-18 01:54:59,2025-09-18 01:55:06
277,295,17,COMPLETED,9,2026-01-18 14:16:55,2026-01-18 14:17:04
278,295,16,COMPLETED,13,2026-01-18 14:18:55,2026-01-18 14:19:08
279,141,4,COMPLETED,7,2025-10-16 11:41:29,2025-10-16 11:41:36
280,141,10,COMPLETED,14,2025-10-16 11:46:29,2025-10-16 11:46:43
281,584,19,COMPLETED,14,2026-03-09 17:55:38,2026-03-09 17:55:52
282,198,24,COMPLETED,7,2025-09-11 15:11:08,2025-09-11 15:11:15
283,895,2,COMPLETED,5,2026-02-10 13:54:57,2026-02-10 13:55:02
284,73,14,COMPLETED,8,2025-09-06 03:47:26,2025-09-06 03:47:34
285,195,15,COMPLETED,3,2025-09-27 11:33:00,2025-09-27 11:33:03
286,22,13,COMPLETED,5,2026-01-30 15:27:18,2026-01-30 15:27:23
287,22,14,COMPLETED,4,2026-01-30 15:31:18,2026-01-30 15:31:22
288,125,6,COMPLETED,12,2025-09-17 04:58:35,2025-09-17 04:58:47
289,125,15,COMPLETED,7,2025-09-17 05:03:35,2025-09-17 05:03:42
290,894,9,COMPLETED,13,2026-01-28 18:47:15,2026-01-28 18:47:28
291,250,17,COMPLETED,6,2025-12-23 20:06:04,2025-12-23 20:06:10
292,250,16,COMPLETED,7,2025-12-23 20:08:04,2025-12-23 20:08:11
293,321,6,COMPLETED,7,2025-12-24 04:32:14,2025-12-24 04:32:21
294,321,15,COMPLETED,13,2025-12-24 04:36:14,2025-12-24 04:36:27
295,248,13,COMPLETED,4,2026-01-29 12:02:58,2026-01-29 12:03:02
296,248,14,COMPLETED,8,2026-01-29 12:06:58,2026-01-29 12:07:06
297,53,22,COMPLETED,9,2026-02-17 12:02:13,2026-02-17 12:02:22
298,62,12,COMPLETED,10,2025-09-14 19:19:32,2025-09-14 19:19:42
299,506,5,COMPLETED,13,2026-02-13 22:37:28,2026-02-13 22:37:41
300,599,2,COMPLETED,7,2026-02-20 00:43:20,2026-02-20 00:43:27
301,599,5,COMPLETED,8,2026-02-20 00:45:20,2026-02-20 00:45:28
302,599,9,COMPLETED,13,2026-02-20 00:47:20,2026-02-20 00:47:33
303,218,2,COMPLETED,3,2026-01-14 02:59:04,2026-01-14 02:59:07
304,114,3,COMPLETED,10,2026-02-21 09:04:10,2026-02-21 09:04:20
305,161,13,FAILED,10,2025-10-04 18:18:17,2025-10-04 18:18:27
306,161,14,COMPLETED,5,2025-10-04 18:22:17,2025-10-04 18:22:22
307,697,1,COMPLETED,5,2025-12-22 17:59:32,2025-12-22 17:59:37
308,697,3,COMPLETED,8,2025-12-22 18:02:32,2025-12-22 18:02:40
309,697,8,COMPLETED,11,2025-12-22 18:09:32,2025-12-22 18:09:43
310,21,20,COMPLETED,3,2026-01-19 19:50:34,2026-01-19 19:50:37
311,21,5,COMPLETED,9,2026-01-19 19:53:34,2026-01-19 19:53:43
312,82,12,COMPLETED,6,2026-02-11 06:09:14,2026-02-11 06:09:20
313,300,17,COMPLETED,9,2025-11-05 05:49:10,2025-11-05 05:49:19
314,300,16,COMPLETED,6,2025-11-05 05:51:10,2025-11-05 05:51:16
315,47,18,COMPLETED,3,2025-12-23 22:27:48,2025-12-23 22:27:51
316,94,19,COMPLETED,7,2026-01-09 09:41:31,2026-01-09 09:41:38
317,94,23,COMPLETED,10,2026-01-09 09:44:31,2026-01-09 09:44:41
318,94,8,FAILED,5,2026-01-09 09:45:31,2026-01-09 09:45:36
319,345,2,FAILED,13,2026-02-21 04:24:04,2026-02-21 04:24:17
320,345,5,COMPLETED,8,2026-02-21 04:27:04,2026-02-21 04:27:12
321,345,9,COMPLETED,13,2026-02-21 04:32:04,2026-02-21 04:32:17
322,30,4,COMPLETED,8,2025-09-06 18:20:35,2025-09-06 18:20:43
323,30,10,COMPLETED,7,2025-09-06 18:25:35,2025-09-06 18:25:42
324,1144,4,FAILED,9,2026-02-13 00:49:21,2026-02-13 00:49:30
325,1144,10,FAILED,10,2026-02-13 00:51:21,2026-02-13 00:51:31
326,724,13,COMPLETED,9,2025-11-28 01:17:34,2025-11-28 01:17:43
327,724,14,COMPLETED,5,2025-11-28 01:22:34,2025-11-28 01:22:39
328,151,6,COMPLETED,10,2025-10-21 12:07:09,2025-10-21 12:07:19
329,84,21,COMPLETED,9,2026-01-01 00:17:26,2026-01-01 00:17:35
330,191,19,FAILED,5,2025-12-14 17:26:49,2025-12-14 17:26:54
331,191,23,COMPLETED,4,2025-12-14 17:31:49,2025-12-14 17:31:53
332,191,8,COMPLETED,7,2025-12-14 17:36:49,2025-12-14 17:36:56
333,629,1,COMPLETED,5,2026-02-06 23:02:51,2026-02-06 23:02:56
334,629,3,COMPLETED,10,2026-02-06 23:06:51,2026-02-06 23:07:01
335,629,8,COMPLETED,11,2026-02-06 23:06:51,2026-02-06 23:07:02
336,764,13,COMPLETED,4,2026-03-17 02:38:49,2026-03-17 02:38:53
337,764,14,COMPLETED,13,2026-03-17 02:41:49,2026-03-17 02:42:02
338,30,14,COMPLETED,4,2026-01-13 08:57:58,2026-01-13 08:58:02
339,35,17,COMPLETED,13,2025-11-06 06:27:26,2025-11-06 06:27:39
340,35,16,COMPLETED,5,2025-11-06 06:31:26,2025-11-06 06:31:31
341,62,17,COMPLETED,4,2026-03-13 05:52:19,2026-03-13 05:52:23
342,62,16,COMPLETED,7,2026-03-13 05:55:19,2026-03-13 05:55:26
343,1074,4,FAILED,6,2026-02-11 08:45:22,2026-02-11 08:45:28
344,91,17,COMPLETED,4,2025-12-26 19:21:16,2025-12-26 19:21:20
345,91,16,COMPLETED,11,2025-12-26 19:24:16,2025-12-26 19:24:27
346,329,25,COMPLETED,8,2026-03-09 01:54:11,2026-03-09 01:54:19
347,158,14,COMPLETED,5,2025-09-26 08:30:29,2025-09-26 08:30:34
348,9,20,COMPLETED,8,2025-12-30 22:26:52,2025-12-30 22:27:00
349,9,5,COMPLETED,4,2025-12-30 22:29:52,2025-12-30 22:29:56
350,26,14,COMPLETED,13,2025-12-26 01:22:01,2025-12-26 01:22:14
351,999,19,COMPLETED,10,2026-03-23 00:59:49,2026-03-23 00:59:59
352,289,24,COMPLETED,11,2026-01-30 18:36:13,2026-01-30 18:36:24
353,293,2,COMPLETED,6,2026-03-10 18:28:23,2026-03-10 18:28:29
354,293,5,COMPLETED,4,2026-03-10 18:32:23,2026-03-10 18:32:27
355,293,9,COMPLETED,7,2026-03-10 18:34:23,2026-03-10 18:34:30
356,71,20,COMPLETED,6,2026-03-07 19:29:34,2026-03-07 19:29:40
357,71,5,COMPLETED,5,2026-03-07 19:33:34,2026-03-07 19:33:39
358,1022,11,COMPLETED,13,2026-03-03 06:53:20,2026-03-03 06:53:33
359,261,1,COMPLETED,15,2025-11-24 10:51:03,2025-11-24 10:51:18
360,261,3,COMPLETED,5,2025-11-24 10:53:03,2025-11-24 10:53:08
361,261,8,COMPLETED,7,2025-11-24 11:01:03,2025-11-24 11:01:10
362,295,7,COMPLETED,7,2026-01-19 05:16:15,2026-01-19 05:16:22
363,7,21,COMPLETED,11,2026-03-02 10:56:18,2026-03-02 10:56:29
364,301,17,FAILED,11,2025-10-29 07:07:19,2025-10-29 07:07:30
365,301,16,COMPLETED,11,2025-10-29 07:10:19,2025-10-29 07:10:30
366,174,10,COMPLETED,9,2025-11-20 13:42:25,2025-11-20 13:42:34
367,189,19,FAILED,11,2025-12-06 18:29:28,2025-12-06 18:29:39
368,189,23,FAILED,11,2025-12-06 18:33:28,2025-12-06 18:33:39
369,189,8,FAILED,9,2025-12-06 18:33:28,2025-12-06 18:33:37
370,877,13,COMPLETED,12,2025-09-17 07:18:45,2025-09-17 07:18:57
371,877,14,FAILED,8,2025-09-17 07:22:45,2025-09-17 07:22:53
372,979,9,COMPLETED,13,2025-12-20 05:03:24,2025-12-20 05:03:37
373,46,6,FAILED,11,2026-02-19 05:00:01,2026-02-19 05:00:12
374,46,15,COMPLETED,6,2026-02-19 05:04:01,2026-02-19 05:04:07
375,29,6,COMPLETED,3,2025-12-20 16:09:26,2025-12-20 16:09:29
376,29,15,COMPLETED,9,2025-12-20 16:12:26,2025-12-20 16:12:35
377,361,2,FAILED,13,2025-10-18 17:02:16,2025-10-18 17:02:29
378,361,5,COMPLETED,13,2025-10-18 17:04:16,2025-10-18 17:04:29
379,361,9,COMPLETED,13,2025-10-18 17:06:16,2025-10-18 17:06:29
380,137,4,COMPLETED,9,2026-02-03 05:37:50,2026-02-03 05:37:59
381,137,10,COMPLETED,10,2026-02-03 05:40:50,2026-02-03 05:41:00
382,303,12,COMPLETED,5,2026-01-18 18:32:06,2026-01-18 18:32:11
383,633,20,COMPLETED,11,2026-01-22 04:49:52,2026-01-22 04:50:03
384,633,5,COMPLETED,6,2026-01-22 04:51:52,2026-01-22 04:51:58
385,364,17,COMPLETED,10,2025-12-27 00:00:41,2025-12-27 00:00:51
386,346,12,COMPLETED,6,2026-03-14 09:18:01,2026-03-14 09:18:07
387,14,10,COMPLETED,8,2026-01-04 19:52:22,2026-01-04 19:52:30
388,24,4,FAILED,11,2025-12-11 01:00:57,2025-12-11 01:01:08
389,1098,17,COMPLETED,3,2026-03-21 00:34:56,2026-03-21 00:34:59
390,1098,16,COMPLETED,10,2026-03-21 00:37:56,2026-03-21 00:38:06
391,775,13,COMPLETED,10,2026-03-29 11:57:11,2026-03-29 11:57:21
392,775,14,FAILED,10,2026-03-29 12:02:11,2026-03-29 12:02:21
393,3,14,COMPLETED,11,2026-03-23 09:55:22,2026-03-23 09:55:33
394,236,1,COMPLETED,12,2026-03-20 11:34:17,2026-03-20 11:34:29
395,236,3,COMPLETED,11,2026-03-20 11:38:17,2026-03-20 11:38:28
396,236,8,COMPLETED,11,2026-03-20 11:40:17,2026-03-20 11:40:28
397,89,22,COMPLETED,9,2026-01-30 22:31:24,2026-01-30 22:31:33
398,26,4,FAILED,8,2026-03-07 20:51:31,2026-03-07 20:51:39
399,26,10,COMPLETED,13,2026-03-07 20:53:31,2026-03-07 20:53:44
400,20,4,COMPLETED,14,2026-02-01 14:50:12,2026-02-01 14:50:26
401,20,10,COMPLETED,5,2026-02-01 14:53:12,2026-02-01 14:53:17
402,179,25,COMPLETED,12,2026-02-25 20:48:46,2026-02-25 20:48:58
403,32,12,COMPLETED,6,2025-10-17 04:23:34,2025-10-17 04:23:40
404,101,4,COMPLETED,9,2025-11-18 18:03:58,2025-11-18 18:04:07
405,101,10,COMPLETED,9,2025-11-18 18:05:58,2025-11-18 18:06:07
406,461,5,COMPLETED,9,2026-02-08 21:22:04,2026-02-08 21:22:13
407,182,17,COMPLETED,10,2025-09-18 20:43:43,2025-09-18 20:43:53
408,346,1,COMPLETED,10,2026-03-28 13:26:49,2026-03-28 13:26:59
409,346,3,COMPLETED,10,2026-03-28 13:28:49,2026-03-28 13:28:59
410,346,8,COMPLETED,9,2026-03-28 13:32:49,2026-03-28 13:32:58
411,545,10,COMPLETED,13,2026-02-05 10:15:59,2026-02-05 10:16:12
412,28,6,COMPLETED,5,2025-12-31 14:24:12,2025-12-31 14:24:17
413,28,15,COMPLETED,5,2025-12-31 14:28:12,2025-12-31 14:28:17
414,280,4,COMPLETED,7,2025-09-03 08:35:32,2025-09-03 08:35:39
415,280,10,COMPLETED,12,2025-09-03 08:38:32,2025-09-03 08:38:44
416,384,2,COMPLETED,13,2026-03-13 20:47:57,2026-03-13 20:48:10
417,384,5,COMPLETED,11,2026-03-13 20:52:57,2026-03-13 20:53:08
418,384,9,COMPLETED,7,2026-03-13 20:57:57,2026-03-13 20:58:04
419,235,4,COMPLETED,14,2026-03-25 19:57:09,2026-03-25 19:57:23
420,235,10,FAILED,11,2026-03-25 19:59:09,2026-03-25 19:59:20
421,131,6,FAILED,7,2025-12-24 12:06:15,2025-12-24 12:06:22
422,131,15,FAILED,11,2025-12-24 12:11:15,2025-12-24 12:11:26
423,275,16,COMPLETED,11,2026-01-10 12:44:27,2026-01-10 12:44:38
424,396,22,COMPLETED,12,2025-11-17 08:14:16,2025-11-17 08:14:28
425,335,19,COMPLETED,15,2025-11-04 15:38:29,2025-11-04 15:38:44
426,473,19,COMPLETED,8,2026-02-28 17:31:53,2026-02-28 17:32:01
427,473,23,COMPLETED,11,2026-02-28 17:36:53,2026-02-28 17:37:04
428,473,8,COMPLETED,9,2026-02-28 17:35:53,2026-02-28 17:36:02
429,35,13,COMPLETED,4,2025-10-09 21:51:23,2025-10-09 21:51:27
430,35,14,COMPLETED,6,2025-10-09 21:55:23,2025-10-09 21:55:29
431,98,4,COMPLETED,11,2026-01-25 04:02:10,2026-01-25 04:02:21
432,81,20,COMPLETED,13,2025-12-02 19:33:19,2025-12-02 19:33:32
433,81,5,COMPLETED,11,2025-12-02 19:36:19,2025-12-02 19:36:30
434,327,5,COMPLETED,11,2025-11-19 08:21:20,2025-11-19 08:21:31
435,638,6,COMPLETED,14,2025-12-24 08:00:01,2025-12-24 08:00:15
436,723,2,COMPLETED,10,2025-12-19 14:00:40,2025-12-19 14:00:50
437,723,5,COMPLETED,11,2025-12-19 14:04:40,2025-12-19 14:04:51
438,723,9,COMPLETED,7,2025-12-19 14:08:40,2025-12-19 14:08:47
439,1,1,COMPLETED,6,2026-03-05 09:34:18,2026-03-05 09:34:24
440,1,3,COMPLETED,5,2026-03-05 09:36:18,2026-03-05 09:36:23
441,1,8,COMPLETED,3,2026-03-05 09:44:18,2026-03-05 09:44:21
442,128,4,COMPLETED,15,2026-01-03 11:24:09,2026-01-03 11:24:24
443,128,10,COMPLETED,14,2026-01-03 11:27:09,2026-01-03 11:27:23
444,59,13,COMPLETED,13,2026-02-04 19:47:26,2026-02-04 19:47:39
445,59,14,COMPLETED,7,2026-02-04 19:49:26,2026-02-04 19:49:33
446,397,1,COMPLETED,5,2025-12-16 20:55:19,2025-12-16 20:55:24
447,397,3,COMPLETED,11,2025-12-16 20:59:19,2025-12-16 20:59:30
448,397,8,COMPLETED,11,2025-12-16 20:59:19,2025-12-16 20:59:30
449,144,1,COMPLETED,7,2026-01-09 07:41:03,2026-01-09 07:41:10
450,144,3,COMPLETED,13,2026-01-09 07:43:03,2026-01-09 07:43:16
451,144,8,COMPLETED,4,2026-01-09 07:49:03,2026-01-09 07:49:07
452,240,25,COMPLETED,4,2025-11-09 23:18:19,2025-11-09 23:18:23
453,134,3,COMPLETED,4,2026-03-30 20:05:27,2026-03-30 20:05:31
454,17,20,COMPLETED,9,2025-09-21 14:34:06,2025-09-21 14:34:15
455,17,5,COMPLETED,4,2025-09-21 14:39:06,2025-09-21 14:39:10
456,99,1,COMPLETED,13,2025-12-20 09:01:40,2025-12-20 09:01:53
457,99,3,COMPLETED,4,2025-12-20 09:06:40,2025-12-20 09:06:44
458,99,8,COMPLETED,13,2025-12-20 09:09:40,2025-12-20 09:09:53
459,527,17,COMPLETED,12,2025-11-12 05:57:07,2025-11-12 05:57:19
460,527,16,COMPLETED,4,2025-11-12 06:02:07,2025-11-12 06:02:11
461,351,15,COMPLETED,9,2026-03-30 21:55:00,2026-03-30 21:55:09
462,191,1,COMPLETED,10,2025-11-29 04:37:46,2025-11-29 04:37:56
463,191,3,COMPLETED,4,2025-11-29 04:42:46,2025-11-29 04:42:50
464,191,8,COMPLETED,9,2025-11-29 04:41:46,2025-11-29 04:41:55
465,9,4,COMPLETED,9,2025-11-17 03:51:45,2025-11-17 03:51:54
466,9,10,COMPLETED,10,2025-11-17 03:53:45,2025-11-17 03:53:55
467,92,17,COMPLETED,6,2025-12-03 14:21:34,2025-12-03 14:21:40
468,92,16,COMPLETED,4,2025-12-03 14:26:34,2025-12-03 14:26:38
469,291,11,COMPLETED,7,2026-01-03 05:58:54,2026-01-03 05:59:01
470,554,3,COMPLETED,11,2026-03-15 14:18:51,2026-03-15 14:19:02
471,385,23,COMPLETED,4,2026-03-24 09:47:17,2026-03-24 09:47:21
472,885,13,COMPLETED,12,2026-03-04 13:41:29,2026-03-04 13:41:41
473,455,17,COMPLETED,10,2025-12-24 22:02:48,2025-12-24 22:02:58
474,455,16,COMPLETED,4,2025-12-24 22:07:48,2025-12-24 22:07:52
475,25,2,COMPLETED,6,2026-03-15 04:47:16,2026-03-15 04:47:22
476,25,5,COMPLETED,13,2026-03-15 04:51:16,2026-03-15 04:51:29
477,25,9,FAILED,11,2026-03-15 04:55:16,2026-03-15 04:55:27
478,666,6,COMPLETED,12,2025-09-13 14:49:46,2025-09-13 14:49:58
479,666,15,COMPLETED,10,2025-09-13 14:54:46,2025-09-13 14:54:56
480,188,6,COMPLETED,9,2026-02-03 10:33:02,2026-02-03 10:33:11
481,188,15,COMPLETED,8,2026-02-03 10:38:02,2026-02-03 10:38:10
482,7,5,COMPLETED,10,2025-11-20 06:06:17,2025-11-20 06:06:27
483,62,20,COMPLETED,6,2026-01-31 00:59:34,2026-01-31 00:59:40
484,62,5,FAILED,4,2026-01-31 01:02:34,2026-01-31 01:02:38
485,140,2,COMPLETED,6,2025-12-04 23:31:39,2025-12-04 23:31:45
486,140,5,COMPLETED,7,2025-12-04 23:34:39,2025-12-04 23:34:46
487,140,9,COMPLETED,14,2025-12-04 23:37:39,2025-12-04 23:37:53
488,291,15,COMPLETED,7,2026-03-25 03:24:23,2026-03-25 03:24:30
489,931,1,COMPLETED,9,2026-03-17 16:03:57,2026-03-17 16:04:06
490,931,3,COMPLETED,10,2026-03-17 16:06:57,2026-03-17 16:07:07
491,931,8,COMPLETED,6,2026-03-17 16:09:57,2026-03-17 16:10:03
492,322,3,COMPLETED,9,2025-12-23 16:36:29,2025-12-23 16:36:38
493,32,6,COMPLETED,9,2026-01-05 22:39:45,2026-01-05 22:39:54
494,32,15,COMPLETED,5,2026-01-05 22:44:45,2026-01-05 22:44:50
495,447,2,COMPLETED,6,2026-02-08 03:08:30,2026-02-08 03:08:36
496,447,5,COMPLETED,6,2026-02-08 03:10:30,2026-02-08 03:10:36
497,447,9,COMPLETED,5,2026-02-08 03:12:30,2026-02-08 03:12:35
498,250,21,COMPLETED,11,2026-02-20 00:16:49,2026-02-20 00:17:00
499,987,7,FAILED,4,2026-01-24 19:56:30,2026-01-24 19:56:34
500,847,2,COMPLETED,12,2025-11-05 12:46:54,2025-11-05 12:47:06
501,171,17,COMPLETED,4,2025-12-15 03:06:01,2025-12-15 03:06:05
502,171,16,COMPLETED,8,2025-12-15 03:10:01,2025-12-15 03:10:09
503,225,19,COMPLETED,7,2025-10-13 18:29:08,2025-10-13 18:29:15
504,327,22,FAILED,13,2026-01-02 19:40:01,2026-01-02 19:40:14
505,70,2,COMPLETED,8,2025-09-06 11:53:14,2025-09-06 11:53:22
506,70,5,COMPLETED,10,2025-09-06 11:58:14,2025-09-06 11:58:24
507,70,9,FAILED,11,2025-09-06 12:01:14,2025-09-06 12:01:25
508,87,17,COMPLETED,7,2025-09-10 12:50:16,2025-09-10 12:50:23
509,87,16,COMPLETED,11,2025-09-10 12:55:16,2025-09-10 12:55:27
510,58,5,COMPLETED,6,2025-10-26 07:10:26,2025-10-26 07:10:32
511,53,19,COMPLETED,11,2025-11-20 08:16:53,2025-11-20 08:17:04
512,53,23,COMPLETED,11,2025-11-20 08:21:53,2025-11-20 08:22:04
513,53,8,COMPLETED,12,2025-11-20 08:26:53,2025-11-20 08:27:05
514,395,13,COMPLETED,6,2025-12-10 06:07:57,2025-12-10 06:08:03
515,395,14,FAILED,9,2025-12-10 06:10:57,2025-12-10 06:11:06
516,978,12,COMPLETED,5,2026-01-30 15:12:03,2026-01-30 15:12:08
517,275,9,COMPLETED,11,2025-11-15 18:20:16,2025-11-15 18:20:27
518,407,17,COMPLETED,6,2025-12-04 10:53:32,2025-12-04 10:53:38
519,407,16,FAILED,10,2025-12-04 10:56:32,2025-12-04 10:56:42
520,1123,4,COMPLETED,11,2025-10-21 14:27:01,2025-10-21 14:27:12
521,1123,10,COMPLETED,14,2025-10-21 14:32:01,2025-10-21 14:32:15
522,109,4,COMPLETED,6,2025-10-26 18:11:09,2025-10-26 18:11:15
523,109,10,COMPLETED,11,2025-10-26 18:16:09,2025-10-26 18:16:20
524,41,2,COMPLETED,7,2026-03-09 06:14:26,2026-03-09 06:14:33
525,41,5,COMPLETED,5,2026-03-09 06:19:26,2026-03-09 06:19:31
526,41,9,FAILED,12,2026-03-09 06:24:26,2026-03-09 06:24:38
527,31,1,COMPLETED,9,2025-11-23 20:32:37,2025-11-23 20:32:46
528,31,3,COMPLETED,9,2025-11-23 20:37:37,2025-11-23 20:37:46
529,31,8,COMPLETED,9,2025-11-23 20:38:37,2025-11-23 20:38:46
530,619,20,FAILED,7,2025-09-02 12:45:04,2025-09-02 12:45:11
531,619,5,COMPLETED,8,2025-09-02 12:50:04,2025-09-02 12:50:12
532,121,24,COMPLETED,10,2025-09-19 18:27:38,2025-09-19 18:27:48
533,995,2,COMPLETED,11,2026-03-25 18:02:59,2026-03-25 18:03:10
534,995,5,COMPLETED,11,2026-03-25 18:07:59,2026-03-25 18:08:10
535,995,9,COMPLETED,7,2026-03-25 18:12:59,2026-03-25 18:13:06
536,345,1,COMPLETED,12,2025-11-15 08:46:56,2025-11-15 08:47:08
537,345,3,COMPLETED,9,2025-11-15 08:48:56,2025-11-15 08:49:05
538,345,8,COMPLETED,9,2025-11-15 08:50:56,2025-11-15 08:51:05
539,556,4,COMPLETED,8,2026-03-14 05:54:22,2026-03-14 05:54:30
540,556,10,COMPLETED,5,2026-03-14 05:56:22,2026-03-14 05:56:27
541,293,14,COMPLETED,13,2025-11-14 01:36:06,2025-11-14 01:36:19
542,147,13,COMPLETED,4,2026-03-10 21:07:44,2026-03-10 21:07:48
543,147,14,COMPLETED,13,2026-03-10 21:11:44,2026-03-10 21:11:57
544,687,20,FAILED,7,2026-01-22 02:59:10,2026-01-22 02:59:17
545,687,5,COMPLETED,8,2026-01-22 03:01:10,2026-01-22 03:01:18
546,345,18,COMPLETED,12,2025-11-28 21:53:39,2025-11-28 21:53:51
547,85,18,COMPLETED,8,2025-11-27 21:11:43,2025-11-27 21:11:51
548,50,19,COMPLETED,10,2025-10-24 18:09:39,2025-10-24 18:09:49
549,50,23,COMPLETED,10,2025-10-24 18:11:39,2025-10-24 18:11:49
550,50,8,COMPLETED,4,2025-10-24 18:15:39,2025-10-24 18:15:43
551,237,6,COMPLETED,13,2026-01-21 17:27:29,2026-01-21 17:27:42
552,237,15,COMPLETED,11,2026-01-21 17:32:29,2026-01-21 17:32:40
553,338,15,FAILED,7,2025-12-17 05:11:57,2025-12-17 05:12:04
554,280,2,COMPLETED,5,2026-03-06 13:14:55,2026-03-06 13:15:00
555,280,5,COMPLETED,4,2026-03-06 13:16:55,2026-03-06 13:16:59
556,280,9,FAILED,7,2026-03-06 13:24:55,2026-03-06 13:25:02
557,63,6,COMPLETED,6,2025-10-16 21:33:29,2025-10-16 21:33:35
558,63,15,COMPLETED,9,2025-10-16 21:37:29,2025-10-16 21:37:38
559,52,1,COMPLETED,13,2025-09-01 08:47:51,2025-09-01 08:48:04
560,52,3,COMPLETED,4,2025-09-01 08:51:51,2025-09-01 08:51:55
561,52,8,COMPLETED,12,2025-09-01 08:53:51,2025-09-01 08:54:03
562,120,14,COMPLETED,7,2025-10-13 22:48:59,2025-10-13 22:49:06
563,1021,2,COMPLETED,12,2025-10-26 23:07:49,2025-10-26 23:08:01
564,1021,5,COMPLETED,13,2025-10-26 23:12:49,2025-10-26 23:13:02
565,1021,9,COMPLETED,15,2025-10-26 23:15:49,2025-10-26 23:16:04
566,928,4,COMPLETED,7,2025-12-16 10:54:09,2025-12-16 10:54:16
567,928,10,COMPLETED,14,2025-12-16 10:58:09,2025-12-16 10:58:23
568,264,6,COMPLETED,12,2025-10-09 19:21:48,2025-10-09 19:22:00
569,749,13,COMPLETED,14,2026-03-05 12:40:29,2026-03-05 12:40:43
570,749,14,COMPLETED,9,2026-03-05 12:43:29,2026-03-05 12:43:38
571,227,17,COMPLETED,8,2025-12-17 10:51:23,2025-12-17 10:51:31
572,327,3,FAILED,3,2025-10-01 02:49:57,2025-10-01 02:50:00
573,168,5,COMPLETED,10,2026-01-03 18:37:53,2026-01-03 18:38:03
574,450,22,COMPLETED,13,2025-12-05 04:21:12,2025-12-05 04:21:25
575,53,17,COMPLETED,7,2025-12-13 06:34:52,2025-12-13 06:34:59
576,753,19,FAILED,13,2025-11-13 21:17:33,2025-11-13 21:17:46
577,753,23,COMPLETED,3,2025-11-13 21:19:33,2025-11-13 21:19:36
578,753,8,COMPLETED,10,2025-11-13 21:25:33,2025-11-13 21:25:43
579,31,6,FAILED,9,2026-02-15 13:06:04,2026-02-15 13:06:13
580,31,15,COMPLETED,10,2026-02-15 13:11:04,2026-02-15 13:11:14
581,116,4,FAILED,7,2025-12-15 06:24:03,2025-12-15 06:24:10
582,116,10,COMPLETED,13,2025-12-15 06:29:03,2025-12-15 06:29:16
583,386,25,COMPLETED,9,2025-11-24 02:05:11,2025-11-24 02:05:20
584,503,17,COMPLETED,7,2025-12-31 22:11:34,2025-12-31 22:11:41
585,503,16,COMPLETED,7,2025-12-31 22:14:34,2025-12-31 22:14:41
586,172,4,COMPLETED,6,2025-12-23 00:30:02,2025-12-23 00:30:08
587,12,14,FAILED,14,2025-11-14 23:13:23,2025-11-14 23:13:37
588,67,20,COMPLETED,7,2026-01-07 17:39:26,2026-01-07 17:39:33
589,67,5,COMPLETED,8,2026-01-07 17:41:26,2026-01-07 17:41:34
590,926,13,COMPLETED,5,2025-10-10 11:10:01,2025-10-10 11:10:06
591,926,14,COMPLETED,8,2025-10-10 11:14:01,2025-10-10 11:14:09
592,139,2,COMPLETED,13,2025-11-23 15:41:57,2025-11-23 15:42:10
593,139,5,COMPLETED,6,2025-11-23 15:46:57,2025-11-23 15:47:03
594,139,9,COMPLETED,10,2025-11-23 15:49:57,2025-11-23 15:50:07
595,187,3,COMPLETED,12,2025-10-16 22:31:01,2025-10-16 22:31:13
596,1118,13,COMPLETED,10,2025-11-11 22:21:14,2025-11-11 22:21:24
597,63,4,COMPLETED,13,2025-09-02 17:33:34,2025-09-02 17:33:47
598,63,10,COMPLETED,13,2025-09-02 17:36:34,2025-09-02 17:36:47
599,12,9,COMPLETED,8,2025-10-28 20:45:35,2025-10-28 20:45:43
600,1,12,COMPLETED,4,2026-01-14 06:34:46,2026-01-14 06:34:50
601,4,13,COMPLETED,5,2026-01-07 00:40:17,2026-01-07 00:40:22
602,4,14,COMPLETED,7,2026-01-07 00:45:17,2026-01-07 00:45:24
603,67,20,COMPLETED,11,2025-12-08 04:40:06,2025-12-08 04:40:17
604,67,5,COMPLETED,6,2025-12-08 04:43:06,2025-12-08 04:43:12
605,7,13,FAILED,10,2025-12-15 15:15:21,2025-12-15 15:15:31
606,246,13,COMPLETED,7,2025-09-05 21:52:37,2025-09-05 21:52:44
607,81,1,COMPLETED,7,2026-01-31 19:49:23,2026-01-31 19:49:30
608,81,3,COMPLETED,12,2026-01-31 19:54:23,2026-01-31 19:54:35
609,81,8,FAILED,10,2026-01-31 19:53:23,2026-01-31 19:53:33
610,937,20,COMPLETED,5,2025-09-10 15:42:15,2025-09-10 15:42:20
611,937,5,COMPLETED,9,2025-09-10 15:44:15,2025-09-10 15:44:24
612,970,20,COMPLETED,8,2025-11-25 11:13:00,2025-11-25 11:13:08
613,87,19,COMPLETED,7,2025-10-11 16:37:42,2025-10-11 16:37:49
614,87,23,COMPLETED,11,2025-10-11 16:40:42,2025-10-11 16:40:53
615,87,8,COMPLETED,5,2025-10-11 16:41:42,2025-10-11 16:41:47
616,139,19,COMPLETED,9,2026-01-04 00:07:09,2026-01-04 00:07:18
617,139,23,COMPLETED,5,2026-01-04 00:12:09,2026-01-04 00:12:14
618,139,8,COMPLETED,5,2026-01-04 00:17:09,2026-01-04 00:17:14
619,1,19,FAILED,7,2025-09-07 23:53:34,2025-09-07 23:53:41
620,1,23,COMPLETED,7,2025-09-07 23:56:34,2025-09-07 23:56:41
621,1,8,COMPLETED,4,2025-09-07 23:57:34,2025-09-07 23:57:38
622,169,22,COMPLETED,6,2025-09-22 08:05:35,2025-09-22 08:05:41
623,4,6,COMPLETED,9,2026-01-18 21:00:24,2026-01-18 21:00:33
624,4,15,COMPLETED,6,2026-01-18 21:02:24,2026-01-18 21:02:30
625,4,15,COMPLETED,6,2026-01-20 06:12:57,2026-01-20 06:13:03
626,28,5,COMPLETED,12,2026-01-25 23:07:00,2026-01-25 23:07:12
627,24,20,FAILED,5,2026-03-02 06:08:27,2026-03-02 06:08:32
628,24,5,FAILED,13,2026-03-02 06:12:27,2026-03-02 06:12:40
629,930,1,COMPLETED,5,2025-11-13 05:53:56,2025-11-13 05:54:01
630,930,3,COMPLETED,10,2025-11-13 05:55:56,2025-11-13 05:56:06
631,930,8,COMPLETED,5,2025-11-13 06:01:56,2025-11-13 06:02:01
632,890,6,COMPLETED,11,2026-03-15 21:41:27,2026-03-15 21:41:38
633,890,15,COMPLETED,6,2026-03-15 21:43:27,2026-03-15 21:43:33
634,49,17,COMPLETED,10,2026-01-22 09:43:05,2026-01-22 09:43:15
635,49,16,COMPLETED,3,2026-01-22 09:45:05,2026-01-22 09:45:08
636,812,19,FAILED,7,2025-10-05 04:27:42,2025-10-05 04:27:49
637,812,23,COMPLETED,6,2025-10-05 04:32:42,2025-10-05 04:32:48
638,812,8,FAILED,13,2025-10-05 04:37:42,2025-10-05 04:37:55
639,39,17,COMPLETED,13,2026-01-10 05:05:46,2026-01-10 05:05:59
640,39,16,COMPLETED,5,2026-01-10 05:07:46,2026-01-10 05:07:51
641,48,8,COMPLETED,11,2026-02-03 09:33:47,2026-02-03 09:33:58
642,55,13,COMPLETED,7,2025-11-09 00:56:23,2025-11-09 00:56:30
643,208,6,COMPLETED,9,2025-12-18 10:38:37,2025-12-18 10:38:46
644,208,15,COMPLETED,4,2025-12-18 10:42:37,2025-12-18 10:42:41
645,363,6,COMPLETED,10,2025-12-08 09:35:00,2025-12-08 09:35:10
646,363,15,COMPLETED,8,2025-12-08 09:39:00,2025-12-08 09:39:08
647,112,6,COMPLETED,13,2026-02-11 02:18:18,2026-02-11 02:18:31
648,112,15,COMPLETED,8,2026-02-11 02:21:18,2026-02-11 02:21:26
649,890,17,COMPLETED,5,2025-10-28 14:40:28,2025-10-28 14:40:33
650,890,16,FAILED,6,2025-10-28 14:42:28,2025-10-28 14:42:34
651,65,22,COMPLETED,7,2025-11-21 19:08:00,2025-11-21 19:08:07
652,337,17,COMPLETED,10,2026-01-10 13:06:08,2026-01-10 13:06:18
653,337,16,COMPLETED,10,2026-01-10 13:09:08,2026-01-10 13:09:18
654,377,4,COMPLETED,13,2025-12-03 06:25:20,2025-12-03 06:25:33
655,184,14,COMPLETED,9,2025-09-28 16:11:06,2025-09-28 16:11:15
656,943,21,FAILED,9,2026-02-08 16:49:50,2026-02-08 16:49:59
657,909,1,FAILED,13,2026-02-01 12:43:08,2026-02-01 12:43:21
658,300,20,COMPLETED,13,2026-01-09 11:15:52,2026-01-09 11:16:05
659,300,5,COMPLETED,10,2026-01-09 11:20:52,2026-01-09 11:21:02
660,383,20,COMPLETED,4,2025-10-20 09:29:00,2025-10-20 09:29:04
661,383,5,FAILED,9,2025-10-20 09:32:00,2025-10-20 09:32:09
662,403,25,COMPLETED,9,2026-02-24 12:50:55,2026-02-24 12:51:04
663,345,6,COMPLETED,7,2025-12-21 09:25:44,2025-12-21 09:25:51
664,345,15,FAILED,5,2025-12-21 09:27:44,2025-12-21 09:27:49
665,7,2,COMPLETED,6,2025-11-28 06:53:19,2025-11-28 06:53:25
666,7,5,COMPLETED,9,2025-11-28 06:56:19,2025-11-28 06:56:28
667,7,9,COMPLETED,9,2025-11-28 07:03:19,2025-11-28 07:03:28
668,58,6,FAILED,5,2025-09-12 19:28:29,2025-09-12 19:28:34
669,58,15,COMPLETED,11,2025-09-12 19:33:29,2025-09-12 19:33:40
670,222,7,COMPLETED,13,2026-01-09 13:09:09,2026-01-09 13:09:22
671,291,24,COMPLETED,14,2025-11-14 07:59:56,2025-11-14 08:00:10
672,60,2,COMPLETED,12,2026-01-16 09:24:39,2026-01-16 09:24:51
673,60,5,FAILED,7,2026-01-16 09:26:39,2026-01-16 09:26:46
674,60,9,COMPLETED,5,2026-01-16 09:32:39,2026-01-16 09:32:44
675,65,18,COMPLETED,13,2026-01-04 05:10:04,2026-01-04 05:10:17
676,623,20,COMPLETED,11,2025-09-30 09:24:43,2025-09-30 09:24:54
677,623,5,COMPLETED,9,2025-09-30 09:28:43,2025-09-30 09:28:52
678,7,19,COMPLETED,13,2025-11-17 11:07:23,2025-11-17 11:07:36
679,334,20,COMPLETED,11,2025-12-08 11:40:46,2025-12-08 11:40:57
680,334,5,COMPLETED,5,2025-12-08 11:45:46,2025-12-08 11:45:51
681,1014,1,COMPLETED,7,2025-10-11 05:38:23,2025-10-11 05:38:30
682,1014,3,COMPLETED,4,2025-10-11 05:42:23,2025-10-11 05:42:27
683,1014,8,COMPLETED,13,2025-10-11 05:42:23,2025-10-11 05:42:36
684,135,6,COMPLETED,10,2026-02-28 16:00:50,2026-02-28 16:01:00
685,135,15,COMPLETED,8,2026-02-28 16:02:50,2026-02-28 16:02:58
686,399,13,COMPLETED,7,2025-11-28 00:53:34,2025-11-28 00:53:41
687,399,14,COMPLETED,10,2025-11-28 00:55:34,2025-11-28 00:55:44
688,32,25,COMPLETED,11,2025-11-21 08:51:56,2025-11-21 08:52:07
689,40,19,COMPLETED,10,2025-12-29 14:42:10,2025-12-29 14:42:20
690,40,23,COMPLETED,11,2025-12-29 14:44:10,2025-12-29 14:44:21
691,40,8,COMPLETED,12,2025-12-29 14:46:10,2025-12-29 14:46:22
692,174,20,COMPLETED,10,2025-10-29 19:52:50,2025-10-29 19:53:00
693,174,5,COMPLETED,10,2025-10-29 19:55:50,2025-10-29 19:56:00
694,15,8,COMPLETED,13,2025-12-07 08:09:51,2025-12-07 08:10:04
695,154,13,COMPLETED,3,2025-12-13 06:58:43,2025-12-13 06:58:46
696,154,14,COMPLETED,4,2025-12-13 07:03:43,2025-12-13 07:03:47
697,100,1,COMPLETED,5,2026-02-25 02:55:25,2026-02-25 02:55:30
698,100,3,COMPLETED,3,2026-02-25 03:00:25,2026-02-25 03:00:28
699,100,8,COMPLETED,5,2026-02-25 03:03:25,2026-02-25 03:03:30
700,612,17,COMPLETED,8,2026-01-21 08:44:22,2026-01-21 08:44:30
701,612,16,COMPLETED,10,2026-01-21 08:49:22,2026-01-21 08:49:32
702,345,1,COMPLETED,15,2025-11-25 12:03:29,2025-11-25 12:03:44
703,345,3,COMPLETED,12,2025-11-25 12:07:29,2025-11-25 12:07:41
704,345,8,COMPLETED,8,2025-11-25 12:11:29,2025-11-25 12:11:37
705,285,2,COMPLETED,3,2026-03-30 06:47:28,2026-03-30 06:47:31
706,285,5,COMPLETED,6,2026-03-30 06:50:28,2026-03-30 06:50:34
707,285,9,FAILED,14,2026-03-30 06:55:28,2026-03-30 06:55:42
708,217,1,COMPLETED,14,2025-09-03 07:26:40,2025-09-03 07:26:54
709,217,3,COMPLETED,5,2025-09-03 07:28:40,2025-09-03 07:28:45
710,217,8,COMPLETED,10,2025-09-03 07:30:40,2025-09-03 07:30:50
711,913,20,COMPLETED,6,2025-12-15 17:33:50,2025-12-15 17:33:56
712,163,2,COMPLETED,5,2025-12-17 17:50:43,2025-12-17 17:50:48
713,163,5,COMPLETED,11,2025-12-17 17:54:43,2025-12-17 17:54:54
714,163,9,COMPLETED,6,2025-12-17 18:00:43,2025-12-17 18:00:49
715,312,19,COMPLETED,11,2025-12-26 17:14:22,2025-12-26 17:14:33
716,353,17,FAILED,13,2026-02-28 01:40:53,2026-02-28 01:41:06
717,88,2,COMPLETED,5,2026-03-07 07:36:21,2026-03-07 07:36:26
718,357,13,COMPLETED,6,2025-12-16 01:18:21,2025-12-16 01:18:27
719,357,14,COMPLETED,11,2025-12-16 01:20:21,2025-12-16 01:20:32
720,17,19,COMPLETED,15,2025-10-18 15:21:52,2025-10-18 15:22:07
721,17,23,COMPLETED,6,2025-10-18 15:24:52,2025-10-18 15:24:58
722,17,8,COMPLETED,11,2025-10-18 15:27:52,2025-10-18 15:28:03
723,83,4,FAILED,14,2026-02-04 20:06:37,2026-02-04 20:06:51
724,334,17,COMPLETED,11,2026-03-25 08:50:01,2026-03-25 08:50:12
725,334,16,COMPLETED,6,2026-03-25 08:53:01,2026-03-25 08:53:07
726,390,6,COMPLETED,11,2025-11-29 21:12:39,2025-11-29 21:12:50
727,390,15,COMPLETED,5,2025-11-29 21:15:39,2025-11-29 21:15:44
728,292,20,COMPLETED,11,2026-01-14 12:28:57,2026-01-14 12:29:08
729,292,5,COMPLETED,6,2026-01-14 12:31:57,2026-01-14 12:32:03
730,139,2,FAILED,14,2026-01-23 13:36:12,2026-01-23 13:36:26
731,971,19,COMPLETED,7,2026-01-04 01:25:15,2026-01-04 01:25:22
732,971,23,FAILED,4,2026-01-04 01:28:15,2026-01-04 01:28:19
733,971,8,COMPLETED,6,2026-01-04 01:29:15,2026-01-04 01:29:21
734,1074,16,COMPLETED,12,2026-02-13 10:02:49,2026-02-13 10:03:01
735,605,20,COMPLETED,4,2026-02-18 18:38:24,2026-02-18 18:38:28
736,605,5,FAILED,10,2026-02-18 18:42:24,2026-02-18 18:42:34
737,21,3,COMPLETED,4,2025-11-01 15:23:23,2025-11-01 15:23:27
738,876,13,COMPLETED,5,2026-02-12 03:55:00,2026-02-12 03:55:05
739,876,14,COMPLETED,4,2026-02-12 03:59:00,2026-02-12 03:59:04
740,273,25,COMPLETED,5,2026-02-13 10:48:50,2026-02-13 10:48:55
741,210,1,COMPLETED,8,2025-12-16 03:20:55,2025-12-16 03:21:03
742,210,3,FAILED,9,2025-12-16 03:22:55,2025-12-16 03:23:04
743,210,8,COMPLETED,10,2025-12-16 03:24:55,2025-12-16 03:25:05
744,263,17,COMPLETED,7,2025-11-26 10:39:24,2025-11-26 10:39:31
745,263,16,COMPLETED,4,2025-11-26 10:41:24,2025-11-26 10:41:28
746,179,17,COMPLETED,4,2025-12-20 01:59:07,2025-12-20 01:59:11
747,179,16,COMPLETED,7,2025-12-20 02:02:07,2025-12-20 02:02:14
748,91,10,COMPLETED,5,2026-01-21 20:04:09,2026-01-21 20:04:14
749,159,2,COMPLETED,5,2026-03-20 18:07:57,2026-03-20 18:08:02
750,159,5,FAILED,5,2026-03-20 18:10:57,2026-03-20 18:11:02
751,159,9,COMPLETED,5,2026-03-20 18:11:57,2026-03-20 18:12:02
752,308,20,COMPLETED,8,2026-03-12 17:03:59,2026-03-12 17:04:07
753,308,5,COMPLETED,8,2026-03-12 17:07:59,2026-03-12 17:08:07
754,294,20,COMPLETED,8,2025-09-11 22:52:30,2025-09-11 22:52:38
755,294,5,COMPLETED,9,2025-09-11 22:57:30,2025-09-11 22:57:39
756,1178,1,FAILED,11,2025-12-02 20:26:08,2025-12-02 20:26:19
757,1178,3,COMPLETED,13,2025-12-02 20:30:08,2025-12-02 20:30:21
758,1178,8,COMPLETED,11,2025-12-02 20:34:08,2025-12-02 20:34:19
759,3,16,COMPLETED,12,2025-11-28 04:27:00,2025-11-28 04:27:12
760,20,13,FAILED,4,2025-12-14 21:56:49,2025-12-14 21:56:53
761,20,14,COMPLETED,12,2025-12-14 21:58:49,2025-12-14 21:59:01
762,19,1,COMPLETED,13,2025-12-10 22:33:54,2025-12-10 22:34:07
763,234,17,FAILED,13,2025-12-29 00:24:03,2025-12-29 00:24:16
764,234,16,COMPLETED,8,2025-12-29 00:28:03,2025-12-29 00:28:11
765,49,6,COMPLETED,12,2025-10-25 15:54:01,2025-10-25 15:54:13
766,49,15,COMPLETED,6,2025-10-25 15:58:01,2025-10-25 15:58:07
767,1194,8,COMPLETED,13,2025-12-02 05:34:48,2025-12-02 05:35:01
768,244,4,COMPLETED,8,2025-12-26 15:17:24,2025-12-26 15:17:32
769,244,10,COMPLETED,6,2025-12-26 15:19:24,2025-12-26 15:19:30
770,230,20,COMPLETED,7,2026-01-09 08:25:34,2026-01-09 08:25:41
771,156,10,FAILED,15,2025-10-24 23:33:34,2025-10-24 23:33:49
772,60,1,COMPLETED,7,2025-11-10 04:56:09,2025-11-10 04:56:16
773,702,3,COMPLETED,8,2025-09-10 15:03:26,2025-09-10 15:03:34
774,893,2,FAILED,10,2026-01-17 17:43:00,2026-01-17 17:43:10
775,893,5,COMPLETED,13,2026-01-17 17:48:00,2026-01-17 17:48:13
776,893,9,COMPLETED,12,2026-01-17 17:47:00,2026-01-17 17:47:12
777,179,9,COMPLETED,13,2026-03-17 21:07:18,2026-03-17 21:07:31
778,733,20,COMPLETED,7,2026-02-14 01:02:04,2026-02-14 01:02:11
779,733,5,COMPLETED,5,2026-02-14 01:06:04,2026-02-14 01:06:09
780,215,10,COMPLETED,7,2025-11-27 10:12:25,2025-11-27 10:12:32
781,265,1,COMPLETED,5,2026-02-23 18:42:19,2026-02-23 18:42:24
782,85,19,COMPLETED,12,2026-02-08 21:49:21,2026-02-08 21:49:33
783,85,23,COMPLETED,5,2026-02-08 21:54:21,2026-02-08 21:54:26
784,85,8,COMPLETED,9,2026-02-08 21:53:21,2026-02-08 21:53:30
785,323,3,COMPLETED,12,2026-01-20 14:01:36,2026-01-20 14:01:48
786,725,21,COMPLETED,12,2025-09-15 04:09:11,2025-09-15 04:09:23
787,642,6,COMPLETED,4,2026-03-27 10:38:26,2026-03-27 10:38:30
788,642,15,COMPLETED,14,2026-03-27 10:41:26,2026-03-27 10:41:40
789,329,6,COMPLETED,13,2026-01-05 00:41:22,2026-01-05 00:41:35
790,329,15,COMPLETED,8,2026-01-05 00:46:22,2026-01-05 00:46:30
791,186,4,COMPLETED,12,2025-12-11 01:54:00,2025-12-11 01:54:12
792,793,1,COMPLETED,9,2026-02-15 00:08:43,2026-02-15 00:08:52
793,159,13,COMPLETED,11,2026-02-13 19:38:36,2026-02-13 19:38:47
794,159,14,COMPLETED,13,2026-02-13 19:41:36,2026-02-13 19:41:49
795,304,1,COMPLETED,6,2025-09-09 01:40:01,2025-09-09 01:40:07
796,239,6,COMPLETED,9,2025-12-28 07:29:52,2025-12-28 07:30:01
797,239,15,COMPLETED,5,2025-12-28 07:32:52,2025-12-28 07:32:57
798,575,13,FAILED,10,2025-10-19 05:03:47,2025-10-19 05:03:57
799,575,14,COMPLETED,10,2025-10-19 05:07:47,2025-10-19 05:07:57
800,428,5,COMPLETED,12,2026-03-30 16:59:27,2026-03-30 16:59:39
801,91,13,COMPLETED,8,2026-02-26 13:18:38,2026-02-26 13:18:46
802,91,14,COMPLETED,12,2026-02-26 13:21:38,2026-02-26 13:21:50
803,190,4,COMPLETED,6,2025-09-11 00:00:32,2025-09-11 00:00:38
804,190,10,COMPLETED,11,2025-09-11 00:03:32,2025-09-11 00:03:43
805,206,25,COMPLETED,8,2026-02-15 09:34:30,2026-02-15 09:34:38
806,300,4,COMPLETED,12,2025-09-03 11:55:57,2025-09-03 11:56:09
807,300,10,COMPLETED,5,2025-09-03 11:57:57,2025-09-03 11:58:02
808,445,2,COMPLETED,12,2025-11-25 06:32:02,2025-11-25 06:32:14
809,445,5,COMPLETED,8,2025-11-25 06:34:02,2025-11-25 06:34:10
810,445,9,COMPLETED,15,2025-11-25 06:40:02,2025-11-25 06:40:17
811,129,4,COMPLETED,7,2025-12-07 21:43:14,2025-12-07 21:43:21
812,129,10,COMPLETED,6,2025-12-07 21:45:14,2025-12-07 21:45:20
813,100,20,COMPLETED,6,2025-09-25 01:33:57,2025-09-25 01:34:03
814,663,13,COMPLETED,13,2026-02-13 20:09:06,2026-02-13 20:09:19
815,663,14,COMPLETED,13,2026-02-13 20:12:06,2026-02-13 20:12:19
816,138,24,COMPLETED,15,2025-12-18 00:02:26,2025-12-18 00:02:41
817,50,1,COMPLETED,8,2025-09-01 10:18:03,2025-09-01 10:18:11
818,50,3,COMPLETED,8,2025-09-01 10:23:03,2025-09-01 10:23:11
819,50,8,COMPLETED,10,2025-09-01 10:24:03,2025-09-01 10:24:13
820,218,2,COMPLETED,9,2026-02-19 04:50:37,2026-02-19 04:50:46
821,218,5,COMPLETED,9,2026-02-19 04:53:37,2026-02-19 04:53:46
822,218,9,COMPLETED,10,2026-02-19 04:54:37,2026-02-19 04:54:47
823,127,1,COMPLETED,9,2025-12-08 21:13:03,2025-12-08 21:13:12
824,127,3,COMPLETED,13,2025-12-08 21:15:03,2025-12-08 21:15:16
825,127,8,COMPLETED,5,2025-12-08 21:23:03,2025-12-08 21:23:08
826,9,6,COMPLETED,4,2025-10-30 19:51:02,2025-10-30 19:51:06
827,774,7,COMPLETED,6,2025-11-15 21:08:31,2025-11-15 21:08:37
828,291,20,FAILED,5,2026-01-31 05:45:31,2026-01-31 05:45:36
829,291,5,COMPLETED,3,2026-01-31 05:47:31,2026-01-31 05:47:34
830,271,2,COMPLETED,8,2025-10-17 01:10:45,2025-10-17 01:10:53
831,271,5,COMPLETED,5,2025-10-17 01:12:45,2025-10-17 01:12:50
832,271,9,COMPLETED,7,2025-10-17 01:16:45,2025-10-17 01:16:52
833,135,6,COMPLETED,8,2025-12-10 17:52:25,2025-12-10 17:52:33
834,135,15,COMPLETED,12,2025-12-10 17:57:25,2025-12-10 17:57:37
835,324,20,COMPLETED,8,2025-11-06 12:56:19,2025-11-06 12:56:27
836,324,5,FAILED,4,2025-11-06 13:00:19,2025-11-06 13:00:23
837,238,6,COMPLETED,5,2026-02-19 13:12:10,2026-02-19 13:12:15
838,238,15,FAILED,6,2026-02-19 13:14:10,2026-02-19 13:14:16
839,92,1,COMPLETED,8,2026-03-01 15:16:32,2026-03-01 15:16:40
840,92,3,COMPLETED,7,2026-03-01 15:20:32,2026-03-01 15:20:39
841,92,8,COMPLETED,4,2026-03-01 15:20:32,2026-03-01 15:20:36
842,50,23,COMPLETED,4,2025-12-27 01:38:03,2025-12-27 01:38:07
843,93,15,FAILED,5,2025-10-26 06:30:41,2025-10-26 06:30:46
844,774,4,FAILED,11,2025-12-16 18:27:54,2025-12-16 18:28:05
845,774,10,COMPLETED,6,2025-12-16 18:32:54,2025-12-16 18:33:00
846,96,17,COMPLETED,13,2025-11-06 22:16:39,2025-11-06 22:16:52
847,96,16,COMPLETED,13,2025-11-06 22:19:39,2025-11-06 22:19:52
848,149,5,COMPLETED,10,2025-10-16 00:12:18,2025-10-16 00:12:28
849,94,2,COMPLETED,5,2026-03-11 02:59:59,2026-03-11 03:00:04
850,400,1,COMPLETED,11,2026-02-05 09:58:00,2026-02-05 09:58:11
851,17,2,COMPLETED,9,2026-02-13 09:06:42,2026-02-13 09:06:51
852,17,5,COMPLETED,6,2026-02-13 09:09:42,2026-02-13 09:09:48
853,17,9,COMPLETED,5,2026-02-13 09:14:42,2026-02-13 09:14:47
854,12,1,COMPLETED,13,2026-03-10 11:36:08,2026-03-10 11:36:21
855,12,3,COMPLETED,13,2026-03-10 11:40:08,2026-03-10 11:40:21
856,12,8,COMPLETED,5,2026-03-10 11:40:08,2026-03-10 11:40:13
857,325,12,COMPLETED,13,2026-02-15 18:08:53,2026-02-15 18:09:06
858,23,2,COMPLETED,6,2026-01-14 09:21:07,2026-01-14 09:21:13
859,23,5,COMPLETED,5,2026-01-14 09:25:07,2026-01-14 09:25:12
860,23,9,COMPLETED,5,2026-01-14 09:29:07,2026-01-14 09:29:12
861,205,6,COMPLETED,10,2026-02-11 20:18:51,2026-02-11 20:19:01
862,205,15,COMPLETED,14,2026-02-11 20:23:51,2026-02-11 20:24:05
863,67,8,COMPLETED,13,2025-10-20 12:13:33,2025-10-20 12:13:46
864,142,17,FAILED,12,2026-02-01 06:52:14,2026-02-01 06:52:26
865,142,16,COMPLETED,14,2026-02-01 06:57:14,2026-02-01 06:57:28
866,1155,17,COMPLETED,13,2025-10-03 14:28:24,2025-10-03 14:28:37
867,1155,16,COMPLETED,11,2025-10-03 14:33:24,2025-10-03 14:33:35
868,132,2,COMPLETED,10,2026-03-29 02:43:38,2026-03-29 02:43:48
869,132,5,COMPLETED,9,2026-03-29 02:47:38,2026-03-29 02:47:47
870,132,9,COMPLETED,12,2026-03-29 02:51:38,2026-03-29 02:51:50
871,974,6,COMPLETED,5,2025-11-01 07:02:45,2025-11-01 07:02:50
872,340,1,COMPLETED,11,2026-02-10 18:33:18,2026-02-10 18:33:29
873,340,3,COMPLETED,9,2026-02-10 18:37:18,2026-02-10 18:37:27
874,340,8,COMPLETED,9,2026-02-10 18:43:18,2026-02-10 18:43:27
875,72,7,FAILED,13,2026-03-03 16:55:58,2026-03-03 16:56:11
876,73,17,COMPLETED,4,2025-11-09 00:37:17,2025-11-09 00:37:21
877,10,16,COMPLETED,13,2026-02-06 03:25:32,2026-02-06 03:25:45
878,251,1,COMPLETED,13,2025-09-10 13:05:15,2025-09-10 13:05:28
879,251,3,COMPLETED,13,2025-09-10 13:10:15,2025-09-10 13:10:28
880,251,8,COMPLETED,7,2025-09-10 13:09:15,2025-09-10 13:09:22
881,64,2,COMPLETED,9,2025-10-09 01:16:37,2025-10-09 01:16:46
882,64,5,COMPLETED,8,2025-10-09 01:20:37,2025-10-09 01:20:45
883,64,9,COMPLETED,14,2025-10-09 01:24:37,2025-10-09 01:24:51
884,207,5,COMPLETED,4,2026-02-20 19:48:51,2026-02-20 19:48:55
885,288,13,COMPLETED,13,2025-11-09 14:50:48,2025-11-09 14:51:01
886,288,14,COMPLETED,12,2025-11-09 14:54:48,2025-11-09 14:55:00
887,213,2,COMPLETED,5,2026-01-26 20:40:01,2026-01-26 20:40:06
888,213,5,COMPLETED,12,2026-01-26 20:44:01,2026-01-26 20:44:13
889,213,9,COMPLETED,13,2026-01-26 20:46:01,2026-01-26 20:46:14
890,265,18,COMPLETED,6,2026-02-28 20:08:01,2026-02-28 20:08:07
891,339,19,COMPLETED,6,2025-12-21 14:11:18,2025-12-21 14:11:24
892,339,23,COMPLETED,13,2025-12-21 14:14:18,2025-12-21 14:14:31
893,339,8,COMPLETED,6,2025-12-21 14:15:18,2025-12-21 14:15:24
894,182,4,COMPLETED,12,2026-03-18 20:58:31,2026-03-18 20:58:43
895,182,10,COMPLETED,9,2026-03-18 21:01:31,2026-03-18 21:01:40
896,302,11,COMPLETED,8,2026-01-23 15:42:22,2026-01-23 15:42:30
897,228,6,COMPLETED,10,2026-02-19 05:30:19,2026-02-19 05:30:29
898,228,15,COMPLETED,6,2026-02-19 05:32:19,2026-02-19 05:32:25
899,33,13,FAILED,6,2025-11-30 00:16:45,2025-11-30 00:16:51
900,33,14,COMPLETED,6,2025-11-30 00:19:45,2025-11-30 00:19:51
901,238,14,COMPLETED,9,2026-01-19 23:57:08,2026-01-19 23:57:17
902,101,11,COMPLETED,4,2025-12-30 17:26:59,2025-12-30 17:27:03
903,116,19,COMPLETED,11,2026-02-25 09:17:59,2026-02-25 09:18:10
904,116,23,COMPLETED,7,2026-02-25 09:22:59,2026-02-25 09:23:06
905,116,8,COMPLETED,11,2026-02-25 09:27:59,2026-02-25 09:28:10
906,295,13,COMPLETED,4,2025-10-01 20:45:02,2025-10-01 20:45:06
907,83,13,COMPLETED,6,2026-01-29 11:30:45,2026-01-29 11:30:51
908,83,14,COMPLETED,12,2026-01-29 11:34:45,2026-01-29 11:34:57
909,79,23,COMPLETED,9,2026-01-28 02:46:02,2026-01-28 02:46:11
910,185,19,COMPLETED,5,2026-01-06 17:06:01,2026-01-06 17:06:06
911,185,23,COMPLETED,4,2026-01-06 17:11:01,2026-01-06 17:11:05
912,185,8,FAILED,9,2026-01-06 17:14:01,2026-01-06 17:14:10
913,220,24,COMPLETED,6,2026-01-08 22:47:57,2026-01-08 22:48:03
914,202,25,COMPLETED,6,2026-03-20 06:01:49,2026-03-20 06:01:55
915,22,20,COMPLETED,7,2026-03-18 16:44:13,2026-03-18 16:44:20
916,22,5,COMPLETED,11,2026-03-18 16:47:13,2026-03-18 16:47:24
917,61,23,COMPLETED,12,2026-01-17 01:32:01,2026-01-17 01:32:13
918,735,2,COMPLETED,8,2025-10-20 18:44:29,2025-10-20 18:44:37
919,735,5,COMPLETED,5,2025-10-20 18:47:29,2025-10-20 18:47:34
920,735,9,FAILED,8,2025-10-20 18:54:29,2025-10-20 18:54:37
921,186,20,COMPLETED,5,2026-02-08 00:36:37,2026-02-08 00:36:42
922,186,5,COMPLETED,8,2026-02-08 00:39:37,2026-02-08 00:39:45
923,64,12,COMPLETED,5,2025-10-06 14:13:59,2025-10-06 14:14:04
924,1038,13,COMPLETED,8,2025-10-10 08:41:32,2025-10-10 08:41:40
925,1038,14,FAILED,12,2025-10-10 08:45:32,2025-10-10 08:45:44
926,372,4,COMPLETED,13,2026-03-25 00:31:07,2026-03-25 00:31:20
927,372,10,COMPLETED,8,2026-03-25 00:34:07,2026-03-25 00:34:15
928,319,20,COMPLETED,10,2026-03-25 12:09:28,2026-03-25 12:09:38
929,133,2,FAILED,10,2026-03-24 07:15:42,2026-03-24 07:15:52
930,133,5,FAILED,11,2026-03-24 07:20:42,2026-03-24 07:20:53
931,133,9,FAILED,6,2026-03-24 07:23:42,2026-03-24 07:23:48
932,447,4,COMPLETED,15,2026-02-24 22:10:09,2026-02-24 22:10:24
933,447,10,COMPLETED,12,2026-02-24 22:13:09,2026-02-24 22:13:21
934,240,9,COMPLETED,5,2026-01-15 01:47:37,2026-01-15 01:47:42
935,600,4,COMPLETED,10,2026-01-22 16:46:31,2026-01-22 16:46:41
936,600,10,COMPLETED,14,2026-01-22 16:51:31,2026-01-22 16:51:45
937,1179,18,COMPLETED,6,2026-01-27 00:02:06,2026-01-27 00:02:12
938,621,15,COMPLETED,4,2026-02-12 15:14:22,2026-02-12 15:14:26
939,38,4,FAILED,6,2025-12-14 02:28:46,2025-12-14 02:28:52
940,1116,4,COMPLETED,7,2025-11-11 06:04:14,2025-11-11 06:04:21
941,1116,10,COMPLETED,13,2025-11-11 06:06:14,2025-11-11 06:06:27
942,48,20,COMPLETED,4,2025-11-04 15:50:05,2025-11-04 15:50:09
943,1047,20,COMPLETED,12,2025-11-16 13:46:24,2025-11-16 13:46:36
944,1047,5,COMPLETED,10,2025-11-16 13:49:24,2025-11-16 13:49:34
945,211,8,COMPLETED,4,2025-11-02 13:39:56,2025-11-02 13:40:00
946,1048,4,COMPLETED,15,2025-11-30 06:29:57,2025-11-30 06:30:12
947,94,20,COMPLETED,4,2025-11-19 22:12:27,2025-11-19 22:12:31
948,463,2,FAILED,11,2026-01-11 21:51:57,2026-01-11 21:52:08
949,68,17,COMPLETED,8,2025-11-14 00:14:54,2025-11-14 00:15:02
950,68,16,COMPLETED,7,2025-11-14 00:18:54,2025-11-14 00:19:01
951,25,16,COMPLETED,11,2025-10-10 14:36:32,2025-10-10 14:36:43
952,713,22,COMPLETED,6,2026-01-25 06:55:05,2026-01-25 06:55:11
953,72,23,COMPLETED,4,2026-02-12 03:44:03,2026-02-12 03:44:07
954,640,1,FAILED,5,2026-02-16 00:38:34,2026-02-16 00:38:39
955,749,17,COMPLETED,14,2025-12-08 18:55:25,2025-12-08 18:55:39
956,749,16,COMPLETED,10,2025-12-08 18:58:25,2025-12-08 18:58:35
957,543,3,COMPLETED,10,2025-11-07 03:41:48,2025-11-07 03:41:58
958,223,7,COMPLETED,6,2025-12-05 03:43:05,2025-12-05 03:43:11
959,34,23,COMPLETED,6,2026-01-16 14:19:36,2026-01-16 14:19:42
960,384,13,COMPLETED,5,2026-03-30 14:47:54,2026-03-30 14:47:59
961,409,3,COMPLETED,8,2026-01-19 01:43:49,2026-01-19 01:43:57
962,68,8,COMPLETED,4,2026-03-08 23:18:12,2026-03-08 23:18:16
963,213,4,COMPLETED,10,2026-02-18 19:18:34,2026-02-18 19:18:44
964,213,10,COMPLETED,13,2026-02-18 19:22:34,2026-02-18 19:22:47
965,1075,4,COMPLETED,13,2025-10-23 13:33:49,2025-10-23 13:34:02
966,1075,10,COMPLETED,8,2025-10-23 13:36:49,2025-10-23 13:36:57
967,281,19,FAILED,5,2025-11-12 07:56:12,2025-11-12 07:56:17
968,281,23,COMPLETED,8,2025-11-12 08:01:12,2025-11-12 08:01:20
969,281,8,COMPLETED,10,2025-11-12 08:00:12,2025-11-12 08:00:22
970,190,10,FAILED,5,2026-03-29 10:12:41,2026-03-29 10:12:46
971,16,2,COMPLETED,6,2026-01-18 12:03:34,2026-01-18 12:03:40
972,16,5,COMPLETED,10,2026-01-18 12:05:34,2026-01-18 12:05:44
973,16,9,COMPLETED,8,2026-01-18 12:13:34,2026-01-18 12:13:42
974,117,13,COMPLETED,5,2026-03-08 08:05:03,2026-03-08 08:05:08
975,117,14,COMPLETED,4,2026-03-08 08:07:03,2026-03-08 08:07:07
976,29,17,COMPLETED,4,2025-09-02 00:06:52,2025-09-02 00:06:56
977,57,4,COMPLETED,12,2026-02-14 13:28:30,2026-02-14 13:28:42
978,57,10,COMPLETED,13,2026-02-14 13:31:30,2026-02-14 13:31:43
979,581,10,COMPLETED,13,2025-10-18 01:07:10,2025-10-18 01:07:23
980,47,15,COMPLETED,7,2026-03-10 01:40:48,2026-03-10 01:40:55
981,72,20,COMPLETED,13,2026-03-10 22:17:26,2026-03-10 22:17:39
982,72,5,COMPLETED,12,2026-03-10 22:19:26,2026-03-10 22:19:38
983,471,6,COMPLETED,11,2025-11-18 08:49:22,2025-11-18 08:49:33
984,471,15,COMPLETED,8,2025-11-18 08:51:22,2025-11-18 08:51:30
985,375,7,COMPLETED,8,2026-02-14 10:33:42,2026-02-14 10:33:50
986,251,13,COMPLETED,6,2025-09-19 16:00:22,2025-09-19 16:00:28
987,361,4,COMPLETED,8,2025-09-18 16:49:37,2025-09-18 16:49:45
988,310,7,COMPLETED,9,2025-10-02 13:36:37,2025-10-02 13:36:46
989,1162,20,COMPLETED,13,2025-11-29 00:34:46,2025-11-29 00:34:59
990,1162,5,COMPLETED,3,2025-11-29 00:38:46,2025-11-29 00:38:49
991,161,7,COMPLETED,11,2025-12-18 07:57:20,2025-12-18 07:57:31
992,368,4,FAILED,11,2025-12-03 16:40:02,2025-12-03 16:40:13
993,86,2,COMPLETED,4,2025-12-11 21:20:56,2025-12-11 21:21:00
994,86,5,FAILED,4,2025-12-11 21:22:56,2025-12-11 21:23:00
995,86,9,COMPLETED,13,2025-12-11 21:28:56,2025-12-11 21:29:09
996,57,2,COMPLETED,6,2025-11-26 20:40:52,2025-11-26 20:40:58
997,17,13,COMPLETED,10,2026-01-26 22:10:36,2026-01-26 22:10:46
998,17,14,COMPLETED,8,2026-01-26 22:13:36,2026-01-26 22:13:44
999,364,1,COMPLETED,8,2026-02-07 12:46:12,2026-02-07 12:46:20
1000,364,3,COMPLETED,7,2026-02-07 12:48:12,2026-02-07 12:48:19
1001,364,8,COMPLETED,13,2026-02-07 12:50:12,2026-02-07 12:50:25
1002,85,4,COMPLETED,7,2026-02-17 14:59:48,2026-02-17 14:59:55
1003,85,10,COMPLETED,11,2026-02-17 15:03:48,2026-02-17 15:03:59
1004,846,14,FAILED,10,2026-02-04 11:22:05,2026-02-04 11:22:15
1005,320,14,COMPLETED,9,2025-12-27 09:49:14,2025-12-27 09:49:23
1006,40,4,COMPLETED,12,2026-01-30 21:41:03,2026-01-30 21:41:15
1007,40,10,COMPLETED,13,2026-01-30 21:46:03,2026-01-30 21:46:16
1008,91,4,COMPLETED,5,2026-02-08 09:13:00,2026-02-08 09:13:05
1009,91,10,COMPLETED,7,2026-02-08 09:18:00,2026-02-08 09:18:07
1010,282,17,COMPLETED,12,2025-11-17 03:43:13,2025-11-17 03:43:25
1011,282,16,COMPLETED,4,2025-11-17 03:45:13,2025-11-17 03:45:17
1012,27,6,COMPLETED,11,2026-01-17 20:39:03,2026-01-17 20:39:14
1013,27,15,COMPLETED,6,2026-01-17 20:42:03,2026-01-17 20:42:09
1014,36,19,COMPLETED,7,2026-02-07 10:29:36,2026-02-07 10:29:43
1015,36,23,COMPLETED,6,2026-02-07 10:31:36,2026-02-07 10:31:42
1016,36,8,COMPLETED,11,2026-02-07 10:37:36,2026-02-07 10:37:47
1017,276,12,COMPLETED,6,2025-12-28 23:28:26,2025-12-28 23:28:32
1018,97,19,COMPLETED,13,2025-12-05 03:08:48,2025-12-05 03:09:01
1019,97,23,COMPLETED,8,2025-12-05 03:10:48,2025-12-05 03:10:56
1020,97,8,COMPLETED,5,2025-12-05 03:18:48,2025-12-05 03:18:53
1021,10,1,COMPLETED,11,2025-09-05 11:31:30,2025-09-05 11:31:41
1022,610,17,COMPLETED,11,2026-02-13 04:45:33,2026-02-13 04:45:44
1023,610,16,COMPLETED,4,2026-02-13 04:47:33,2026-02-13 04:47:37
1024,619,6,COMPLETED,3,2025-10-12 21:46:28,2025-10-12 21:46:31
1025,619,15,COMPLETED,11,2025-10-12 21:50:28,2025-10-12 21:50:39
1026,100,2,COMPLETED,5,2025-10-12 10:25:57,2025-10-12 10:26:02
1027,575,2,COMPLETED,6,2025-11-25 06:12:42,2025-11-25 06:12:48
1028,575,5,COMPLETED,8,2025-11-25 06:14:42,2025-11-25 06:14:50
1029,575,9,COMPLETED,10,2025-11-25 06:18:42,2025-11-25 06:18:52
1030,69,19,COMPLETED,8,2025-12-15 15:17:09,2025-12-15 15:17:17
1031,342,6,COMPLETED,10,2026-02-05 17:29:07,2026-02-05 17:29:17
1032,342,15,FAILED,9,2026-02-05 17:34:07,2026-02-05 17:34:16
1033,305,17,COMPLETED,6,2025-09-26 22:02:06,2025-09-26 22:02:12
1034,305,16,FAILED,10,2025-09-26 22:05:06,2025-09-26 22:05:16
1035,898,20,COMPLETED,6,2026-02-20 19:17:41,2026-02-20 19:17:47
1036,898,5,COMPLETED,6,2026-02-20 19:19:41,2026-02-20 19:19:47
1037,5,17,COMPLETED,7,2026-03-03 18:02:43,2026-03-03 18:02:50
1038,5,16,COMPLETED,4,2026-03-03 18:07:43,2026-03-03 18:07:47
1039,32,20,COMPLETED,8,2026-01-04 21:12:40,2026-01-04 21:12:48
1040,104,14,COMPLETED,5,2025-12-30 23:06:46,2025-12-30 23:06:51
1041,1112,17,COMPLETED,14,2025-11-25 06:11:01,2025-11-25 06:11:15
1042,1112,16,COMPLETED,6,2025-11-25 06:16:01,2025-11-25 06:16:07
1043,1097,20,COMPLETED,5,2025-11-29 05:45:05,2025-11-29 05:45:10
1044,45,19,FAILED,7,2025-12-08 11:01:14,2025-12-08 11:01:21
1045,45,23,COMPLETED,13,2025-12-08 11:03:14,2025-12-08 11:03:27
1046,45,8,COMPLETED,12,2025-12-08 11:07:14,2025-12-08 11:07:26
1047,633,20,COMPLETED,8,2025-10-31 13:03:09,2025-10-31 13:03:17
1048,133,4,FAILED,7,2025-09-05 13:43:33,2025-09-05 13:43:40
1049,133,10,COMPLETED,9,2025-09-05 13:48:33,2025-09-05 13:48:42
1050,60,6,FAILED,9,2026-02-24 09:22:27,2026-02-24 09:22:36
1051,60,15,COMPLETED,9,2026-02-24 09:27:27,2026-02-24 09:27:36
1052,482,1,COMPLETED,7,2025-12-20 04:54:08,2025-12-20 04:54:15
1053,482,3,COMPLETED,9,2025-12-20 04:57:08,2025-12-20 04:57:17
1054,482,8,COMPLETED,10,2025-12-20 05:02:08,2025-12-20 05:02:18
1055,262,15,COMPLETED,7,2025-10-06 01:57:19,2025-10-06 01:57:26
1056,13,5,COMPLETED,8,2025-11-30 16:36:03,2025-11-30 16:36:11
1057,353,1,COMPLETED,14,2026-02-09 11:30:32,2026-02-09 11:30:46
1058,353,3,COMPLETED,13,2026-02-09 11:33:32,2026-02-09 11:33:45
1059,353,8,COMPLETED,9,2026-02-09 11:38:32,2026-02-09 11:38:41
1060,894,13,COMPLETED,6,2026-01-07 05:47:59,2026-01-07 05:48:05
1061,894,14,COMPLETED,13,2026-01-07 05:52:59,2026-01-07 05:53:12
1062,90,19,COMPLETED,9,2026-02-24 22:28:01,2026-02-24 22:28:10
1063,8,6,COMPLETED,10,2025-09-06 03:12:24,2025-09-06 03:12:34
1064,8,15,COMPLETED,7,2025-09-06 03:15:24,2025-09-06 03:15:31
1065,33,20,COMPLETED,13,2025-10-16 01:15:42,2025-10-16 01:15:55
1066,30,4,FAILED,6,2026-01-22 06:28:20,2026-01-22 06:28:26
1067,30,10,COMPLETED,6,2026-01-22 06:32:20,2026-01-22 06:32:26
1068,433,16,FAILED,12,2025-09-29 19:02:47,2025-09-29 19:02:59
1069,7,6,COMPLETED,10,2026-03-03 08:50:42,2026-03-03 08:50:52
1070,7,15,COMPLETED,8,2026-03-03 08:52:42,2026-03-03 08:52:50
1071,390,1,COMPLETED,14,2025-11-03 08:38:38,2025-11-03 08:38:52
1072,177,23,COMPLETED,12,2026-03-10 01:24:26,2026-03-10 01:24:38
1073,344,18,COMPLETED,8,2026-01-23 12:30:30,2026-01-23 12:30:38
1074,355,14,FAILED,11,2026-03-12 09:10:24,2026-03-12 09:10:35
1075,255,1,COMPLETED,14,2026-02-13 02:36:12,2026-02-13 02:36:26
1076,255,3,COMPLETED,11,2026-02-13 02:39:12,2026-02-13 02:39:23
1077,255,8,COMPLETED,7,2026-02-13 02:40:12,2026-02-13 02:40:19
1078,564,17,COMPLETED,10,2026-02-11 23:44:38,2026-02-11 23:44:48
1079,564,16,COMPLETED,6,2026-02-11 23:46:38,2026-02-11 23:46:44
1080,880,2,COMPLETED,7,2026-03-27 05:10:27,2026-03-27 05:10:34
1081,880,5,COMPLETED,7,2026-03-27 05:12:27,2026-03-27 05:12:34
1082,880,9,FAILED,11,2026-03-27 05:14:27,2026-03-27 05:14:38
1083,299,4,COMPLETED,13,2026-01-12 14:34:20,2026-01-12 14:34:33
1084,299,10,COMPLETED,6,2026-01-12 14:36:20,2026-01-12 14:36:26
1085,291,22,COMPLETED,9,2026-01-25 08:04:08,2026-01-25 08:04:17
1086,25,17,FAILED,7,2025-10-07 20:11:45,2025-10-07 20:11:52
1087,25,16,FAILED,11,2025-10-07 20:13:45,2025-10-07 20:13:56
1088,227,20,COMPLETED,11,2026-02-28 05:09:01,2026-02-28 05:09:12
1089,227,5,FAILED,4,2026-02-28 05:12:01,2026-02-28 05:12:05
1090,215,6,COMPLETED,11,2025-10-16 02:31:44,2025-10-16 02:31:55
1091,215,15,COMPLETED,5,2025-10-16 02:36:44,2025-10-16 02:36:49
1092,1041,17,FAILED,5,2025-09-10 12:41:48,2025-09-10 12:41:53
1093,1041,16,COMPLETED,8,2025-09-10 12:43:48,2025-09-10 12:43:56
1094,349,4,COMPLETED,12,2026-01-25 03:54:54,2026-01-25 03:55:06
1095,349,10,COMPLETED,14,2026-01-25 03:58:54,2026-01-25 03:59:08
1096,270,13,FAILED,8,2026-01-11 02:21:19,2026-01-11 02:21:27
1097,270,14,COMPLETED,11,2026-01-11 02:23:19,2026-01-11 02:23:30
1098,57,4,COMPLETED,7,2026-01-17 04:32:23,2026-01-17 04:32:30
1099,57,10,COMPLETED,14,2026-01-17 04:35:23,2026-01-17 04:35:37
1100,321,12,COMPLETED,10,2026-02-08 22:10:46,2026-02-08 22:10:56
1101,354,4,COMPLETED,15,2026-01-24 10:58:15,2026-01-24 10:58:30
1102,354,10,COMPLETED,14,2026-01-24 11:02:15,2026-01-24 11:02:29
1103,875,2,COMPLETED,12,2025-11-09 12:45:10,2025-11-09 12:45:22
1104,958,17,COMPLETED,12,2026-03-31 02:21:16,2026-03-31 02:21:28
1105,19,10,COMPLETED,10,2025-12-14 11:54:48,2025-12-14 11:54:58
1106,58,20,COMPLETED,8,2026-01-09 10:24:43,2026-01-09 10:24:51
1107,58,5,COMPLETED,12,2026-01-09 10:28:43,2026-01-09 10:28:55
1108,394,7,COMPLETED,11,2025-12-15 14:18:26,2025-12-15 14:18:37
1109,998,6,COMPLETED,3,2026-02-26 14:55:42,2026-02-26 14:55:45
1110,998,15,COMPLETED,8,2026-02-26 14:59:42,2026-02-26 14:59:50
1111,166,20,COMPLETED,6,2025-12-13 12:30:53,2025-12-13 12:30:59
1112,166,5,FAILED,5,2025-12-13 12:32:53,2025-12-13 12:32:58
1113,978,1,FAILED,12,2026-03-28 08:22:01,2026-03-28 08:22:13
1114,978,3,COMPLETED,7,2026-03-28 08:25:01,2026-03-28 08:25:08
1115,978,8,COMPLETED,12,2026-03-28 08:30:01,2026-03-28 08:30:13
1116,1064,13,COMPLETED,6,2025-10-16 16:55:08,2025-10-16 16:55:14
1117,1064,14,COMPLETED,13,2025-10-16 16:58:08,2025-10-16 16:58:21
1118,185,2,COMPLETED,9,2026-01-10 02:02:26,2026-01-10 02:02:35
1119,185,5,COMPLETED,9,2026-01-10 02:06:26,2026-01-10 02:06:35
1120,185,9,COMPLETED,7,2026-01-10 02:12:26,2026-01-10 02:12:33
1121,301,20,COMPLETED,9,2026-01-26 00:05:10,2026-01-26 00:05:19
1122,301,5,COMPLETED,4,2026-01-26 00:10:10,2026-01-26 00:10:14
1123,601,17,COMPLETED,9,2026-01-30 08:31:47,2026-01-30 08:31:56
1124,601,16,COMPLETED,13,2026-01-30 08:35:47,2026-01-30 08:36:00
1125,300,13,FAILED,12,2025-11-16 08:10:12,2025-11-16 08:10:24
1126,24,13,COMPLETED,12,2025-12-09 10:07:36,2025-12-09 10:07:48
1127,24,14,COMPLETED,6,2025-12-09 10:09:36,2025-12-09 10:09:42
1128,203,8,COMPLETED,6,2026-02-12 17:06:23,2026-02-12 17:06:29
1129,538,5,COMPLETED,12,2026-01-22 14:40:56,2026-01-22 14:41:08
1130,226,6,COMPLETED,8,2025-11-04 00:56:25,2025-11-04 00:56:33
1131,226,15,COMPLETED,4,2025-11-04 01:01:25,2025-11-04 01:01:29
1132,134,19,COMPLETED,13,2025-10-09 02:40:19,2025-10-09 02:40:32
1133,134,23,COMPLETED,11,2025-10-09 02:45:19,2025-10-09 02:45:30
1134,134,8,COMPLETED,13,2025-10-09 02:44:19,2025-10-09 02:44:32
1135,137,17,COMPLETED,13,2025-12-26 15:42:35,2025-12-26 15:42:48
1136,137,16,COMPLETED,7,2025-12-26 15:45:35,2025-12-26 15:45:42
1137,76,19,COMPLETED,15,2026-02-19 01:10:44,2026-02-19 01:10:59
1138,76,23,COMPLETED,10,2026-02-19 01:14:44,2026-02-19 01:14:54
1139,76,8,COMPLETED,11,2026-02-19 01:18:44,2026-02-19 01:18:55
1140,100,6,FAILED,7,2025-12-30 20:35:41,2025-12-30 20:35:48
1141,129,19,COMPLETED,12,2026-02-22 11:00:20,2026-02-22 11:00:32
1142,129,23,COMPLETED,12,2026-02-22 11:05:20,2026-02-22 11:05:32
1143,129,8,COMPLETED,14,2026-02-22 11:06:20,2026-02-22 11:06:34
1144,43,20,FAILED,13,2025-11-16 13:58:04,2025-11-16 13:58:17
1145,43,5,COMPLETED,4,2025-11-16 14:01:04,2025-11-16 14:01:08
1146,12,8,COMPLETED,9,2026-03-07 18:45:35,2026-03-07 18:45:44
1147,1139,9,COMPLETED,14,2026-03-02 10:42:35,2026-03-02 10:42:49
1148,84,1,COMPLETED,11,2025-12-21 06:19:46,2025-12-21 06:19:57
1149,84,3,COMPLETED,7,2025-12-21 06:23:46,2025-12-21 06:23:53
1150,84,8,COMPLETED,9,2025-12-21 06:25:46,2025-12-21 06:25:55
1151,150,4,COMPLETED,5,2026-01-07 23:07:48,2026-01-07 23:07:53
1152,150,10,FAILED,6,2026-01-07 23:12:48,2026-01-07 23:12:54
1153,215,13,COMPLETED,9,2026-01-18 12:14:14,2026-01-18 12:14:23
1154,99,4,FAILED,7,2026-01-25 04:14:14,2026-01-25 04:14:21
1155,1,13,COMPLETED,5,2025-11-09 07:06:03,2025-11-09 07:06:08
1156,1,14,COMPLETED,13,2025-11-09 07:10:03,2025-11-09 07:10:16
1157,968,16,COMPLETED,4,2025-11-06 07:54:11,2025-11-06 07:54:15
1158,758,23,COMPLETED,6,2025-11-01 11:01:07,2025-11-01 11:01:13
1159,631,10,COMPLETED,10,2026-01-18 15:48:36,2026-01-18 15:48:46
1160,196,1,COMPLETED,9,2025-10-31 14:44:48,2025-10-31 14:44:57
1161,196,3,COMPLETED,12,2025-10-31 14:48:48,2025-10-31 14:49:00
1162,196,8,COMPLETED,6,2025-10-31 14:52:48,2025-10-31 14:52:54
1163,109,13,COMPLETED,11,2025-09-20 07:53:40,2025-09-20 07:53:51
1164,109,14,COMPLETED,12,2025-09-20 07:57:40,2025-09-20 07:57:52
1165,56,14,FAILED,13,2025-12-04 21:07:48,2025-12-04 21:08:01
1166,84,14,COMPLETED,3,2025-12-04 13:09:24,2025-12-04 13:09:27
1167,515,6,COMPLETED,13,2026-03-14 22:22:30,2026-03-14 22:22:43
1168,515,15,COMPLETED,11,2026-03-14 22:24:30,2026-03-14 22:24:41
1169,100,2,COMPLETED,8,2026-02-06 12:38:58,2026-02-06 12:39:06
1170,100,5,COMPLETED,7,2026-02-06 12:41:58,2026-02-06 12:42:05
1171,100,9,COMPLETED,12,2026-02-06 12:46:58,2026-02-06 12:47:10
1172,1,9,FAILED,15,2025-09-19 21:11:25,2025-09-19 21:11:40
1173,507,4,COMPLETED,10,2025-09-21 05:10:42,2025-09-21 05:10:52
1174,507,10,FAILED,12,2025-09-21 05:13:42,2025-09-21 05:13:54
1175,39,6,COMPLETED,5,2026-03-25 12:30:17,2026-03-25 12:30:22
1176,87,21,COMPLETED,9,2026-03-30 22:47:04,2026-03-30 22:47:13
1177,35,19,COMPLETED,10,2026-02-23 14:20:33,2026-02-23 14:20:43
1178,35,23,COMPLETED,5,2026-02-23 14:23:33,2026-02-23 14:23:38
1179,35,8,COMPLETED,11,2026-02-23 14:26:33,2026-02-23 14:26:44
1180,472,20,COMPLETED,6,2026-01-15 19:07:23,2026-01-15 19:07:29
1181,472,5,COMPLETED,7,2026-01-15 19:12:23,2026-01-15 19:12:30
1182,1002,19,COMPLETED,10,2026-02-11 23:57:19,2026-02-11 23:57:29
1183,1002,23,COMPLETED,11,2026-02-12 00:01:19,2026-02-12 00:01:30
1184,1002,8,COMPLETED,11,2026-02-12 00:01:19,2026-02-12 00:01:30
1185,264,1,COMPLETED,6,2026-01-11 15:35:06,2026-01-11 15:35:12
1186,264,3,COMPLETED,6,2026-01-11 15:39:06,2026-01-11 15:39:12
1187,264,8,COMPLETED,8,2026-01-11 15:45:06,2026-01-11 15:45:14
1188,8,2,COMPLETED,5,2025-12-21 01:50:21,2025-12-21 01:50:26
1189,8,5,COMPLETED,12,2025-12-21 01:53:21,2025-12-21 01:53:33
1190,8,9,COMPLETED,9,2025-12-21 01:54:21,2025-12-21 01:54:30
1191,344,25,COMPLETED,4,2025-10-10 08:07:43,2025-10-10 08:07:47
1192,29,19,COMPLETED,9,2025-09-02 21:22:14,2025-09-02 21:22:23
1193,29,23,COMPLETED,3,2025-09-02 21:25:14,2025-09-02 21:25:17
1194,29,8,FAILED,10,2025-09-02 21:28:14,2025-09-02 21:28:24
1195,243,4,FAILED,13,2026-01-16 01:44:14,2026-01-16 01:44:27
1196,243,10,COMPLETED,9,2026-01-16 01:47:14,2026-01-16 01:47:23
1197,869,19,COMPLETED,8,2026-02-11 12:46:23,2026-02-11 12:46:31
1198,869,23,COMPLETED,7,2026-02-11 12:48:23,2026-02-11 12:48:30
1199,869,8,COMPLETED,13,2026-02-11 12:50:23,2026-02-11 12:50:36
1200,64,1,COMPLETED,11,2025-10-14 08:29:29,2025-10-14 08:29:40
1201,159,13,COMPLETED,7,2026-03-28 01:35:13,2026-03-28 01:35:20
1202,159,14,COMPLETED,4,2026-03-28 01:39:13,2026-03-28 01:39:17
1203,244,13,COMPLETED,4,2025-11-10 13:57:45,2025-11-10 13:57:49
1204,244,14,COMPLETED,11,2025-11-10 14:01:45,2025-11-10 14:01:56
1205,81,6,COMPLETED,6,2026-01-03 06:35:40,2026-01-03 06:35:46
1206,81,15,COMPLETED,8,2026-01-03 06:39:40,2026-01-03 06:39:48
1207,7,4,COMPLETED,15,2026-03-04 03:08:16,2026-03-04 03:08:31
1208,974,17,COMPLETED,3,2025-11-11 09:11:30,2025-11-11 09:11:33
1209,57,20,COMPLETED,12,2026-03-08 06:15:06,2026-03-08 06:15:18
1210,57,5,COMPLETED,9,2026-03-08 06:17:06,2026-03-08 06:17:15
1211,477,4,COMPLETED,5,2026-02-13 09:33:52,2026-02-13 09:33:57
1212,477,10,COMPLETED,13,2026-02-13 09:38:52,2026-02-13 09:39:05
1213,41,2,COMPLETED,11,2025-11-23 15:35:57,2025-11-23 15:36:08
1214,41,5,COMPLETED,13,2025-11-23 15:37:57,2025-11-23 15:38:10
1215,41,9,FAILED,5,2025-11-23 15:41:57,2025-11-23 15:42:02
1216,218,20,COMPLETED,10,2026-03-30 16:15:09,2026-03-30 16:15:19
1217,218,5,COMPLETED,13,2026-03-30 16:19:09,2026-03-30 16:19:22
1218,351,6,COMPLETED,11,2025-12-23 09:19:22,2025-12-23 09:19:33
1219,351,15,COMPLETED,7,2025-12-23 09:24:22,2025-12-23 09:24:29
1220,470,14,COMPLETED,4,2026-01-05 08:24:54,2026-01-05 08:24:58
1221,364,6,COMPLETED,12,2026-02-11 14:00:28,2026-02-11 14:00:40
1222,364,15,COMPLETED,12,2026-02-11 14:04:28,2026-02-11 14:04:40
1223,187,15,COMPLETED,6,2025-11-07 04:24:52,2025-11-07 04:24:58
1224,132,2,COMPLETED,12,2026-03-28 06:44:04,2026-03-28 06:44:16
1225,132,5,COMPLETED,5,2026-03-28 06:46:04,2026-03-28 06:46:09
1226,132,9,COMPLETED,13,2026-03-28 06:50:04,2026-03-28 06:50:17
1227,258,2,COMPLETED,10,2025-09-30 03:20:30,2025-09-30 03:20:40
1228,258,5,FAILED,6,2025-09-30 03:23:30,2025-09-30 03:23:36
1229,258,9,COMPLETED,12,2025-09-30 03:24:30,2025-09-30 03:24:42
1230,83,1,COMPLETED,15,2026-01-17 03:25:10,2026-01-17 03:25:25
1231,83,3,COMPLETED,12,2026-01-17 03:27:10,2026-01-17 03:27:22
1232,83,8,COMPLETED,9,2026-01-17 03:29:10,2026-01-17 03:29:19
1233,355,25,FAILED,11,2026-03-16 01:48:27,2026-03-16 01:48:38
1234,242,13,COMPLETED,4,2025-10-01 01:59:59,2025-10-01 02:00:03
1235,242,14,COMPLETED,5,2025-10-01 02:01:59,2025-10-01 02:02:04
1236,237,20,COMPLETED,9,2026-02-27 22:08:35,2026-02-27 22:08:44
1237,237,5,COMPLETED,12,2026-02-27 22:12:35,2026-02-27 22:12:47
1238,319,4,COMPLETED,15,2025-10-10 07:10:08,2025-10-10 07:10:23
1239,319,10,FAILED,11,2025-10-10 07:13:08,2025-10-10 07:13:19
1240,247,9,COMPLETED,9,2026-03-25 21:20:12,2026-03-25 21:20:21
1241,134,2,FAILED,8,2026-03-06 07:48:43,2026-03-06 07:48:51
1242,134,5,COMPLETED,5,2026-03-06 07:52:43,2026-03-06 07:52:48
1243,134,9,COMPLETED,5,2026-03-06 07:58:43,2026-03-06 07:58:48
1244,88,17,COMPLETED,12,2026-01-30 17:57:10,2026-01-30 17:57:22
1245,88,16,COMPLETED,11,2026-01-30 18:01:10,2026-01-30 18:01:21
1246,159,17,COMPLETED,11,2026-01-13 07:54:17,2026-01-13 07:54:28
1247,692,6,COMPLETED,8,2026-01-16 11:36:42,2026-01-16 11:36:50
1248,692,15,COMPLETED,7,2026-01-16 11:39:42,2026-01-16 11:39:49
1249,851,4,COMPLETED,7,2025-10-27 10:48:14,2025-10-27 10:48:21
1250,851,10,COMPLETED,7,2025-10-27 10:51:14,2025-10-27 10:51:21
1251,97,20,COMPLETED,9,2026-01-01 19:55:13,2026-01-01 19:55:22
1252,97,5,COMPLETED,12,2026-01-01 19:57:13,2026-01-01 19:57:25
1253,4,1,COMPLETED,14,2025-12-04 21:21:52,2025-12-04 21:22:06
1254,4,3,COMPLETED,8,2025-12-04 21:23:52,2025-12-04 21:24:00
1255,4,8,COMPLETED,7,2025-12-04 21:25:52,2025-12-04 21:25:59
1256,308,1,COMPLETED,6,2026-01-13 15:01:13,2026-01-13 15:01:19
1257,308,3,COMPLETED,5,2026-01-13 15:04:13,2026-01-13 15:04:18
1258,308,8,COMPLETED,13,2026-01-13 15:11:13,2026-01-13 15:11:26
1259,23,17,COMPLETED,5,2026-01-29 15:10:22,2026-01-29 15:10:27
1260,23,16,COMPLETED,9,2026-01-29 15:15:22,2026-01-29 15:15:31
1261,1007,1,COMPLETED,5,2026-02-14 19:29:22,2026-02-14 19:29:27
1262,1007,3,COMPLETED,5,2026-02-14 19:31:22,2026-02-14 19:31:27
1263,1007,8,COMPLETED,7,2026-02-14 19:33:22,2026-02-14 19:33:29
1264,53,17,COMPLETED,11,2025-11-14 10:46:07,2025-11-14 10:46:18
1265,53,16,COMPLETED,4,2025-11-14 10:49:07,2025-11-14 10:49:11
1266,92,15,COMPLETED,12,2025-09-03 06:13:16,2025-09-03 06:13:28
1267,14,20,COMPLETED,4,2025-11-30 09:20:31,2025-11-30 09:20:35
1268,1180,10,COMPLETED,11,2025-09-26 12:21:06,2025-09-26 12:21:17
1269,380,14,COMPLETED,13,2026-02-14 03:00:17,2026-02-14 03:00:30
1270,357,13,COMPLETED,12,2026-02-12 14:03:23,2026-02-12 14:03:35
1271,357,14,COMPLETED,6,2026-02-12 14:05:23,2026-02-12 14:05:29
1272,872,4,COMPLETED,5,2025-10-13 09:56:26,2025-10-13 09:56:31
1273,872,10,COMPLETED,11,2025-10-13 09:58:26,2025-10-13 09:58:37
1274,10,4,COMPLETED,10,2026-02-19 23:38:21,2026-02-19 23:38:31
1275,10,10,COMPLETED,9,2026-02-19 23:41:21,2026-02-19 23:41:30
1276,892,4,COMPLETED,14,2026-02-06 13:54:57,2026-02-06 13:55:11
1277,259,13,COMPLETED,7,2025-12-01 11:15:45,2025-12-01 11:15:52
1278,259,14,COMPLETED,6,2025-12-01 11:20:45,2025-12-01 11:20:51
1279,95,25,COMPLETED,8,2026-01-24 19:41:33,2026-01-24 19:41:41
1280,82,6,FAILED,10,2025-09-17 02:03:57,2025-09-17 02:04:07
1281,17,2,COMPLETED,4,2026-01-29 16:50:54,2026-01-29 16:50:58
1282,17,5,COMPLETED,13,2026-01-29 16:55:54,2026-01-29 16:56:07
1283,17,9,FAILED,8,2026-01-29 16:58:54,2026-01-29 16:59:02
1284,1049,6,COMPLETED,10,2026-03-20 16:16:41,2026-03-20 16:16:51
1285,1049,15,FAILED,10,2026-03-20 16:21:41,2026-03-20 16:21:51
1286,159,17,COMPLETED,10,2025-12-15 05:58:40,2025-12-15 05:58:50
1287,159,16,COMPLETED,4,2025-12-15 06:01:40,2025-12-15 06:01:44
1288,243,4,COMPLETED,7,2026-03-07 14:27:29,2026-03-07 14:27:36
1289,243,10,FAILED,7,2026-03-07 14:32:29,2026-03-07 14:32:36
1290,24,2,COMPLETED,11,2025-11-03 18:50:17,2025-11-03 18:50:28
1291,24,5,COMPLETED,12,2025-11-03 18:54:17,2025-11-03 18:54:29
1292,24,9,COMPLETED,5,2025-11-03 18:58:17,2025-11-03 18:58:22
1293,147,2,COMPLETED,5,2026-03-30 04:02:53,2026-03-30 04:02:58
1294,147,5,COMPLETED,12,2026-03-30 04:04:53,2026-03-30 04:05:05
1295,147,9,FAILED,14,2026-03-30 04:08:53,2026-03-30 04:09:07
1296,55,20,COMPLETED,7,2026-02-17 23:55:48,2026-02-17 23:55:55
1297,55,5,COMPLETED,6,2026-02-17 23:58:48,2026-02-17 23:58:54
1298,1188,4,COMPLETED,15,2026-02-06 22:47:54,2026-02-06 22:48:09
1299,1188,10,COMPLETED,8,2026-02-06 22:49:54,2026-02-06 22:50:02
1300,239,1,COMPLETED,8,2026-03-24 19:42:54,2026-03-24 19:43:02
1301,239,3,COMPLETED,9,2026-03-24 19:46:54,2026-03-24 19:47:03
1302,239,8,COMPLETED,13,2026-03-24 19:50:54,2026-03-24 19:51:07
1303,22,6,COMPLETED,12,2025-12-30 19:53:58,2025-12-30 19:54:10
1304,22,15,COMPLETED,3,2025-12-30 19:57:58,2025-12-30 19:58:01
1305,39,2,COMPLETED,7,2025-11-07 08:06:19,2025-11-07 08:06:26
1306,88,17,COMPLETED,11,2025-10-21 19:34:39,2025-10-21 19:34:50
1307,88,16,COMPLETED,12,2025-10-21 19:36:39,2025-10-21 19:36:51
1308,143,6,COMPLETED,13,2025-12-27 01:22:25,2025-12-27 01:22:38
1309,143,15,COMPLETED,13,2025-12-27 01:27:25,2025-12-27 01:27:38
1310,178,5,COMPLETED,12,2026-03-13 10:28:58,2026-03-13 10:29:10
1311,244,22,COMPLETED,10,2025-12-18 09:34:51,2025-12-18 09:35:01
1312,143,19,COMPLETED,10,2026-03-19 07:15:42,2026-03-19 07:15:52
1313,143,23,COMPLETED,6,2026-03-19 07:19:42,2026-03-19 07:19:48
1314,143,8,COMPLETED,13,2026-03-19 07:23:42,2026-03-19 07:23:55
1315,569,7,COMPLETED,9,2025-12-26 03:30:49,2025-12-26 03:30:58
1316,485,17,COMPLETED,12,2026-03-08 00:42:32,2026-03-08 00:42:44
1317,485,16,FAILED,5,2026-03-08 00:46:32,2026-03-08 00:46:37
1318,144,19,COMPLETED,12,2026-01-21 09:32:32,2026-01-21 09:32:44
1319,144,23,COMPLETED,5,2026-01-21 09:36:32,2026-01-21 09:36:37
1320,144,8,COMPLETED,4,2026-01-21 09:36:32,2026-01-21 09:36:36
1321,700,13,COMPLETED,11,2026-01-08 21:31:06,2026-01-08 21:31:17
1322,700,14,COMPLETED,7,2026-01-08 21:35:06,2026-01-08 21:35:13
1323,207,20,FAILED,5,2026-03-25 16:55:31,2026-03-25 16:55:36
1324,207,5,FAILED,5,2026-03-25 16:57:31,2026-03-25 16:57:36
1325,243,6,COMPLETED,9,2026-03-13 00:42:45,2026-03-13 00:42:54
1326,243,15,COMPLETED,10,2026-03-13 00:45:45,2026-03-13 00:45:55
1327,98,19,COMPLETED,10,2026-03-17 00:21:27,2026-03-17 00:21:37
1328,98,23,COMPLETED,8,2026-03-17 00:25:27,2026-03-17 00:25:35
1329,98,8,COMPLETED,5,2026-03-17 00:29:27,2026-03-17 00:29:32
1330,172,1,COMPLETED,8,2025-11-25 12:36:21,2025-11-25 12:36:29
1331,172,3,COMPLETED,9,2025-11-25 12:39:21,2025-11-25 12:39:30
1332,172,8,COMPLETED,14,2025-11-25 12:40:21,2025-11-25 12:40:35
1333,267,10,COMPLETED,8,2025-11-11 01:45:07,2025-11-11 01:45:15
1334,897,10,COMPLETED,7,2026-02-19 15:00:46,2026-02-19 15:00:53
1335,87,6,COMPLETED,6,2025-09-28 08:39:20,2025-09-28 08:39:26
1336,87,15,COMPLETED,5,2025-09-28 08:41:20,2025-09-28 08:41:25
1337,162,19,COMPLETED,7,2026-03-10 10:49:24,2026-03-10 10:49:31
1338,162,23,COMPLETED,13,2026-03-10 10:53:24,2026-03-10 10:53:37
1339,162,8,COMPLETED,13,2026-03-10 10:55:24,2026-03-10 10:55:37
1340,651,15,COMPLETED,10,2026-03-31 00:01:32,2026-03-31 00:01:42
1341,335,4,COMPLETED,5,2025-11-08 12:14:06,2025-11-08 12:14:11
1342,335,10,FAILED,11,2025-11-08 12:17:06,2025-11-08 12:17:17
1343,1067,22,COMPLETED,7,2026-02-14 04:51:39,2026-02-14 04:51:46
1344,123,18,COMPLETED,11,2025-12-05 07:06:09,2025-12-05 07:06:20
1345,625,1,COMPLETED,6,2026-01-11 06:45:55,2026-01-11 06:46:01
1346,625,3,COMPLETED,13,2026-01-11 06:50:55,2026-01-11 06:51:08
1347,625,8,COMPLETED,12,2026-01-11 06:49:55,2026-01-11 06:50:07
1348,390,17,FAILED,5,2025-11-05 14:25:03,2025-11-05 14:25:08
1349,390,16,COMPLETED,4,2025-11-05 14:30:03,2025-11-05 14:30:07
1350,80,22,COMPLETED,11,2026-03-10 05:18:06,2026-03-10 05:18:17
1351,119,13,COMPLETED,5,2025-12-03 23:05:50,2025-12-03 23:05:55
1352,766,2,COMPLETED,5,2026-01-03 21:27:31,2026-01-03 21:27:36
1353,766,5,COMPLETED,9,2026-01-03 21:30:31,2026-01-03 21:30:40
1354,766,9,COMPLETED,8,2026-01-03 21:31:31,2026-01-03 21:31:39
1355,670,19,FAILED,7,2025-09-03 05:47:15,2025-09-03 05:47:22
1356,670,23,COMPLETED,11,2025-09-03 05:49:15,2025-09-03 05:49:26
1357,670,8,FAILED,5,2025-09-03 05:53:15,2025-09-03 05:53:20
1358,32,1,COMPLETED,8,2025-11-10 12:18:40,2025-11-10 12:18:48
1359,32,3,FAILED,12,2025-11-10 12:21:40,2025-11-10 12:21:52
1360,32,8,COMPLETED,5,2025-11-10 12:24:40,2025-11-10 12:24:45
1361,556,13,COMPLETED,9,2025-11-02 04:51:31,2025-11-02 04:51:40
1362,556,14,COMPLETED,6,2025-11-02 04:54:31,2025-11-02 04:54:37
1363,126,3,COMPLETED,5,2026-01-15 06:00:23,2026-01-15 06:00:28
1364,288,8,COMPLETED,12,2025-09-19 15:16:36,2025-09-19 15:16:48
1365,93,1,COMPLETED,5,2025-10-21 22:47:50,2025-10-21 22:47:55
1366,93,3,COMPLETED,6,2025-10-21 22:51:50,2025-10-21 22:51:56
1367,93,8,COMPLETED,13,2025-10-21 22:51:50,2025-10-21 22:52:03
1368,69,17,COMPLETED,14,2025-10-24 13:27:08,2025-10-24 13:27:22
1369,67,2,FAILED,12,2026-03-03 22:23:08,2026-03-03 22:23:20
1370,330,13,COMPLETED,10,2026-01-22 11:17:06,2026-01-22 11:17:16
1371,330,14,COMPLETED,11,2026-01-22 11:20:06,2026-01-22 11:20:17
1372,34,17,FAILED,12,2025-10-11 01:38:02,2025-10-11 01:38:14
1373,187,3,COMPLETED,9,2025-12-17 14:05:27,2025-12-17 14:05:36
1374,45,4,COMPLETED,9,2025-10-12 22:03:23,2025-10-12 22:03:32
1375,385,1,COMPLETED,11,2026-01-08 07:45:45,2026-01-08 07:45:56
1376,385,3,FAILED,12,2026-01-08 07:48:45,2026-01-08 07:48:57
1377,385,8,COMPLETED,5,2026-01-08 07:55:45,2026-01-08 07:55:50
1378,101,25,FAILED,10,2026-03-02 07:19:23,2026-03-02 07:19:33
1379,178,2,COMPLETED,10,2025-10-29 03:58:29,2025-10-29 03:58:39
1380,178,5,COMPLETED,5,2025-10-29 04:00:29,2025-10-29 04:00:34
1381,178,9,COMPLETED,9,2025-10-29 04:08:29,2025-10-29 04:08:38
1382,258,19,COMPLETED,10,2025-09-27 17:17:25,2025-09-27 17:17:35
1383,13,13,COMPLETED,14,2026-03-15 05:27:03,2026-03-15 05:27:17
1384,13,14,COMPLETED,9,2026-03-15 05:29:03,2026-03-15 05:29:12
1385,450,20,COMPLETED,8,2025-10-10 23:13:31,2025-10-10 23:13:39
1386,450,5,COMPLETED,12,2025-10-10 23:16:31,2025-10-10 23:16:43
1387,297,2,COMPLETED,10,2026-03-01 04:20:34,2026-03-01 04:20:44
1388,297,5,FAILED,12,2026-03-01 04:23:34,2026-03-01 04:23:46
1389,297,9,COMPLETED,5,2026-03-01 04:24:34,2026-03-01 04:24:39
1390,346,2,COMPLETED,4,2026-01-13 09:19:04,2026-01-13 09:19:08
1391,346,5,COMPLETED,12,2026-01-13 09:23:04,2026-01-13 09:23:16
1392,346,9,COMPLETED,10,2026-01-13 09:27:04,2026-01-13 09:27:14
1393,413,19,COMPLETED,9,2025-12-03 06:30:03,2025-12-03 06:30:12
1394,413,23,COMPLETED,6,2025-12-03 06:35:03,2025-12-03 06:35:09
1395,413,8,COMPLETED,6,2025-12-03 06:34:03,2025-12-03 06:34:09
1396,225,6,COMPLETED,13,2026-03-01 16:09:30,2026-03-01 16:09:43
1397,225,15,COMPLETED,5,2026-03-01 16:14:30,2026-03-01 16:14:35
1398,572,20,COMPLETED,12,2026-02-22 11:31:06,2026-02-22 11:31:18
1399,572,5,COMPLETED,10,2026-02-22 11:36:06,2026-02-22 11:36:16
1400,330,10,COMPLETED,5,2026-02-12 01:53:59,2026-02-12 01:54:04
1401,234,1,FAILED,8,2025-12-12 10:55:25,2025-12-12 10:55:33
1402,234,3,COMPLETED,7,2025-12-12 11:00:25,2025-12-12 11:00:32
1403,234,8,COMPLETED,5,2025-12-12 11:05:25,2025-12-12 11:05:30
1404,147,25,COMPLETED,7,2025-11-10 18:34:43,2025-11-10 18:34:50
1405,34,6,COMPLETED,3,2025-12-23 10:11:07,2025-12-23 10:11:10
1406,34,15,FAILED,9,2025-12-23 10:14:07,2025-12-23 10:14:16
1407,376,13,COMPLETED,4,2025-12-12 03:37:40,2025-12-12 03:37:44
1408,376,14,COMPLETED,11,2025-12-12 03:41:40,2025-12-12 03:41:51
1409,214,5,COMPLETED,11,2025-09-26 16:57:11,2025-09-26 16:57:22
1410,44,13,COMPLETED,13,2025-12-15 18:33:01,2025-12-15 18:33:14
1411,44,14,COMPLETED,7,2025-12-15 18:37:01,2025-12-15 18:37:08
1412,287,15,COMPLETED,13,2026-02-16 05:49:43,2026-02-16 05:49:56
1413,95,6,FAILED,9,2025-10-05 03:30:51,2025-10-05 03:31:00
1414,95,15,COMPLETED,4,2025-10-05 03:32:51,2025-10-05 03:32:55
1415,298,17,FAILED,9,2026-02-01 16:36:07,2026-02-01 16:36:16
1416,298,16,FAILED,8,2026-02-01 16:38:07,2026-02-01 16:38:15
1417,286,20,COMPLETED,11,2025-12-01 17:51:46,2025-12-01 17:51:57
1418,286,5,COMPLETED,8,2025-12-01 17:55:46,2025-12-01 17:55:54
1419,796,11,COMPLETED,7,2026-03-10 15:24:14,2026-03-10 15:24:21
1420,230,6,COMPLETED,14,2026-02-26 04:19:53,2026-02-26 04:20:07
1421,230,15,COMPLETED,13,2026-02-26 04:24:53,2026-02-26 04:25:06
1422,69,20,FAILED,11,2025-10-10 10:15:20,2025-10-10 10:15:31
1423,69,5,COMPLETED,13,2025-10-10 10:20:20,2025-10-10 10:20:33
1424,9,2,COMPLETED,12,2025-10-02 00:56:23,2025-10-02 00:56:35
1425,9,5,COMPLETED,12,2025-10-02 01:01:23,2025-10-02 01:01:35
1426,9,9,COMPLETED,5,2025-10-02 01:00:23,2025-10-02 01:00:28
1427,82,14,COMPLETED,6,2025-10-23 17:27:08,2025-10-23 17:27:14
1428,247,16,COMPLETED,4,2025-11-29 04:38:27,2025-11-29 04:38:31
1429,113,13,COMPLETED,11,2025-11-05 21:21:49,2025-11-05 21:22:00
1430,113,14,COMPLETED,10,2025-11-05 21:25:49,2025-11-05 21:25:59
1431,340,11,COMPLETED,11,2025-12-21 02:19:17,2025-12-21 02:19:28
1432,253,20,COMPLETED,8,2026-03-11 02:48:50,2026-03-11 02:48:58
1433,359,1,COMPLETED,5,2025-11-04 22:33:56,2025-11-04 22:34:01
1434,359,3,COMPLETED,4,2025-11-04 22:35:56,2025-11-04 22:36:00
1435,359,8,FAILED,12,2025-11-04 22:39:56,2025-11-04 22:40:08
1436,44,4,FAILED,15,2025-11-29 10:30:36,2025-11-29 10:30:51
1437,44,10,COMPLETED,6,2025-11-29 10:32:36,2025-11-29 10:32:42
1438,110,13,COMPLETED,12,2025-11-07 05:29:10,2025-11-07 05:29:22
1439,110,14,COMPLETED,5,2025-11-07 05:31:10,2025-11-07 05:31:15
1440,365,24,COMPLETED,13,2026-02-25 17:35:32,2026-02-25 17:35:45
1441,823,19,COMPLETED,10,2026-01-29 05:44:55,2026-01-29 05:45:05
1442,378,19,COMPLETED,14,2026-03-06 11:47:04,2026-03-06 11:47:18
1443,378,23,COMPLETED,12,2026-03-06 11:52:04,2026-03-06 11:52:16
1444,378,8,COMPLETED,5,2026-03-06 11:57:04,2026-03-06 11:57:09
1445,345,6,COMPLETED,13,2026-02-03 02:01:30,2026-02-03 02:01:43
1446,345,15,COMPLETED,7,2026-02-03 02:04:30,2026-02-03 02:04:37
1447,1,13,FAILED,14,2025-09-25 19:29:21,2025-09-25 19:29:35
1448,804,4,COMPLETED,6,2026-03-07 01:48:49,2026-03-07 01:48:55
1449,71,21,COMPLETED,14,2026-01-07 09:03:30,2026-01-07 09:03:44
1450,59,17,FAILED,10,2026-01-02 03:09:53,2026-01-02 03:10:03
1451,59,16,COMPLETED,13,2026-01-02 03:11:53,2026-01-02 03:12:06
1452,703,1,COMPLETED,11,2026-01-08 00:56:28,2026-01-08 00:56:39
1453,703,3,COMPLETED,8,2026-01-08 00:58:28,2026-01-08 00:58:36
1454,703,8,COMPLETED,13,2026-01-08 01:06:28,2026-01-08 01:06:41
1455,314,1,COMPLETED,13,2025-09-17 15:04:25,2025-09-17 15:04:38
1456,314,3,FAILED,12,2025-09-17 15:09:25,2025-09-17 15:09:37
1457,314,8,COMPLETED,13,2025-09-17 15:08:25,2025-09-17 15:08:38
1458,10,19,COMPLETED,6,2026-02-14 20:16:47,2026-02-14 20:16:53
1459,10,23,COMPLETED,6,2026-02-14 20:20:47,2026-02-14 20:20:53
1460,10,8,COMPLETED,13,2026-02-14 20:24:47,2026-02-14 20:25:00
1461,42,12,COMPLETED,5,2025-09-29 14:54:53,2025-09-29 14:54:58
1462,42,6,COMPLETED,5,2025-12-25 14:21:23,2025-12-25 14:21:28
1463,42,15,COMPLETED,11,2025-12-25 14:26:23,2025-12-25 14:26:34
1464,291,13,COMPLETED,8,2026-03-04 11:35:05,2026-03-04 11:35:13
1465,291,14,COMPLETED,6,2026-03-04 11:37:05,2026-03-04 11:37:11
1466,809,23,FAILED,10,2026-01-03 11:55:52,2026-01-03 11:56:02
1467,16,6,COMPLETED,8,2025-11-07 00:08:46,2025-11-07 00:08:54
1468,16,15,COMPLETED,6,2025-11-07 00:10:46,2025-11-07 00:10:52
1469,388,20,FAILED,4,2025-12-03 16:12:27,2025-12-03 16:12:31
1470,388,5,COMPLETED,5,2025-12-03 16:16:27,2025-12-03 16:16:32
1471,343,2,COMPLETED,4,2025-11-28 03:55:44,2025-11-28 03:55:48
1472,343,5,COMPLETED,8,2025-11-28 03:58:44,2025-11-28 03:58:52
1473,343,9,COMPLETED,6,2025-11-28 03:59:44,2025-11-28 03:59:50
1474,281,17,COMPLETED,13,2026-01-01 15:13:46,2026-01-01 15:13:59
1475,281,16,COMPLETED,11,2026-01-01 15:16:46,2026-01-01 15:16:57
1476,161,24,COMPLETED,8,2025-10-05 13:03:55,2025-10-05 13:04:03
1477,395,17,COMPLETED,4,2025-09-28 19:11:18,2025-09-28 19:11:22
1478,395,16,COMPLETED,7,2025-09-28 19:15:18,2025-09-28 19:15:25
1479,844,6,COMPLETED,10,2025-12-04 07:11:55,2025-12-04 07:12:05
1480,844,15,COMPLETED,11,2025-12-04 07:14:55,2025-12-04 07:15:06
1481,92,4,COMPLETED,12,2025-11-09 00:36:38,2025-11-09 00:36:50
1482,92,10,COMPLETED,6,2025-11-09 00:40:38,2025-11-09 00:40:44
1483,148,1,COMPLETED,10,2025-11-20 07:57:56,2025-11-20 07:58:06
1484,148,3,COMPLETED,12,2025-11-20 07:59:56,2025-11-20 08:00:08
1485,148,8,COMPLETED,10,2025-11-20 08:01:56,2025-11-20 08:02:06
1486,17,1,COMPLETED,6,2025-11-09 03:08:07,2025-11-09 03:08:13
1487,17,3,COMPLETED,12,2025-11-09 03:10:07,2025-11-09 03:10:19
1488,17,8,FAILED,4,2025-11-09 03:12:07,2025-11-09 03:12:11
1489,34,6,COMPLETED,14,2025-12-10 08:12:20,2025-12-10 08:12:34
1490,105,19,COMPLETED,10,2026-01-11 01:30:55,2026-01-11 01:31:05
1491,105,23,COMPLETED,4,2026-01-11 01:34:55,2026-01-11 01:34:59
1492,105,8,COMPLETED,3,2026-01-11 01:40:55,2026-01-11 01:40:58
1493,892,17,COMPLETED,8,2025-10-17 08:39:47,2025-10-17 08:39:55
1494,892,16,COMPLETED,9,2025-10-17 08:43:47,2025-10-17 08:43:56
1495,313,12,COMPLETED,10,2025-11-08 00:14:36,2025-11-08 00:14:46
1496,18,1,COMPLETED,6,2026-03-09 10:10:10,2026-03-09 10:10:16
1497,18,3,COMPLETED,11,2026-03-09 10:15:10,2026-03-09 10:15:21
1498,18,8,COMPLETED,8,2026-03-09 10:16:10,2026-03-09 10:16:18
1499,375,1,COMPLETED,5,2026-01-15 19:28:49,2026-01-15 19:28:54
1500,325,4,COMPLETED,13,2025-09-05 15:01:57,2025-09-05 15:02:10
1501,325,10,COMPLETED,8,2025-09-05 15:03:57,2025-09-05 15:04:05
1502,93,1,COMPLETED,13,2025-10-08 07:47:03,2025-10-08 07:47:16
1503,93,3,COMPLETED,5,2025-10-08 07:52:03,2025-10-08 07:52:08
1504,93,8,COMPLETED,9,2025-10-08 07:57:03,2025-10-08 07:57:12
1505,971,19,FAILED,7,2026-02-25 15:14:51,2026-02-25 15:14:58
1506,971,23,COMPLETED,3,2026-02-25 15:17:51,2026-02-25 15:17:54
1507,971,8,COMPLETED,11,2026-02-25 15:20:51,2026-02-25 15:21:02
1508,372,19,COMPLETED,8,2025-11-21 11:35:10,2025-11-21 11:35:18
1509,372,23,FAILED,9,2025-11-21 11:38:10,2025-11-21 11:38:19
1510,372,8,COMPLETED,12,2025-11-21 11:39:10,2025-11-21 11:39:22
1511,32,4,COMPLETED,12,2025-10-14 20:31:02,2025-10-14 20:31:14
1512,32,10,COMPLETED,5,2025-10-14 20:36:02,2025-10-14 20:36:07
1513,520,4,COMPLETED,7,2026-03-18 02:18:43,2026-03-18 02:18:50
1514,520,10,COMPLETED,13,2026-03-18 02:22:43,2026-03-18 02:22:56
1515,392,1,COMPLETED,8,2026-03-05 11:50:15,2026-03-05 11:50:23
1516,392,3,FAILED,7,2026-03-05 11:53:15,2026-03-05 11:53:22
1517,392,8,FAILED,6,2026-03-05 11:54:15,2026-03-05 11:54:21
1518,355,4,COMPLETED,12,2025-09-06 09:35:43,2025-09-06 09:35:55
1519,355,10,COMPLETED,7,2025-09-06 09:38:43,2025-09-06 09:38:50
1520,164,20,COMPLETED,11,2025-12-05 03:11:53,2025-12-05 03:12:04
1521,164,5,COMPLETED,4,2025-12-05 03:16:53,2025-12-05 03:16:57
1522,339,2,COMPLETED,12,2026-02-28 03:53:01,2026-02-28 03:53:13
1523,339,5,COMPLETED,4,2026-02-28 03:55:01,2026-02-28 03:55:05
1524,339,9,FAILED,6,2026-02-28 04:03:01,2026-02-28 04:03:07
1525,5,17,COMPLETED,4,2025-09-23 00:48:43,2025-09-23 00:48:47
1526,5,16,COMPLETED,9,2025-09-23 00:53:43,2025-09-23 00:53:52
1527,286,9,COMPLETED,14,2026-03-28 05:29:04,2026-03-28 05:29:18
1528,388,1,FAILED,12,2026-02-05 04:59:17,2026-02-05 04:59:29
1529,388,3,FAILED,5,2026-02-05 05:01:17,2026-02-05 05:01:22
1530,388,8,COMPLETED,5,2026-02-05 05:07:17,2026-02-05 05:07:22
1531,751,19,COMPLETED,10,2025-09-16 14:13:00,2025-09-16 14:13:10
1532,751,23,COMPLETED,12,2025-09-16 14:15:00,2025-09-16 14:15:12
1533,751,8,COMPLETED,11,2025-09-16 14:19:00,2025-09-16 14:19:11
1534,56,12,COMPLETED,7,2026-01-12 23:58:28,2026-01-12 23:58:35
1535,380,17,COMPLETED,10,2025-12-26 00:57:29,2025-12-26 00:57:39
1536,273,19,COMPLETED,8,2025-12-09 03:35:39,2025-12-09 03:35:47
1537,273,23,COMPLETED,10,2025-12-09 03:38:39,2025-12-09 03:38:49
1538,273,8,COMPLETED,5,2025-12-09 03:45:39,2025-12-09 03:45:44
1539,86,1,COMPLETED,7,2025-09-09 22:13:45,2025-09-09 22:13:52
1540,86,3,COMPLETED,7,2025-09-09 22:17:45,2025-09-09 22:17:52
1541,86,8,COMPLETED,8,2025-09-09 22:21:45,2025-09-09 22:21:53
1542,37,13,COMPLETED,8,2026-01-02 12:27:41,2026-01-02 12:27:49
1543,37,14,COMPLETED,11,2026-01-02 12:31:41,2026-01-02 12:31:52
1544,1084,2,COMPLETED,12,2025-09-08 08:26:34,2025-09-08 08:26:46
1545,1084,5,COMPLETED,6,2025-09-08 08:30:34,2025-09-08 08:30:40
1546,1084,9,COMPLETED,5,2025-09-08 08:36:34,2025-09-08 08:36:39
1547,59,22,COMPLETED,12,2025-11-06 12:52:06,2025-11-06 12:52:18
1548,40,17,COMPLETED,4,2026-01-11 11:49:38,2026-01-11 11:49:42
1549,40,16,COMPLETED,9,2026-01-11 11:53:38,2026-01-11 11:53:47
1550,240,6,COMPLETED,6,2025-10-03 20:39:09,2025-10-03 20:39:15
1551,240,15,COMPLETED,7,2025-10-03 20:41:09,2025-10-03 20:41:16
1552,247,6,COMPLETED,12,2025-10-05 01:27:01,2025-10-05 01:27:13
1553,247,15,COMPLETED,14,2025-10-05 01:30:01,2025-10-05 01:30:15
1554,553,17,COMPLETED,6,2026-01-12 22:01:37,2026-01-12 22:01:43
1555,553,16,COMPLETED,6,2026-01-12 22:06:37,2026-01-12 22:06:43
1556,123,8,COMPLETED,4,2026-03-04 07:01:50,2026-03-04 07:01:54
1557,28,19,COMPLETED,7,2025-09-20 08:17:34,2025-09-20 08:17:41
1558,28,23,COMPLETED,5,2025-09-20 08:20:34,2025-09-20 08:20:39
1559,28,8,COMPLETED,5,2025-09-20 08:23:34,2025-09-20 08:23:39
1560,220,25,COMPLETED,5,2026-02-17 04:05:14,2026-02-17 04:05:19
1561,1140,5,COMPLETED,8,2025-12-11 01:51:10,2025-12-11 01:51:18
1562,47,24,COMPLETED,15,2026-02-27 18:46:56,2026-02-27 18:47:11
1563,104,13,COMPLETED,4,2026-01-23 15:28:32,2026-01-23 15:28:36
1564,363,4,COMPLETED,14,2026-01-20 11:50:37,2026-01-20 11:50:51
1565,363,10,COMPLETED,5,2026-01-20 11:52:37,2026-01-20 11:52:42
1566,87,19,FAILED,10,2026-02-03 09:42:46,2026-02-03 09:42:56
1567,87,23,COMPLETED,10,2026-02-03 09:44:46,2026-02-03 09:44:56
1568,87,8,FAILED,10,2026-02-03 09:50:46,2026-02-03 09:50:56
1569,278,20,COMPLETED,4,2025-10-17 11:12:04,2025-10-17 11:12:08
1570,278,5,COMPLETED,3,2025-10-17 11:14:04,2025-10-17 11:14:07
1571,801,2,COMPLETED,13,2026-03-13 00:16:14,2026-03-13 00:16:27
1572,801,5,COMPLETED,6,2026-03-13 00:21:14,2026-03-13 00:21:20
1573,801,9,COMPLETED,12,2026-03-13 00:26:14,2026-03-13 00:26:26
1574,357,17,COMPLETED,7,2025-11-21 11:58:23,2025-11-21 11:58:30
1575,357,16,COMPLETED,8,2025-11-21 12:02:23,2025-11-21 12:02:31
1576,1062,2,FAILED,11,2026-01-09 09:13:31,2026-01-09 09:13:42
1577,1062,5,COMPLETED,11,2026-01-09 09:17:31,2026-01-09 09:17:42
1578,1062,9,FAILED,10,2026-01-09 09:17:31,2026-01-09 09:17:41
1579,488,19,COMPLETED,10,2026-02-17 09:26:48,2026-02-17 09:26:58
1580,488,23,COMPLETED,8,2026-02-17 09:28:48,2026-02-17 09:28:56
1581,488,8,COMPLETED,10,2026-02-17 09:36:48,2026-02-17 09:36:58
1582,1089,17,COMPLETED,3,2026-02-19 17:57:16,2026-02-19 17:57:19
1583,1089,16,FAILED,10,2026-02-19 18:01:16,2026-02-19 18:01:26
1584,1163,17,COMPLETED,7,2025-12-22 23:24:33,2025-12-22 23:24:40
1585,100,10,COMPLETED,6,2025-12-11 23:27:21,2025-12-11 23:27:27
1586,985,8,COMPLETED,10,2025-12-05 07:43:36,2025-12-05 07:43:46
1587,245,23,COMPLETED,11,2026-02-21 06:29:20,2026-02-21 06:29:31
1588,66,17,COMPLETED,13,2026-03-27 09:35:05,2026-03-27 09:35:18
1589,19,19,COMPLETED,15,2025-11-07 15:37:07,2025-11-07 15:37:22
1590,19,23,COMPLETED,5,2025-11-07 15:42:07,2025-11-07 15:42:12
1591,19,8,FAILED,4,2025-11-07 15:41:07,2025-11-07 15:41:11
1592,309,5,COMPLETED,9,2025-09-22 12:58:49,2025-09-22 12:58:58
1593,793,17,COMPLETED,13,2026-02-07 02:02:07,2026-02-07 02:02:20
1594,793,16,COMPLETED,9,2026-02-07 02:04:07,2026-02-07 02:04:16
1595,67,17,COMPLETED,5,2025-10-31 01:46:35,2025-10-31 01:46:40
1596,67,16,COMPLETED,5,2025-10-31 01:49:35,2025-10-31 01:49:40
1597,70,14,COMPLETED,8,2026-02-23 09:24:31,2026-02-23 09:24:39
1598,892,1,COMPLETED,12,2025-12-19 07:11:35,2025-12-19 07:11:47
1599,892,3,COMPLETED,9,2025-12-19 07:13:35,2025-12-19 07:13:44
1600,892,8,FAILED,9,2025-12-19 07:17:35,2025-12-19 07:17:44
1601,455,6,COMPLETED,10,2025-11-02 06:29:23,2025-11-02 06:29:33
1602,455,15,COMPLETED,7,2025-11-02 06:31:23,2025-11-02 06:31:30
1603,181,14,COMPLETED,11,2025-10-19 01:05:54,2025-10-19 01:06:05
1604,111,1,COMPLETED,14,2026-01-01 17:46:17,2026-01-01 17:46:31
1605,111,3,COMPLETED,5,2026-01-01 17:50:17,2026-01-01 17:50:22
1606,111,8,COMPLETED,3,2026-01-01 17:54:17,2026-01-01 17:54:20
1607,389,5,FAILED,7,2025-11-12 11:03:35,2025-11-12 11:03:42
1608,260,4,COMPLETED,6,2026-03-02 16:24:10,2026-03-02 16:24:16
1609,698,2,COMPLETED,14,2025-11-11 08:32:04,2025-11-11 08:32:18
1610,230,17,COMPLETED,12,2025-11-12 10:40:35,2025-11-12 10:40:47
1611,230,16,COMPLETED,4,2025-11-12 10:43:35,2025-11-12 10:43:39
1612,30,1,COMPLETED,14,2025-10-04 03:56:08,2025-10-04 03:56:22
1613,30,3,COMPLETED,4,2025-10-04 03:58:08,2025-10-04 03:58:12
1614,30,8,COMPLETED,6,2025-10-04 04:06:08,2025-10-04 04:06:14
1615,291,6,COMPLETED,10,2025-12-17 19:07:28,2025-12-17 19:07:38
1616,75,1,FAILED,9,2026-02-24 19:20:51,2026-02-24 19:21:00
1617,75,3,COMPLETED,12,2026-02-24 19:25:51,2026-02-24 19:26:03
1618,75,8,COMPLETED,4,2026-02-24 19:26:51,2026-02-24 19:26:55
1619,722,17,FAILED,9,2025-12-31 21:57:17,2025-12-31 21:57:26
1620,722,16,FAILED,11,2025-12-31 22:01:17,2025-12-31 22:01:28
1621,318,4,COMPLETED,10,2025-11-23 13:11:15,2025-11-23 13:11:25
1622,318,10,COMPLETED,11,2025-11-23 13:14:15,2025-11-23 13:14:26
1623,26,17,COMPLETED,10,2025-10-23 07:18:15,2025-10-23 07:18:25
1624,26,16,COMPLETED,7,2025-10-23 07:21:15,2025-10-23 07:21:22
1625,198,6,COMPLETED,9,2025-11-04 20:57:44,2025-11-04 20:57:53
1626,318,18,COMPLETED,4,2025-09-24 12:17:26,2025-09-24 12:17:30
1627,281,6,COMPLETED,4,2025-12-15 14:00:38,2025-12-15 14:00:42
1628,89,18,COMPLETED,3,2025-10-15 01:59:58,2025-10-15 02:00:01
1629,288,1,COMPLETED,11,2026-01-17 21:13:10,2026-01-17 21:13:21
1630,288,3,COMPLETED,9,2026-01-17 21:18:10,2026-01-17 21:18:19
1631,288,8,COMPLETED,5,2026-01-17 21:23:10,2026-01-17 21:23:15
1632,394,6,COMPLETED,6,2025-12-01 06:36:33,2025-12-01 06:36:39
1633,394,15,FAILED,5,2025-12-01 06:38:33,2025-12-01 06:38:38
1634,215,19,COMPLETED,11,2026-01-22 05:48:17,2026-01-22 05:48:28
1635,296,2,COMPLETED,10,2025-12-18 04:12:45,2025-12-18 04:12:55
1636,296,5,COMPLETED,6,2025-12-18 04:15:45,2025-12-18 04:15:51
1637,296,9,COMPLETED,5,2025-12-18 04:18:45,2025-12-18 04:18:50
1638,54,8,COMPLETED,13,2025-12-05 04:46:41,2025-12-05 04:46:54
1639,536,2,FAILED,7,2026-03-04 23:54:24,2026-03-04 23:54:31
1640,267,17,COMPLETED,10,2025-11-20 15:36:02,2025-11-20 15:36:12
1641,25,21,COMPLETED,6,2026-01-09 21:49:14,2026-01-09 21:49:20
1642,23,6,COMPLETED,7,2025-12-03 02:35:49,2025-12-03 02:35:56
1643,57,3,COMPLETED,11,2026-03-09 03:28:32,2026-03-09 03:28:43
1644,29,17,FAILED,5,2025-09-18 04:58:18,2025-09-18 04:58:23
1645,29,16,COMPLETED,10,2025-09-18 05:02:18,2025-09-18 05:02:28
1646,955,20,COMPLETED,3,2026-02-03 21:58:21,2026-02-03 21:58:24
1647,955,5,COMPLETED,12,2026-02-03 22:01:21,2026-02-03 22:01:33
1648,52,2,COMPLETED,6,2026-01-16 18:36:16,2026-01-16 18:36:22
1649,52,5,COMPLETED,10,2026-01-16 18:39:16,2026-01-16 18:39:26
1650,52,9,COMPLETED,7,2026-01-16 18:42:16,2026-01-16 18:42:23
1651,160,19,COMPLETED,10,2025-12-28 14:15:54,2025-12-28 14:16:04
1652,160,23,COMPLETED,10,2025-12-28 14:20:54,2025-12-28 14:21:04
1653,160,8,COMPLETED,11,2025-12-28 14:21:54,2025-12-28 14:22:05
1654,717,11,COMPLETED,8,2026-02-01 18:39:26,2026-02-01 18:39:34
1655,578,17,COMPLETED,6,2025-11-05 01:25:59,2025-11-05 01:26:05
1656,1084,13,FAILED,9,2025-09-16 12:17:38,2025-09-16 12:17:47
1657,1084,14,FAILED,6,2025-09-16 12:20:38,2025-09-16 12:20:44
1658,614,4,COMPLETED,11,2025-12-01 01:21:08,2025-12-01 01:21:19
1659,614,10,FAILED,11,2025-12-01 01:24:08,2025-12-01 01:24:19
1660,15,17,COMPLETED,7,2025-11-30 07:58:18,2025-11-30 07:58:25
1661,15,16,COMPLETED,10,2025-11-30 08:02:18,2025-11-30 08:02:28
1662,349,1,COMPLETED,7,2025-12-21 03:01:24,2025-12-21 03:01:31
1663,349,3,FAILED,5,2025-12-21 03:03:24,2025-12-21 03:03:29
1664,349,8,COMPLETED,13,2025-12-21 03:09:24,2025-12-21 03:09:37
1665,146,14,COMPLETED,6,2025-12-16 20:16:36,2025-12-16 20:16:42
1666,38,20,COMPLETED,6,2026-01-01 20:07:09,2026-01-01 20:07:15
1667,3,13,COMPLETED,8,2026-01-05 19:25:43,2026-01-05 19:25:51
1668,3,14,COMPLETED,7,2026-01-05 19:29:43,2026-01-05 19:29:50
1669,94,5,COMPLETED,4,2026-02-02 23:21:58,2026-02-02 23:22:02
1670,75,3,COMPLETED,6,2025-10-20 22:29:26,2025-10-20 22:29:32
1671,198,13,COMPLETED,9,2025-11-05 23:50:22,2025-11-05 23:50:31
1672,198,14,COMPLETED,5,2025-11-05 23:54:22,2025-11-05 23:54:27
1673,1133,2,COMPLETED,8,2025-12-01 15:09:15,2025-12-01 15:09:23
1674,1133,5,COMPLETED,14,2025-12-01 15:13:15,2025-12-01 15:13:29
1675,1133,9,COMPLETED,9,2025-12-01 15:15:15,2025-12-01 15:15:24
1676,569,13,COMPLETED,9,2026-02-10 13:33:11,2026-02-10 13:33:20
1677,569,14,COMPLETED,4,2026-02-10 13:35:11,2026-02-10 13:35:15
1678,72,6,COMPLETED,12,2026-03-22 17:36:56,2026-03-22 17:37:08
1679,584,4,COMPLETED,10,2026-02-12 04:35:05,2026-02-12 04:35:15
1680,584,10,COMPLETED,13,2026-02-12 04:38:05,2026-02-12 04:38:18
1681,234,19,COMPLETED,11,2025-12-03 20:25:36,2025-12-03 20:25:47
1682,234,23,COMPLETED,10,2025-12-03 20:30:36,2025-12-03 20:30:46
1683,234,8,COMPLETED,9,2025-12-03 20:33:36,2025-12-03 20:33:45
1684,291,4,COMPLETED,10,2025-09-22 06:14:08,2025-09-22 06:14:18
1685,379,13,COMPLETED,12,2026-03-30 03:59:06,2026-03-30 03:59:18
1686,379,14,COMPLETED,11,2026-03-30 04:04:06,2026-03-30 04:04:17
1687,383,5,COMPLETED,13,2026-01-14 16:31:48,2026-01-14 16:32:01
1688,255,21,COMPLETED,12,2026-02-09 05:22:32,2026-02-09 05:22:44
1689,197,17,COMPLETED,7,2026-01-06 18:43:50,2026-01-06 18:43:57
1690,482,20,COMPLETED,11,2025-11-02 10:09:07,2025-11-02 10:09:18
1691,482,5,COMPLETED,11,2025-11-02 10:14:07,2025-11-02 10:14:18
1692,24,1,COMPLETED,7,2026-01-10 00:57:38,2026-01-10 00:57:45
1693,24,3,COMPLETED,5,2026-01-10 01:02:38,2026-01-10 01:02:43
1694,24,8,COMPLETED,3,2026-01-10 01:05:38,2026-01-10 01:05:41
1695,352,20,FAILED,12,2025-11-29 21:30:22,2025-11-29 21:30:34
1696,352,5,COMPLETED,10,2025-11-29 21:35:22,2025-11-29 21:35:32
1697,18,2,FAILED,11,2026-03-26 14:23:09,2026-03-26 14:23:20
1698,18,5,COMPLETED,7,2026-03-26 14:25:09,2026-03-26 14:25:16
1699,18,9,COMPLETED,14,2026-03-26 14:33:09,2026-03-26 14:33:23
1700,74,1,COMPLETED,12,2026-01-16 12:20:27,2026-01-16 12:20:39
1701,74,3,COMPLETED,9,2026-01-16 12:24:27,2026-01-16 12:24:36
1702,74,8,COMPLETED,9,2026-01-16 12:30:27,2026-01-16 12:30:36
1703,145,17,COMPLETED,10,2025-09-17 20:56:33,2025-09-17 20:56:43
1704,338,4,COMPLETED,11,2026-02-07 12:09:53,2026-02-07 12:10:04
1705,338,10,COMPLETED,8,2026-02-07 12:11:53,2026-02-07 12:12:01
1706,817,14,COMPLETED,12,2026-02-04 06:26:42,2026-02-04 06:26:54
1707,218,6,COMPLETED,14,2025-10-30 13:16:50,2025-10-30 13:17:04
1708,218,15,COMPLETED,7,2025-10-30 13:20:50,2025-10-30 13:20:57
1709,282,20,COMPLETED,13,2025-09-18 18:31:54,2025-09-18 18:32:07
1710,282,5,COMPLETED,7,2025-09-18 18:35:54,2025-09-18 18:36:01
1711,501,15,FAILED,10,2026-03-29 03:08:43,2026-03-29 03:08:53
1712,1080,25,COMPLETED,7,2025-10-29 12:47:09,2025-10-29 12:47:16
1713,481,4,COMPLETED,8,2025-11-04 14:56:55,2025-11-04 14:57:03
1714,481,10,COMPLETED,14,2025-11-04 15:01:55,2025-11-04 15:02:09
1715,940,20,COMPLETED,4,2026-01-26 18:57:17,2026-01-26 18:57:21
1716,940,5,COMPLETED,13,2026-01-26 18:59:17,2026-01-26 18:59:30
1717,340,1,FAILED,9,2026-02-23 04:15:49,2026-02-23 04:15:58
1718,340,3,FAILED,4,2026-02-23 04:18:49,2026-02-23 04:18:53
1719,340,8,COMPLETED,6,2026-02-23 04:25:49,2026-02-23 04:25:55
1720,258,19,COMPLETED,7,2026-03-01 03:51:23,2026-03-01 03:51:30
1721,258,23,COMPLETED,7,2026-03-01 03:56:23,2026-03-01 03:56:30
1722,258,8,FAILED,9,2026-03-01 03:55:23,2026-03-01 03:55:32
1723,30,19,COMPLETED,5,2026-01-27 11:40:28,2026-01-27 11:40:33
1724,30,23,COMPLETED,5,2026-01-27 11:44:28,2026-01-27 11:44:33
1725,30,8,COMPLETED,11,2026-01-27 11:48:28,2026-01-27 11:48:39
1726,94,4,FAILED,5,2025-11-11 15:18:20,2025-11-11 15:18:25
1727,94,10,FAILED,5,2025-11-11 15:21:20,2025-11-11 15:21:25
1728,205,16,FAILED,8,2025-12-03 16:11:02,2025-12-03 16:11:10
1729,578,6,COMPLETED,4,2026-03-12 22:50:58,2026-03-12 22:51:02
1730,578,15,COMPLETED,5,2026-03-12 22:53:58,2026-03-12 22:54:03
1731,44,17,COMPLETED,3,2026-02-02 15:12:38,2026-02-02 15:12:41
1732,44,16,COMPLETED,9,2026-02-02 15:16:38,2026-02-02 15:16:47
1733,63,17,COMPLETED,8,2025-11-11 06:14:58,2025-11-11 06:15:06
1734,63,16,COMPLETED,9,2025-11-11 06:16:58,2025-11-11 06:17:07
1735,114,2,COMPLETED,6,2026-01-27 18:58:02,2026-01-27 18:58:08
1736,114,5,COMPLETED,10,2026-01-27 19:03:02,2026-01-27 19:03:12
1737,114,9,COMPLETED,8,2026-01-27 19:08:02,2026-01-27 19:08:10
1738,1198,13,FAILED,5,2025-09-05 02:08:45,2025-09-05 02:08:50
1739,1198,14,COMPLETED,5,2025-09-05 02:10:45,2025-09-05 02:10:50
1740,14,4,COMPLETED,9,2026-01-02 09:12:36,2026-01-02 09:12:45
1741,14,10,COMPLETED,14,2026-01-02 09:16:36,2026-01-02 09:16:50
1742,158,6,COMPLETED,6,2025-12-16 20:51:27,2025-12-16 20:51:33
1743,158,15,COMPLETED,4,2025-12-16 20:55:27,2025-12-16 20:55:31
1744,262,13,COMPLETED,12,2026-01-25 16:59:38,2026-01-25 16:59:50
1745,262,14,COMPLETED,5,2026-01-25 17:01:38,2026-01-25 17:01:43
1746,459,5,COMPLETED,13,2025-10-30 11:14:30,2025-10-30 11:14:43
1747,421,1,COMPLETED,13,2026-03-17 23:02:40,2026-03-17 23:02:53
1748,421,3,COMPLETED,13,2026-03-17 23:06:40,2026-03-17 23:06:53
1749,421,8,COMPLETED,11,2026-03-17 23:08:40,2026-03-17 23:08:51
1750,29,17,COMPLETED,4,2025-10-04 09:46:34,2025-10-04 09:46:38
1751,29,16,COMPLETED,7,2025-10-04 09:50:34,2025-10-04 09:50:41
1752,159,13,COMPLETED,4,2026-02-14 16:44:12,2026-02-14 16:44:16
1753,159,14,COMPLETED,12,2026-02-14 16:48:12,2026-02-14 16:48:24
1754,367,21,COMPLETED,11,2025-10-30 10:40:37,2025-10-30 10:40:48
1755,249,16,COMPLETED,6,2026-03-14 19:46:02,2026-03-14 19:46:08
1756,48,19,FAILED,7,2025-11-26 15:41:56,2025-11-26 15:42:03
1757,48,23,FAILED,6,2025-11-26 15:45:56,2025-11-26 15:46:02
1758,48,8,COMPLETED,5,2025-11-26 15:49:56,2025-11-26 15:50:01
1759,19,13,FAILED,5,2025-11-07 11:28:47,2025-11-07 11:28:52
1760,19,14,COMPLETED,13,2025-11-07 11:31:47,2025-11-07 11:32:00
1761,114,13,FAILED,7,2025-10-19 21:57:19,2025-10-19 21:57:26
1762,114,14,COMPLETED,10,2025-10-19 21:59:19,2025-10-19 21:59:29
1763,66,1,COMPLETED,15,2025-12-26 18:45:54,2025-12-26 18:46:09
1764,66,3,COMPLETED,10,2025-12-26 18:49:54,2025-12-26 18:50:04
1765,66,8,COMPLETED,5,2025-12-26 18:55:54,2025-12-26 18:55:59
1766,352,1,COMPLETED,11,2025-11-27 14:06:48,2025-11-27 14:06:59
1767,352,3,COMPLETED,10,2025-11-27 14:09:48,2025-11-27 14:09:58
1768,352,8,COMPLETED,11,2025-11-27 14:16:48,2025-11-27 14:16:59
1769,347,12,COMPLETED,11,2025-09-24 16:04:29,2025-09-24 16:04:40
1770,1121,13,FAILED,12,2025-10-20 02:14:55,2025-10-20 02:15:07
1771,1121,14,COMPLETED,13,2025-10-20 02:16:55,2025-10-20 02:17:08
1772,118,6,COMPLETED,5,2026-02-01 07:21:17,2026-02-01 07:21:22
1773,118,15,COMPLETED,7,2026-02-01 07:26:17,2026-02-01 07:26:24
1774,352,17,COMPLETED,12,2025-12-07 08:11:48,2025-12-07 08:12:00
1775,352,16,COMPLETED,4,2025-12-07 08:16:48,2025-12-07 08:16:52
1776,30,6,COMPLETED,6,2025-10-10 11:07:07,2025-10-10 11:07:13
1777,9,20,COMPLETED,10,2026-02-04 05:46:19,2026-02-04 05:46:29
1778,9,5,COMPLETED,11,2026-02-04 05:48:19,2026-02-04 05:48:30
1779,295,13,COMPLETED,5,2025-10-03 05:21:39,2025-10-03 05:21:44
1780,295,14,COMPLETED,10,2025-10-03 05:26:39,2025-10-03 05:26:49
1781,448,5,COMPLETED,12,2026-01-29 23:59:27,2026-01-29 23:59:39
1782,287,21,COMPLETED,12,2025-11-28 07:42:30,2025-11-28 07:42:42
1783,104,1,COMPLETED,5,2025-11-04 15:57:20,2025-11-04 15:57:25
1784,539,15,FAILED,13,2025-09-23 04:10:37,2025-09-23 04:10:50
1785,705,22,COMPLETED,10,2025-10-21 17:37:23,2025-10-21 17:37:33
1786,13,2,COMPLETED,12,2026-02-11 03:27:47,2026-02-11 03:27:59
1787,13,5,COMPLETED,7,2026-02-11 03:31:47,2026-02-11 03:31:54
1788,13,9,COMPLETED,8,2026-02-11 03:35:47,2026-02-11 03:35:55
1789,673,20,COMPLETED,4,2025-12-14 20:48:29,2025-12-14 20:48:33
1790,673,5,COMPLETED,7,2025-12-14 20:53:29,2025-12-14 20:53:36
1791,1148,5,COMPLETED,10,2026-01-20 23:02:13,2026-01-20 23:02:23
1792,211,17,COMPLETED,5,2025-09-05 01:54:32,2025-09-05 01:54:37
1793,211,16,COMPLETED,7,2025-09-05 01:57:32,2025-09-05 01:57:39
1794,91,20,COMPLETED,9,2025-10-12 22:35:18,2025-10-12 22:35:27
1795,133,23,COMPLETED,13,2026-01-20 23:30:54,2026-01-20 23:31:07
1796,70,17,COMPLETED,6,2025-10-06 13:31:37,2025-10-06 13:31:43
1797,70,16,COMPLETED,8,2025-10-06 13:36:37,2025-10-06 13:36:45
1798,944,2,COMPLETED,12,2025-12-16 14:04:34,2025-12-16 14:04:46
1799,944,5,COMPLETED,4,2025-12-16 14:06:34,2025-12-16 14:06:38
1800,944,9,COMPLETED,9,2025-12-16 14:14:34,2025-12-16 14:14:43
1801,415,14,COMPLETED,7,2025-12-18 19:26:51,2025-12-18 19:26:58
1802,226,13,COMPLETED,4,2025-11-16 18:54:20,2025-11-16 18:54:24
1803,226,14,COMPLETED,10,2025-11-16 18:59:20,2025-11-16 18:59:30
1804,22,17,COMPLETED,10,2026-01-24 14:05:22,2026-01-24 14:05:32
1805,22,16,COMPLETED,8,2026-01-24 14:10:22,2026-01-24 14:10:30
1806,187,1,COMPLETED,8,2026-02-14 18:56:31,2026-02-14 18:56:39
1807,187,3,COMPLETED,5,2026-02-14 18:59:31,2026-02-14 18:59:36
1808,187,8,COMPLETED,13,2026-02-14 19:02:31,2026-02-14 19:02:44
1809,888,17,COMPLETED,9,2025-09-13 01:34:24,2025-09-13 01:34:33
1810,78,22,COMPLETED,10,2025-12-25 08:27:09,2025-12-25 08:27:19
1811,188,11,COMPLETED,11,2025-12-06 23:26:31,2025-12-06 23:26:42
1812,105,2,COMPLETED,11,2025-12-06 10:56:46,2025-12-06 10:56:57
1813,105,5,COMPLETED,6,2025-12-06 11:01:46,2025-12-06 11:01:52
1814,105,9,COMPLETED,11,2025-12-06 11:02:46,2025-12-06 11:02:57
1815,218,19,FAILED,6,2026-01-14 19:38:50,2026-01-14 19:38:56
1816,218,23,COMPLETED,10,2026-01-14 19:43:50,2026-01-14 19:44:00
1817,218,8,COMPLETED,6,2026-01-14 19:42:50,2026-01-14 19:42:56
1818,1185,13,COMPLETED,4,2025-09-06 17:41:22,2025-09-06 17:41:26
1819,1185,14,COMPLETED,11,2025-09-06 17:43:22,2025-09-06 17:43:33
1820,12,2,COMPLETED,8,2026-01-12 07:42:36,2026-01-12 07:42:44
1821,68,15,COMPLETED,12,2025-11-15 23:14:07,2025-11-15 23:14:19
1822,273,17,COMPLETED,9,2026-03-10 23:19:40,2026-03-10 23:19:49
1823,273,16,COMPLETED,11,2026-03-10 23:22:40,2026-03-10 23:22:51
1824,784,4,COMPLETED,12,2025-11-02 11:55:00,2025-11-02 11:55:12
1825,692,17,COMPLETED,13,2026-02-13 12:19:21,2026-02-13 12:19:34
1826,692,16,FAILED,8,2026-02-13 12:23:21,2026-02-13 12:23:29
1827,165,25,FAILED,12,2026-03-12 15:14:29,2026-03-12 15:14:41
1828,734,6,COMPLETED,4,2026-03-13 13:00:10,2026-03-13 13:00:14
1829,734,15,COMPLETED,7,2026-03-13 13:02:10,2026-03-13 13:02:17
1830,2,2,COMPLETED,5,2025-11-05 11:45:18,2025-11-05 11:45:23
1831,2,5,COMPLETED,4,2025-11-05 11:48:18,2025-11-05 11:48:22
1832,2,9,COMPLETED,8,2025-11-05 11:55:18,2025-11-05 11:55:26
1833,466,6,COMPLETED,12,2025-12-05 17:11:17,2025-12-05 17:11:29
1834,466,15,FAILED,5,2025-12-05 17:14:17,2025-12-05 17:14:22
1835,285,25,COMPLETED,5,2026-02-08 06:43:57,2026-02-08 06:44:02
1836,1101,19,COMPLETED,9,2026-02-08 23:04:19,2026-02-08 23:04:28
1837,1101,23,COMPLETED,5,2026-02-08 23:07:19,2026-02-08 23:07:24
1838,1101,8,FAILED,10,2026-02-08 23:14:19,2026-02-08 23:14:29
1839,168,17,COMPLETED,13,2026-03-30 15:00:20,2026-03-30 15:00:33
1840,168,16,COMPLETED,12,2026-03-30 15:05:20,2026-03-30 15:05:32
1841,95,4,FAILED,10,2025-11-08 08:55:37,2025-11-08 08:55:47
1842,95,10,COMPLETED,8,2025-11-08 08:58:37,2025-11-08 08:58:45
1843,15,19,COMPLETED,7,2026-01-13 18:04:57,2026-01-13 18:05:04
1844,15,23,COMPLETED,8,2026-01-13 18:06:57,2026-01-13 18:07:05
1845,15,8,COMPLETED,12,2026-01-13 18:08:57,2026-01-13 18:09:09
1846,13,19,COMPLETED,12,2026-03-11 16:23:00,2026-03-11 16:23:12
1847,119,19,COMPLETED,13,2025-09-25 04:46:04,2025-09-25 04:46:17
1848,119,23,COMPLETED,8,2025-09-25 04:50:04,2025-09-25 04:50:12
1849,119,8,COMPLETED,10,2025-09-25 04:56:04,2025-09-25 04:56:14
1850,344,4,COMPLETED,7,2025-11-05 16:29:58,2025-11-05 16:30:05
1851,344,10,FAILED,15,2025-11-05 16:33:58,2025-11-05 16:34:13
1852,471,20,COMPLETED,6,2025-12-26 19:02:39,2025-12-26 19:02:45
1853,471,5,FAILED,3,2025-12-26 19:06:39,2025-12-26 19:06:42
1854,342,19,COMPLETED,5,2025-12-11 14:07:32,2025-12-11 14:07:37
1855,342,23,COMPLETED,4,2025-12-11 14:11:32,2025-12-11 14:11:36
1856,342,8,COMPLETED,7,2025-12-11 14:13:32,2025-12-11 14:13:39
1857,61,13,COMPLETED,4,2025-11-09 07:41:34,2025-11-09 07:41:38
1858,61,14,COMPLETED,10,2025-11-09 07:43:34,2025-11-09 07:43:44
1859,34,2,COMPLETED,9,2026-02-27 07:54:19,2026-02-27 07:54:28
1860,280,4,COMPLETED,6,2025-11-28 23:37:22,2025-11-28 23:37:28
1861,280,10,COMPLETED,9,2025-11-28 23:40:22,2025-11-28 23:40:31
1862,28,4,COMPLETED,8,2026-02-17 09:02:12,2026-02-17 09:02:20
1863,28,10,COMPLETED,11,2026-02-17 09:07:12,2026-02-17 09:07:23
1864,457,7,COMPLETED,4,2026-02-12 05:13:49,2026-02-12 05:13:53
1865,776,19,COMPLETED,9,2025-10-19 20:52:34,2025-10-19 20:52:43
1866,776,23,COMPLETED,8,2025-10-19 20:54:34,2025-10-19 20:54:42
1867,776,8,FAILED,6,2025-10-19 21:02:34,2025-10-19 21:02:40
1868,142,1,COMPLETED,7,2025-12-04 14:50:55,2025-12-04 14:51:02
1869,142,3,COMPLETED,8,2025-12-04 14:52:55,2025-12-04 14:53:03
1870,142,8,COMPLETED,9,2025-12-04 14:54:55,2025-12-04 14:55:04
1871,94,6,COMPLETED,4,2026-03-24 01:35:27,2026-03-24 01:35:31
1872,67,20,COMPLETED,11,2026-01-28 14:53:54,2026-01-28 14:54:05
1873,67,5,COMPLETED,12,2026-01-28 14:57:54,2026-01-28 14:58:06
1874,730,9,COMPLETED,6,2026-01-21 11:18:38,2026-01-21 11:18:44
1875,90,17,COMPLETED,13,2026-02-25 18:18:22,2026-02-25 18:18:35
1876,90,16,COMPLETED,12,2026-02-25 18:20:22,2026-02-25 18:20:34
1877,88,20,COMPLETED,12,2025-12-02 01:25:50,2025-12-02 01:26:02
1878,88,5,COMPLETED,10,2025-12-02 01:27:50,2025-12-02 01:28:00
1879,575,6,COMPLETED,8,2025-11-03 08:22:18,2025-11-03 08:22:26
1880,575,15,COMPLETED,7,2025-11-03 08:24:18,2025-11-03 08:24:25
1881,99,2,COMPLETED,12,2026-03-09 01:55:31,2026-03-09 01:55:43
1882,806,13,COMPLETED,14,2026-01-20 19:28:55,2026-01-20 19:29:09
1883,42,2,COMPLETED,10,2025-10-17 03:21:26,2025-10-17 03:21:36
1884,144,25,COMPLETED,6,2025-11-12 21:16:46,2025-11-12 21:16:52
1885,286,17,COMPLETED,5,2025-12-01 10:19:50,2025-12-01 10:19:55
1886,165,25,COMPLETED,10,2026-01-04 17:15:22,2026-01-04 17:15:32
1887,93,13,COMPLETED,5,2025-12-12 05:52:50,2025-12-12 05:52:55
1888,93,14,COMPLETED,4,2025-12-12 05:55:50,2025-12-12 05:55:54
1889,120,14,COMPLETED,6,2026-01-06 19:47:51,2026-01-06 19:47:57
1890,78,13,COMPLETED,4,2026-02-13 22:01:41,2026-02-13 22:01:45
1891,78,14,COMPLETED,9,2026-02-13 22:03:41,2026-02-13 22:03:50
1892,82,11,COMPLETED,6,2025-11-26 11:16:11,2025-11-26 11:16:17
1893,341,4,COMPLETED,15,2025-10-07 12:15:16,2025-10-07 12:15:31
1894,341,10,COMPLETED,13,2025-10-07 12:20:16,2025-10-07 12:20:29
1895,799,20,COMPLETED,8,2025-12-01 17:40:17,2025-12-01 17:40:25
1896,799,5,COMPLETED,12,2025-12-01 17:44:17,2025-12-01 17:44:29
1897,285,6,COMPLETED,13,2026-01-18 19:17:27,2026-01-18 19:17:40
1898,390,4,COMPLETED,5,2026-03-15 18:20:25,2026-03-15 18:20:30
1899,37,6,COMPLETED,9,2025-11-19 00:47:37,2025-11-19 00:47:46
1900,137,11,COMPLETED,6,2025-11-11 17:53:23,2025-11-11 17:53:29
1901,344,1,COMPLETED,9,2026-01-24 13:19:36,2026-01-24 13:19:45
1902,344,3,COMPLETED,11,2026-01-24 13:24:36,2026-01-24 13:24:47
1903,344,8,COMPLETED,8,2026-01-24 13:27:36,2026-01-24 13:27:44
1904,117,9,COMPLETED,9,2026-03-06 14:47:07,2026-03-06 14:47:16
1905,1113,9,COMPLETED,9,2026-02-03 17:16:30,2026-02-03 17:16:39
1906,83,4,COMPLETED,15,2026-02-10 08:52:58,2026-02-10 08:53:13
1907,83,10,COMPLETED,12,2026-02-10 08:57:58,2026-02-10 08:58:10
1908,766,1,COMPLETED,15,2025-11-07 23:28:17,2025-11-07 23:28:32
1909,766,3,COMPLETED,13,2025-11-07 23:33:17,2025-11-07 23:33:30
1910,766,8,COMPLETED,13,2025-11-07 23:34:17,2025-11-07 23:34:30
1911,47,24,COMPLETED,14,2026-03-08 03:07:38,2026-03-08 03:07:52
1912,383,12,FAILED,12,2026-02-23 11:03:49,2026-02-23 11:04:01
1913,623,4,COMPLETED,5,2025-12-06 06:23:13,2025-12-06 06:23:18
1914,623,10,COMPLETED,11,2025-12-06 06:25:13,2025-12-06 06:25:24
1915,313,10,COMPLETED,8,2025-09-27 11:38:34,2025-09-27 11:38:42
1916,6,16,FAILED,9,2026-02-10 07:27:58,2026-02-10 07:28:07
1917,427,5,COMPLETED,6,2026-03-27 13:02:52,2026-03-27 13:02:58
1918,695,19,COMPLETED,15,2025-11-27 00:22:42,2025-11-27 00:22:57
1919,695,23,COMPLETED,3,2025-11-27 00:24:42,2025-11-27 00:24:45
1920,695,8,COMPLETED,5,2025-11-27 00:30:42,2025-11-27 00:30:47
1921,173,5,COMPLETED,11,2025-12-11 16:51:01,2025-12-11 16:51:12
1922,384,2,COMPLETED,11,2025-12-04 17:55:47,2025-12-04 17:55:58
1923,384,5,COMPLETED,7,2025-12-04 17:58:47,2025-12-04 17:58:54
1924,384,9,COMPLETED,14,2025-12-04 18:01:47,2025-12-04 18:02:01
1925,22,4,COMPLETED,10,2026-01-04 12:01:58,2026-01-04 12:02:08
1926,22,10,COMPLETED,5,2026-01-04 12:06:58,2026-01-04 12:07:03
1927,1077,25,COMPLETED,8,2026-01-18 18:37:13,2026-01-18 18:37:21
1928,472,21,FAILED,13,2025-09-29 00:29:37,2025-09-29 00:29:50
1929,24,13,COMPLETED,5,2026-01-15 21:51:03,2026-01-15 21:51:08
1930,24,14,COMPLETED,13,2026-01-15 21:53:03,2026-01-15 21:53:16
1931,125,2,FAILED,3,2025-10-16 18:16:07,2025-10-16 18:16:10
1932,96,13,COMPLETED,12,2025-12-11 12:53:55,2025-12-11 12:54:07
1933,96,14,COMPLETED,4,2025-12-11 12:56:55,2025-12-11 12:56:59
1934,129,13,COMPLETED,6,2026-03-31 14:20:13,2026-03-31 14:20:19
1935,129,14,COMPLETED,13,2026-03-31 14:24:13,2026-03-31 14:24:26
1936,62,20,COMPLETED,4,2025-12-02 06:29:00,2025-12-02 06:29:04
1937,62,5,COMPLETED,13,2025-12-02 06:31:00,2025-12-02 06:31:13
1938,1178,1,COMPLETED,15,2025-09-17 20:41:20,2025-09-17 20:41:35
1939,1178,3,COMPLETED,6,2025-09-17 20:45:20,2025-09-17 20:45:26
1940,1178,8,COMPLETED,4,2025-09-17 20:51:20,2025-09-17 20:51:24
1941,602,2,FAILED,6,2025-12-03 21:59:32,2025-12-03 21:59:38
1942,602,5,COMPLETED,8,2025-12-03 22:03:32,2025-12-03 22:03:40
1943,602,9,COMPLETED,13,2025-12-03 22:07:32,2025-12-03 22:07:45
1944,360,7,COMPLETED,7,2025-10-25 10:24:01,2025-10-25 10:24:08
1945,166,14,COMPLETED,3,2026-03-09 01:04:48,2026-03-09 01:04:51
1946,1129,3,FAILED,3,2025-10-29 18:30:39,2025-10-29 18:30:42
1947,142,1,COMPLETED,7,2026-01-01 22:07:21,2026-01-01 22:07:28
1948,142,3,COMPLETED,13,2026-01-01 22:09:21,2026-01-01 22:09:34
1949,142,8,COMPLETED,7,2026-01-01 22:13:21,2026-01-01 22:13:28
1950,43,13,COMPLETED,13,2025-10-23 20:40:25,2025-10-23 20:40:38
1951,43,14,COMPLETED,13,2025-10-23 20:42:25,2025-10-23 20:42:38
1952,173,15,COMPLETED,14,2025-11-02 20:02:54,2025-11-02 20:03:08
1953,42,13,COMPLETED,5,2026-01-03 05:30:27,2026-01-03 05:30:32
1954,42,14,COMPLETED,8,2026-01-03 05:35:27,2026-01-03 05:35:35
1955,149,6,COMPLETED,10,2026-02-20 17:32:25,2026-02-20 17:32:35
1956,149,15,COMPLETED,8,2026-02-20 17:35:25,2026-02-20 17:35:33
1957,10,6,FAILED,11,2025-09-05 09:43:38,2025-09-05 09:43:49
1958,10,15,COMPLETED,14,2025-09-05 09:45:38,2025-09-05 09:45:52
1959,168,20,COMPLETED,7,2026-03-03 02:02:32,2026-03-03 02:02:39
1960,168,5,COMPLETED,8,2026-03-03 02:06:32,2026-03-03 02:06:40
1961,125,11,COMPLETED,5,2025-10-09 00:47:36,2025-10-09 00:47:41
1962,998,13,COMPLETED,7,2026-03-26 18:05:54,2026-03-26 18:06:01
1963,998,14,COMPLETED,10,2026-03-26 18:09:54,2026-03-26 18:10:04
1964,3,6,COMPLETED,3,2026-02-20 00:20:05,2026-02-20 00:20:08
1965,3,15,COMPLETED,7,2026-02-20 00:22:05,2026-02-20 00:22:12
1966,751,20,COMPLETED,8,2025-10-27 02:58:30,2025-10-27 02:58:38
1967,56,11,COMPLETED,13,2026-02-19 20:54:58,2026-02-19 20:55:11
1968,340,19,COMPLETED,7,2025-12-10 15:24:43,2025-12-10 15:24:50
1969,340,23,FAILED,10,2025-12-10 15:27:43,2025-12-10 15:27:53
1970,340,8,COMPLETED,8,2025-12-10 15:30:43,2025-12-10 15:30:51
1971,22,1,COMPLETED,10,2026-03-21 18:12:40,2026-03-21 18:12:50
1972,22,3,FAILED,13,2026-03-21 18:17:40,2026-03-21 18:17:53
1973,22,8,COMPLETED,10,2026-03-21 18:16:40,2026-03-21 18:16:50
1974,1155,6,COMPLETED,11,2025-11-23 05:26:35,2025-11-23 05:26:46
1975,66,1,COMPLETED,5,2025-09-30 15:04:45,2025-09-30 15:04:50
1976,66,3,FAILED,6,2025-09-30 15:08:45,2025-09-30 15:08:51
1977,66,8,COMPLETED,11,2025-09-30 15:12:45,2025-09-30 15:12:56
1978,90,19,COMPLETED,11,2025-10-24 10:00:26,2025-10-24 10:00:37
1979,90,23,COMPLETED,7,2025-10-24 10:02:26,2025-10-24 10:02:33
1980,90,8,COMPLETED,10,2025-10-24 10:06:26,2025-10-24 10:06:36
1981,587,10,COMPLETED,8,2026-02-08 04:36:17,2026-02-08 04:36:25
1982,375,24,COMPLETED,13,2026-02-22 19:48:29,2026-02-22 19:48:42
1983,292,1,COMPLETED,7,2026-01-01 15:57:26,2026-01-01 15:57:33
1984,67,20,FAILED,4,2026-02-08 15:49:30,2026-02-08 15:49:34
1985,67,5,COMPLETED,3,2026-02-08 15:51:30,2026-02-08 15:51:33
1986,22,6,COMPLETED,11,2026-02-22 11:09:21,2026-02-22 11:09:32
1987,22,15,COMPLETED,4,2026-02-22 11:12:21,2026-02-22 11:12:25
1988,524,6,FAILED,10,2026-03-24 17:59:19,2026-03-24 17:59:29
1989,524,15,COMPLETED,13,2026-03-24 18:04:19,2026-03-24 18:04:32
1990,151,19,COMPLETED,12,2026-03-12 13:46:33,2026-03-12 13:46:45
1991,276,4,COMPLETED,5,2026-03-27 17:15:46,2026-03-27 17:15:51
1992,276,10,COMPLETED,10,2026-03-27 17:18:46,2026-03-27 17:18:56
1993,96,14,COMPLETED,9,2026-01-07 07:22:28,2026-01-07 07:22:37
1994,115,20,FAILED,10,2025-11-07 04:32:04,2025-11-07 04:32:14
1995,115,5,COMPLETED,7,2025-11-07 04:35:04,2025-11-07 04:35:11
1996,47,9,COMPLETED,8,2025-12-30 20:15:06,2025-12-30 20:15:14
1997,937,4,COMPLETED,11,2026-02-13 16:44:57,2026-02-13 16:45:08
1998,937,10,COMPLETED,11,2026-02-13 16:48:57,2026-02-13 16:49:08
1999,14,1,FAILED,8,2026-02-27 16:48:48,2026-02-27 16:48:56
2000,14,3,COMPLETED,13,2026-02-27 16:50:48,2026-02-27 16:51:01
2001,14,8,COMPLETED,5,2026-02-27 16:58:48,2026-02-27 16:58:53
2002,142,13,COMPLETED,11,2025-12-07 11:41:51,2025-12-07 11:42:02
2003,142,14,COMPLETED,7,2025-12-07 11:43:51,2025-12-07 11:43:58
2004,865,20,COMPLETED,7,2025-09-18 20:53:50,2025-09-18 20:53:57
2005,865,5,COMPLETED,8,2025-09-18 20:57:50,2025-09-18 20:57:58
2006,814,13,FAILED,12,2026-03-02 08:04:37,2026-03-02 08:04:49
2007,814,14,COMPLETED,12,2026-03-02 08:08:37,2026-03-02 08:08:49
2008,414,6,COMPLETED,12,2026-03-13 08:25:15,2026-03-13 08:25:27
2009,414,15,FAILED,6,2026-03-13 08:29:15,2026-03-13 08:29:21
2010,173,24,COMPLETED,8,2026-02-28 01:52:13,2026-02-28 01:52:21
2011,1147,13,COMPLETED,12,2025-11-15 01:56:54,2025-11-15 01:57:06
2012,595,6,COMPLETED,10,2025-10-28 12:57:33,2025-10-28 12:57:43
2013,595,15,COMPLETED,6,2025-10-28 12:59:33,2025-10-28 12:59:39
2014,206,19,COMPLETED,5,2025-12-24 10:35:47,2025-12-24 10:35:52
2015,590,13,FAILED,11,2026-02-12 04:33:02,2026-02-12 04:33:13
2016,590,14,COMPLETED,8,2026-02-12 04:37:02,2026-02-12 04:37:10
2017,296,18,COMPLETED,13,2025-10-01 09:21:49,2025-10-01 09:22:02
2018,221,13,FAILED,12,2025-09-23 21:19:38,2025-09-23 21:19:50
2019,221,14,COMPLETED,10,2025-09-23 21:22:38,2025-09-23 21:22:48
2020,72,6,COMPLETED,12,2026-02-03 08:19:48,2026-02-03 08:20:00
2021,986,17,COMPLETED,11,2026-02-05 15:25:41,2026-02-05 15:25:52
2022,152,2,COMPLETED,12,2025-09-15 13:35:00,2025-09-15 13:35:12
2023,70,17,COMPLETED,8,2025-12-17 02:15:45,2025-12-17 02:15:53
2024,219,20,COMPLETED,11,2025-12-24 08:52:53,2025-12-24 08:53:04
2025,219,5,COMPLETED,5,2025-12-24 08:54:53,2025-12-24 08:54:58
2026,106,25,COMPLETED,7,2025-11-23 07:02:02,2025-11-23 07:02:09
2027,384,13,FAILED,4,2025-11-27 09:37:29,2025-11-27 09:37:33
2028,384,14,COMPLETED,4,2025-11-27 09:39:29,2025-11-27 09:39:33
2029,252,20,COMPLETED,13,2025-12-24 05:02:53,2025-12-24 05:03:06
2030,252,5,COMPLETED,13,2025-12-24 05:04:53,2025-12-24 05:05:06
2031,170,19,FAILED,12,2025-11-22 16:27:27,2025-11-22 16:27:39
2032,170,23,FAILED,7,2025-11-22 16:29:27,2025-11-22 16:29:34
2033,170,8,COMPLETED,6,2025-11-22 16:33:27,2025-11-22 16:33:33
2034,378,8,COMPLETED,12,2025-10-28 12:57:19,2025-10-28 12:57:31
2035,100,22,COMPLETED,11,2026-01-22 08:42:00,2026-01-22 08:42:11
2036,111,20,COMPLETED,11,2025-12-09 02:08:59,2025-12-09 02:09:10
2037,111,5,COMPLETED,12,2025-12-09 02:13:59,2025-12-09 02:14:11
2038,25,2,FAILED,12,2026-03-09 11:41:33,2026-03-09 11:41:45
2039,25,5,COMPLETED,5,2026-03-09 11:46:33,2026-03-09 11:46:38
2040,25,9,COMPLETED,14,2026-03-09 11:49:33,2026-03-09 11:49:47
2041,272,19,COMPLETED,15,2026-03-31 18:15:01,2026-03-31 18:15:16
2042,272,23,COMPLETED,14,2026-03-31 18:18:01,2026-03-31 18:18:15
2043,272,8,COMPLETED,5,2026-03-31 18:19:01,2026-03-31 18:19:06
2044,57,2,COMPLETED,8,2025-12-29 05:28:02,2025-12-29 05:28:10
2045,57,5,COMPLETED,5,2025-12-29 05:31:02,2025-12-29 05:31:07
2046,57,9,COMPLETED,8,2025-12-29 05:34:02,2025-12-29 05:34:10
2047,1116,16,FAILED,9,2025-11-26 01:08:24,2025-11-26 01:08:33
2048,92,13,COMPLETED,10,2026-02-05 01:52:29,2026-02-05 01:52:39
2049,92,14,COMPLETED,5,2026-02-05 01:57:29,2026-02-05 01:57:34
2050,74,2,COMPLETED,9,2025-10-21 03:17:23,2025-10-21 03:17:32
2051,74,5,COMPLETED,8,2025-10-21 03:20:23,2025-10-21 03:20:31
2052,74,9,COMPLETED,13,2025-10-21 03:25:23,2025-10-21 03:25:36
2053,1119,4,COMPLETED,12,2026-01-25 21:58:34,2026-01-25 21:58:46
2054,1119,10,COMPLETED,6,2026-01-25 22:01:34,2026-01-25 22:01:40
2055,121,23,COMPLETED,7,2026-01-26 18:56:26,2026-01-26 18:56:33
2056,292,17,COMPLETED,7,2026-03-24 14:31:05,2026-03-24 14:31:12
2057,292,16,COMPLETED,9,2026-03-24 14:36:05,2026-03-24 14:36:14
2058,18,4,COMPLETED,12,2026-03-28 11:04:34,2026-03-28 11:04:46
2059,18,10,COMPLETED,13,2026-03-28 11:09:34,2026-03-28 11:09:47
2060,193,13,COMPLETED,10,2025-09-18 22:34:27,2025-09-18 22:34:37
2061,339,20,COMPLETED,6,2025-11-04 10:43:00,2025-11-04 10:43:06
2062,339,5,FAILED,11,2025-11-04 10:46:00,2025-11-04 10:46:11
2063,102,1,COMPLETED,5,2026-01-09 11:42:18,2026-01-09 11:42:23
2064,211,13,FAILED,7,2025-10-11 08:55:54,2025-10-11 08:56:01
2065,211,14,FAILED,4,2025-10-11 08:58:54,2025-10-11 08:58:58
2066,70,6,FAILED,4,2025-10-22 00:16:15,2025-10-22 00:16:19
2067,70,15,COMPLETED,5,2025-10-22 00:18:15,2025-10-22 00:18:20
2068,332,20,COMPLETED,10,2025-11-29 14:34:44,2025-11-29 14:34:54
2069,332,5,COMPLETED,8,2025-11-29 14:38:44,2025-11-29 14:38:52
2070,172,20,COMPLETED,7,2025-09-22 23:11:32,2025-09-22 23:11:39
2071,172,5,COMPLETED,8,2025-09-22 23:16:32,2025-09-22 23:16:40
2072,263,19,COMPLETED,11,2026-03-05 09:06:52,2026-03-05 09:07:03
2073,263,23,COMPLETED,10,2026-03-05 09:11:52,2026-03-05 09:12:02
2074,263,8,COMPLETED,10,2026-03-05 09:14:52,2026-03-05 09:15:02
2075,32,12,COMPLETED,8,2026-03-03 22:11:11,2026-03-03 22:11:19
2076,146,11,FAILED,9,2026-01-02 17:55:52,2026-01-02 17:56:01
2077,47,23,COMPLETED,5,2025-12-20 07:56:31,2025-12-20 07:56:36
2078,194,14,COMPLETED,9,2026-03-22 05:16:17,2026-03-22 05:16:26
2079,172,20,COMPLETED,7,2026-01-29 20:37:41,2026-01-29 20:37:48
2080,172,5,COMPLETED,5,2026-01-29 20:39:41,2026-01-29 20:39:46
2081,891,23,COMPLETED,4,2026-02-18 01:19:40,2026-02-18 01:19:44
2082,50,9,COMPLETED,7,2025-09-02 21:54:23,2025-09-02 21:54:30
2083,83,2,COMPLETED,10,2025-11-27 18:45:37,2025-11-27 18:45:47
2084,83,5,COMPLETED,10,2025-11-27 18:49:37,2025-11-27 18:49:47
2085,83,9,COMPLETED,6,2025-11-27 18:53:37,2025-11-27 18:53:43
2086,445,19,FAILED,6,2026-02-14 14:40:02,2026-02-14 14:40:08
2087,33,20,COMPLETED,12,2026-02-17 16:04:54,2026-02-17 16:05:06
2088,33,5,COMPLETED,6,2026-02-17 16:08:54,2026-02-17 16:09:00
2089,521,4,COMPLETED,8,2025-11-26 08:20:42,2025-11-26 08:20:50
2090,521,10,COMPLETED,8,2025-11-26 08:24:42,2025-11-26 08:24:50
2091,83,13,COMPLETED,4,2025-10-16 23:42:38,2025-10-16 23:42:42
2092,83,14,FAILED,13,2025-10-16 23:44:38,2025-10-16 23:44:51
2093,25,13,COMPLETED,10,2025-09-11 00:13:38,2025-09-11 00:13:48
2094,25,14,COMPLETED,13,2025-09-11 00:15:38,2025-09-11 00:15:51
2095,74,4,COMPLETED,10,2025-10-27 09:42:50,2025-10-27 09:43:00
2096,74,10,FAILED,14,2025-10-27 09:47:50,2025-10-27 09:48:04
2097,963,17,COMPLETED,5,2026-01-27 17:58:00,2026-01-27 17:58:05
2098,963,16,COMPLETED,5,2026-01-27 18:00:00,2026-01-27 18:00:05
2099,198,2,FAILED,5,2025-09-07 16:09:16,2025-09-07 16:09:21
2100,198,5,COMPLETED,12,2025-09-07 16:11:16,2025-09-07 16:11:28
2101,198,9,COMPLETED,6,2025-09-07 16:19:16,2025-09-07 16:19:22
2102,328,4,COMPLETED,7,2025-12-12 13:51:46,2025-12-12 13:51:53
2103,86,4,COMPLETED,8,2025-09-19 22:19:18,2025-09-19 22:19:26
2104,86,10,COMPLETED,7,2025-09-19 22:24:18,2025-09-19 22:24:25
2105,223,1,COMPLETED,14,2025-12-29 13:30:10,2025-12-29 13:30:24
2106,379,17,COMPLETED,4,2025-12-17 11:44:06,2025-12-17 11:44:10
2107,379,16,COMPLETED,9,2025-12-17 11:48:06,2025-12-17 11:48:15
2108,229,6,COMPLETED,10,2025-10-27 21:30:20,2025-10-27 21:30:30
2109,78,1,FAILED,11,2025-10-20 13:15:33,2025-10-20 13:15:44
2110,78,3,FAILED,3,2025-10-20 13:19:33,2025-10-20 13:19:36
2111,78,8,COMPLETED,5,2025-10-20 13:25:33,2025-10-20 13:25:38
2112,253,6,FAILED,5,2025-09-04 07:50:26,2025-09-04 07:50:31
2113,253,15,COMPLETED,11,2025-09-04 07:53:26,2025-09-04 07:53:37
2114,47,13,FAILED,5,2025-12-18 09:36:11,2025-12-18 09:36:16
2115,47,14,COMPLETED,8,2025-12-18 09:38:11,2025-12-18 09:38:19
2116,1102,6,COMPLETED,14,2026-01-27 00:30:44,2026-01-27 00:30:58
2117,349,1,COMPLETED,6,2026-01-28 00:39:11,2026-01-28 00:39:17
2118,349,3,COMPLETED,7,2026-01-28 00:43:11,2026-01-28 00:43:18
2119,349,8,COMPLETED,5,2026-01-28 00:47:11,2026-01-28 00:47:16
2120,79,19,COMPLETED,15,2026-01-16 04:10:22,2026-01-16 04:10:37
2121,79,23,COMPLETED,4,2026-01-16 04:15:22,2026-01-16 04:15:26
2122,79,8,COMPLETED,7,2026-01-16 04:16:22,2026-01-16 04:16:29
2123,316,4,COMPLETED,10,2026-02-21 00:16:40,2026-02-21 00:16:50
2124,316,10,COMPLETED,9,2026-02-21 00:20:40,2026-02-21 00:20:49
2125,885,20,COMPLETED,12,2025-09-10 06:10:36,2025-09-10 06:10:48
2126,133,20,COMPLETED,10,2025-09-20 03:46:54,2025-09-20 03:47:04
2127,133,5,COMPLETED,8,2025-09-20 03:51:54,2025-09-20 03:52:02
2128,264,1,COMPLETED,11,2025-10-25 17:01:10,2025-10-25 17:01:21
2129,264,3,COMPLETED,3,2025-10-25 17:05:10,2025-10-25 17:05:13
2130,264,8,COMPLETED,12,2025-10-25 17:07:10,2025-10-25 17:07:22
2131,10,6,COMPLETED,12,2025-10-02 09:48:28,2025-10-02 09:48:40
2132,10,15,COMPLETED,11,2025-10-02 09:53:28,2025-10-02 09:53:39
2133,135,17,COMPLETED,9,2025-11-16 11:40:51,2025-11-16 11:41:00
2134,135,16,COMPLETED,12,2025-11-16 11:44:51,2025-11-16 11:45:03
2135,42,13,COMPLETED,13,2026-01-29 13:56:06,2026-01-29 13:56:19
2136,42,14,FAILED,5,2026-01-29 13:59:06,2026-01-29 13:59:11
2137,27,6,COMPLETED,7,2026-02-28 12:53:36,2026-02-28 12:53:43
2138,27,15,COMPLETED,7,2026-02-28 12:55:36,2026-02-28 12:55:43
2139,70,13,FAILED,4,2025-11-01 06:20:03,2025-11-01 06:20:07
2140,70,14,COMPLETED,11,2025-11-01 06:23:03,2025-11-01 06:23:14
2141,19,6,COMPLETED,8,2025-09-23 21:51:21,2025-09-23 21:51:29
2142,20,13,COMPLETED,8,2026-01-20 13:10:37,2026-01-20 13:10:45
2143,20,14,COMPLETED,10,2026-01-20 13:14:37,2026-01-20 13:14:47
2144,202,10,COMPLETED,6,2026-02-25 18:49:56,2026-02-25 18:50:02
2145,1035,2,COMPLETED,4,2026-01-16 07:48:36,2026-01-16 07:48:40
2146,1035,5,COMPLETED,13,2026-01-16 07:53:36,2026-01-16 07:53:49
2147,1035,9,COMPLETED,6,2026-01-16 07:52:36,2026-01-16 07:52:42
2148,319,2,COMPLETED,14,2025-10-30 06:27:06,2025-10-30 06:27:20
2149,319,5,COMPLETED,5,2025-10-30 06:32:06,2025-10-30 06:32:11
2150,319,9,FAILED,9,2025-10-30 06:33:06,2025-10-30 06:33:15
2151,126,3,COMPLETED,7,2025-11-26 00:47:44,2025-11-26 00:47:51
2152,103,6,COMPLETED,11,2025-12-05 17:41:59,2025-12-05 17:42:10
2153,103,15,COMPLETED,7,2025-12-05 17:46:59,2025-12-05 17:47:06
2154,345,16,COMPLETED,4,2025-12-07 04:00:55,2025-12-07 04:00:59
2155,537,12,COMPLETED,7,2025-09-13 02:43:55,2025-09-13 02:44:02
2156,127,13,COMPLETED,9,2025-10-27 10:50:12,2025-10-27 10:50:21
2157,127,14,COMPLETED,12,2025-10-27 10:54:12,2025-10-27 10:54:24
2158,89,13,COMPLETED,5,2026-02-13 17:18:26,2026-02-13 17:18:31
2159,89,14,COMPLETED,9,2026-02-13 17:23:26,2026-02-13 17:23:35
2160,43,25,COMPLETED,8,2025-09-22 09:31:18,2025-09-22 09:31:26
2161,311,13,COMPLETED,9,2025-11-24 00:42:24,2025-11-24 00:42:33
2162,311,14,COMPLETED,3,2025-11-24 00:45:24,2025-11-24 00:45:27
2163,109,15,COMPLETED,11,2026-03-11 16:43:53,2026-03-11 16:44:04
2164,70,13,COMPLETED,4,2026-03-26 01:09:35,2026-03-26 01:09:39
2165,70,14,COMPLETED,10,2026-03-26 01:13:35,2026-03-26 01:13:45
2166,60,17,FAILED,4,2025-11-25 15:50:34,2025-11-25 15:50:38
2167,724,13,COMPLETED,7,2026-03-21 12:02:19,2026-03-21 12:02:26
2168,724,14,COMPLETED,12,2026-03-21 12:07:19,2026-03-21 12:07:31
2169,225,23,COMPLETED,10,2026-02-14 16:57:29,2026-02-14 16:57:39
2170,300,17,COMPLETED,7,2025-09-10 15:56:46,2025-09-10 15:56:53
2171,300,16,COMPLETED,3,2025-09-10 15:58:46,2025-09-10 15:58:49
2172,897,19,COMPLETED,14,2025-12-23 15:31:34,2025-12-23 15:31:48
2173,897,23,COMPLETED,7,2025-12-23 15:33:34,2025-12-23 15:33:41
2174,897,8,COMPLETED,9,2025-12-23 15:41:34,2025-12-23 15:41:43
2175,326,4,COMPLETED,5,2025-11-27 00:08:40,2025-11-27 00:08:45
2176,326,10,COMPLETED,12,2025-11-27 00:13:40,2025-11-27 00:13:52
2177,11,19,COMPLETED,8,2025-09-15 18:44:44,2025-09-15 18:44:52
2178,11,23,COMPLETED,12,2025-09-15 18:46:44,2025-09-15 18:46:56
2179,11,8,COMPLETED,9,2025-09-15 18:48:44,2025-09-15 18:48:53
2180,385,6,COMPLETED,12,2025-11-18 18:26:48,2025-11-18 18:27:00
2181,57,3,COMPLETED,7,2025-12-25 05:34:59,2025-12-25 05:35:06
2182,284,6,FAILED,9,2026-03-18 01:54:01,2026-03-18 01:54:10
2183,284,15,COMPLETED,12,2026-03-18 01:56:01,2026-03-18 01:56:13
2184,808,25,COMPLETED,6,2025-10-06 20:02:29,2025-10-06 20:02:35
2185,139,4,COMPLETED,7,2026-02-26 01:22:32,2026-02-26 01:22:39
2186,139,10,COMPLETED,13,2026-02-26 01:26:32,2026-02-26 01:26:45
2187,58,19,COMPLETED,7,2025-09-04 07:20:27,2025-09-04 07:20:34
2188,58,23,COMPLETED,11,2025-09-04 07:25:27,2025-09-04 07:25:38
2189,58,8,FAILED,6,2025-09-04 07:28:27,2025-09-04 07:28:33
2190,302,2,COMPLETED,8,2025-10-21 16:10:21,2025-10-21 16:10:29
2191,302,5,COMPLETED,11,2025-10-21 16:12:21,2025-10-21 16:12:32
2192,302,9,COMPLETED,6,2025-10-21 16:14:21,2025-10-21 16:14:27
2193,287,17,COMPLETED,4,2026-01-04 04:26:01,2026-01-04 04:26:05
2194,287,16,COMPLETED,3,2026-01-04 04:31:01,2026-01-04 04:31:04
2195,125,10,COMPLETED,7,2025-11-03 01:04:24,2025-11-03 01:04:31
2196,27,8,COMPLETED,10,2025-09-30 19:48:03,2025-09-30 19:48:13
2197,35,19,FAILED,7,2026-03-11 17:37:05,2026-03-11 17:37:12
2198,10,17,COMPLETED,12,2025-09-14 00:45:19,2025-09-14 00:45:31
2199,10,16,COMPLETED,11,2025-09-14 00:48:19,2025-09-14 00:48:30
2200,301,20,COMPLETED,10,2025-10-13 04:44:25,2025-10-13 04:44:35
2201,301,5,COMPLETED,7,2025-10-13 04:49:25,2025-10-13 04:49:32
2202,1185,22,FAILED,9,2026-03-12 12:23:04,2026-03-12 12:23:13
2203,295,16,FAILED,6,2025-11-17 15:23:27,2025-11-17 15:23:33
2204,144,20,COMPLETED,6,2025-09-20 14:34:49,2025-09-20 14:34:55
2205,144,5,COMPLETED,6,2025-09-20 14:36:49,2025-09-20 14:36:55
2206,97,7,COMPLETED,13,2026-02-08 17:06:36,2026-02-08 17:06:49
2207,663,19,COMPLETED,7,2025-12-01 12:27:31,2025-12-01 12:27:38
2208,663,23,COMPLETED,13,2025-12-01 12:30:31,2025-12-01 12:30:44
2209,663,8,COMPLETED,14,2025-12-01 12:31:31,2025-12-01 12:31:45
2210,169,13,COMPLETED,14,2025-12-04 11:43:06,2025-12-04 11:43:20
2211,21,23,COMPLETED,5,2025-12-28 01:05:42,2025-12-28 01:05:47
2212,112,24,COMPLETED,7,2025-11-22 16:49:51,2025-11-22 16:49:58
2213,289,5,COMPLETED,5,2025-10-19 19:08:44,2025-10-19 19:08:49
2214,215,4,COMPLETED,8,2026-01-16 00:00:16,2026-01-16 00:00:24
2215,71,20,COMPLETED,10,2026-02-02 20:28:05,2026-02-02 20:28:15
2216,71,5,COMPLETED,10,2026-02-02 20:30:05,2026-02-02 20:30:15
2217,98,1,COMPLETED,15,2025-11-13 01:24:06,2025-11-13 01:24:21
2218,98,3,FAILED,8,2025-11-13 01:29:06,2025-11-13 01:29:14
2219,98,8,COMPLETED,4,2025-11-13 01:30:06,2025-11-13 01:30:10
2220,956,19,COMPLETED,7,2025-12-18 11:43:59,2025-12-18 11:44:06
2221,956,23,COMPLETED,5,2025-12-18 11:47:59,2025-12-18 11:48:04
2222,956,8,COMPLETED,4,2025-12-18 11:51:59,2025-12-18 11:52:03
2223,303,6,COMPLETED,4,2025-12-12 00:59:38,2025-12-12 00:59:42
2224,303,15,COMPLETED,6,2025-12-12 01:01:38,2025-12-12 01:01:44
2225,4,1,COMPLETED,10,2026-03-04 00:04:25,2026-03-04 00:04:35
2226,4,3,COMPLETED,5,2026-03-04 00:07:25,2026-03-04 00:07:30
2227,4,8,COMPLETED,14,2026-03-04 00:08:25,2026-03-04 00:08:39
2228,1022,13,COMPLETED,11,2025-12-11 23:01:37,2025-12-11 23:01:48
2229,405,23,COMPLETED,8,2025-11-18 23:29:01,2025-11-18 23:29:09
2230,348,20,COMPLETED,7,2026-01-26 00:50:18,2026-01-26 00:50:25
2231,348,5,COMPLETED,8,2026-01-26 00:54:18,2026-01-26 00:54:26
2232,172,22,COMPLETED,13,2026-01-06 14:23:59,2026-01-06 14:24:12
2233,90,22,COMPLETED,13,2026-03-06 23:13:04,2026-03-06 23:13:17
2234,1136,17,COMPLETED,3,2026-03-25 03:28:34,2026-03-25 03:28:37
2235,1136,16,COMPLETED,13,2026-03-25 03:32:34,2026-03-25 03:32:47
2236,343,4,COMPLETED,5,2026-01-31 23:45:25,2026-01-31 23:45:30
2237,343,10,COMPLETED,7,2026-01-31 23:49:25,2026-01-31 23:49:32
2238,151,1,COMPLETED,14,2025-11-15 03:38:07,2025-11-15 03:38:21
2239,201,16,COMPLETED,3,2025-11-28 14:22:14,2025-11-28 14:22:17
2240,977,17,COMPLETED,3,2025-10-08 15:15:46,2025-10-08 15:15:49
2241,977,16,FAILED,9,2025-10-08 15:19:46,2025-10-08 15:19:55
2242,20,4,COMPLETED,6,2026-02-08 02:22:27,2026-02-08 02:22:33
2243,20,10,COMPLETED,11,2026-02-08 02:25:27,2026-02-08 02:25:38
2244,855,20,COMPLETED,12,2026-01-14 07:13:33,2026-01-14 07:13:45
2245,855,5,COMPLETED,9,2026-01-14 07:16:33,2026-01-14 07:16:42
2246,78,1,COMPLETED,9,2026-03-14 22:00:24,2026-03-14 22:00:33
2247,78,3,COMPLETED,10,2026-03-14 22:04:24,2026-03-14 22:04:34
2248,78,8,COMPLETED,7,2026-03-14 22:06:24,2026-03-14 22:06:31
2249,1194,22,COMPLETED,7,2025-12-14 06:17:54,2025-12-14 06:18:01
2250,78,20,COMPLETED,6,2025-11-07 17:02:28,2025-11-07 17:02:34
2251,78,5,COMPLETED,4,2025-11-07 17:04:28,2025-11-07 17:04:32
2252,71,14,COMPLETED,13,2026-01-25 11:59:59,2026-01-25 12:00:12
2253,954,23,COMPLETED,7,2025-10-28 06:44:28,2025-10-28 06:44:35
2254,69,1,COMPLETED,7,2026-02-27 13:37:19,2026-02-27 13:37:26
2255,69,3,COMPLETED,6,2026-02-27 13:40:19,2026-02-27 13:40:25
2256,69,8,FAILED,10,2026-02-27 13:43:19,2026-02-27 13:43:29
2257,56,17,COMPLETED,7,2026-03-01 09:05:59,2026-03-01 09:06:06
2258,56,16,COMPLETED,4,2026-03-01 09:08:59,2026-03-01 09:09:03
2259,768,16,COMPLETED,11,2026-02-24 00:39:57,2026-02-24 00:40:08
2260,143,15,COMPLETED,4,2026-01-23 23:15:57,2026-01-23 23:16:01
2261,217,4,COMPLETED,12,2025-10-31 18:28:53,2025-10-31 18:29:05
2262,217,10,COMPLETED,12,2025-10-31 18:30:53,2025-10-31 18:31:05
2263,110,4,COMPLETED,11,2025-10-02 18:44:35,2025-10-02 18:44:46
2264,110,10,COMPLETED,10,2025-10-02 18:47:35,2025-10-02 18:47:45
2265,842,20,FAILED,7,2025-12-14 00:43:41,2025-12-14 00:43:48
2266,842,5,COMPLETED,6,2025-12-14 00:48:41,2025-12-14 00:48:47
2267,168,2,COMPLETED,7,2026-01-03 01:25:03,2026-01-03 01:25:10
2268,168,5,FAILED,7,2026-01-03 01:30:03,2026-01-03 01:30:10
2269,168,9,COMPLETED,8,2026-01-03 01:31:03,2026-01-03 01:31:11
2270,24,20,COMPLETED,11,2026-01-29 12:38:12,2026-01-29 12:38:23
2271,24,5,COMPLETED,11,2026-01-29 12:43:12,2026-01-29 12:43:23
2272,56,6,COMPLETED,10,2025-11-11 07:11:27,2025-11-11 07:11:37
2273,56,15,COMPLETED,13,2025-11-11 07:15:27,2025-11-11 07:15:40
2274,55,17,COMPLETED,8,2026-01-16 02:03:34,2026-01-16 02:03:42
2275,55,16,COMPLETED,10,2026-01-16 02:07:34,2026-01-16 02:07:44
2276,301,2,COMPLETED,11,2026-02-24 11:06:30,2026-02-24 11:06:41
2277,301,5,COMPLETED,10,2026-02-24 11:09:30,2026-02-24 11:09:40
2278,301,9,COMPLETED,10,2026-02-24 11:16:30,2026-02-24 11:16:40
2279,195,19,COMPLETED,9,2025-12-02 23:05:52,2025-12-02 23:06:01
2280,195,23,COMPLETED,10,2025-12-02 23:07:52,2025-12-02 23:08:02
2281,195,8,FAILED,10,2025-12-02 23:11:52,2025-12-02 23:12:02
2282,364,4,COMPLETED,11,2025-11-07 22:52:36,2025-11-07 22:52:47
2283,970,13,COMPLETED,4,2025-12-29 20:41:27,2025-12-29 20:41:31
2284,970,14,FAILED,14,2025-12-29 20:44:27,2025-12-29 20:44:41
2285,397,19,COMPLETED,7,2025-10-01 22:04:37,2025-10-01 22:04:44
2286,18,13,FAILED,5,2026-01-07 10:14:36,2026-01-07 10:14:41
2287,18,14,FAILED,4,2026-01-07 10:17:36,2026-01-07 10:17:40
2288,35,16,COMPLETED,7,2026-02-03 20:43:50,2026-02-03 20:43:57
2289,208,19,COMPLETED,6,2025-12-20 23:04:57,2025-12-20 23:05:03
2290,208,23,COMPLETED,12,2025-12-20 23:09:57,2025-12-20 23:10:09
2291,208,8,COMPLETED,7,2025-12-20 23:08:57,2025-12-20 23:09:04
2292,364,4,COMPLETED,11,2026-01-01 00:56:31,2026-01-01 00:56:42
2293,364,10,COMPLETED,14,2026-01-01 01:01:31,2026-01-01 01:01:45
2294,158,17,COMPLETED,13,2026-03-09 20:31:22,2026-03-09 20:31:35
2295,248,4,COMPLETED,7,2025-11-16 08:49:48,2025-11-16 08:49:55
2296,67,2,FAILED,4,2026-02-28 04:32:27,2026-02-28 04:32:31
2297,67,5,COMPLETED,6,2026-02-28 04:34:27,2026-02-28 04:34:33
2298,67,9,COMPLETED,11,2026-02-28 04:40:27,2026-02-28 04:40:38
2299,661,19,COMPLETED,15,2025-11-23 12:28:35,2025-11-23 12:28:50
2300,933,13,COMPLETED,7,2026-01-12 03:54:39,2026-01-12 03:54:46
2301,933,14,COMPLETED,6,2026-01-12 03:59:39,2026-01-12 03:59:45
2302,155,20,COMPLETED,7,2025-09-15 19:52:20,2025-09-15 19:52:27
2303,155,5,COMPLETED,11,2025-09-15 19:54:20,2025-09-15 19:54:31
2304,241,20,COMPLETED,11,2026-01-10 11:21:29,2026-01-10 11:21:40
2305,84,6,COMPLETED,5,2025-09-29 11:17:27,2025-09-29 11:17:32
2306,84,15,FAILED,10,2025-09-29 11:19:27,2025-09-29 11:19:37
2307,209,4,COMPLETED,7,2025-11-22 10:12:14,2025-11-22 10:12:21
2308,209,10,COMPLETED,8,2025-11-22 10:16:14,2025-11-22 10:16:22
2309,19,4,COMPLETED,10,2025-12-05 17:28:14,2025-12-05 17:28:24
2310,19,10,COMPLETED,5,2025-12-05 17:31:14,2025-12-05 17:31:19
2311,84,13,COMPLETED,10,2026-02-06 20:39:49,2026-02-06 20:39:59
2312,84,14,COMPLETED,5,2026-02-06 20:43:49,2026-02-06 20:43:54
2313,114,3,FAILED,9,2026-03-29 17:15:29,2026-03-29 17:15:38
2314,364,6,COMPLETED,8,2025-09-23 00:07:02,2025-09-23 00:07:10
2315,364,15,COMPLETED,6,2025-09-23 00:11:02,2025-09-23 00:11:08
2316,137,20,COMPLETED,7,2026-01-27 12:48:48,2026-01-27 12:48:55
2317,137,5,COMPLETED,3,2026-01-27 12:50:48,2026-01-27 12:50:51
2318,580,6,COMPLETED,6,2026-01-14 15:52:27,2026-01-14 15:52:33
2319,580,15,COMPLETED,7,2026-01-14 15:56:27,2026-01-14 15:56:34
2320,31,13,COMPLETED,12,2026-02-22 07:06:47,2026-02-22 07:06:59
2321,31,14,COMPLETED,4,2026-02-22 07:09:47,2026-02-22 07:09:51
2322,111,12,COMPLETED,13,2026-03-23 11:17:20,2026-03-23 11:17:33
2323,167,2,COMPLETED,12,2026-01-06 05:36:58,2026-01-06 05:37:10
2324,167,5,COMPLETED,12,2026-01-06 05:38:58,2026-01-06 05:39:10
2325,167,9,COMPLETED,11,2026-01-06 05:42:58,2026-01-06 05:43:09
2326,238,13,COMPLETED,10,2026-01-12 04:54:03,2026-01-12 04:54:13
2327,238,14,COMPLETED,7,2026-01-12 04:56:03,2026-01-12 04:56:10
2328,79,15,COMPLETED,9,2026-03-04 23:58:57,2026-03-04 23:59:06
2329,396,22,COMPLETED,8,2026-01-21 00:25:18,2026-01-21 00:25:26
2330,63,21,FAILED,5,2026-01-22 05:25:29,2026-01-22 05:25:34
2331,545,19,COMPLETED,9,2026-02-06 23:45:41,2026-02-06 23:45:50
2332,587,6,COMPLETED,7,2026-02-17 03:04:40,2026-02-17 03:04:47
2333,587,15,COMPLETED,12,2026-02-17 03:09:40,2026-02-17 03:09:52
2334,22,8,COMPLETED,4,2026-02-14 20:40:00,2026-02-14 20:40:04
2335,59,1,FAILED,14,2026-03-21 21:34:26,2026-03-21 21:34:40
2336,59,3,COMPLETED,8,2026-03-21 21:38:26,2026-03-21 21:38:34
2337,59,8,COMPLETED,12,2026-03-21 21:42:26,2026-03-21 21:42:38
2338,207,20,COMPLETED,14,2025-11-25 23:27:18,2025-11-25 23:27:32
2339,207,5,COMPLETED,7,2025-11-25 23:32:18,2025-11-25 23:32:25
2340,22,17,FAILED,7,2025-12-26 05:33:48,2025-12-26 05:33:55
2341,22,16,COMPLETED,6,2025-12-26 05:38:48,2025-12-26 05:38:54
2342,871,20,COMPLETED,13,2026-01-04 08:47:23,2026-01-04 08:47:36
2343,871,5,COMPLETED,8,2026-01-04 08:52:23,2026-01-04 08:52:31
2344,338,23,COMPLETED,4,2025-12-21 02:48:47,2025-12-21 02:48:51
2345,553,20,FAILED,11,2026-03-05 06:29:20,2026-03-05 06:29:31
2346,553,5,COMPLETED,4,2026-03-05 06:33:20,2026-03-05 06:33:24
2347,204,7,COMPLETED,4,2025-11-20 23:52:39,2025-11-20 23:52:43
2348,130,5,COMPLETED,9,2025-12-04 08:03:32,2025-12-04 08:03:41
2349,167,6,COMPLETED,3,2025-12-05 20:54:10,2025-12-05 20:54:13
2350,167,15,COMPLETED,4,2025-12-05 20:56:10,2025-12-05 20:56:14
2351,74,17,FAILED,10,2025-12-29 19:38:41,2025-12-29 19:38:51
2352,74,16,COMPLETED,11,2025-12-29 19:40:41,2025-12-29 19:40:52
2353,84,13,COMPLETED,11,2026-03-01 14:11:54,2026-03-01 14:12:05
2354,84,14,COMPLETED,9,2026-03-01 14:15:54,2026-03-01 14:16:03
2355,45,17,COMPLETED,13,2026-02-03 05:57:37,2026-02-03 05:57:50
2356,45,16,COMPLETED,6,2026-02-03 06:00:37,2026-02-03 06:00:43
2357,925,13,COMPLETED,4,2026-03-26 02:17:30,2026-03-26 02:17:34
2358,925,14,COMPLETED,8,2026-03-26 02:20:30,2026-03-26 02:20:38
2359,74,17,COMPLETED,13,2025-10-06 09:33:05,2025-10-06 09:33:18
2360,74,16,FAILED,6,2025-10-06 09:35:05,2025-10-06 09:35:11
2361,68,4,COMPLETED,11,2026-01-30 23:21:56,2026-01-30 23:22:07
2362,68,10,COMPLETED,11,2026-01-30 23:26:56,2026-01-30 23:27:07
2363,356,17,COMPLETED,13,2025-11-07 16:22:15,2025-11-07 16:22:28
2364,356,16,COMPLETED,9,2025-11-07 16:26:15,2025-11-07 16:26:24
2365,621,17,COMPLETED,9,2025-11-21 05:46:03,2025-11-21 05:46:12
2366,719,17,COMPLETED,8,2025-11-08 11:26:35,2025-11-08 11:26:43
2367,719,16,COMPLETED,6,2025-11-08 11:28:35,2025-11-08 11:28:41
2368,20,7,COMPLETED,13,2025-12-30 03:18:12,2025-12-30 03:18:25
2369,724,24,FAILED,6,2025-09-21 12:52:52,2025-09-21 12:52:58
2370,89,4,COMPLETED,5,2026-02-04 06:58:21,2026-02-04 06:58:26
2371,89,10,COMPLETED,6,2026-02-04 07:02:21,2026-02-04 07:02:27
2372,313,13,COMPLETED,8,2026-02-06 12:00:16,2026-02-06 12:00:24
2373,313,14,COMPLETED,5,2026-02-06 12:04:16,2026-02-06 12:04:21
2374,1017,1,COMPLETED,6,2025-12-26 15:41:40,2025-12-26 15:41:46
2375,1017,3,COMPLETED,12,2025-12-26 15:46:40,2025-12-26 15:46:52
2376,1017,8,COMPLETED,6,2025-12-26 15:47:40,2025-12-26 15:47:46
2377,228,2,COMPLETED,13,2025-10-20 05:54:00,2025-10-20 05:54:13
2378,228,5,COMPLETED,13,2025-10-20 05:59:00,2025-10-20 05:59:13
2379,228,9,COMPLETED,15,2025-10-20 05:58:00,2025-10-20 05:58:15
2380,1011,6,FAILED,11,2026-01-15 22:02:07,2026-01-15 22:02:18
2381,1011,15,COMPLETED,6,2026-01-15 22:06:07,2026-01-15 22:06:13
2382,1018,3,COMPLETED,4,2025-10-27 13:08:58,2025-10-27 13:09:02
2383,45,13,FAILED,6,2026-02-06 16:10:43,2026-02-06 16:10:49
2384,164,16,COMPLETED,4,2026-02-03 15:15:13,2026-02-03 15:15:17
2385,26,19,COMPLETED,11,2026-03-15 13:17:02,2026-03-15 13:17:13
2386,723,8,COMPLETED,9,2026-02-15 21:04:51,2026-02-15 21:05:00
2387,1148,20,COMPLETED,4,2025-12-02 15:06:18,2025-12-02 15:06:22
2388,1148,5,COMPLETED,8,2025-12-02 15:08:18,2025-12-02 15:08:26
2389,292,3,COMPLETED,7,2026-02-22 00:21:36,2026-02-22 00:21:43
2390,241,18,COMPLETED,12,2026-01-04 15:20:09,2026-01-04 15:20:21
2391,1072,6,COMPLETED,4,2025-11-12 07:31:44,2025-11-12 07:31:48
2392,1072,15,COMPLETED,12,2025-11-12 07:35:44,2025-11-12 07:35:56
2393,233,20,COMPLETED,12,2026-01-29 09:42:39,2026-01-29 09:42:51
2394,233,5,COMPLETED,5,2026-01-29 09:45:39,2026-01-29 09:45:44
2395,47,20,COMPLETED,11,2026-01-22 12:42:48,2026-01-22 12:42:59
2396,47,5,COMPLETED,12,2026-01-22 12:47:48,2026-01-22 12:48:00
2397,1121,19,COMPLETED,10,2025-12-19 08:33:35,2025-12-19 08:33:45
2398,1121,23,COMPLETED,8,2025-12-19 08:37:35,2025-12-19 08:37:43
2399,1121,8,COMPLETED,8,2025-12-19 08:43:35,2025-12-19 08:43:43
2400,140,17,COMPLETED,8,2025-11-25 09:17:51,2025-11-25 09:17:59
2401,140,16,COMPLETED,8,2025-11-25 09:21:51,2025-11-25 09:21:59
2402,309,20,COMPLETED,11,2026-02-19 10:41:13,2026-02-19 10:41:24
2403,309,5,COMPLETED,9,2026-02-19 10:43:13,2026-02-19 10:43:22
2404,340,13,COMPLETED,13,2025-10-31 14:53:01,2025-10-31 14:53:14
2405,340,14,COMPLETED,10,2025-10-31 14:58:01,2025-10-31 14:58:11
2406,15,17,FAILED,4,2025-11-05 01:56:05,2025-11-05 01:56:09
2407,101,4,COMPLETED,9,2025-12-04 13:25:22,2025-12-04 13:25:31
2408,101,10,COMPLETED,12,2025-12-04 13:27:22,2025-12-04 13:27:34
2409,81,13,COMPLETED,8,2026-02-24 04:42:51,2026-02-24 04:42:59
2410,19,12,COMPLETED,9,2025-10-30 19:31:36,2025-10-30 19:31:45
2411,392,1,COMPLETED,11,2025-11-24 19:19:16,2025-11-24 19:19:27
2412,392,3,COMPLETED,8,2025-11-24 19:23:16,2025-11-24 19:23:24
2413,392,8,FAILED,11,2025-11-24 19:29:16,2025-11-24 19:29:27
2414,25,3,COMPLETED,5,2025-10-10 04:34:45,2025-10-10 04:34:50
2415,304,2,COMPLETED,12,2025-11-04 11:52:53,2025-11-04 11:53:05
2416,304,5,COMPLETED,9,2025-11-04 11:56:53,2025-11-04 11:57:02
2417,304,9,COMPLETED,8,2025-11-04 11:56:53,2025-11-04 11:57:01
2418,92,19,COMPLETED,14,2026-02-16 01:41:13,2026-02-16 01:41:27
2419,92,23,COMPLETED,5,2026-02-16 01:43:13,2026-02-16 01:43:18
2420,92,8,COMPLETED,5,2026-02-16 01:49:13,2026-02-16 01:49:18
2421,100,4,COMPLETED,13,2025-12-08 07:14:39,2025-12-08 07:14:52
2422,100,10,COMPLETED,9,2025-12-08 07:17:39,2025-12-08 07:17:48
2423,107,21,COMPLETED,15,2026-02-22 20:38:03,2026-02-22 20:38:18
2424,46,17,COMPLETED,9,2025-10-27 11:27:55,2025-10-27 11:28:04
2425,46,16,COMPLETED,10,2025-10-27 11:31:55,2025-10-27 11:32:05
2426,563,9,COMPLETED,15,2026-03-06 02:11:15,2026-03-06 02:11:30
2427,1,13,COMPLETED,13,2025-09-08 10:02:09,2025-09-08 10:02:22
2428,1,14,COMPLETED,9,2025-09-08 10:05:09,2025-09-08 10:05:18
2429,239,13,FAILED,5,2025-11-30 02:08:16,2025-11-30 02:08:21
2430,239,14,COMPLETED,5,2025-11-30 02:13:16,2025-11-30 02:13:21
2431,11,13,COMPLETED,8,2026-01-28 03:50:49,2026-01-28 03:50:57
2432,11,14,COMPLETED,7,2026-01-28 03:55:49,2026-01-28 03:55:56
2433,512,4,COMPLETED,10,2026-02-13 02:01:18,2026-02-13 02:01:28
2434,512,10,FAILED,8,2026-02-13 02:06:18,2026-02-13 02:06:26
2435,26,17,COMPLETED,8,2025-11-23 07:11:13,2025-11-23 07:11:21
2436,26,16,COMPLETED,7,2025-11-23 07:15:13,2025-11-23 07:15:20
2437,385,2,COMPLETED,3,2026-02-09 03:11:30,2026-02-09 03:11:33
2438,385,5,COMPLETED,9,2026-02-09 03:16:30,2026-02-09 03:16:39
2439,385,9,COMPLETED,7,2026-02-09 03:17:30,2026-02-09 03:17:37
2440,353,16,COMPLETED,12,2025-12-02 11:39:09,2025-12-02 11:39:21
2441,1017,6,COMPLETED,8,2025-10-24 06:25:32,2025-10-24 06:25:40
2442,1017,15,COMPLETED,13,2025-10-24 06:30:32,2025-10-24 06:30:45
2443,45,10,COMPLETED,11,2025-12-10 16:34:34,2025-12-10 16:34:45
2444,55,9,FAILED,10,2026-03-01 07:02:45,2026-03-01 07:02:55
2445,137,1,FAILED,14,2026-02-23 03:39:35,2026-02-23 03:39:49
2446,137,3,COMPLETED,11,2026-02-23 03:44:35,2026-02-23 03:44:46
2447,137,8,COMPLETED,12,2026-02-23 03:47:35,2026-02-23 03:47:47
2448,73,4,FAILED,13,2025-12-14 00:16:30,2025-12-14 00:16:43
2449,534,19,COMPLETED,13,2025-12-23 09:03:39,2025-12-23 09:03:52
2450,534,23,COMPLETED,11,2025-12-23 09:08:39,2025-12-23 09:08:50
2451,534,8,COMPLETED,8,2025-12-23 09:07:39,2025-12-23 09:07:47
2452,737,13,COMPLETED,6,2026-01-26 15:40:37,2026-01-26 15:40:43
2453,737,14,COMPLETED,8,2026-01-26 15:44:37,2026-01-26 15:44:45
2454,310,4,COMPLETED,14,2026-02-17 20:10:56,2026-02-17 20:11:10
2455,310,10,COMPLETED,6,2026-02-17 20:15:56,2026-02-17 20:16:02
2456,298,2,COMPLETED,13,2025-09-21 22:44:39,2025-09-21 22:44:52
2457,298,5,COMPLETED,4,2025-09-21 22:46:39,2025-09-21 22:46:43
2458,298,9,COMPLETED,5,2025-09-21 22:54:39,2025-09-21 22:54:44
2459,34,19,COMPLETED,8,2025-09-27 17:47:56,2025-09-27 17:48:04
2460,34,23,COMPLETED,13,2025-09-27 17:51:56,2025-09-27 17:52:09
2461,34,8,COMPLETED,5,2025-09-27 17:51:56,2025-09-27 17:52:01
2462,104,4,COMPLETED,6,2025-12-08 20:51:09,2025-12-08 20:51:15
2463,104,10,COMPLETED,14,2025-12-08 20:54:09,2025-12-08 20:54:23
2464,275,11,COMPLETED,4,2025-09-05 23:14:13,2025-09-05 23:14:17
2465,110,1,FAILED,10,2026-03-14 15:17:33,2026-03-14 15:17:43
2466,110,3,COMPLETED,13,2026-03-14 15:22:33,2026-03-14 15:22:46
2467,110,8,COMPLETED,10,2026-03-14 15:23:33,2026-03-14 15:23:43
2468,798,1,COMPLETED,14,2026-02-17 11:55:46,2026-02-17 11:56:00
2469,192,8,COMPLETED,10,2026-01-29 07:25:07,2026-01-29 07:25:17
2470,392,19,COMPLETED,9,2026-02-23 13:23:02,2026-02-23 13:23:11
2471,392,23,COMPLETED,7,2026-02-23 13:25:02,2026-02-23 13:25:09
2472,392,8,COMPLETED,6,2026-02-23 13:27:02,2026-02-23 13:27:08
2473,192,12,COMPLETED,11,2026-02-26 08:30:09,2026-02-26 08:30:20
2474,283,19,COMPLETED,7,2026-01-31 15:36:46,2026-01-31 15:36:53
2475,283,23,COMPLETED,7,2026-01-31 15:39:46,2026-01-31 15:39:53
2476,283,8,COMPLETED,3,2026-01-31 15:44:46,2026-01-31 15:44:49
2477,135,6,FAILED,11,2026-02-07 14:13:04,2026-02-07 14:13:15
2478,503,15,COMPLETED,10,2026-02-09 23:52:26,2026-02-09 23:52:36
2479,67,19,FAILED,7,2026-01-15 23:04:09,2026-01-15 23:04:16
2480,67,23,COMPLETED,6,2026-01-15 23:09:09,2026-01-15 23:09:15
2481,67,8,COMPLETED,6,2026-01-15 23:10:09,2026-01-15 23:10:15
2482,293,20,COMPLETED,9,2025-11-29 13:45:13,2025-11-29 13:45:22
2483,293,5,COMPLETED,5,2025-11-29 13:49:13,2025-11-29 13:49:18
2484,179,6,COMPLETED,4,2026-01-31 11:43:36,2026-01-31 11:43:40
2485,179,15,COMPLETED,11,2026-01-31 11:47:36,2026-01-31 11:47:47
2486,106,1,COMPLETED,10,2025-12-05 16:56:58,2025-12-05 16:57:08
2487,106,3,COMPLETED,4,2025-12-05 17:01:58,2025-12-05 17:02:02
2488,106,8,COMPLETED,6,2025-12-05 17:06:58,2025-12-05 17:07:04
2489,392,4,FAILED,10,2025-10-21 20:15:35,2025-10-21 20:15:45
2490,392,10,COMPLETED,13,2025-10-21 20:20:35,2025-10-21 20:20:48
2491,275,19,COMPLETED,11,2026-03-08 07:32:38,2026-03-08 07:32:49
2492,275,23,COMPLETED,10,2026-03-08 07:34:38,2026-03-08 07:34:48
2493,275,8,COMPLETED,4,2026-03-08 07:38:38,2026-03-08 07:38:42
2494,377,13,FAILED,3,2025-12-18 17:15:23,2025-12-18 17:15:26
2495,377,14,COMPLETED,12,2025-12-18 17:20:23,2025-12-18 17:20:35
2496,42,13,COMPLETED,9,2025-09-27 19:12:40,2025-09-27 19:12:49
2497,42,14,COMPLETED,10,2025-09-27 19:17:40,2025-09-27 19:17:50
2498,251,4,COMPLETED,8,2026-01-12 00:26:58,2026-01-12 00:27:06
2499,251,10,COMPLETED,14,2026-01-12 00:28:58,2026-01-12 00:29:12
2500,41,17,COMPLETED,5,2026-03-08 20:30:12,2026-03-08 20:30:17
2501,41,16,COMPLETED,13,2026-03-08 20:35:12,2026-03-08 20:35:25
2502,23,6,COMPLETED,3,2025-11-28 09:05:11,2025-11-28 09:05:14
2503,23,15,COMPLETED,5,2025-11-28 09:08:11,2025-11-28 09:08:16
2504,1094,4,COMPLETED,5,2026-01-23 18:51:45,2026-01-23 18:51:50
2505,200,2,COMPLETED,13,2026-02-26 18:45:40,2026-02-26 18:45:53
2506,200,5,COMPLETED,4,2026-02-26 18:50:40,2026-02-26 18:50:44
2507,200,9,COMPLETED,12,2026-02-26 18:55:40,2026-02-26 18:55:52
2508,846,13,COMPLETED,13,2026-01-14 01:49:18,2026-01-14 01:49:31
2509,846,14,COMPLETED,8,2026-01-14 01:54:18,2026-01-14 01:54:26
2510,239,6,COMPLETED,14,2026-02-27 08:00:52,2026-02-27 08:01:06
2511,88,21,COMPLETED,12,2026-02-10 23:08:30,2026-02-10 23:08:42
2512,162,13,FAILED,10,2025-12-22 04:12:15,2025-12-22 04:12:25
2513,70,9,COMPLETED,6,2025-10-04 03:51:48,2025-10-04 03:51:54
2514,56,2,COMPLETED,4,2025-12-08 09:28:56,2025-12-08 09:29:00
2515,56,5,COMPLETED,12,2025-12-08 09:31:56,2025-12-08 09:32:08
2516,56,9,COMPLETED,8,2025-12-08 09:36:56,2025-12-08 09:37:04
2517,1089,22,COMPLETED,14,2026-01-04 18:58:08,2026-01-04 18:58:22
2518,51,6,COMPLETED,7,2026-02-15 19:47:08,2026-02-15 19:47:15
2519,273,1,COMPLETED,12,2026-02-06 14:03:36,2026-02-06 14:03:48
2520,273,3,COMPLETED,4,2026-02-06 14:06:36,2026-02-06 14:06:40
2521,273,8,COMPLETED,6,2026-02-06 14:11:36,2026-02-06 14:11:42
2522,450,17,COMPLETED,13,2026-02-16 10:37:17,2026-02-16 10:37:30
2523,450,16,COMPLETED,6,2026-02-16 10:39:17,2026-02-16 10:39:23
2524,367,4,COMPLETED,9,2025-11-08 02:37:14,2025-11-08 02:37:23
2525,367,10,COMPLETED,8,2025-11-08 02:42:14,2025-11-08 02:42:22
2526,1158,6,COMPLETED,11,2026-02-12 15:35:00,2026-02-12 15:35:11
2527,1158,15,COMPLETED,5,2026-02-12 15:38:00,2026-02-12 15:38:05
2528,40,16,COMPLETED,13,2025-11-07 14:38:07,2025-11-07 14:38:20
2529,81,6,COMPLETED,6,2026-02-14 14:08:53,2026-02-14 14:08:59
2530,81,15,COMPLETED,4,2026-02-14 14:12:53,2026-02-14 14:12:57
2531,513,4,COMPLETED,10,2025-09-30 14:28:40,2025-09-30 14:28:50
2532,513,10,COMPLETED,6,2025-09-30 14:32:40,2025-09-30 14:32:46
2533,223,19,COMPLETED,7,2026-03-25 21:18:52,2026-03-25 21:18:59
2534,223,23,COMPLETED,5,2026-03-25 21:23:52,2026-03-25 21:23:57
2535,223,8,COMPLETED,10,2026-03-25 21:22:52,2026-03-25 21:23:02
2536,40,20,FAILED,10,2026-03-20 06:53:12,2026-03-20 06:53:22
2537,40,5,COMPLETED,8,2026-03-20 06:57:12,2026-03-20 06:57:20
2538,65,1,COMPLETED,6,2026-02-12 09:35:45,2026-02-12 09:35:51
2539,65,3,COMPLETED,5,2026-02-12 09:38:45,2026-02-12 09:38:50
2540,65,8,FAILED,10,2026-02-12 09:41:45,2026-02-12 09:41:55
2541,267,19,COMPLETED,14,2025-10-15 13:27:14,2025-10-15 13:27:28
2542,267,23,COMPLETED,12,2025-10-15 13:31:14,2025-10-15 13:31:26
2543,267,8,COMPLETED,6,2025-10-15 13:33:14,2025-10-15 13:33:20
2544,47,18,COMPLETED,8,2025-11-11 08:17:03,2025-11-11 08:17:11
2545,237,8,COMPLETED,14,2025-11-22 14:06:59,2025-11-22 14:07:13
2546,129,13,COMPLETED,12,2025-12-09 11:35:55,2025-12-09 11:36:07
2547,129,14,COMPLETED,12,2025-12-09 11:40:55,2025-12-09 11:41:07
2548,219,13,COMPLETED,8,2025-10-15 14:35:00,2025-10-15 14:35:08
2549,219,14,COMPLETED,6,2025-10-15 14:37:00,2025-10-15 14:37:06
2550,10,17,COMPLETED,4,2026-01-15 01:28:57,2026-01-15 01:29:01
2551,10,16,COMPLETED,6,2026-01-15 01:30:57,2026-01-15 01:31:03
2552,33,6,FAILED,8,2025-12-09 23:40:26,2025-12-09 23:40:34
2553,33,15,COMPLETED,12,2025-12-09 23:42:26,2025-12-09 23:42:38
2554,390,4,COMPLETED,10,2026-02-01 06:53:24,2026-02-01 06:53:34
2555,390,10,COMPLETED,13,2026-02-01 06:58:24,2026-02-01 06:58:37
2556,354,2,FAILED,11,2025-09-12 00:17:27,2025-09-12 00:17:38
2557,354,5,FAILED,8,2025-09-12 00:21:27,2025-09-12 00:21:35
2558,354,9,COMPLETED,10,2025-09-12 00:27:27,2025-09-12 00:27:37
2559,305,17,COMPLETED,5,2026-01-25 23:24:48,2026-01-25 23:24:53
2560,305,16,FAILED,5,2026-01-25 23:28:48,2026-01-25 23:28:53
2561,24,1,COMPLETED,5,2026-01-22 14:58:48,2026-01-22 14:58:53
2562,24,3,COMPLETED,6,2026-01-22 15:03:48,2026-01-22 15:03:54
2563,24,8,COMPLETED,13,2026-01-22 15:04:48,2026-01-22 15:05:01
2564,268,17,COMPLETED,8,2025-12-07 14:42:42,2025-12-07 14:42:50
2565,268,16,FAILED,6,2025-12-07 14:45:42,2025-12-07 14:45:48
2566,259,2,COMPLETED,4,2026-01-18 06:58:57,2026-01-18 06:59:01
2567,259,5,COMPLETED,14,2026-01-18 07:00:57,2026-01-18 07:01:11
2568,259,9,COMPLETED,14,2026-01-18 07:02:57,2026-01-18 07:03:11
2569,138,2,COMPLETED,8,2025-09-10 20:25:27,2025-09-10 20:25:35
2570,138,5,COMPLETED,11,2025-09-10 20:30:27,2025-09-10 20:30:38
2571,138,9,COMPLETED,6,2025-09-10 20:31:27,2025-09-10 20:31:33
2572,21,2,COMPLETED,5,2025-10-11 14:02:15,2025-10-11 14:02:20
2573,21,5,COMPLETED,13,2025-10-11 14:04:15,2025-10-11 14:04:28
2574,21,9,COMPLETED,13,2025-10-11 14:06:15,2025-10-11 14:06:28
2575,64,13,COMPLETED,6,2025-09-09 19:00:47,2025-09-09 19:00:53
2576,64,14,COMPLETED,7,2025-09-09 19:05:47,2025-09-09 19:05:54
2577,1180,19,COMPLETED,15,2026-02-22 23:49:15,2026-02-22 23:49:30
2578,1180,23,COMPLETED,10,2026-02-22 23:52:15,2026-02-22 23:52:25
2579,1180,8,COMPLETED,12,2026-02-22 23:55:15,2026-02-22 23:55:27
2580,217,1,COMPLETED,8,2026-02-02 08:22:10,2026-02-02 08:22:18
2581,217,3,COMPLETED,12,2026-02-02 08:27:10,2026-02-02 08:27:22
2582,217,8,COMPLETED,12,2026-02-02 08:30:10,2026-02-02 08:30:22
2583,232,1,COMPLETED,12,2026-03-21 00:35:39,2026-03-21 00:35:51
2584,232,3,COMPLETED,7,2026-03-21 00:37:39,2026-03-21 00:37:46
2585,232,8,COMPLETED,4,2026-03-21 00:43:39,2026-03-21 00:43:43
2586,31,20,COMPLETED,8,2025-11-26 08:19:34,2025-11-26 08:19:42
2587,31,5,COMPLETED,7,2025-11-26 08:23:34,2025-11-26 08:23:41
2588,240,20,COMPLETED,4,2026-01-31 20:33:44,2026-01-31 20:33:48
2589,240,5,COMPLETED,8,2026-01-31 20:36:44,2026-01-31 20:36:52
2590,591,20,COMPLETED,11,2026-01-13 07:48:21,2026-01-13 07:48:32
2591,591,5,COMPLETED,6,2026-01-13 07:53:21,2026-01-13 07:53:27
2592,222,4,COMPLETED,15,2026-02-19 08:22:22,2026-02-19 08:22:37
2593,222,10,COMPLETED,6,2026-02-19 08:27:22,2026-02-19 08:27:28
2594,1077,2,COMPLETED,9,2025-12-22 02:30:25,2025-12-22 02:30:34
2595,1077,5,COMPLETED,5,2025-12-22 02:32:25,2025-12-22 02:32:30
2596,1077,9,COMPLETED,14,2025-12-22 02:34:25,2025-12-22 02:34:39
2597,1004,13,COMPLETED,8,2026-02-08 00:57:33,2026-02-08 00:57:41
2598,322,1,COMPLETED,6,2026-01-06 13:59:25,2026-01-06 13:59:31
2599,322,3,COMPLETED,5,2026-01-06 14:04:25,2026-01-06 14:04:30
2600,322,8,COMPLETED,3,2026-01-06 14:03:25,2026-01-06 14:03:28
2601,25,24,COMPLETED,14,2025-10-14 11:23:45,2025-10-14 11:23:59
2602,76,2,FAILED,6,2025-10-18 19:22:10,2025-10-18 19:22:16
2603,76,5,COMPLETED,12,2025-10-18 19:26:10,2025-10-18 19:26:22
2604,76,9,COMPLETED,9,2025-10-18 19:32:10,2025-10-18 19:32:19
2605,221,8,COMPLETED,4,2026-03-01 09:20:05,2026-03-01 09:20:09
2606,38,17,FAILED,10,2025-11-13 22:42:48,2025-11-13 22:42:58
2607,37,4,COMPLETED,14,2026-01-21 15:27:50,2026-01-21 15:28:04
2608,37,10,COMPLETED,12,2026-01-21 15:30:50,2026-01-21 15:31:02
2609,5,2,COMPLETED,6,2025-12-05 00:33:01,2025-12-05 00:33:07
2610,5,5,COMPLETED,7,2025-12-05 00:38:01,2025-12-05 00:38:08
2611,5,9,COMPLETED,8,2025-12-05 00:41:01,2025-12-05 00:41:09
2612,921,9,COMPLETED,13,2026-02-14 11:35:24,2026-02-14 11:35:37
2613,34,4,COMPLETED,13,2025-11-02 02:33:59,2025-11-02 02:34:12
2614,34,10,COMPLETED,5,2025-11-02 02:37:59,2025-11-02 02:38:04
2615,930,17,COMPLETED,8,2025-11-05 03:36:56,2025-11-05 03:37:04
2616,1062,20,COMPLETED,8,2026-03-02 01:43:21,2026-03-02 01:43:29
2617,1062,5,COMPLETED,11,2026-03-02 01:45:21,2026-03-02 01:45:32
2618,69,19,COMPLETED,14,2025-12-27 10:11:29,2025-12-27 10:11:43
2619,649,9,FAILED,12,2025-12-09 07:25:44,2025-12-09 07:25:56
2620,383,17,COMPLETED,8,2026-02-13 15:46:45,2026-02-13 15:46:53
2621,383,16,COMPLETED,10,2026-02-13 15:49:45,2026-02-13 15:49:55
2622,10,19,COMPLETED,7,2026-03-17 16:25:37,2026-03-17 16:25:44
2623,12,17,COMPLETED,8,2026-03-03 12:35:33,2026-03-03 12:35:41
2624,45,1,COMPLETED,6,2025-10-07 12:26:24,2025-10-07 12:26:30
2625,45,3,COMPLETED,10,2025-10-07 12:29:24,2025-10-07 12:29:34
2626,45,8,COMPLETED,4,2025-10-07 12:32:24,2025-10-07 12:32:28
2627,123,2,COMPLETED,4,2025-10-02 16:46:32,2025-10-02 16:46:36
2628,123,5,FAILED,6,2025-10-02 16:51:32,2025-10-02 16:51:38
2629,123,9,FAILED,7,2025-10-02 16:52:32,2025-10-02 16:52:39
2630,330,11,COMPLETED,4,2025-11-17 00:45:11,2025-11-17 00:45:15
2631,34,8,COMPLETED,3,2026-02-26 09:08:24,2026-02-26 09:08:27
2632,775,13,COMPLETED,4,2025-12-09 01:40:50,2025-12-09 01:40:54
2633,775,14,COMPLETED,5,2025-12-09 01:44:50,2025-12-09 01:44:55
2634,90,23,COMPLETED,4,2026-02-03 15:29:37,2026-02-03 15:29:41
2635,1093,23,FAILED,7,2026-02-06 18:19:37,2026-02-06 18:19:44
2636,40,2,COMPLETED,8,2026-03-23 00:30:07,2026-03-23 00:30:15
2637,1064,16,COMPLETED,4,2026-03-13 05:10:13,2026-03-13 05:10:17
2638,27,11,COMPLETED,6,2026-01-07 08:12:25,2026-01-07 08:12:31
2639,67,1,COMPLETED,13,2026-01-11 10:30:46,2026-01-11 10:30:59
2640,67,3,COMPLETED,8,2026-01-11 10:35:46,2026-01-11 10:35:54
2641,67,8,COMPLETED,9,2026-01-11 10:36:46,2026-01-11 10:36:55
2642,505,6,COMPLETED,5,2026-01-20 21:03:48,2026-01-20 21:03:53
2643,505,15,COMPLETED,8,2026-01-20 21:06:48,2026-01-20 21:06:56
2644,201,13,FAILED,9,2025-10-26 18:57:19,2025-10-26 18:57:28
2645,201,14,COMPLETED,6,2025-10-26 19:02:19,2025-10-26 19:02:25
2646,530,20,COMPLETED,12,2025-11-18 13:20:51,2025-11-18 13:21:03
2647,530,5,FAILED,5,2025-11-18 13:23:51,2025-11-18 13:23:56
2648,444,6,COMPLETED,7,2026-03-06 10:08:08,2026-03-06 10:08:15
2649,444,15,COMPLETED,6,2026-03-06 10:13:08,2026-03-06 10:13:14
2650,402,2,COMPLETED,4,2026-02-17 00:14:40,2026-02-17 00:14:44
2651,402,5,COMPLETED,13,2026-02-17 00:16:40,2026-02-17 00:16:53
2652,402,9,COMPLETED,9,2026-02-17 00:22:40,2026-02-17 00:22:49
2653,93,2,COMPLETED,8,2025-10-14 04:15:02,2025-10-14 04:15:10
2654,90,19,FAILED,13,2026-01-09 18:07:16,2026-01-09 18:07:29
2655,309,21,COMPLETED,10,2026-01-07 06:08:08,2026-01-07 06:08:18
2656,95,16,COMPLETED,8,2025-12-11 14:12:55,2025-12-11 14:13:03
2657,217,19,COMPLETED,15,2025-11-22 02:09:01,2025-11-22 02:09:16
2658,217,23,COMPLETED,7,2025-11-22 02:13:01,2025-11-22 02:13:08
2659,217,8,COMPLETED,3,2025-11-22 02:15:01,2025-11-22 02:15:04
2660,57,17,COMPLETED,5,2026-02-06 22:39:07,2026-02-06 22:39:12
2661,57,16,COMPLETED,9,2026-02-06 22:44:07,2026-02-06 22:44:16
2662,86,1,COMPLETED,15,2026-02-23 06:52:26,2026-02-23 06:52:41
2663,86,3,COMPLETED,11,2026-02-23 06:54:26,2026-02-23 06:54:37
2664,86,8,COMPLETED,7,2026-02-23 06:56:26,2026-02-23 06:56:33
2665,164,17,COMPLETED,7,2026-01-25 00:49:40,2026-01-25 00:49:47
2666,164,16,COMPLETED,3,2026-01-25 00:51:40,2026-01-25 00:51:43
2667,98,4,COMPLETED,15,2026-02-18 06:43:21,2026-02-18 06:43:36
2668,140,17,COMPLETED,13,2025-12-20 00:11:46,2025-12-20 00:11:59
2669,140,16,COMPLETED,11,2025-12-20 00:14:46,2025-12-20 00:14:57
2670,255,7,COMPLETED,4,2026-03-08 17:38:16,2026-03-08 17:38:20
2671,671,6,COMPLETED,6,2025-09-15 01:37:54,2025-09-15 01:38:00
2672,671,15,COMPLETED,6,2025-09-15 01:42:54,2025-09-15 01:43:00
2673,184,13,COMPLETED,4,2026-01-24 22:32:48,2026-01-24 22:32:52
2674,359,4,COMPLETED,7,2025-11-07 09:09:13,2025-11-07 09:09:20
2675,359,10,COMPLETED,8,2025-11-07 09:14:13,2025-11-07 09:14:21
2676,327,6,COMPLETED,7,2025-09-29 12:23:01,2025-09-29 12:23:08
2677,26,2,COMPLETED,8,2025-11-07 15:36:41,2025-11-07 15:36:49
2678,539,17,COMPLETED,6,2026-01-01 21:12:00,2026-01-01 21:12:06
2679,539,16,COMPLETED,12,2026-01-01 21:14:00,2026-01-01 21:14:12
2680,88,12,COMPLETED,13,2026-02-09 21:00:09,2026-02-09 21:00:22
2681,370,9,COMPLETED,12,2025-10-19 18:39:18,2025-10-19 18:39:30
2682,372,13,COMPLETED,11,2026-01-27 02:58:23,2026-01-27 02:58:34
2683,372,14,COMPLETED,13,2026-01-27 03:00:23,2026-01-27 03:00:36
2684,964,1,COMPLETED,6,2025-12-29 07:03:42,2025-12-29 07:03:48
2685,964,3,COMPLETED,11,2025-12-29 07:08:42,2025-12-29 07:08:53
2686,964,8,FAILED,3,2025-12-29 07:13:42,2025-12-29 07:13:45
2687,23,13,COMPLETED,5,2026-03-07 12:30:14,2026-03-07 12:30:19
2688,23,14,COMPLETED,8,2026-03-07 12:34:14,2026-03-07 12:34:22
2689,150,2,COMPLETED,11,2025-09-08 07:49:32,2025-09-08 07:49:43
2690,150,5,COMPLETED,11,2025-09-08 07:54:32,2025-09-08 07:54:43
2691,150,9,COMPLETED,13,2025-09-08 07:53:32,2025-09-08 07:53:45
2692,400,6,COMPLETED,4,2026-01-26 15:23:54,2026-01-26 15:23:58
2693,400,15,FAILED,9,2026-01-26 15:25:54,2026-01-26 15:26:03
2694,53,17,COMPLETED,13,2025-12-14 06:41:22,2025-12-14 06:41:35
2695,53,16,FAILED,9,2025-12-14 06:43:22,2025-12-14 06:43:31
2696,572,19,COMPLETED,12,2026-03-13 20:08:15,2026-03-13 20:08:27
2697,572,23,COMPLETED,13,2026-03-13 20:12:15,2026-03-13 20:12:28
2698,572,8,COMPLETED,5,2026-03-13 20:16:15,2026-03-13 20:16:20
2699,390,17,COMPLETED,10,2025-12-19 14:18:58,2025-12-19 14:19:08
2700,390,16,COMPLETED,12,2025-12-19 14:23:58,2025-12-19 14:24:10
2701,358,1,COMPLETED,14,2026-01-25 15:19:22,2026-01-25 15:19:36
2702,600,20,COMPLETED,9,2026-01-01 03:52:22,2026-01-01 03:52:31
2703,600,5,COMPLETED,9,2026-01-01 03:55:22,2026-01-01 03:55:31
2704,313,13,COMPLETED,5,2026-02-17 22:36:56,2026-02-17 22:37:01
2705,313,14,COMPLETED,12,2026-02-17 22:38:56,2026-02-17 22:39:08
2706,359,22,COMPLETED,14,2026-03-19 01:11:24,2026-03-19 01:11:38
2707,226,19,COMPLETED,5,2025-12-03 17:00:53,2025-12-03 17:00:58
2708,226,23,COMPLETED,11,2025-12-03 17:03:53,2025-12-03 17:04:04
2709,226,8,FAILED,6,2025-12-03 17:06:53,2025-12-03 17:06:59
2710,238,18,COMPLETED,7,2026-01-22 00:51:36,2026-01-22 00:51:43
2711,255,1,COMPLETED,9,2025-12-29 18:30:07,2025-12-29 18:30:16
2712,255,3,FAILED,12,2025-12-29 18:33:07,2025-12-29 18:33:19
2713,255,8,COMPLETED,11,2025-12-29 18:38:07,2025-12-29 18:38:18
2714,717,17,COMPLETED,8,2026-02-21 07:53:16,2026-02-21 07:53:24
2715,235,3,FAILED,13,2026-02-23 20:11:28,2026-02-23 20:11:41
2716,1152,1,COMPLETED,14,2026-01-17 18:27:43,2026-01-17 18:27:57
2717,133,1,COMPLETED,8,2025-12-07 02:40:21,2025-12-07 02:40:29
2718,133,3,COMPLETED,12,2025-12-07 02:44:21,2025-12-07 02:44:33
2719,133,8,COMPLETED,11,2025-12-07 02:46:21,2025-12-07 02:46:32
2720,165,17,COMPLETED,8,2025-12-08 07:49:21,2025-12-08 07:49:29
2721,165,16,COMPLETED,11,2025-12-08 07:51:21,2025-12-08 07:51:32
2722,161,19,COMPLETED,15,2025-11-03 05:29:36,2025-11-03 05:29:51
2723,161,23,COMPLETED,4,2025-11-03 05:31:36,2025-11-03 05:31:40
2724,161,8,FAILED,12,2025-11-03 05:39:36,2025-11-03 05:39:48
2725,152,17,FAILED,12,2025-11-30 07:06:16,2025-11-30 07:06:28
2726,152,16,FAILED,9,2025-11-30 07:09:16,2025-11-30 07:09:25
2727,13,20,COMPLETED,12,2026-01-02 02:15:16,2026-01-02 02:15:28
2728,187,1,COMPLETED,12,2025-09-15 07:34:31,2025-09-15 07:34:43
2729,187,3,COMPLETED,9,2025-09-15 07:37:31,2025-09-15 07:37:40
2730,187,8,FAILED,10,2025-09-15 07:42:31,2025-09-15 07:42:41
2731,1035,6,COMPLETED,11,2026-01-10 13:40:53,2026-01-10 13:41:04
2732,1035,15,COMPLETED,10,2026-01-10 13:43:53,2026-01-10 13:44:03
2733,253,17,COMPLETED,5,2025-11-26 11:55:28,2025-11-26 11:55:33
2734,253,16,COMPLETED,7,2025-11-26 12:00:28,2025-11-26 12:00:35
2735,118,1,COMPLETED,10,2026-03-17 09:41:22,2026-03-17 09:41:32
2736,118,3,COMPLETED,4,2026-03-17 09:46:22,2026-03-17 09:46:26
2737,118,8,COMPLETED,7,2026-03-17 09:47:22,2026-03-17 09:47:29
2738,588,10,COMPLETED,14,2026-02-09 23:08:57,2026-02-09 23:09:11
2739,554,19,COMPLETED,9,2025-12-07 10:28:33,2025-12-07 10:28:42
2740,554,23,COMPLETED,11,2025-12-07 10:32:33,2025-12-07 10:32:44
2741,554,8,COMPLETED,6,2025-12-07 10:34:33,2025-12-07 10:34:39
2742,302,19,COMPLETED,14,2025-12-27 09:36:02,2025-12-27 09:36:16
2743,302,23,COMPLETED,14,2025-12-27 09:40:02,2025-12-27 09:40:16
2744,302,8,COMPLETED,7,2025-12-27 09:44:02,2025-12-27 09:44:09
2745,9,19,FAILED,5,2025-10-16 21:34:42,2025-10-16 21:34:47
2746,9,23,FAILED,7,2025-10-16 21:36:42,2025-10-16 21:36:49
2747,9,8,COMPLETED,14,2025-10-16 21:42:42,2025-10-16 21:42:56
2748,219,3,COMPLETED,13,2026-01-03 07:44:01,2026-01-03 07:44:14
2749,89,17,COMPLETED,7,2026-03-12 10:21:17,2026-03-12 10:21:24
2750,89,16,COMPLETED,12,2026-03-12 10:26:17,2026-03-12 10:26:29
2751,871,18,COMPLETED,9,2025-12-15 13:54:18,2025-12-15 13:54:27
2752,1000,25,COMPLETED,4,2026-02-24 07:29:12,2026-02-24 07:29:16
2753,383,17,COMPLETED,5,2025-10-07 06:27:17,2025-10-07 06:27:22
2754,383,16,COMPLETED,12,2025-10-07 06:32:17,2025-10-07 06:32:29
2755,1054,12,COMPLETED,8,2025-11-13 13:26:23,2025-11-13 13:26:31
2756,86,20,COMPLETED,12,2025-11-07 11:17:18,2025-11-07 11:17:30
2757,86,5,COMPLETED,13,2025-11-07 11:21:18,2025-11-07 11:21:31
2758,381,16,COMPLETED,9,2025-12-21 15:20:56,2025-12-21 15:21:05
2759,3,3,COMPLETED,7,2026-03-08 12:22:25,2026-03-08 12:22:32
2760,383,4,COMPLETED,8,2026-03-04 00:36:02,2026-03-04 00:36:10
2761,383,10,COMPLETED,7,2026-03-04 00:40:02,2026-03-04 00:40:09
2762,849,4,COMPLETED,14,2025-11-19 11:42:20,2025-11-19 11:42:34
2763,849,10,COMPLETED,8,2025-11-19 11:44:20,2025-11-19 11:44:28
2764,280,2,COMPLETED,5,2025-09-15 08:28:46,2025-09-15 08:28:51
2765,280,5,COMPLETED,4,2025-09-15 08:31:46,2025-09-15 08:31:50
2766,280,9,COMPLETED,13,2025-09-15 08:32:46,2025-09-15 08:32:59
2767,28,25,COMPLETED,6,2025-10-16 01:17:23,2025-10-16 01:17:29
2768,863,13,FAILED,10,2025-12-07 00:59:30,2025-12-07 00:59:40
2769,863,14,COMPLETED,11,2025-12-07 01:04:30,2025-12-07 01:04:41
2770,23,7,COMPLETED,4,2026-01-15 06:27:31,2026-01-15 06:27:35
2771,1118,25,COMPLETED,13,2026-02-13 10:59:29,2026-02-13 10:59:42
2772,780,20,FAILED,10,2025-12-29 22:58:39,2025-12-29 22:58:49
2773,780,5,COMPLETED,11,2025-12-29 23:01:39,2025-12-29 23:01:50
2774,220,1,COMPLETED,8,2026-01-02 22:32:36,2026-01-02 22:32:44
2775,220,3,COMPLETED,12,2026-01-02 22:35:36,2026-01-02 22:35:48
2776,220,8,COMPLETED,13,2026-01-02 22:40:36,2026-01-02 22:40:49
2777,52,1,COMPLETED,7,2026-03-02 03:11:50,2026-03-02 03:11:57
2778,52,3,COMPLETED,13,2026-03-02 03:15:50,2026-03-02 03:16:03
2779,52,8,COMPLETED,6,2026-03-02 03:21:50,2026-03-02 03:21:56
2780,71,4,COMPLETED,8,2026-03-28 11:24:39,2026-03-28 11:24:47
2781,71,10,COMPLETED,10,2026-03-28 11:26:39,2026-03-28 11:26:49
2782,896,19,COMPLETED,11,2025-12-16 12:55:31,2025-12-16 12:55:42
2783,896,23,COMPLETED,4,2025-12-16 13:00:31,2025-12-16 13:00:35
2784,896,8,COMPLETED,8,2025-12-16 13:03:31,2025-12-16 13:03:39
2785,24,2,COMPLETED,5,2026-02-18 23:37:12,2026-02-18 23:37:17
2786,24,5,COMPLETED,12,2026-02-18 23:42:12,2026-02-18 23:42:24
2787,24,9,COMPLETED,15,2026-02-18 23:47:12,2026-02-18 23:47:27
2788,1115,20,COMPLETED,7,2025-12-10 14:38:21,2025-12-10 14:38:28
2789,1115,5,COMPLETED,8,2025-12-10 14:40:21,2025-12-10 14:40:29
2790,95,12,FAILED,13,2026-01-25 06:02:20,2026-01-25 06:02:33
2791,333,6,COMPLETED,5,2025-12-24 17:34:25,2025-12-24 17:34:30
2792,333,15,COMPLETED,12,2025-12-24 17:39:25,2025-12-24 17:39:37
2793,559,11,FAILED,13,2025-11-26 17:58:19,2025-11-26 17:58:32
2794,155,2,COMPLETED,4,2026-01-19 10:04:24,2026-01-19 10:04:28
2795,155,5,COMPLETED,11,2026-01-19 10:08:24,2026-01-19 10:08:35
2796,155,9,COMPLETED,14,2026-01-19 10:14:24,2026-01-19 10:14:38
2797,383,20,COMPLETED,5,2025-12-28 17:41:46,2025-12-28 17:41:51
2798,1143,23,COMPLETED,5,2026-03-05 04:26:49,2026-03-05 04:26:54
2799,991,15,COMPLETED,13,2025-09-27 06:57:54,2025-09-27 06:58:07
2800,94,23,COMPLETED,11,2025-11-22 19:47:24,2025-11-22 19:47:35
2801,366,19,FAILED,12,2025-09-19 06:27:20,2025-09-19 06:27:32
2802,366,23,COMPLETED,12,2025-09-19 06:29:20,2025-09-19 06:29:32
2803,366,8,FAILED,13,2025-09-19 06:35:20,2025-09-19 06:35:33
2804,328,17,COMPLETED,9,2026-03-19 10:12:23,2026-03-19 10:12:32
2805,328,16,COMPLETED,5,2026-03-19 10:17:23,2026-03-19 10:17:28
2806,98,23,COMPLETED,4,2025-12-16 17:06:31,2025-12-16 17:06:35
2807,796,22,FAILED,6,2026-03-02 09:00:32,2026-03-02 09:00:38
2808,163,20,COMPLETED,11,2025-11-23 18:29:45,2025-11-23 18:29:56
2809,163,5,COMPLETED,11,2025-11-23 18:34:45,2025-11-23 18:34:56
2810,399,21,COMPLETED,14,2026-03-20 19:08:56,2026-03-20 19:09:10
2811,1114,1,COMPLETED,7,2026-03-12 19:06:44,2026-03-12 19:06:51
2812,1114,3,COMPLETED,13,2026-03-12 19:08:44,2026-03-12 19:08:57
2813,1114,8,COMPLETED,9,2026-03-12 19:16:44,2026-03-12 19:16:53
2814,731,21,FAILED,7,2025-11-23 20:01:03,2025-11-23 20:01:10
2815,506,7,FAILED,11,2025-11-17 05:25:26,2025-11-17 05:25:37
2816,74,17,COMPLETED,13,2026-03-22 08:29:43,2026-03-22 08:29:56
2817,11,4,COMPLETED,9,2025-09-14 23:22:09,2025-09-14 23:22:18
2818,11,10,COMPLETED,12,2025-09-14 23:27:09,2025-09-14 23:27:21
2819,355,13,COMPLETED,13,2025-12-14 19:27:41,2025-12-14 19:27:54
2820,227,9,FAILED,10,2026-02-21 19:59:54,2026-02-21 20:00:04
2821,40,20,COMPLETED,10,2025-11-17 23:09:41,2025-11-17 23:09:51
2822,40,5,COMPLETED,7,2025-11-17 23:13:41,2025-11-17 23:13:48
2823,932,15,COMPLETED,10,2025-09-14 03:39:09,2025-09-14 03:39:19
2824,44,20,COMPLETED,14,2025-10-28 23:59:07,2025-10-28 23:59:21
2825,44,5,FAILED,10,2025-10-29 00:01:07,2025-10-29 00:01:17
2826,502,19,COMPLETED,11,2025-11-27 02:46:20,2025-11-27 02:46:31
2827,502,23,COMPLETED,11,2025-11-27 02:49:20,2025-11-27 02:49:31
2828,502,8,COMPLETED,7,2025-11-27 02:52:20,2025-11-27 02:52:27
2829,674,2,FAILED,11,2026-03-18 09:39:15,2026-03-18 09:39:26
2830,60,7,COMPLETED,5,2025-11-30 21:46:57,2025-11-30 21:47:02
2831,216,4,COMPLETED,14,2025-09-06 05:49:32,2025-09-06 05:49:46
2832,216,10,COMPLETED,10,2025-09-06 05:51:32,2025-09-06 05:51:42
2833,396,17,COMPLETED,7,2026-03-14 05:02:34,2026-03-14 05:02:41
2834,396,16,COMPLETED,12,2026-03-14 05:07:34,2026-03-14 05:07:46
2835,62,4,COMPLETED,13,2025-10-22 21:39:35,2025-10-22 21:39:48
2836,62,10,COMPLETED,13,2025-10-22 21:42:35,2025-10-22 21:42:48
2837,287,17,COMPLETED,10,2026-02-11 21:57:55,2026-02-11 21:58:05
2838,287,16,COMPLETED,8,2026-02-11 22:02:55,2026-02-11 22:03:03
2839,204,19,COMPLETED,5,2025-12-26 00:05:51,2025-12-26 00:05:56
2840,102,19,FAILED,12,2025-12-30 21:19:11,2025-12-30 21:19:23
2841,102,23,COMPLETED,8,2025-12-30 21:24:11,2025-12-30 21:24:19
2842,102,8,COMPLETED,9,2025-12-30 21:27:11,2025-12-30 21:27:20
2843,203,1,FAILED,8,2026-03-19 18:36:41,2026-03-19 18:36:49
2844,203,3,COMPLETED,11,2026-03-19 18:41:41,2026-03-19 18:41:52
2845,203,8,COMPLETED,8,2026-03-19 18:42:41,2026-03-19 18:42:49
2846,299,20,COMPLETED,10,2025-09-26 16:45:02,2025-09-26 16:45:12
2847,299,5,COMPLETED,8,2025-09-26 16:47:02,2025-09-26 16:47:10
2848,467,21,COMPLETED,12,2026-02-22 06:41:59,2026-02-22 06:42:11
2849,585,20,COMPLETED,9,2026-03-20 16:26:45,2026-03-20 16:26:54
2850,270,19,COMPLETED,13,2025-11-29 19:28:36,2025-11-29 19:28:49
2851,270,23,COMPLETED,9,2025-11-29 19:31:36,2025-11-29 19:31:45
2852,270,8,COMPLETED,12,2025-11-29 19:32:36,2025-11-29 19:32:48
2853,257,15,COMPLETED,13,2025-12-20 19:48:58,2025-12-20 19:49:11
2854,232,20,FAILED,13,2025-11-23 13:37:27,2025-11-23 13:37:40
2855,232,5,COMPLETED,7,2025-11-23 13:42:27,2025-11-23 13:42:34
2856,825,20,COMPLETED,4,2026-01-18 11:51:01,2026-01-18 11:51:05
2857,825,5,FAILED,8,2026-01-18 11:56:01,2026-01-18 11:56:09
2858,88,13,COMPLETED,13,2026-02-14 05:28:51,2026-02-14 05:29:04
2859,88,14,COMPLETED,7,2026-02-14 05:30:51,2026-02-14 05:30:58
2860,649,12,COMPLETED,14,2026-02-05 15:26:12,2026-02-05 15:26:26
2861,564,4,FAILED,5,2026-01-06 18:40:28,2026-01-06 18:40:33
2862,564,10,COMPLETED,7,2026-01-06 18:43:28,2026-01-06 18:43:35
2863,557,1,FAILED,12,2026-03-10 03:49:23,2026-03-10 03:49:35
2864,557,3,COMPLETED,5,2026-03-10 03:51:23,2026-03-10 03:51:28
2865,557,8,COMPLETED,9,2026-03-10 03:53:23,2026-03-10 03:53:32
2866,282,19,FAILED,5,2025-11-26 18:53:12,2025-11-26 18:53:17
2867,332,20,COMPLETED,9,2026-01-16 12:17:45,2026-01-16 12:17:54
2868,956,20,COMPLETED,9,2026-03-08 07:31:56,2026-03-08 07:32:05
2869,956,5,FAILED,8,2026-03-08 07:34:56,2026-03-08 07:35:04
2870,16,2,COMPLETED,11,2025-11-23 03:08:37,2025-11-23 03:08:48
2871,16,5,COMPLETED,6,2025-11-23 03:10:37,2025-11-23 03:10:43
2872,16,9,COMPLETED,14,2025-11-23 03:14:37,2025-11-23 03:14:51
2873,128,19,COMPLETED,13,2025-12-11 06:13:05,2025-12-11 06:13:18
2874,128,23,COMPLETED,7,2025-12-11 06:15:05,2025-12-11 06:15:12
2875,128,8,COMPLETED,12,2025-12-11 06:19:05,2025-12-11 06:19:17
2876,286,6,COMPLETED,11,2025-11-23 08:12:44,2025-11-23 08:12:55
2877,286,15,COMPLETED,13,2025-11-23 08:14:44,2025-11-23 08:14:57
2878,781,12,FAILED,10,2025-09-20 03:08:30,2025-09-20 03:08:40
2879,37,23,COMPLETED,12,2025-12-31 05:19:46,2025-12-31 05:19:58
2880,369,9,COMPLETED,10,2026-03-14 08:15:58,2026-03-14 08:16:08
2881,153,24,COMPLETED,11,2026-02-18 16:30:02,2026-02-18 16:30:13
2882,269,1,COMPLETED,5,2026-01-14 15:12:15,2026-01-14 15:12:20
2883,269,3,COMPLETED,6,2026-01-14 15:16:15,2026-01-14 15:16:21
2884,269,8,COMPLETED,10,2026-01-14 15:18:15,2026-01-14 15:18:25
2885,835,1,COMPLETED,9,2026-03-18 14:11:57,2026-03-18 14:12:06
2886,835,3,COMPLETED,10,2026-03-18 14:16:57,2026-03-18 14:17:07
2887,835,8,COMPLETED,12,2026-03-18 14:21:57,2026-03-18 14:22:09
2888,3,6,COMPLETED,10,2025-12-27 19:47:27,2025-12-27 19:47:37
2889,3,15,FAILED,11,2025-12-27 19:49:27,2025-12-27 19:49:38
2890,89,17,COMPLETED,6,2025-11-01 17:56:40,2025-11-01 17:56:46
2891,89,16,COMPLETED,3,2025-11-01 17:59:40,2025-11-01 17:59:43
2892,436,10,COMPLETED,7,2026-02-25 10:56:08,2026-02-25 10:56:15
2893,120,11,COMPLETED,3,2026-02-08 04:04:14,2026-02-08 04:04:17
2894,1083,6,COMPLETED,6,2026-03-17 02:32:31,2026-03-17 02:32:37
2895,1083,15,COMPLETED,8,2026-03-17 02:36:31,2026-03-17 02:36:39
2896,331,1,COMPLETED,15,2025-09-30 12:01:40,2025-09-30 12:01:55
2897,331,3,COMPLETED,6,2025-09-30 12:06:40,2025-09-30 12:06:46
2898,331,8,COMPLETED,13,2025-09-30 12:05:40,2025-09-30 12:05:53
2899,797,2,COMPLETED,10,2026-02-28 09:36:15,2026-02-28 09:36:25
2900,797,5,COMPLETED,9,2026-02-28 09:41:15,2026-02-28 09:41:24
2901,797,9,COMPLETED,7,2026-02-28 09:46:15,2026-02-28 09:46:22
2902,502,6,COMPLETED,5,2026-01-01 16:56:04,2026-01-01 16:56:09
2903,502,15,COMPLETED,12,2026-01-01 16:59:04,2026-01-01 16:59:16
2904,266,4,COMPLETED,7,2026-01-07 22:15:00,2026-01-07 22:15:07
2905,266,10,COMPLETED,5,2026-01-07 22:19:00,2026-01-07 22:19:05
2906,256,19,FAILED,8,2026-02-27 03:32:16,2026-02-27 03:32:24
2907,256,23,COMPLETED,5,2026-02-27 03:37:16,2026-02-27 03:37:21
2908,256,8,COMPLETED,5,2026-02-27 03:36:16,2026-02-27 03:36:21
2909,1065,2,FAILED,13,2025-11-25 17:18:56,2025-11-25 17:19:09
2910,1065,5,COMPLETED,7,2025-11-25 17:23:56,2025-11-25 17:24:03
2911,1065,9,FAILED,8,2025-11-25 17:28:56,2025-11-25 17:29:04
2912,557,20,FAILED,14,2026-02-26 02:54:45,2026-02-26 02:54:59
2913,557,5,COMPLETED,9,2026-02-26 02:58:45,2026-02-26 02:58:54
2914,388,2,COMPLETED,5,2026-02-16 17:33:38,2026-02-16 17:33:43
2915,388,5,COMPLETED,7,2026-02-16 17:36:38,2026-02-16 17:36:45
2916,388,9,COMPLETED,8,2026-02-16 17:43:38,2026-02-16 17:43:46
2917,51,11,COMPLETED,5,2025-11-29 07:28:35,2025-11-29 07:28:40
2918,399,20,COMPLETED,3,2026-03-24 08:42:50,2026-03-24 08:42:53
2919,399,5,COMPLETED,3,2026-03-24 08:47:50,2026-03-24 08:47:53
2920,187,6,COMPLETED,7,2025-10-25 09:54:07,2025-10-25 09:54:14
2921,187,15,COMPLETED,10,2025-10-25 09:59:07,2025-10-25 09:59:17
2922,79,4,COMPLETED,12,2026-03-19 11:44:10,2026-03-19 11:44:22
2923,79,10,COMPLETED,9,2026-03-19 11:46:10,2026-03-19 11:46:19
2924,1166,13,COMPLETED,12,2025-10-08 00:48:38,2025-10-08 00:48:50
2925,1166,14,COMPLETED,7,2025-10-08 00:52:38,2025-10-08 00:52:45
2926,9,15,COMPLETED,7,2026-01-30 07:51:57,2026-01-30 07:52:04
2927,76,20,COMPLETED,9,2025-10-23 20:02:33,2025-10-23 20:02:42
2928,76,5,COMPLETED,5,2025-10-23 20:06:33,2025-10-23 20:06:38
2929,760,13,COMPLETED,11,2025-11-15 10:49:00,2025-11-15 10:49:11
2930,63,13,COMPLETED,12,2026-02-13 10:38:30,2026-02-13 10:38:42
2931,63,14,COMPLETED,13,2026-02-13 10:42:30,2026-02-13 10:42:43
2932,360,4,FAILED,10,2026-03-11 07:12:37,2026-03-11 07:12:47
2933,1,4,COMPLETED,14,2025-12-20 06:17:59,2025-12-20 06:18:13
2934,1,10,COMPLETED,11,2025-12-20 06:19:59,2025-12-20 06:20:10
2935,923,23,COMPLETED,5,2025-12-07 11:00:03,2025-12-07 11:00:08
2936,918,1,COMPLETED,14,2025-11-27 09:25:55,2025-11-27 09:26:09
2937,918,3,FAILED,8,2025-11-27 09:27:55,2025-11-27 09:28:03
2938,918,8,FAILED,6,2025-11-27 09:31:55,2025-11-27 09:32:01
2939,934,4,COMPLETED,13,2026-02-13 11:30:21,2026-02-13 11:30:34
2940,36,2,COMPLETED,10,2026-01-09 16:25:04,2026-01-09 16:25:14
2941,36,5,COMPLETED,14,2026-01-09 16:30:04,2026-01-09 16:30:18
2942,36,9,COMPLETED,14,2026-01-09 16:35:04,2026-01-09 16:35:18
2943,1026,19,COMPLETED,11,2026-01-14 06:37:01,2026-01-14 06:37:12
2944,1026,23,FAILED,11,2026-01-14 06:42:01,2026-01-14 06:42:12
2945,1026,8,COMPLETED,12,2026-01-14 06:45:01,2026-01-14 06:45:13
2946,425,19,COMPLETED,8,2026-01-11 18:16:50,2026-01-11 18:16:58
2947,183,21,COMPLETED,14,2025-11-16 01:51:40,2025-11-16 01:51:54
2948,270,24,COMPLETED,5,2026-01-18 23:46:35,2026-01-18 23:46:40
2949,615,1,COMPLETED,13,2026-01-15 00:37:19,2026-01-15 00:37:32
2950,615,3,COMPLETED,13,2026-01-15 00:42:19,2026-01-15 00:42:32
2951,615,8,COMPLETED,11,2026-01-15 00:41:19,2026-01-15 00:41:30
2952,1103,1,COMPLETED,10,2025-12-17 01:39:40,2025-12-17 01:39:50
2953,1103,3,COMPLETED,13,2025-12-17 01:42:40,2025-12-17 01:42:53
2954,1103,8,COMPLETED,8,2025-12-17 01:45:40,2025-12-17 01:45:48
2955,1194,24,COMPLETED,14,2026-02-01 12:37:08,2026-02-01 12:37:22
2956,80,1,COMPLETED,15,2026-01-09 16:42:41,2026-01-09 16:42:56
2957,80,3,COMPLETED,5,2026-01-09 16:44:41,2026-01-09 16:44:46
2958,80,8,COMPLETED,12,2026-01-09 16:50:41,2026-01-09 16:50:53
2959,71,13,COMPLETED,12,2025-09-25 10:31:08,2025-09-25 10:31:20
2960,71,14,FAILED,6,2025-09-25 10:35:08,2025-09-25 10:35:14
2961,56,20,COMPLETED,12,2026-02-01 17:58:20,2026-02-01 17:58:32
2962,56,5,COMPLETED,5,2026-02-01 18:00:20,2026-02-01 18:00:25
2963,278,19,COMPLETED,9,2025-10-31 11:13:49,2025-10-31 11:13:58
2964,278,23,FAILED,3,2025-10-31 11:18:49,2025-10-31 11:18:52
2965,278,8,COMPLETED,9,2025-10-31 11:17:49,2025-10-31 11:17:58
2966,9,19,COMPLETED,13,2026-02-14 06:52:19,2026-02-14 06:52:32
2967,9,23,COMPLETED,11,2026-02-14 06:55:19,2026-02-14 06:55:30
2968,9,8,COMPLETED,8,2026-02-14 07:00:19,2026-02-14 07:00:27
2969,210,1,COMPLETED,11,2026-02-28 19:45:09,2026-02-28 19:45:20
2970,210,3,COMPLETED,9,2026-02-28 19:49:09,2026-02-28 19:49:18
2971,210,8,COMPLETED,13,2026-02-28 19:53:09,2026-02-28 19:53:22
2972,1190,6,COMPLETED,9,2025-11-24 01:39:00,2025-11-24 01:39:09
2973,1190,15,COMPLETED,4,2025-11-24 01:41:00,2025-11-24 01:41:04
2974,306,4,COMPLETED,5,2026-02-18 04:49:35,2026-02-18 04:49:40
2975,306,10,COMPLETED,5,2026-02-18 04:51:35,2026-02-18 04:51:40
2976,362,1,COMPLETED,9,2025-11-21 07:10:40,2025-11-21 07:10:49
2977,24,1,COMPLETED,7,2026-03-26 19:48:13,2026-03-26 19:48:20
2978,24,3,COMPLETED,8,2026-03-26 19:50:13,2026-03-26 19:50:21
2979,24,8,COMPLETED,13,2026-03-26 19:58:13,2026-03-26 19:58:26
2980,62,5,COMPLETED,5,2026-03-24 09:24:40,2026-03-24 09:24:45
2981,215,25,COMPLETED,5,2026-03-30 21:51:11,2026-03-30 21:51:16
2982,56,19,COMPLETED,13,2026-01-12 08:36:37,2026-01-12 08:36:50
2983,56,23,COMPLETED,7,2026-01-12 08:41:37,2026-01-12 08:41:44
2984,56,8,COMPLETED,8,2026-01-12 08:46:37,2026-01-12 08:46:45
2985,85,17,COMPLETED,9,2026-03-13 14:05:29,2026-03-13 14:05:38
2986,85,16,COMPLETED,7,2026-03-13 14:10:29,2026-03-13 14:10:36
2987,100,1,COMPLETED,12,2026-03-18 16:48:40,2026-03-18 16:48:52
2988,100,3,COMPLETED,5,2026-03-18 16:53:40,2026-03-18 16:53:45
2989,100,8,COMPLETED,11,2026-03-18 16:58:40,2026-03-18 16:58:51
2990,312,13,COMPLETED,10,2025-11-01 07:21:03,2025-11-01 07:21:13
2991,312,14,COMPLETED,6,2025-11-01 07:25:03,2025-11-01 07:25:09
2992,106,16,COMPLETED,11,2026-02-04 21:36:25,2026-02-04 21:36:36
2993,80,2,COMPLETED,4,2025-09-09 10:04:16,2025-09-09 10:04:20
2994,80,5,COMPLETED,14,2025-09-09 10:08:16,2025-09-09 10:08:30
2995,80,9,COMPLETED,9,2025-09-09 10:08:16,2025-09-09 10:08:25
2996,317,12,COMPLETED,7,2025-12-29 06:51:39,2025-12-29 06:51:46
2997,583,20,COMPLETED,13,2026-03-18 18:37:43,2026-03-18 18:37:56
2998,583,5,COMPLETED,9,2026-03-18 18:42:43,2026-03-18 18:42:52
2999,361,3,COMPLETED,13,2026-01-04 00:29:45,2026-01-04 00:29:58
3000,73,14,COMPLETED,12,2025-09-27 23:05:31,2025-09-27 23:05:43
3001,24,4,COMPLETED,8,2025-10-13 06:53:00,2025-10-13 06:53:08
3002,24,10,COMPLETED,8,2025-10-13 06:58:00,2025-10-13 06:58:08
3003,328,2,COMPLETED,10,2026-01-23 17:35:48,2026-01-23 17:35:58
3004,328,5,COMPLETED,5,2026-01-23 17:40:48,2026-01-23 17:40:53
3005,328,9,COMPLETED,11,2026-01-23 17:41:48,2026-01-23 17:41:59
3006,211,14,COMPLETED,6,2025-10-29 03:50:31,2025-10-29 03:50:37
3007,300,19,COMPLETED,9,2026-02-16 22:02:55,2026-02-16 22:03:04
3008,300,23,COMPLETED,7,2026-02-16 22:05:55,2026-02-16 22:06:02
3009,300,8,COMPLETED,9,2026-02-16 22:08:55,2026-02-16 22:09:04
3010,178,7,COMPLETED,3,2025-12-31 02:17:10,2025-12-31 02:17:13
3011,1017,20,COMPLETED,5,2026-02-06 15:32:44,2026-02-06 15:32:49
3012,1017,5,COMPLETED,5,2026-02-06 15:35:44,2026-02-06 15:35:49
3013,271,1,COMPLETED,11,2025-10-24 16:23:22,2025-10-24 16:23:33
3014,271,3,COMPLETED,12,2025-10-24 16:25:22,2025-10-24 16:25:34
3015,271,8,COMPLETED,13,2025-10-24 16:33:22,2025-10-24 16:33:35
3016,601,15,COMPLETED,4,2026-01-05 18:21:45,2026-01-05 18:21:49
3017,103,21,COMPLETED,11,2025-10-22 12:08:09,2025-10-22 12:08:20
3018,50,2,COMPLETED,4,2025-09-15 11:28:04,2025-09-15 11:28:08
3019,50,5,COMPLETED,5,2025-09-15 11:30:04,2025-09-15 11:30:09
3020,50,9,FAILED,13,2025-09-15 11:34:04,2025-09-15 11:34:17
3021,1033,14,COMPLETED,12,2025-11-26 05:08:20,2025-11-26 05:08:32
3022,79,6,COMPLETED,11,2025-11-22 09:59:08,2025-11-22 09:59:19
3023,369,5,FAILED,13,2025-09-19 19:51:17,2025-09-19 19:51:30
3024,411,17,COMPLETED,8,2026-02-06 08:31:52,2026-02-06 08:32:00
3025,411,16,COMPLETED,4,2026-02-06 08:36:52,2026-02-06 08:36:56
3026,114,2,COMPLETED,3,2026-02-15 00:34:08,2026-02-15 00:34:11
3027,114,5,COMPLETED,10,2026-02-15 00:39:08,2026-02-15 00:39:18
3028,114,9,COMPLETED,12,2026-02-15 00:40:08,2026-02-15 00:40:20
3029,611,4,COMPLETED,14,2025-11-09 01:30:10,2025-11-09 01:30:24
3030,85,20,COMPLETED,10,2026-03-25 07:34:14,2026-03-25 07:34:24
3031,85,5,COMPLETED,9,2026-03-25 07:38:14,2026-03-25 07:38:23
3032,166,22,COMPLETED,5,2025-10-25 06:08:15,2025-10-25 06:08:20
3033,118,1,COMPLETED,6,2026-02-16 18:48:44,2026-02-16 18:48:50
3034,118,3,COMPLETED,6,2026-02-16 18:50:44,2026-02-16 18:50:50
3035,118,8,COMPLETED,7,2026-02-16 18:56:44,2026-02-16 18:56:51
3036,796,17,COMPLETED,6,2025-12-16 05:13:12,2025-12-16 05:13:18
3037,796,16,COMPLETED,8,2025-12-16 05:15:12,2025-12-16 05:15:20
3038,247,22,COMPLETED,6,2026-01-09 04:09:46,2026-01-09 04:09:52
3039,92,17,COMPLETED,10,2026-03-16 05:34:29,2026-03-16 05:34:39
3040,92,16,FAILED,6,2026-03-16 05:37:29,2026-03-16 05:37:35
3041,812,13,COMPLETED,5,2025-09-02 11:00:45,2025-09-02 11:00:50
3042,812,14,COMPLETED,6,2025-09-02 11:02:45,2025-09-02 11:02:51
3043,376,4,COMPLETED,13,2026-03-10 20:35:23,2026-03-10 20:35:36
3044,376,10,COMPLETED,8,2026-03-10 20:40:23,2026-03-10 20:40:31
3045,523,2,COMPLETED,13,2025-11-08 09:43:35,2025-11-08 09:43:48
3046,523,5,COMPLETED,9,2025-11-08 09:46:35,2025-11-08 09:46:44
3047,523,9,FAILED,5,2025-11-08 09:53:35,2025-11-08 09:53:40
3048,379,12,COMPLETED,11,2025-12-25 07:03:44,2025-12-25 07:03:55
3049,1172,13,COMPLETED,6,2026-01-26 04:15:52,2026-01-26 04:15:58
3050,1172,14,COMPLETED,9,2026-01-26 04:18:52,2026-01-26 04:19:01
3051,658,20,COMPLETED,7,2025-11-16 14:14:44,2025-11-16 14:14:51
3052,658,5,COMPLETED,12,2025-11-16 14:16:44,2025-11-16 14:16:56
3053,201,5,COMPLETED,12,2025-09-20 08:36:43,2025-09-20 08:36:55
3054,670,3,FAILED,5,2026-03-12 20:51:17,2026-03-12 20:51:22
3055,171,20,COMPLETED,13,2026-03-07 09:21:30,2026-03-07 09:21:43
3056,372,19,FAILED,6,2026-02-14 07:26:50,2026-02-14 07:26:56
3057,127,24,COMPLETED,10,2025-12-03 14:26:09,2025-12-03 14:26:19
3058,222,13,COMPLETED,5,2025-10-22 13:15:11,2025-10-22 13:15:16
3059,222,14,COMPLETED,13,2025-10-22 13:20:11,2025-10-22 13:20:24
3060,790,10,COMPLETED,7,2026-01-08 16:38:45,2026-01-08 16:38:52
3061,520,4,COMPLETED,13,2026-03-03 13:39:04,2026-03-03 13:39:17
3062,520,10,COMPLETED,8,2026-03-03 13:41:04,2026-03-03 13:41:12
3063,64,19,COMPLETED,12,2025-09-30 23:11:02,2025-09-30 23:11:14
3064,64,23,COMPLETED,5,2025-09-30 23:14:02,2025-09-30 23:14:07
3065,64,8,COMPLETED,5,2025-09-30 23:19:02,2025-09-30 23:19:07
3066,48,17,COMPLETED,5,2025-11-16 19:52:24,2025-11-16 19:52:29
3067,48,16,COMPLETED,13,2025-11-16 19:57:24,2025-11-16 19:57:37
3068,365,12,COMPLETED,11,2026-03-08 12:04:30,2026-03-08 12:04:41
3069,272,2,COMPLETED,4,2026-02-14 01:36:15,2026-02-14 01:36:19
3070,272,5,COMPLETED,11,2026-02-14 01:40:15,2026-02-14 01:40:26
3071,272,9,COMPLETED,11,2026-02-14 01:44:15,2026-02-14 01:44:26
3072,115,13,COMPLETED,3,2026-02-10 13:17:46,2026-02-10 13:17:49
3073,115,14,COMPLETED,13,2026-02-10 13:21:46,2026-02-10 13:21:59
3074,82,2,COMPLETED,6,2025-10-12 13:26:15,2025-10-12 13:26:21
3075,82,5,FAILED,4,2025-10-12 13:29:15,2025-10-12 13:29:19
3076,82,9,COMPLETED,7,2025-10-12 13:36:15,2025-10-12 13:36:22
3077,788,17,COMPLETED,11,2025-12-17 07:28:46,2025-12-17 07:28:57
3078,788,16,COMPLETED,10,2025-12-17 07:31:46,2025-12-17 07:31:56
3079,1000,13,COMPLETED,6,2025-11-03 00:05:30,2025-11-03 00:05:36
3080,1000,14,COMPLETED,6,2025-11-03 00:08:30,2025-11-03 00:08:36
3081,75,2,COMPLETED,13,2025-12-20 19:38:46,2025-12-20 19:38:59
3082,75,5,COMPLETED,7,2025-12-20 19:42:46,2025-12-20 19:42:53
3083,75,9,FAILED,8,2025-12-20 19:42:46,2025-12-20 19:42:54
3084,23,3,COMPLETED,10,2026-03-05 19:13:46,2026-03-05 19:13:56
3085,236,2,COMPLETED,9,2026-01-21 01:07:18,2026-01-21 01:07:27
3086,236,5,COMPLETED,4,2026-01-21 01:09:18,2026-01-21 01:09:22
3087,236,9,COMPLETED,15,2026-01-21 01:17:18,2026-01-21 01:17:33
3088,130,1,COMPLETED,14,2025-12-26 22:24:31,2025-12-26 22:24:45
3089,130,3,COMPLETED,11,2025-12-26 22:26:31,2025-12-26 22:26:42
3090,130,8,COMPLETED,9,2025-12-26 22:28:31,2025-12-26 22:28:40
3091,148,13,COMPLETED,4,2025-11-13 22:50:08,2025-11-13 22:50:12
3092,148,14,COMPLETED,8,2025-11-13 22:54:08,2025-11-13 22:54:16
3093,177,20,COMPLETED,13,2026-03-15 18:07:50,2026-03-15 18:08:03
3094,177,5,COMPLETED,10,2026-03-15 18:12:50,2026-03-15 18:13:00
3095,82,11,COMPLETED,6,2025-10-19 09:28:18,2025-10-19 09:28:24
3096,95,17,COMPLETED,3,2025-11-08 08:36:17,2025-11-08 08:36:20
3097,95,16,COMPLETED,10,2025-11-08 08:39:17,2025-11-08 08:39:27
3098,25,6,COMPLETED,6,2025-12-04 14:05:31,2025-12-04 14:05:37
3099,168,19,COMPLETED,15,2026-03-01 07:31:54,2026-03-01 07:32:09
3100,168,23,COMPLETED,11,2026-03-01 07:36:54,2026-03-01 07:37:05
3101,168,8,COMPLETED,6,2026-03-01 07:41:54,2026-03-01 07:42:00
3102,729,4,COMPLETED,14,2025-09-21 10:25:45,2025-09-21 10:25:59
3103,729,10,COMPLETED,7,2025-09-21 10:30:45,2025-09-21 10:30:52
3104,55,2,COMPLETED,7,2025-12-25 06:07:56,2025-12-25 06:08:03
3105,55,5,COMPLETED,6,2025-12-25 06:11:56,2025-12-25 06:12:02
3106,55,9,COMPLETED,12,2025-12-25 06:13:56,2025-12-25 06:14:08
3107,170,1,COMPLETED,13,2025-10-01 03:27:34,2025-10-01 03:27:47
3108,170,3,COMPLETED,13,2025-10-01 03:31:34,2025-10-01 03:31:47
3109,170,8,COMPLETED,4,2025-10-01 03:31:34,2025-10-01 03:31:38
3110,646,17,COMPLETED,10,2025-09-02 14:43:32,2025-09-02 14:43:42
3111,646,16,COMPLETED,4,2025-09-02 14:47:32,2025-09-02 14:47:36
3112,1004,12,COMPLETED,9,2026-01-30 04:15:51,2026-01-30 04:16:00
3113,103,7,COMPLETED,9,2025-11-16 12:11:56,2025-11-16 12:12:05
3114,443,1,COMPLETED,12,2026-03-23 09:24:23,2026-03-23 09:24:35
3115,469,11,FAILED,6,2025-09-05 03:29:44,2025-09-05 03:29:50
3116,41,15,COMPLETED,7,2026-03-09 09:54:19,2026-03-09 09:54:26
3117,259,19,COMPLETED,10,2025-11-30 04:06:35,2025-11-30 04:06:45
3118,259,23,FAILED,10,2025-11-30 04:08:35,2025-11-30 04:08:45
3119,259,8,COMPLETED,7,2025-11-30 04:16:35,2025-11-30 04:16:42
3120,1165,17,FAILED,13,2025-09-07 14:31:06,2025-09-07 14:31:19
3121,355,2,COMPLETED,5,2025-09-11 13:34:16,2025-09-11 13:34:21
3122,355,5,COMPLETED,4,2025-09-11 13:36:16,2025-09-11 13:36:20
3123,355,9,FAILED,15,2025-09-11 13:44:16,2025-09-11 13:44:31
3124,250,2,COMPLETED,4,2025-11-14 17:28:08,2025-11-14 17:28:12
3125,250,5,COMPLETED,5,2025-11-14 17:32:08,2025-11-14 17:32:13
3126,250,9,COMPLETED,11,2025-11-14 17:38:08,2025-11-14 17:38:19
3127,4,2,COMPLETED,11,2025-12-25 18:11:52,2025-12-25 18:12:03
3128,4,5,COMPLETED,10,2025-12-25 18:14:52,2025-12-25 18:15:02
3129,4,9,FAILED,13,2025-12-25 18:21:52,2025-12-25 18:22:05
3130,300,15,COMPLETED,11,2026-03-13 06:40:16,2026-03-13 06:40:27
3131,23,3,COMPLETED,12,2025-12-14 09:02:21,2025-12-14 09:02:33
3132,12,13,COMPLETED,11,2026-01-19 15:03:26,2026-01-19 15:03:37
3133,12,14,COMPLETED,13,2026-01-19 15:06:26,2026-01-19 15:06:39
3134,537,2,COMPLETED,5,2025-09-16 21:17:38,2025-09-16 21:17:43
3135,537,5,COMPLETED,8,2025-09-16 21:21:38,2025-09-16 21:21:46
3136,537,9,COMPLETED,10,2025-09-16 21:23:38,2025-09-16 21:23:48
3137,1030,20,COMPLETED,9,2025-11-28 20:13:01,2025-11-28 20:13:10
3138,1030,5,COMPLETED,9,2025-11-28 20:17:01,2025-11-28 20:17:10
3139,468,1,COMPLETED,14,2026-01-03 10:59:09,2026-01-03 10:59:23
3140,468,3,COMPLETED,5,2026-01-03 11:02:09,2026-01-03 11:02:14
3141,468,8,COMPLETED,8,2026-01-03 11:03:09,2026-01-03 11:03:17
3142,469,2,COMPLETED,12,2025-12-30 20:43:28,2025-12-30 20:43:40
3143,469,5,COMPLETED,12,2025-12-30 20:47:28,2025-12-30 20:47:40
3144,469,9,COMPLETED,12,2025-12-30 20:53:28,2025-12-30 20:53:40
3145,88,13,COMPLETED,11,2026-03-13 13:38:34,2026-03-13 13:38:45
3146,88,14,COMPLETED,8,2026-03-13 13:40:34,2026-03-13 13:40:42
3147,68,4,COMPLETED,12,2026-03-20 13:14:19,2026-03-20 13:14:31
3148,68,10,COMPLETED,5,2026-03-20 13:18:19,2026-03-20 13:18:24
3149,1082,15,COMPLETED,8,2026-03-19 17:28:50,2026-03-19 17:28:58
3150,37,2,COMPLETED,9,2026-03-20 01:26:08,2026-03-20 01:26:17
3151,37,5,COMPLETED,11,2026-03-20 01:28:08,2026-03-20 01:28:19
3152,37,9,COMPLETED,7,2026-03-20 01:32:08,2026-03-20 01:32:15
3153,136,17,COMPLETED,4,2026-03-02 11:21:39,2026-03-02 11:21:43
3154,136,16,FAILED,4,2026-03-02 11:25:39,2026-03-02 11:25:43
3155,9,4,FAILED,10,2025-09-05 19:56:10,2025-09-05 19:56:20
3156,9,10,COMPLETED,10,2025-09-05 20:01:10,2025-09-05 20:01:20
3157,271,20,FAILED,13,2025-10-24 04:26:34,2025-10-24 04:26:47
3158,271,5,COMPLETED,9,2025-10-24 04:29:34,2025-10-24 04:29:43
3159,179,6,COMPLETED,13,2026-01-02 08:08:26,2026-01-02 08:08:39
3160,179,15,COMPLETED,12,2026-01-02 08:12:26,2026-01-02 08:12:38
3161,69,4,COMPLETED,13,2025-12-06 12:55:32,2025-12-06 12:55:45
3162,69,10,COMPLETED,15,2025-12-06 13:00:32,2025-12-06 13:00:47
3163,625,13,COMPLETED,7,2026-01-25 01:02:26,2026-01-25 01:02:33
3164,625,14,COMPLETED,10,2026-01-25 01:06:26,2026-01-25 01:06:36
3165,16,6,FAILED,7,2026-02-17 04:15:59,2026-02-17 04:16:06
3166,16,15,COMPLETED,8,2026-02-17 04:18:59,2026-02-17 04:19:07
3167,135,2,FAILED,9,2026-02-06 04:05:22,2026-02-06 04:05:31
3168,135,5,FAILED,13,2026-02-06 04:10:22,2026-02-06 04:10:35
3169,135,9,FAILED,14,2026-02-06 04:11:22,2026-02-06 04:11:36
3170,1057,4,COMPLETED,11,2026-01-04 00:22:22,2026-01-04 00:22:33
3171,676,23,COMPLETED,8,2026-03-07 13:00:48,2026-03-07 13:00:56
3172,195,4,COMPLETED,10,2026-02-03 20:01:32,2026-02-03 20:01:42
3173,195,10,COMPLETED,6,2026-02-03 20:05:32,2026-02-03 20:05:38
3174,394,13,COMPLETED,8,2026-03-09 21:45:50,2026-03-09 21:45:58
3175,394,14,COMPLETED,5,2026-03-09 21:48:50,2026-03-09 21:48:55
3176,31,9,COMPLETED,11,2026-01-30 08:28:13,2026-01-30 08:28:24
3177,50,2,COMPLETED,12,2026-01-26 01:06:02,2026-01-26 01:06:14
3178,50,5,FAILED,13,2026-01-26 01:09:02,2026-01-26 01:09:15
3179,50,9,COMPLETED,9,2026-01-26 01:12:02,2026-01-26 01:12:11
3180,319,7,COMPLETED,5,2025-11-30 19:35:52,2025-11-30 19:35:57
3181,241,25,FAILED,9,2025-11-24 04:47:12,2025-11-24 04:47:21
3182,181,4,COMPLETED,11,2025-11-04 11:09:38,2025-11-04 11:09:49
3183,181,10,COMPLETED,9,2025-11-04 11:13:38,2025-11-04 11:13:47
3184,8,4,COMPLETED,12,2025-11-10 19:50:38,2025-11-10 19:50:50
3185,8,10,COMPLETED,7,2025-11-10 19:53:38,2025-11-10 19:53:45
3186,1167,24,FAILED,11,2025-12-17 04:39:00,2025-12-17 04:39:11
3187,689,6,FAILED,13,2026-03-19 06:57:33,2026-03-19 06:57:46
3188,689,15,COMPLETED,8,2026-03-19 07:00:33,2026-03-19 07:00:41
3189,74,1,FAILED,15,2026-01-04 21:49:52,2026-01-04 21:50:07
3190,74,3,COMPLETED,4,2026-01-04 21:54:52,2026-01-04 21:54:56
3191,74,8,FAILED,10,2026-01-04 21:55:52,2026-01-04 21:56:02
3192,858,15,COMPLETED,4,2025-12-29 22:55:09,2025-12-29 22:55:13
3193,235,17,COMPLETED,13,2026-02-12 16:28:51,2026-02-12 16:29:04
3194,235,16,COMPLETED,6,2026-02-12 16:30:51,2026-02-12 16:30:57
3195,144,5,COMPLETED,5,2025-12-23 10:48:42,2025-12-23 10:48:47
3196,580,9,COMPLETED,7,2025-12-14 18:08:59,2025-12-14 18:09:06
3197,831,10,COMPLETED,11,2025-12-11 14:44:31,2025-12-11 14:44:42
3198,1106,20,COMPLETED,5,2026-02-19 20:11:41,2026-02-19 20:11:46
3199,1106,5,COMPLETED,11,2026-02-19 20:16:41,2026-02-19 20:16:52
3200,71,17,FAILED,5,2026-03-10 18:27:32,2026-03-10 18:27:37
3201,71,16,COMPLETED,7,2026-03-10 18:31:32,2026-03-10 18:31:39
3202,1160,13,FAILED,12,2026-02-20 03:44:36,2026-02-20 03:44:48
3203,1160,14,COMPLETED,13,2026-02-20 03:48:36,2026-02-20 03:48:49
3204,16,24,COMPLETED,12,2025-11-25 23:55:00,2025-11-25 23:55:12
3205,1168,1,COMPLETED,6,2025-10-31 06:10:22,2025-10-31 06:10:28
3206,43,20,COMPLETED,9,2025-12-28 18:11:48,2025-12-28 18:11:57
3207,43,5,COMPLETED,7,2025-12-28 18:14:48,2025-12-28 18:14:55
3208,81,8,COMPLETED,12,2026-03-10 10:51:12,2026-03-10 10:51:24
3209,871,15,COMPLETED,4,2026-02-14 21:49:09,2026-02-14 21:49:13
3210,82,13,COMPLETED,13,2026-01-25 20:56:40,2026-01-25 20:56:53
3211,82,14,COMPLETED,10,2026-01-25 21:01:40,2026-01-25 21:01:50
3212,397,19,COMPLETED,5,2026-01-27 12:33:05,2026-01-27 12:33:10
3213,397,23,COMPLETED,6,2026-01-27 12:37:05,2026-01-27 12:37:11
3214,397,8,COMPLETED,7,2026-01-27 12:43:05,2026-01-27 12:43:12
3215,76,6,COMPLETED,7,2026-03-31 09:21:17,2026-03-31 09:21:24
3216,76,15,FAILED,5,2026-03-31 09:24:17,2026-03-31 09:24:22
3217,1110,13,COMPLETED,4,2025-09-03 22:38:37,2025-09-03 22:38:41
3218,1110,14,COMPLETED,3,2025-09-03 22:42:37,2025-09-03 22:42:40
3219,164,19,COMPLETED,11,2026-03-20 09:23:19,2026-03-20 09:23:30
3220,561,13,COMPLETED,10,2026-02-23 03:25:05,2026-02-23 03:25:15
3221,115,17,COMPLETED,4,2025-09-04 14:29:10,2025-09-04 14:29:14
3222,115,16,COMPLETED,13,2025-09-04 14:31:10,2025-09-04 14:31:23
3223,216,13,COMPLETED,4,2025-10-27 02:22:03,2025-10-27 02:22:07
3224,216,14,COMPLETED,12,2025-10-27 02:25:03,2025-10-27 02:25:15
3225,365,19,COMPLETED,6,2025-10-08 17:43:07,2025-10-08 17:43:13
3226,365,23,COMPLETED,7,2025-10-08 17:45:07,2025-10-08 17:45:14
3227,365,8,COMPLETED,8,2025-10-08 17:47:07,2025-10-08 17:47:15
3228,151,17,COMPLETED,10,2025-12-18 17:00:24,2025-12-18 17:00:34
3229,151,16,COMPLETED,11,2025-12-18 17:02:24,2025-12-18 17:02:35
3230,243,19,COMPLETED,10,2026-01-24 15:06:13,2026-01-24 15:06:23
3231,243,23,COMPLETED,7,2026-01-24 15:11:13,2026-01-24 15:11:20
3232,243,8,COMPLETED,11,2026-01-24 15:14:13,2026-01-24 15:14:24
3233,971,13,COMPLETED,10,2026-01-06 08:03:15,2026-01-06 08:03:25
3234,783,19,COMPLETED,9,2026-02-15 01:03:09,2026-02-15 01:03:18
3235,783,23,COMPLETED,11,2026-02-15 01:07:09,2026-02-15 01:07:20
3236,783,8,FAILED,11,2026-02-15 01:07:09,2026-02-15 01:07:20
3237,306,20,COMPLETED,5,2025-10-07 13:47:39,2025-10-07 13:47:44
3238,38,19,COMPLETED,9,2026-01-09 22:33:48,2026-01-09 22:33:57
3239,55,17,COMPLETED,4,2025-10-25 22:08:49,2025-10-25 22:08:53
3240,55,16,COMPLETED,12,2025-10-25 22:12:49,2025-10-25 22:13:01
3241,83,19,FAILED,9,2025-12-08 06:31:21,2025-12-08 06:31:30
3242,83,23,COMPLETED,13,2025-12-08 06:34:21,2025-12-08 06:34:34
3243,83,8,COMPLETED,12,2025-12-08 06:37:21,2025-12-08 06:37:33
3244,200,1,FAILED,12,2025-10-25 14:13:39,2025-10-25 14:13:51
3245,200,3,COMPLETED,5,2025-10-25 14:16:39,2025-10-25 14:16:44
3246,200,8,COMPLETED,7,2025-10-25 14:23:39,2025-10-25 14:23:46
3247,20,19,COMPLETED,6,2025-12-04 17:08:19,2025-12-04 17:08:25
3248,20,23,COMPLETED,7,2025-12-04 17:13:19,2025-12-04 17:13:26
3249,20,8,COMPLETED,4,2025-12-04 17:14:19,2025-12-04 17:14:23
3250,1002,13,COMPLETED,12,2025-11-27 01:44:50,2025-11-27 01:45:02
3251,1002,14,COMPLETED,7,2025-11-27 01:48:50,2025-11-27 01:48:57
3252,697,20,COMPLETED,10,2025-09-28 11:14:33,2025-09-28 11:14:43
3253,73,2,COMPLETED,6,2026-01-20 03:58:16,2026-01-20 03:58:22
3254,73,5,COMPLETED,3,2026-01-20 04:03:16,2026-01-20 04:03:19
3255,73,9,COMPLETED,9,2026-01-20 04:06:16,2026-01-20 04:06:25
3256,49,20,COMPLETED,14,2026-03-17 02:22:56,2026-03-17 02:23:10
3257,49,5,COMPLETED,7,2026-03-17 02:25:56,2026-03-17 02:26:03
3258,197,17,COMPLETED,7,2025-09-19 13:40:26,2025-09-19 13:40:33
3259,452,1,COMPLETED,11,2025-11-25 00:20:54,2025-11-25 00:21:05
3260,452,3,COMPLETED,10,2025-11-25 00:25:54,2025-11-25 00:26:04
3261,452,8,COMPLETED,8,2025-11-25 00:26:54,2025-11-25 00:27:02
3262,166,13,COMPLETED,12,2025-11-24 10:50:27,2025-11-24 10:50:39
3263,166,14,COMPLETED,11,2025-11-24 10:52:27,2025-11-24 10:52:38
3264,62,17,COMPLETED,9,2025-09-27 17:39:59,2025-09-27 17:40:08
3265,157,1,COMPLETED,11,2026-03-12 05:19:43,2026-03-12 05:19:54
3266,157,3,COMPLETED,5,2026-03-12 05:23:43,2026-03-12 05:23:48
3267,157,8,COMPLETED,6,2026-03-12 05:27:43,2026-03-12 05:27:49
3268,40,1,FAILED,12,2026-01-22 02:44:21,2026-01-22 02:44:33
3269,40,3,COMPLETED,5,2026-01-22 02:46:21,2026-01-22 02:46:26
3270,40,8,COMPLETED,6,2026-01-22 02:50:21,2026-01-22 02:50:27
3271,50,13,COMPLETED,13,2026-01-22 17:56:43,2026-01-22 17:56:56
3272,50,14,COMPLETED,8,2026-01-22 17:59:43,2026-01-22 17:59:51
3273,153,2,COMPLETED,9,2026-03-09 09:49:45,2026-03-09 09:49:54
3274,366,1,COMPLETED,10,2025-11-26 13:00:47,2025-11-26 13:00:57
3275,366,3,COMPLETED,10,2025-11-26 13:02:47,2025-11-26 13:02:57
3276,366,8,COMPLETED,7,2025-11-26 13:10:47,2025-11-26 13:10:54
3277,535,6,COMPLETED,13,2026-01-06 11:32:13,2026-01-06 11:32:26
3278,535,15,COMPLETED,7,2026-01-06 11:37:13,2026-01-06 11:37:20
3279,76,2,COMPLETED,12,2026-03-03 03:50:20,2026-03-03 03:50:32
3280,76,5,COMPLETED,12,2026-03-03 03:55:20,2026-03-03 03:55:32
3281,76,9,COMPLETED,14,2026-03-03 04:00:20,2026-03-03 04:00:34
3282,77,22,COMPLETED,6,2025-09-08 17:09:06,2025-09-08 17:09:12
3283,90,18,COMPLETED,13,2025-10-23 03:16:07,2025-10-23 03:16:20
3284,81,6,COMPLETED,13,2025-12-22 17:12:02,2025-12-22 17:12:15
3285,81,15,COMPLETED,4,2025-12-22 17:14:02,2025-12-22 17:14:06
3286,65,6,COMPLETED,6,2026-03-14 23:16:56,2026-03-14 23:17:02
3287,678,10,FAILED,14,2025-11-24 13:11:48,2025-11-24 13:12:02
3288,213,6,COMPLETED,11,2025-09-14 21:53:27,2025-09-14 21:53:38
3289,150,1,COMPLETED,8,2025-09-06 16:04:39,2025-09-06 16:04:47
3290,150,3,COMPLETED,7,2025-09-06 16:07:39,2025-09-06 16:07:46
3291,150,8,COMPLETED,8,2025-09-06 16:14:39,2025-09-06 16:14:47
3292,35,2,FAILED,4,2026-02-28 23:56:31,2026-02-28 23:56:35
3293,16,24,COMPLETED,14,2025-12-02 12:52:20,2025-12-02 12:52:34
3294,54,20,FAILED,7,2025-11-19 21:45:42,2025-11-19 21:45:49
3295,54,5,COMPLETED,11,2025-11-19 21:47:42,2025-11-19 21:47:53
3296,121,3,COMPLETED,7,2025-09-18 16:08:47,2025-09-18 16:08:54
3297,140,2,FAILED,12,2026-03-06 23:19:13,2026-03-06 23:19:25
3298,140,5,COMPLETED,12,2026-03-06 23:22:13,2026-03-06 23:22:25
3299,140,9,COMPLETED,7,2026-03-06 23:27:13,2026-03-06 23:27:20
3300,281,17,COMPLETED,13,2025-11-18 05:55:38,2025-11-18 05:55:51
3301,281,16,FAILED,3,2025-11-18 05:57:38,2025-11-18 05:57:41
3302,227,20,FAILED,13,2025-11-03 22:52:54,2025-11-03 22:53:07
3303,227,5,COMPLETED,10,2025-11-03 22:54:54,2025-11-03 22:55:04
3304,89,4,FAILED,12,2025-09-16 23:58:22,2025-09-16 23:58:34
3305,89,10,COMPLETED,6,2025-09-17 00:03:22,2025-09-17 00:03:28
3306,261,17,FAILED,9,2025-11-06 21:02:33,2025-11-06 21:02:42
3307,261,16,COMPLETED,4,2025-11-06 21:04:33,2025-11-06 21:04:37
3308,20,13,COMPLETED,8,2026-03-20 22:58:09,2026-03-20 22:58:17
3309,20,14,COMPLETED,14,2026-03-20 23:03:09,2026-03-20 23:03:23
3310,50,15,COMPLETED,12,2025-12-09 05:11:49,2025-12-09 05:12:01
3311,241,4,COMPLETED,11,2025-09-25 13:59:25,2025-09-25 13:59:36
3312,163,17,COMPLETED,5,2025-11-22 19:56:25,2025-11-22 19:56:30
3313,163,16,COMPLETED,4,2025-11-22 20:00:25,2025-11-22 20:00:29
3314,46,13,COMPLETED,11,2025-11-20 04:39:49,2025-11-20 04:40:00
3315,46,14,COMPLETED,14,2025-11-20 04:43:49,2025-11-20 04:44:03
3316,368,19,COMPLETED,15,2026-03-03 07:50:14,2026-03-03 07:50:29
3317,368,23,COMPLETED,13,2026-03-03 07:53:14,2026-03-03 07:53:27
3318,368,8,FAILED,10,2026-03-03 07:58:14,2026-03-03 07:58:24
3319,305,20,COMPLETED,8,2026-03-25 14:03:24,2026-03-25 14:03:32
3320,305,5,COMPLETED,12,2026-03-25 14:08:24,2026-03-25 14:08:36
3321,163,6,COMPLETED,3,2026-02-05 03:40:16,2026-02-05 03:40:19
3322,163,15,FAILED,4,2026-02-05 03:43:16,2026-02-05 03:43:20
3323,369,20,COMPLETED,7,2025-10-23 01:26:40,2025-10-23 01:26:47
3324,369,5,COMPLETED,8,2025-10-23 01:31:40,2025-10-23 01:31:48
3325,123,21,COMPLETED,12,2025-10-16 20:19:15,2025-10-16 20:19:27
3326,869,17,FAILED,8,2025-12-13 05:45:41,2025-12-13 05:45:49
3327,869,16,COMPLETED,13,2025-12-13 05:49:41,2025-12-13 05:49:54
3328,1137,19,COMPLETED,13,2026-02-06 17:37:40,2026-02-06 17:37:53
3329,1137,23,COMPLETED,13,2026-02-06 17:40:40,2026-02-06 17:40:53
3330,1137,8,COMPLETED,3,2026-02-06 17:47:40,2026-02-06 17:47:43
3331,95,2,COMPLETED,7,2025-11-01 07:17:53,2025-11-01 07:18:00
3332,95,5,COMPLETED,4,2025-11-01 07:22:53,2025-11-01 07:22:57
3333,95,9,COMPLETED,12,2025-11-01 07:21:53,2025-11-01 07:22:05
3334,361,10,COMPLETED,5,2026-01-28 10:27:55,2026-01-28 10:28:00
3335,410,1,COMPLETED,7,2026-01-14 15:10:28,2026-01-14 15:10:35
3336,410,3,COMPLETED,10,2026-01-14 15:12:28,2026-01-14 15:12:38
3337,410,8,FAILED,3,2026-01-14 15:20:28,2026-01-14 15:20:31
3338,902,4,FAILED,12,2026-01-01 19:56:59,2026-01-01 19:57:11
3339,902,10,COMPLETED,7,2026-01-01 20:01:59,2026-01-01 20:02:06
3340,52,9,COMPLETED,11,2026-01-31 05:24:57,2026-01-31 05:25:08
3341,644,13,COMPLETED,7,2026-02-24 03:05:02,2026-02-24 03:05:09
3342,644,14,COMPLETED,10,2026-02-24 03:10:02,2026-02-24 03:10:12
3343,1140,17,COMPLETED,11,2026-02-19 09:28:28,2026-02-19 09:28:39
3344,1140,16,COMPLETED,11,2026-02-19 09:31:28,2026-02-19 09:31:39
3345,301,7,FAILED,13,2026-03-27 23:13:33,2026-03-27 23:13:46
3346,82,1,COMPLETED,5,2026-03-28 07:05:08,2026-03-28 07:05:13
3347,82,3,COMPLETED,10,2026-03-28 07:09:08,2026-03-28 07:09:18
3348,82,8,COMPLETED,3,2026-03-28 07:15:08,2026-03-28 07:15:11
3349,98,3,FAILED,8,2025-10-03 03:14:51,2025-10-03 03:14:59
3350,245,13,FAILED,8,2026-03-14 10:37:15,2026-03-14 10:37:23
3351,245,14,COMPLETED,11,2026-03-14 10:40:15,2026-03-14 10:40:26
3352,1036,19,COMPLETED,8,2026-01-07 19:45:47,2026-01-07 19:45:55
3353,1036,23,COMPLETED,6,2026-01-07 19:49:47,2026-01-07 19:49:53
3354,1036,8,COMPLETED,8,2026-01-07 19:51:47,2026-01-07 19:51:55
3355,580,19,COMPLETED,7,2025-10-07 22:52:55,2025-10-07 22:53:02
3356,580,23,COMPLETED,7,2025-10-07 22:57:55,2025-10-07 22:58:02
3357,580,8,COMPLETED,4,2025-10-07 22:56:55,2025-10-07 22:56:59
3358,18,11,COMPLETED,11,2025-12-12 04:08:38,2025-12-12 04:08:49
3359,67,2,COMPLETED,9,2026-02-28 21:40:19,2026-02-28 21:40:28
3360,67,5,COMPLETED,4,2026-02-28 21:44:19,2026-02-28 21:44:23
3361,67,9,COMPLETED,11,2026-02-28 21:48:19,2026-02-28 21:48:30
3362,246,4,COMPLETED,8,2026-03-13 19:22:29,2026-03-13 19:22:37
3363,246,10,COMPLETED,11,2026-03-13 19:24:29,2026-03-13 19:24:40
3364,74,17,COMPLETED,10,2025-11-30 04:52:15,2025-11-30 04:52:25
3365,74,16,COMPLETED,11,2025-11-30 04:55:15,2025-11-30 04:55:26
3366,256,3,COMPLETED,11,2025-12-23 17:56:41,2025-12-23 17:56:52
3367,550,20,COMPLETED,4,2026-02-25 00:09:22,2026-02-25 00:09:26
3368,550,5,COMPLETED,5,2026-02-25 00:11:22,2026-02-25 00:11:27
3369,16,19,COMPLETED,8,2026-01-27 14:48:29,2026-01-27 14:48:37
3370,57,2,COMPLETED,7,2025-11-01 23:17:22,2025-11-01 23:17:29
3371,57,5,COMPLETED,5,2025-11-01 23:20:22,2025-11-01 23:20:27
3372,57,9,COMPLETED,7,2025-11-01 23:21:22,2025-11-01 23:21:29
3373,1009,18,COMPLETED,11,2025-12-21 13:38:50,2025-12-21 13:39:01
3374,53,17,COMPLETED,9,2025-11-26 17:37:34,2025-11-26 17:37:43
3375,53,16,COMPLETED,12,2025-11-26 17:40:34,2025-11-26 17:40:46
3376,1160,3,COMPLETED,9,2026-03-15 14:42:36,2026-03-15 14:42:45
3377,21,20,COMPLETED,13,2025-12-17 15:17:19,2025-12-17 15:17:32
3378,21,5,FAILED,12,2025-12-17 15:21:19,2025-12-17 15:21:31
3379,254,1,COMPLETED,9,2025-12-04 03:00:02,2025-12-04 03:00:11
3380,254,3,COMPLETED,6,2025-12-04 03:02:02,2025-12-04 03:02:08
3381,254,8,COMPLETED,4,2025-12-04 03:08:02,2025-12-04 03:08:06
3382,93,1,COMPLETED,6,2025-10-01 03:03:42,2025-10-01 03:03:48
3383,93,3,COMPLETED,5,2025-10-01 03:06:42,2025-10-01 03:06:47
3384,93,8,COMPLETED,6,2025-10-01 03:11:42,2025-10-01 03:11:48
3385,384,5,COMPLETED,9,2026-02-10 10:45:59,2026-02-10 10:46:08
3386,168,2,FAILED,5,2026-03-17 18:07:28,2026-03-17 18:07:33
3387,168,5,COMPLETED,7,2026-03-17 18:12:28,2026-03-17 18:12:35
3388,168,9,COMPLETED,11,2026-03-17 18:13:28,2026-03-17 18:13:39
3389,372,3,COMPLETED,4,2025-11-19 15:14:31,2025-11-19 15:14:35
3390,130,6,COMPLETED,8,2026-01-21 20:47:07,2026-01-21 20:47:15
3391,130,15,COMPLETED,12,2026-01-21 20:52:07,2026-01-21 20:52:19
3392,1172,20,COMPLETED,10,2025-11-20 23:19:45,2025-11-20 23:19:55
3393,1172,5,COMPLETED,7,2025-11-20 23:22:45,2025-11-20 23:22:52
3394,2,13,FAILED,5,2025-10-18 03:09:15,2025-10-18 03:09:20
3395,2,14,COMPLETED,9,2025-10-18 03:14:15,2025-10-18 03:14:24
3396,68,6,COMPLETED,9,2026-01-08 09:38:22,2026-01-08 09:38:31
3397,68,15,COMPLETED,8,2026-01-08 09:42:22,2026-01-08 09:42:30
3398,1,23,COMPLETED,12,2025-12-26 01:16:07,2025-12-26 01:16:19
3399,184,17,COMPLETED,6,2026-02-10 22:35:27,2026-02-10 22:35:33
3400,184,16,COMPLETED,13,2026-02-10 22:38:27,2026-02-10 22:38:40
3401,350,22,COMPLETED,6,2026-02-15 05:05:12,2026-02-15 05:05:18
3402,991,15,COMPLETED,7,2026-03-15 11:47:38,2026-03-15 11:47:45
3403,391,6,COMPLETED,9,2026-03-11 17:55:15,2026-03-11 17:55:24
3404,391,15,COMPLETED,13,2026-03-11 17:58:15,2026-03-11 17:58:28
3405,1180,4,COMPLETED,10,2025-11-27 16:21:30,2025-11-27 16:21:40
3406,1180,10,COMPLETED,15,2025-11-27 16:26:30,2025-11-27 16:26:45
3407,640,20,COMPLETED,9,2025-12-07 05:44:24,2025-12-07 05:44:33
3408,640,5,COMPLETED,13,2025-12-07 05:48:24,2025-12-07 05:48:37
3409,72,1,COMPLETED,9,2026-03-15 14:17:43,2026-03-15 14:17:52
3410,74,17,FAILED,5,2025-10-04 07:18:32,2025-10-04 07:18:37
3411,74,16,FAILED,12,2025-10-04 07:23:32,2025-10-04 07:23:44
3412,8,13,COMPLETED,8,2025-10-22 05:23:00,2025-10-22 05:23:08
3413,8,14,COMPLETED,12,2025-10-22 05:28:00,2025-10-22 05:28:12
3414,108,1,COMPLETED,13,2026-01-11 08:26:13,2026-01-11 08:26:26
3415,108,3,COMPLETED,13,2026-01-11 08:29:13,2026-01-11 08:29:26
3416,108,8,COMPLETED,6,2026-01-11 08:36:13,2026-01-11 08:36:19
3417,10,17,FAILED,10,2026-01-28 00:31:43,2026-01-28 00:31:53
3418,10,16,FAILED,14,2026-01-28 00:34:43,2026-01-28 00:34:57
3419,263,2,COMPLETED,3,2026-02-18 15:08:35,2026-02-18 15:08:38
3420,263,5,COMPLETED,9,2026-02-18 15:13:35,2026-02-18 15:13:44
3421,263,9,FAILED,10,2026-02-18 15:18:35,2026-02-18 15:18:45
3422,772,7,COMPLETED,13,2026-02-08 05:21:11,2026-02-08 05:21:24
3423,145,17,COMPLETED,4,2025-09-03 12:32:46,2025-09-03 12:32:50
3424,145,16,COMPLETED,5,2025-09-03 12:37:46,2025-09-03 12:37:51
3425,293,20,COMPLETED,12,2025-11-08 17:20:48,2025-11-08 17:21:00
3426,293,5,COMPLETED,8,2025-11-08 17:22:48,2025-11-08 17:22:56
3427,201,2,COMPLETED,8,2025-09-06 09:07:56,2025-09-06 09:08:04
3428,201,5,COMPLETED,8,2025-09-06 09:12:56,2025-09-06 09:13:04
3429,201,9,COMPLETED,14,2025-09-06 09:17:56,2025-09-06 09:18:10
3430,32,17,COMPLETED,3,2025-10-13 00:13:30,2025-10-13 00:13:33
3431,32,16,COMPLETED,6,2025-10-13 00:16:30,2025-10-13 00:16:36
3432,21,19,COMPLETED,9,2025-10-04 23:02:42,2025-10-04 23:02:51
3433,284,11,COMPLETED,12,2025-09-25 19:42:00,2025-09-25 19:42:12
3434,360,20,COMPLETED,4,2026-03-02 20:30:04,2026-03-02 20:30:08
3435,360,5,FAILED,12,2026-03-02 20:34:04,2026-03-02 20:34:16
3436,196,21,COMPLETED,8,2025-12-23 00:49:41,2025-12-23 00:49:49
3437,818,1,COMPLETED,10,2026-03-12 00:33:34,2026-03-12 00:33:44
3438,818,3,FAILED,11,2026-03-12 00:37:34,2026-03-12 00:37:45
3439,818,8,COMPLETED,4,2026-03-12 00:37:34,2026-03-12 00:37:38
3440,1163,22,COMPLETED,12,2026-03-23 21:28:45,2026-03-23 21:28:57
3441,179,6,COMPLETED,5,2025-09-14 08:12:34,2025-09-14 08:12:39
3442,179,15,COMPLETED,9,2025-09-14 08:15:34,2025-09-14 08:15:43
3443,842,20,COMPLETED,8,2025-11-23 10:56:03,2025-11-23 10:56:11
3444,842,5,COMPLETED,8,2025-11-23 11:01:03,2025-11-23 11:01:11
3445,1048,17,COMPLETED,5,2026-02-11 15:01:27,2026-02-11 15:01:32
3446,1048,16,COMPLETED,10,2026-02-11 15:05:27,2026-02-11 15:05:37
3447,75,17,COMPLETED,9,2025-11-30 12:28:46,2025-11-30 12:28:55
3448,75,16,COMPLETED,12,2025-11-30 12:33:46,2025-11-30 12:33:58
3449,406,8,COMPLETED,10,2025-09-27 15:06:40,2025-09-27 15:06:50
3450,966,12,COMPLETED,13,2025-12-26 12:42:05,2025-12-26 12:42:18
3451,120,15,COMPLETED,12,2025-11-12 03:45:05,2025-11-12 03:45:17
3452,329,1,COMPLETED,7,2025-12-20 03:27:09,2025-12-20 03:27:16
3453,329,3,COMPLETED,12,2025-12-20 03:32:09,2025-12-20 03:32:21
3454,329,8,COMPLETED,6,2025-12-20 03:37:09,2025-12-20 03:37:15
3455,1193,17,COMPLETED,10,2026-03-11 07:03:33,2026-03-11 07:03:43
3456,1193,16,COMPLETED,8,2026-03-11 07:06:33,2026-03-11 07:06:41
3457,583,23,COMPLETED,7,2025-12-15 02:49:32,2025-12-15 02:49:39
3458,76,12,COMPLETED,12,2025-10-23 19:32:10,2025-10-23 19:32:22
3459,950,1,COMPLETED,13,2025-10-04 13:16:25,2025-10-04 13:16:38
3460,950,3,COMPLETED,11,2025-10-04 13:21:25,2025-10-04 13:21:36
3461,950,8,COMPLETED,10,2025-10-04 13:26:25,2025-10-04 13:26:35
3462,28,12,COMPLETED,8,2025-10-28 17:12:53,2025-10-28 17:13:01
3463,64,6,COMPLETED,14,2026-02-18 12:49:22,2026-02-18 12:49:36
3464,64,15,COMPLETED,7,2026-02-18 12:54:22,2026-02-18 12:54:29
3465,756,2,COMPLETED,7,2025-12-22 23:52:17,2025-12-22 23:52:24
3466,756,5,COMPLETED,11,2025-12-22 23:57:17,2025-12-22 23:57:28
3467,756,9,COMPLETED,8,2025-12-22 23:56:17,2025-12-22 23:56:25
3468,360,2,COMPLETED,6,2025-11-29 19:59:34,2025-11-29 19:59:40
3469,123,13,COMPLETED,6,2026-01-02 21:24:29,2026-01-02 21:24:35
3470,123,14,FAILED,12,2026-01-02 21:28:29,2026-01-02 21:28:41
3471,11,24,COMPLETED,5,2026-02-09 08:05:28,2026-02-09 08:05:33
3472,182,2,COMPLETED,4,2026-01-23 07:05:27,2026-01-23 07:05:31
3473,182,5,COMPLETED,7,2026-01-23 07:10:27,2026-01-23 07:10:34
3474,182,9,COMPLETED,9,2026-01-23 07:11:27,2026-01-23 07:11:36
3475,64,17,COMPLETED,3,2026-03-24 03:47:14,2026-03-24 03:47:17
3476,64,16,COMPLETED,4,2026-03-24 03:50:14,2026-03-24 03:50:18
3477,330,14,COMPLETED,5,2025-09-13 03:38:26,2025-09-13 03:38:31
3478,25,17,COMPLETED,8,2026-02-25 01:40:05,2026-02-25 01:40:13
3479,25,16,FAILED,12,2026-02-25 01:43:05,2026-02-25 01:43:17
3480,559,17,COMPLETED,10,2025-12-21 03:30:35,2025-12-21 03:30:45
3481,559,16,COMPLETED,7,2025-12-21 03:33:35,2025-12-21 03:33:42
3482,41,13,COMPLETED,6,2025-09-25 22:30:52,2025-09-25 22:30:58
3483,41,14,COMPLETED,8,2025-09-25 22:35:52,2025-09-25 22:36:00
3484,477,16,COMPLETED,12,2026-03-13 21:09:47,2026-03-13 21:09:59
3485,413,1,COMPLETED,7,2025-10-22 17:16:52,2025-10-22 17:16:59
3486,413,3,COMPLETED,8,2025-10-22 17:18:52,2025-10-22 17:19:00
3487,413,8,COMPLETED,12,2025-10-22 17:26:52,2025-10-22 17:27:04
3488,64,1,COMPLETED,6,2026-03-09 22:36:06,2026-03-09 22:36:12
3489,64,3,COMPLETED,6,2026-03-09 22:41:06,2026-03-09 22:41:12
3490,64,8,COMPLETED,12,2026-03-09 22:44:06,2026-03-09 22:44:18
3491,356,16,COMPLETED,7,2026-02-08 12:28:53,2026-02-08 12:29:00
3492,398,16,FAILED,13,2025-12-23 19:21:23,2025-12-23 19:21:36
3493,330,5,FAILED,10,2026-01-17 10:20:26,2026-01-17 10:20:36
3494,147,19,COMPLETED,6,2026-01-18 14:51:34,2026-01-18 14:51:40
3495,147,23,COMPLETED,12,2026-01-18 14:56:34,2026-01-18 14:56:46
3496,147,8,COMPLETED,12,2026-01-18 14:59:34,2026-01-18 14:59:46
3497,310,17,FAILED,12,2025-09-19 10:28:47,2025-09-19 10:28:59
3498,310,16,COMPLETED,8,2025-09-19 10:31:47,2025-09-19 10:31:55
3499,10,19,COMPLETED,12,2025-10-03 23:44:59,2025-10-03 23:45:11
3500,10,23,COMPLETED,10,2025-10-03 23:46:59,2025-10-03 23:47:09
3501,10,8,COMPLETED,9,2025-10-03 23:48:59,2025-10-03 23:49:08
3502,1038,4,COMPLETED,8,2025-12-14 11:51:04,2025-12-14 11:51:12
3503,152,17,COMPLETED,8,2025-10-08 20:06:25,2025-10-08 20:06:33
3504,330,6,COMPLETED,13,2025-11-23 16:00:09,2025-11-23 16:00:22
3505,330,15,COMPLETED,4,2025-11-23 16:05:09,2025-11-23 16:05:13
3506,80,20,COMPLETED,12,2026-01-08 04:43:38,2026-01-08 04:43:50
3507,80,5,COMPLETED,12,2026-01-08 04:46:38,2026-01-08 04:46:50
3508,744,6,COMPLETED,9,2026-01-20 19:36:17,2026-01-20 19:36:26
3509,744,15,COMPLETED,8,2026-01-20 19:40:17,2026-01-20 19:40:25
3510,898,17,COMPLETED,13,2026-01-03 10:59:20,2026-01-03 10:59:33
3511,898,16,COMPLETED,3,2026-01-03 11:03:20,2026-01-03 11:03:23
3512,440,19,FAILED,11,2025-12-25 12:41:38,2025-12-25 12:41:49
3513,440,23,COMPLETED,12,2025-12-25 12:43:38,2025-12-25 12:43:50
3514,440,8,COMPLETED,8,2025-12-25 12:47:38,2025-12-25 12:47:46
3515,972,19,COMPLETED,14,2025-12-14 04:08:34,2025-12-14 04:08:48
3516,972,23,COMPLETED,8,2025-12-14 04:11:34,2025-12-14 04:11:42
3517,972,8,COMPLETED,7,2025-12-14 04:16:34,2025-12-14 04:16:41
3518,214,23,COMPLETED,11,2025-09-27 07:48:10,2025-09-27 07:48:21
3519,269,1,COMPLETED,7,2025-11-16 01:54:00,2025-11-16 01:54:07
3520,1063,2,COMPLETED,11,2025-09-24 04:43:50,2025-09-24 04:44:01
3521,1063,5,COMPLETED,11,2025-09-24 04:45:50,2025-09-24 04:46:01
3522,1063,9,COMPLETED,9,2025-09-24 04:53:50,2025-09-24 04:53:59
3523,373,1,COMPLETED,12,2025-11-01 09:59:40,2025-11-01 09:59:52
3524,373,3,COMPLETED,7,2025-11-01 10:02:40,2025-11-01 10:02:47
3525,373,8,COMPLETED,8,2025-11-01 10:09:40,2025-11-01 10:09:48
3526,82,20,COMPLETED,4,2026-03-07 17:09:12,2026-03-07 17:09:16
3527,82,5,COMPLETED,9,2026-03-07 17:14:12,2026-03-07 17:14:21
3528,640,8,COMPLETED,4,2026-01-31 21:49:23,2026-01-31 21:49:27
3529,385,20,COMPLETED,6,2026-01-28 10:00:07,2026-01-28 10:00:13
3530,385,5,COMPLETED,7,2026-01-28 10:02:07,2026-01-28 10:02:14
3531,1036,3,COMPLETED,4,2026-03-14 17:44:06,2026-03-14 17:44:10
3532,190,20,COMPLETED,8,2025-11-12 21:01:03,2025-11-12 21:01:11
3533,190,5,COMPLETED,9,2025-11-12 21:05:03,2025-11-12 21:05:12
3534,1146,6,FAILED,8,2025-09-04 14:16:56,2025-09-04 14:17:04
3535,1146,15,COMPLETED,12,2025-09-04 14:19:56,2025-09-04 14:20:08
3536,342,18,COMPLETED,6,2026-03-26 03:03:29,2026-03-26 03:03:35
3537,110,19,FAILED,14,2026-01-21 13:16:23,2026-01-21 13:16:37
3538,110,23,COMPLETED,7,2026-01-21 13:18:23,2026-01-21 13:18:30
3539,110,8,COMPLETED,10,2026-01-21 13:24:23,2026-01-21 13:24:33
3540,34,2,FAILED,9,2025-12-31 09:48:41,2025-12-31 09:48:50
3541,34,5,FAILED,11,2025-12-31 09:51:41,2025-12-31 09:51:52
3542,34,9,COMPLETED,7,2025-12-31 09:52:41,2025-12-31 09:52:48
3543,183,13,COMPLETED,5,2026-01-25 12:04:53,2026-01-25 12:04:58
3544,183,14,COMPLETED,3,2026-01-25 12:09:53,2026-01-25 12:09:56
3545,6,1,COMPLETED,5,2026-02-10 00:00:15,2026-02-10 00:00:20
3546,6,3,COMPLETED,9,2026-02-10 00:02:15,2026-02-10 00:02:24
3547,6,8,COMPLETED,13,2026-02-10 00:06:15,2026-02-10 00:06:28
3548,327,3,COMPLETED,4,2025-10-12 08:50:05,2025-10-12 08:50:09
3549,1069,15,COMPLETED,9,2025-12-23 04:42:05,2025-12-23 04:42:14
3550,792,2,COMPLETED,8,2026-02-16 00:00:40,2026-02-16 00:00:48
3551,742,6,FAILED,9,2026-01-30 07:48:42,2026-01-30 07:48:51
3552,742,15,COMPLETED,12,2026-01-30 07:50:42,2026-01-30 07:50:54
3553,64,20,COMPLETED,8,2025-12-21 04:12:34,2025-12-21 04:12:42
3554,149,20,COMPLETED,4,2026-01-30 14:10:16,2026-01-30 14:10:20
3555,149,5,COMPLETED,11,2026-01-30 14:13:16,2026-01-30 14:13:27
3556,29,4,COMPLETED,13,2025-11-12 16:54:03,2025-11-12 16:54:16
3557,29,10,COMPLETED,5,2025-11-12 16:56:03,2025-11-12 16:56:08
3558,127,22,COMPLETED,12,2025-12-18 18:49:56,2025-12-18 18:50:08
3559,130,17,COMPLETED,7,2026-01-23 01:50:03,2026-01-23 01:50:10
3560,130,16,COMPLETED,5,2026-01-23 01:53:03,2026-01-23 01:53:08
3561,310,21,COMPLETED,7,2026-01-26 17:55:26,2026-01-26 17:55:33
3562,6,1,COMPLETED,14,2026-01-29 05:25:32,2026-01-29 05:25:46
3563,6,3,COMPLETED,8,2026-01-29 05:30:32,2026-01-29 05:30:40
3564,6,8,FAILED,5,2026-01-29 05:29:32,2026-01-29 05:29:37
3565,174,19,COMPLETED,15,2026-02-14 03:28:57,2026-02-14 03:29:12
3566,16,1,COMPLETED,11,2025-10-09 05:37:53,2025-10-09 05:38:04
3567,16,3,COMPLETED,9,2025-10-09 05:39:53,2025-10-09 05:40:02
3568,16,8,COMPLETED,7,2025-10-09 05:43:53,2025-10-09 05:44:00
3569,1024,6,COMPLETED,11,2025-12-19 04:18:51,2025-12-19 04:19:02
3570,1024,15,FAILED,9,2025-12-19 04:20:51,2025-12-19 04:21:00
3571,30,20,COMPLETED,12,2025-12-19 20:11:20,2025-12-19 20:11:32
3572,30,5,COMPLETED,8,2025-12-19 20:15:20,2025-12-19 20:15:28
3573,901,13,FAILED,7,2025-12-21 18:19:49,2025-12-21 18:19:56
3574,901,14,COMPLETED,8,2025-12-21 18:22:49,2025-12-21 18:22:57
3575,25,23,COMPLETED,4,2026-02-11 07:45:40,2026-02-11 07:45:44
3576,486,7,COMPLETED,14,2026-03-21 00:44:40,2026-03-21 00:44:54
3577,556,3,COMPLETED,14,2025-10-25 05:27:42,2025-10-25 05:27:56
3578,315,19,COMPLETED,10,2026-01-15 10:40:26,2026-01-15 10:40:36
3579,315,23,COMPLETED,14,2026-01-15 10:45:26,2026-01-15 10:45:40
3580,315,8,FAILED,4,2026-01-15 10:46:26,2026-01-15 10:46:30
3581,77,22,COMPLETED,10,2026-03-16 07:18:13,2026-03-16 07:18:23
3582,802,20,COMPLETED,9,2025-09-17 22:24:30,2025-09-17 22:24:39
3583,802,5,COMPLETED,8,2025-09-17 22:29:30,2025-09-17 22:29:38
3584,391,14,COMPLETED,9,2026-03-06 09:28:25,2026-03-06 09:28:34
3585,38,17,COMPLETED,7,2026-01-29 05:53:07,2026-01-29 05:53:14
3586,38,16,COMPLETED,7,2026-01-29 05:58:07,2026-01-29 05:58:14
3587,562,17,COMPLETED,13,2025-10-21 20:26:30,2025-10-21 20:26:43
3588,562,16,COMPLETED,13,2025-10-21 20:28:30,2025-10-21 20:28:43
3589,233,1,COMPLETED,13,2026-03-23 02:37:13,2026-03-23 02:37:26
3590,233,3,COMPLETED,11,2026-03-23 02:41:13,2026-03-23 02:41:24
3591,233,8,COMPLETED,7,2026-03-23 02:43:13,2026-03-23 02:43:20
3592,407,4,COMPLETED,11,2025-11-25 00:07:45,2025-11-25 00:07:56
3593,407,10,COMPLETED,5,2025-11-25 00:11:45,2025-11-25 00:11:50
3594,53,13,COMPLETED,4,2026-02-13 16:58:56,2026-02-13 16:59:00
3595,53,14,COMPLETED,10,2026-02-13 17:03:56,2026-02-13 17:04:06
3596,71,19,COMPLETED,6,2026-02-17 08:21:51,2026-02-17 08:21:57
3597,71,23,COMPLETED,10,2026-02-17 08:25:51,2026-02-17 08:26:01
3598,71,8,COMPLETED,4,2026-02-17 08:27:51,2026-02-17 08:27:55
3599,17,1,COMPLETED,8,2026-03-18 13:26:13,2026-03-18 13:26:21
3600,17,3,COMPLETED,9,2026-03-18 13:31:13,2026-03-18 13:31:22
3601,17,8,COMPLETED,13,2026-03-18 13:36:13,2026-03-18 13:36:26
3602,145,1,COMPLETED,7,2026-02-27 07:04:07,2026-02-27 07:04:14
3603,145,3,COMPLETED,12,2026-02-27 07:09:07,2026-02-27 07:09:19
3604,145,8,FAILED,5,2026-02-27 07:14:07,2026-02-27 07:14:12
3605,39,19,FAILED,13,2026-02-06 21:34:39,2026-02-06 21:34:52
3606,39,23,COMPLETED,4,2026-02-06 21:38:39,2026-02-06 21:38:43
3607,39,8,COMPLETED,10,2026-02-06 21:40:39,2026-02-06 21:40:49
3608,205,12,FAILED,12,2026-03-28 09:48:16,2026-03-28 09:48:28
3609,218,14,COMPLETED,7,2025-09-24 00:23:09,2025-09-24 00:23:16
3610,118,19,COMPLETED,14,2025-12-21 21:46:54,2025-12-21 21:47:08
3611,118,23,COMPLETED,11,2025-12-21 21:50:54,2025-12-21 21:51:05
3612,118,8,COMPLETED,12,2025-12-21 21:54:54,2025-12-21 21:55:06
3613,475,12,COMPLETED,8,2025-12-06 20:46:23,2025-12-06 20:46:31
3614,1026,17,COMPLETED,12,2026-03-03 16:02:06,2026-03-03 16:02:18
3615,1026,16,COMPLETED,10,2026-03-03 16:07:06,2026-03-03 16:07:16
3616,64,24,COMPLETED,10,2026-03-26 16:55:08,2026-03-26 16:55:18
3617,66,15,COMPLETED,6,2025-12-26 23:27:07,2025-12-26 23:27:13
3618,796,6,COMPLETED,14,2026-02-15 11:39:29,2026-02-15 11:39:43
3619,87,6,FAILED,11,2025-12-31 23:26:46,2025-12-31 23:26:57
3620,87,15,FAILED,6,2025-12-31 23:31:46,2025-12-31 23:31:52
3621,81,4,COMPLETED,14,2026-01-24 01:56:24,2026-01-24 01:56:38
3622,81,10,COMPLETED,12,2026-01-24 01:58:24,2026-01-24 01:58:36
3623,311,19,COMPLETED,15,2026-03-25 16:01:24,2026-03-25 16:01:39
3624,311,23,COMPLETED,10,2026-03-25 16:05:24,2026-03-25 16:05:34
3625,311,8,COMPLETED,11,2026-03-25 16:11:24,2026-03-25 16:11:35
3626,84,3,COMPLETED,13,2026-03-06 07:56:19,2026-03-06 07:56:32
3627,262,17,COMPLETED,4,2026-03-21 22:49:36,2026-03-21 22:49:40
3628,262,16,COMPLETED,7,2026-03-21 22:53:36,2026-03-21 22:53:43
3629,263,2,COMPLETED,11,2025-12-29 05:19:06,2025-12-29 05:19:17
3630,263,5,COMPLETED,10,2025-12-29 05:22:06,2025-12-29 05:22:16
3631,263,9,COMPLETED,12,2025-12-29 05:25:06,2025-12-29 05:25:18
3632,921,1,COMPLETED,5,2026-03-19 15:46:58,2026-03-19 15:47:03
3633,271,17,COMPLETED,10,2026-01-05 15:14:15,2026-01-05 15:14:25
3634,291,4,COMPLETED,13,2026-03-12 02:07:05,2026-03-12 02:07:18
3635,291,10,COMPLETED,9,2026-03-12 02:11:05,2026-03-12 02:11:14
3636,123,6,COMPLETED,4,2025-09-19 08:11:36,2025-09-19 08:11:40
3637,123,15,COMPLETED,6,2025-09-19 08:13:36,2025-09-19 08:13:42
3638,45,13,COMPLETED,11,2026-01-15 08:25:59,2026-01-15 08:26:10
3639,45,14,COMPLETED,10,2026-01-15 08:30:59,2026-01-15 08:31:09
3640,605,19,FAILED,14,2026-01-01 22:49:49,2026-01-01 22:50:03
3641,605,23,COMPLETED,10,2026-01-01 22:53:49,2026-01-01 22:53:59
3642,605,8,FAILED,5,2026-01-01 22:57:49,2026-01-01 22:57:54
3643,757,15,COMPLETED,4,2026-02-07 01:47:19,2026-02-07 01:47:23
3644,55,8,FAILED,5,2026-01-28 02:36:25,2026-01-28 02:36:30
3645,32,20,COMPLETED,12,2025-12-04 01:23:39,2025-12-04 01:23:51
3646,32,5,COMPLETED,5,2025-12-04 01:26:39,2025-12-04 01:26:44
3647,49,17,COMPLETED,12,2026-01-29 00:41:01,2026-01-29 00:41:13
3648,49,16,COMPLETED,3,2026-01-29 00:44:01,2026-01-29 00:44:04
3649,436,15,COMPLETED,12,2026-03-20 01:02:33,2026-03-20 01:02:45
3650,413,17,COMPLETED,11,2026-02-02 10:26:10,2026-02-02 10:26:21
3651,413,16,COMPLETED,8,2026-02-02 10:28:10,2026-02-02 10:28:18
3652,18,25,FAILED,5,2026-03-01 15:57:50,2026-03-01 15:57:55
3653,327,3,FAILED,4,2026-01-27 20:17:19,2026-01-27 20:17:23
3654,688,1,COMPLETED,15,2026-01-26 04:32:45,2026-01-26 04:33:00
3655,688,3,COMPLETED,9,2026-01-26 04:37:45,2026-01-26 04:37:54
3656,688,8,COMPLETED,7,2026-01-26 04:36:45,2026-01-26 04:36:52
3657,216,17,COMPLETED,8,2025-11-04 07:30:54,2025-11-04 07:31:02
3658,216,16,COMPLETED,10,2025-11-04 07:33:54,2025-11-04 07:34:04
3659,75,24,COMPLETED,14,2025-09-15 00:15:18,2025-09-15 00:15:32
3660,258,6,COMPLETED,4,2026-02-10 07:49:48,2026-02-10 07:49:52
3661,258,15,COMPLETED,5,2026-02-10 07:54:48,2026-02-10 07:54:53
3662,1109,4,COMPLETED,7,2026-03-27 10:45:17,2026-03-27 10:45:24
3663,124,17,COMPLETED,9,2025-10-10 14:46:00,2025-10-10 14:46:09
3664,124,16,FAILED,6,2025-10-10 14:48:00,2025-10-10 14:48:06
3665,1033,19,COMPLETED,13,2026-03-15 09:39:11,2026-03-15 09:39:24
3666,1033,23,COMPLETED,9,2026-03-15 09:44:11,2026-03-15 09:44:20
3667,1033,8,COMPLETED,5,2026-03-15 09:43:11,2026-03-15 09:43:16
3668,925,20,COMPLETED,9,2025-11-29 00:36:48,2025-11-29 00:36:57
3669,925,5,COMPLETED,9,2025-11-29 00:39:48,2025-11-29 00:39:57
3670,345,4,COMPLETED,7,2026-02-17 08:02:11,2026-02-17 08:02:18
3671,57,15,COMPLETED,11,2026-01-31 07:54:44,2026-01-31 07:54:55
3672,1,2,COMPLETED,5,2026-03-09 00:22:54,2026-03-09 00:22:59
3673,1,5,COMPLETED,6,2026-03-09 00:25:54,2026-03-09 00:26:00
3674,1,9,COMPLETED,7,2026-03-09 00:32:54,2026-03-09 00:33:01
3675,121,19,COMPLETED,12,2025-09-30 02:45:43,2025-09-30 02:45:55
3676,126,1,COMPLETED,7,2026-03-30 12:02:42,2026-03-30 12:02:49
3677,126,3,COMPLETED,13,2026-03-30 12:05:42,2026-03-30 12:05:55
3678,126,8,COMPLETED,7,2026-03-30 12:06:42,2026-03-30 12:06:49
3679,836,20,COMPLETED,5,2025-10-28 16:34:20,2025-10-28 16:34:25
3680,836,5,COMPLETED,8,2025-10-28 16:38:20,2025-10-28 16:38:28
3681,46,4,COMPLETED,11,2025-12-22 18:36:13,2025-12-22 18:36:24
3682,46,10,COMPLETED,10,2025-12-22 18:40:13,2025-12-22 18:40:23
3683,337,7,COMPLETED,7,2026-01-07 06:32:23,2026-01-07 06:32:30
3684,213,13,COMPLETED,8,2025-09-07 02:04:28,2025-09-07 02:04:36
3685,213,14,COMPLETED,3,2025-09-07 02:06:28,2025-09-07 02:06:31
3686,168,2,COMPLETED,9,2026-01-09 10:04:34,2026-01-09 10:04:43
3687,168,5,COMPLETED,12,2026-01-09 10:06:34,2026-01-09 10:06:46
3688,168,9,COMPLETED,14,2026-01-09 10:08:34,2026-01-09 10:08:48
3689,7,1,COMPLETED,7,2026-01-26 07:39:01,2026-01-26 07:39:08
3690,1167,10,COMPLETED,10,2025-11-08 03:17:23,2025-11-08 03:17:33
3691,546,14,COMPLETED,5,2025-10-28 04:42:13,2025-10-28 04:42:18
3692,248,19,COMPLETED,13,2025-10-21 10:33:50,2025-10-21 10:34:03
3693,248,23,COMPLETED,10,2025-10-21 10:38:50,2025-10-21 10:39:00
3694,248,8,COMPLETED,12,2025-10-21 10:37:50,2025-10-21 10:38:02
3695,356,1,COMPLETED,6,2025-12-07 20:06:15,2025-12-07 20:06:21
3696,356,3,COMPLETED,6,2025-12-07 20:09:15,2025-12-07 20:09:21
3697,356,8,COMPLETED,4,2025-12-07 20:10:15,2025-12-07 20:10:19
3698,325,17,COMPLETED,4,2025-12-20 20:09:14,2025-12-20 20:09:18
3699,325,16,COMPLETED,13,2025-12-20 20:14:14,2025-12-20 20:14:27
3700,63,6,COMPLETED,7,2025-10-23 20:00:22,2025-10-23 20:00:29
3701,63,15,COMPLETED,11,2025-10-23 20:04:22,2025-10-23 20:04:33
3702,563,15,COMPLETED,8,2026-02-01 02:25:01,2026-02-01 02:25:09
3703,66,17,COMPLETED,9,2026-02-07 23:38:43,2026-02-07 23:38:52
3704,255,19,COMPLETED,7,2025-12-13 01:46:37,2025-12-13 01:46:44
3705,255,23,COMPLETED,3,2025-12-13 01:48:37,2025-12-13 01:48:40
3706,255,8,COMPLETED,10,2025-12-13 01:52:37,2025-12-13 01:52:47
3707,35,1,COMPLETED,12,2025-10-03 17:18:28,2025-10-03 17:18:40
3708,35,3,COMPLETED,10,2025-10-03 17:21:28,2025-10-03 17:21:38
3709,35,8,COMPLETED,9,2025-10-03 17:24:28,2025-10-03 17:24:37
3710,16,1,COMPLETED,12,2025-10-31 23:32:58,2025-10-31 23:33:10
3711,16,3,FAILED,9,2025-10-31 23:36:58,2025-10-31 23:37:07
3712,16,8,COMPLETED,9,2025-10-31 23:36:58,2025-10-31 23:37:07
3713,181,6,COMPLETED,9,2025-11-30 17:23:24,2025-11-30 17:23:33
3714,33,5,COMPLETED,10,2026-02-19 15:17:11,2026-02-19 15:17:21
3715,89,12,COMPLETED,11,2025-11-05 10:14:04,2025-11-05 10:14:15
3716,103,19,COMPLETED,7,2025-10-30 00:54:08,2025-10-30 00:54:15
3717,103,23,COMPLETED,12,2025-10-30 00:59:08,2025-10-30 00:59:20
3718,103,8,COMPLETED,5,2025-10-30 00:58:08,2025-10-30 00:58:13
3719,1072,6,COMPLETED,8,2025-10-16 04:17:00,2025-10-16 04:17:08
3720,1072,15,COMPLETED,11,2025-10-16 04:22:00,2025-10-16 04:22:11
3721,855,1,COMPLETED,13,2026-01-14 04:55:14,2026-01-14 04:55:27
3722,855,3,COMPLETED,5,2026-01-14 04:57:14,2026-01-14 04:57:19
3723,855,8,COMPLETED,4,2026-01-14 05:05:14,2026-01-14 05:05:18
3724,355,4,COMPLETED,14,2026-02-23 20:20:16,2026-02-23 20:20:30
3725,355,10,COMPLETED,10,2026-02-23 20:25:16,2026-02-23 20:25:26
3726,39,23,COMPLETED,10,2026-01-16 10:35:36,2026-01-16 10:35:46
3727,62,2,COMPLETED,10,2025-11-07 08:04:36,2025-11-07 08:04:46
3728,62,5,COMPLETED,8,2025-11-07 08:07:36,2025-11-07 08:07:44
3729,62,9,COMPLETED,8,2025-11-07 08:08:36,2025-11-07 08:08:44
3730,1048,4,COMPLETED,10,2026-02-27 01:00:20,2026-02-27 01:00:30
3731,737,13,FAILED,8,2026-02-15 04:00:58,2026-02-15 04:01:06
3732,737,14,COMPLETED,7,2026-02-15 04:02:58,2026-02-15 04:03:05
3733,1199,21,COMPLETED,5,2025-10-11 19:27:16,2025-10-11 19:27:21
3734,258,18,COMPLETED,12,2025-09-19 00:12:42,2025-09-19 00:12:54
3735,5,11,COMPLETED,8,2025-10-12 16:26:40,2025-10-12 16:26:48
3736,129,19,COMPLETED,8,2026-03-02 09:30:35,2026-03-02 09:30:43
3737,129,23,COMPLETED,12,2026-03-02 09:35:35,2026-03-02 09:35:47
3738,129,8,FAILED,12,2026-03-02 09:34:35,2026-03-02 09:34:47
3739,186,12,COMPLETED,9,2025-09-12 22:22:10,2025-09-12 22:22:19
3740,278,13,COMPLETED,13,2026-03-26 00:45:06,2026-03-26 00:45:19
3741,278,14,COMPLETED,9,2026-03-26 00:48:06,2026-03-26 00:48:15
3742,11,19,COMPLETED,11,2026-01-27 09:18:56,2026-01-27 09:19:07
3743,11,23,COMPLETED,11,2026-01-27 09:21:56,2026-01-27 09:22:07
3744,11,8,COMPLETED,6,2026-01-27 09:26:56,2026-01-27 09:27:02
3745,1067,19,FAILED,10,2025-11-12 07:50:19,2025-11-12 07:50:29
3746,1067,23,COMPLETED,7,2025-11-12 07:55:19,2025-11-12 07:55:26
3747,1067,8,COMPLETED,7,2025-11-12 07:58:19,2025-11-12 07:58:26
3748,219,13,COMPLETED,6,2026-02-08 20:04:54,2026-02-08 20:05:00
3749,219,14,COMPLETED,4,2026-02-08 20:07:54,2026-02-08 20:07:58
3750,313,17,COMPLETED,3,2025-10-27 01:16:28,2025-10-27 01:16:31
3751,313,16,COMPLETED,13,2025-10-27 01:20:28,2025-10-27 01:20:41
3752,380,6,COMPLETED,5,2025-11-28 10:41:31,2025-11-28 10:41:36
3753,380,15,COMPLETED,14,2025-11-28 10:43:31,2025-11-28 10:43:45
3754,342,19,COMPLETED,14,2025-10-05 20:23:42,2025-10-05 20:23:56
3755,342,23,COMPLETED,5,2025-10-05 20:27:42,2025-10-05 20:27:47
3756,342,8,COMPLETED,8,2025-10-05 20:29:42,2025-10-05 20:29:50
3757,781,13,COMPLETED,10,2026-03-04 14:46:14,2026-03-04 14:46:24
3758,781,14,COMPLETED,10,2026-03-04 14:49:14,2026-03-04 14:49:24
3759,422,1,COMPLETED,12,2025-12-29 01:54:29,2025-12-29 01:54:41
3760,422,3,COMPLETED,7,2025-12-29 01:58:29,2025-12-29 01:58:36
3761,422,8,COMPLETED,7,2025-12-29 02:00:29,2025-12-29 02:00:36
3762,29,13,COMPLETED,11,2025-11-21 10:45:52,2025-11-21 10:46:03
3763,29,14,FAILED,8,2025-11-21 10:47:52,2025-11-21 10:48:00
3764,231,9,COMPLETED,7,2025-10-21 21:15:34,2025-10-21 21:15:41
3765,439,2,COMPLETED,12,2026-03-21 07:12:39,2026-03-21 07:12:51
3766,1085,17,COMPLETED,7,2026-03-20 12:17:51,2026-03-20 12:17:58
3767,1085,16,COMPLETED,11,2026-03-20 12:19:51,2026-03-20 12:20:02
3768,871,4,COMPLETED,14,2026-03-05 13:24:13,2026-03-05 13:24:27
3769,871,10,FAILED,8,2026-03-05 13:27:13,2026-03-05 13:27:21
3770,18,2,COMPLETED,4,2026-03-09 17:22:37,2026-03-09 17:22:41
3771,18,5,COMPLETED,12,2026-03-09 17:25:37,2026-03-09 17:25:49
3772,18,9,COMPLETED,9,2026-03-09 17:32:37,2026-03-09 17:32:46
3773,174,8,FAILED,13,2025-12-15 04:44:05,2025-12-15 04:44:18
3774,388,19,COMPLETED,5,2025-11-29 11:53:01,2025-11-29 11:53:06
3775,388,23,COMPLETED,8,2025-11-29 11:58:01,2025-11-29 11:58:09
3776,388,8,FAILED,10,2025-11-29 12:01:01,2025-11-29 12:01:11
3777,603,20,COMPLETED,11,2025-12-12 11:50:19,2025-12-12 11:50:30
3778,603,5,FAILED,9,2025-12-12 11:53:19,2025-12-12 11:53:28
3779,1122,22,COMPLETED,6,2026-01-15 19:52:36,2026-01-15 19:52:42
3780,335,20,COMPLETED,13,2026-01-02 00:57:06,2026-01-02 00:57:19
3781,820,18,FAILED,10,2025-12-24 18:59:30,2025-12-24 18:59:40
3782,240,1,FAILED,9,2025-09-26 01:53:57,2025-09-26 01:54:06
3783,139,19,COMPLETED,7,2025-12-13 23:35:40,2025-12-13 23:35:47
3784,139,23,COMPLETED,6,2025-12-13 23:40:40,2025-12-13 23:40:46
3785,139,8,COMPLETED,6,2025-12-13 23:45:40,2025-12-13 23:45:46
3786,33,6,FAILED,4,2026-03-23 03:30:29,2026-03-23 03:30:33
3787,33,15,COMPLETED,4,2026-03-23 03:32:29,2026-03-23 03:32:33
3788,78,13,COMPLETED,5,2026-02-18 17:07:01,2026-02-18 17:07:06
3789,78,14,COMPLETED,10,2026-02-18 17:10:01,2026-02-18 17:10:11
3790,49,4,COMPLETED,13,2025-12-15 16:04:16,2025-12-15 16:04:29
3791,478,3,COMPLETED,7,2026-01-02 19:07:14,2026-01-02 19:07:21
3792,325,22,COMPLETED,12,2025-12-15 21:53:01,2025-12-15 21:53:13
3793,98,9,COMPLETED,5,2025-10-07 04:27:20,2025-10-07 04:27:25
3794,93,18,COMPLETED,8,2026-01-11 06:45:53,2026-01-11 06:46:01
3795,730,1,COMPLETED,12,2026-03-21 09:34:56,2026-03-21 09:35:08
3796,730,3,COMPLETED,8,2026-03-21 09:38:56,2026-03-21 09:39:04
3797,730,8,COMPLETED,10,2026-03-21 09:40:56,2026-03-21 09:41:06
3798,254,20,COMPLETED,5,2025-12-26 16:13:14,2025-12-26 16:13:19
3799,254,5,COMPLETED,13,2025-12-26 16:16:14,2025-12-26 16:16:27
3800,309,19,COMPLETED,14,2025-10-15 07:19:24,2025-10-15 07:19:38
3801,309,23,COMPLETED,13,2025-10-15 07:23:24,2025-10-15 07:23:37
3802,309,8,COMPLETED,11,2025-10-15 07:29:24,2025-10-15 07:29:35
3803,951,17,COMPLETED,4,2025-10-14 10:26:15,2025-10-14 10:26:19
3804,951,16,COMPLETED,13,2025-10-14 10:30:15,2025-10-14 10:30:28
3805,835,17,COMPLETED,12,2025-12-14 06:36:40,2025-12-14 06:36:52
3806,835,16,COMPLETED,10,2025-12-14 06:40:40,2025-12-14 06:40:50
3807,685,6,FAILED,3,2026-02-11 22:55:32,2026-02-11 22:55:35
3808,685,15,COMPLETED,6,2026-02-11 22:58:32,2026-02-11 22:58:38
3809,279,19,COMPLETED,11,2026-02-12 12:55:07,2026-02-12 12:55:18
3810,279,23,COMPLETED,14,2026-02-12 12:57:07,2026-02-12 12:57:21
3811,279,8,COMPLETED,13,2026-02-12 13:05:07,2026-02-12 13:05:20
3812,612,17,COMPLETED,11,2026-01-01 20:46:53,2026-01-01 20:47:04
3813,612,16,COMPLETED,8,2026-01-01 20:51:53,2026-01-01 20:52:01
3814,20,20,COMPLETED,6,2025-12-01 16:32:32,2025-12-01 16:32:38
3815,20,5,COMPLETED,4,2025-12-01 16:34:32,2025-12-01 16:34:36
3816,233,1,COMPLETED,14,2025-11-30 10:05:40,2025-11-30 10:05:54
3817,233,3,COMPLETED,10,2025-11-30 10:08:40,2025-11-30 10:08:50
3818,233,8,COMPLETED,5,2025-11-30 10:11:40,2025-11-30 10:11:45
3819,355,20,COMPLETED,4,2026-01-16 05:08:54,2026-01-16 05:08:58
3820,257,2,COMPLETED,6,2026-02-07 10:33:18,2026-02-07 10:33:24
3821,257,5,COMPLETED,10,2026-02-07 10:35:18,2026-02-07 10:35:28
3822,257,9,FAILED,14,2026-02-07 10:41:18,2026-02-07 10:41:32
3823,391,22,COMPLETED,12,2026-01-20 08:53:26,2026-01-20 08:53:38
3824,321,4,COMPLETED,12,2026-01-05 08:35:34,2026-01-05 08:35:46
3825,321,10,COMPLETED,8,2026-01-05 08:37:34,2026-01-05 08:37:42
3826,183,13,COMPLETED,11,2026-01-23 17:40:35,2026-01-23 17:40:46
3827,183,14,COMPLETED,13,2026-01-23 17:43:35,2026-01-23 17:43:48
3828,52,15,COMPLETED,5,2026-03-24 19:57:57,2026-03-24 19:58:02
3829,6,6,COMPLETED,11,2026-01-14 16:07:52,2026-01-14 16:08:03
3830,350,13,COMPLETED,5,2025-12-06 17:55:42,2025-12-06 17:55:47
3831,350,14,COMPLETED,6,2025-12-06 17:59:42,2025-12-06 17:59:48
3832,179,20,COMPLETED,4,2025-10-10 01:10:57,2025-10-10 01:11:01
3833,179,5,COMPLETED,10,2025-10-10 01:12:57,2025-10-10 01:13:07
3834,1064,16,COMPLETED,8,2025-10-16 19:01:12,2025-10-16 19:01:20
3835,28,1,FAILED,12,2026-02-23 11:43:52,2026-02-23 11:44:04
3836,28,3,COMPLETED,5,2026-02-23 11:46:52,2026-02-23 11:46:57
3837,28,8,COMPLETED,6,2026-02-23 11:47:52,2026-02-23 11:47:58
3838,597,6,FAILED,9,2025-11-01 17:15:22,2025-11-01 17:15:31
3839,370,2,COMPLETED,4,2026-01-06 18:57:48,2026-01-06 18:57:52
3840,687,1,COMPLETED,8,2025-11-03 04:57:13,2025-11-03 04:57:21
3841,687,3,COMPLETED,13,2025-11-03 04:59:13,2025-11-03 04:59:26
3842,687,8,COMPLETED,8,2025-11-03 05:03:13,2025-11-03 05:03:21
3843,1144,20,COMPLETED,9,2026-03-12 08:05:32,2026-03-12 08:05:41
3844,205,6,COMPLETED,11,2025-11-20 14:21:15,2025-11-20 14:21:26
3845,33,11,COMPLETED,5,2026-03-06 12:57:37,2026-03-06 12:57:42
3846,269,17,COMPLETED,9,2025-10-09 01:23:07,2025-10-09 01:23:16
3847,269,16,COMPLETED,9,2025-10-09 01:25:07,2025-10-09 01:25:16
3848,79,13,COMPLETED,10,2026-03-08 13:15:20,2026-03-08 13:15:30
3849,79,14,COMPLETED,9,2026-03-08 13:17:20,2026-03-08 13:17:29
3850,69,20,COMPLETED,4,2026-02-06 22:08:47,2026-02-06 22:08:51
3851,69,5,FAILED,6,2026-02-06 22:12:47,2026-02-06 22:12:53
3852,981,22,COMPLETED,8,2026-02-15 11:10:45,2026-02-15 11:10:53
3853,283,8,COMPLETED,5,2025-10-31 04:53:20,2025-10-31 04:53:25
3854,551,19,COMPLETED,13,2026-01-06 14:42:26,2026-01-06 14:42:39
3855,551,23,COMPLETED,8,2026-01-06 14:44:26,2026-01-06 14:44:34
3856,551,8,COMPLETED,11,2026-01-06 14:50:26,2026-01-06 14:50:37
3857,176,2,COMPLETED,5,2026-01-14 18:43:46,2026-01-14 18:43:51
3858,176,5,COMPLETED,11,2026-01-14 18:45:46,2026-01-14 18:45:57
3859,176,9,COMPLETED,12,2026-01-14 18:51:46,2026-01-14 18:51:58
3860,85,2,COMPLETED,11,2026-03-03 14:51:17,2026-03-03 14:51:28
3861,85,5,COMPLETED,5,2026-03-03 14:56:17,2026-03-03 14:56:22
3862,85,9,COMPLETED,11,2026-03-03 14:57:17,2026-03-03 14:57:28
3863,5,17,COMPLETED,4,2026-03-29 22:31:39,2026-03-29 22:31:43
3864,5,16,COMPLETED,9,2026-03-29 22:36:39,2026-03-29 22:36:48
3865,855,2,COMPLETED,10,2026-03-24 22:12:59,2026-03-24 22:13:09
3866,855,5,COMPLETED,4,2026-03-24 22:16:59,2026-03-24 22:17:03
3867,855,9,COMPLETED,7,2026-03-24 22:20:59,2026-03-24 22:21:06
3868,315,13,COMPLETED,11,2025-11-21 12:33:23,2025-11-21 12:33:34
3869,315,14,COMPLETED,8,2025-11-21 12:38:23,2025-11-21 12:38:31
3870,465,14,COMPLETED,12,2025-10-04 18:21:47,2025-10-04 18:21:59
3871,9,1,COMPLETED,15,2025-09-03 14:12:26,2025-09-03 14:12:41
3872,9,3,COMPLETED,9,2025-09-03 14:14:26,2025-09-03 14:14:35
3873,9,8,COMPLETED,8,2025-09-03 14:16:26,2025-09-03 14:16:34
3874,665,1,FAILED,8,2025-09-23 17:39:50,2025-09-23 17:39:58
3875,665,3,COMPLETED,13,2025-09-23 17:41:50,2025-09-23 17:42:03
3876,665,8,COMPLETED,12,2025-09-23 17:47:50,2025-09-23 17:48:02
3877,257,1,COMPLETED,8,2025-11-26 22:37:33,2025-11-26 22:37:41
3878,257,3,COMPLETED,9,2025-11-26 22:41:33,2025-11-26 22:41:42
3879,257,8,COMPLETED,10,2025-11-26 22:41:33,2025-11-26 22:41:43
3880,206,12,FAILED,12,2026-02-22 17:26:30,2026-02-22 17:26:42
3881,27,2,COMPLETED,7,2025-09-10 20:28:35,2025-09-10 20:28:42
3882,27,5,COMPLETED,13,2025-09-10 20:30:35,2025-09-10 20:30:48
3883,27,9,COMPLETED,7,2025-09-10 20:34:35,2025-09-10 20:34:42
3884,138,19,FAILED,8,2025-12-13 08:06:27,2025-12-13 08:06:35
3885,138,23,COMPLETED,10,2025-12-13 08:11:27,2025-12-13 08:11:37
3886,138,8,COMPLETED,8,2025-12-13 08:14:27,2025-12-13 08:14:35
3887,42,2,COMPLETED,10,2025-12-31 20:47:28,2025-12-31 20:47:38
3888,42,5,COMPLETED,13,2025-12-31 20:50:28,2025-12-31 20:50:41
3889,42,9,COMPLETED,13,2025-12-31 20:55:28,2025-12-31 20:55:41
3890,1177,4,COMPLETED,8,2025-12-24 08:02:56,2025-12-24 08:03:04
3891,1177,10,COMPLETED,8,2025-12-24 08:04:56,2025-12-24 08:05:04
3892,369,8,FAILED,6,2026-03-24 06:47:14,2026-03-24 06:47:20
3893,78,8,COMPLETED,11,2025-10-23 17:01:01,2025-10-23 17:01:12
3894,142,17,COMPLETED,11,2026-03-08 08:21:51,2026-03-08 08:22:02
3895,142,16,COMPLETED,6,2026-03-08 08:23:51,2026-03-08 08:23:57
3896,13,6,FAILED,10,2026-02-27 03:11:02,2026-02-27 03:11:12
3897,13,15,COMPLETED,10,2026-02-27 03:13:02,2026-02-27 03:13:12
3898,153,22,COMPLETED,11,2026-02-06 09:52:12,2026-02-06 09:52:23
3899,897,17,COMPLETED,6,2026-03-16 03:28:19,2026-03-16 03:28:25
3900,80,1,COMPLETED,15,2026-01-04 14:09:15,2026-01-04 14:09:30
3901,80,3,COMPLETED,4,2026-01-04 14:14:15,2026-01-04 14:14:19
3902,80,8,COMPLETED,7,2026-01-04 14:17:15,2026-01-04 14:17:22
3903,249,1,COMPLETED,10,2026-02-25 10:43:51,2026-02-25 10:44:01
3904,249,3,COMPLETED,7,2026-02-25 10:48:51,2026-02-25 10:48:58
3905,249,8,COMPLETED,8,2026-02-25 10:47:51,2026-02-25 10:47:59
3906,305,10,COMPLETED,12,2026-03-05 09:37:39,2026-03-05 09:37:51
3907,968,8,COMPLETED,8,2026-01-09 05:05:44,2026-01-09 05:05:52
3908,25,2,COMPLETED,5,2026-01-03 14:55:29,2026-01-03 14:55:34
3909,25,5,COMPLETED,7,2026-01-03 14:59:29,2026-01-03 14:59:36
3910,25,9,COMPLETED,5,2026-01-03 14:59:29,2026-01-03 14:59:34
3911,793,6,COMPLETED,10,2026-03-12 11:29:12,2026-03-12 11:29:22
3912,793,15,COMPLETED,10,2026-03-12 11:31:12,2026-03-12 11:31:22
3913,300,17,COMPLETED,6,2026-03-08 23:47:17,2026-03-08 23:47:23
3914,300,16,COMPLETED,11,2026-03-08 23:52:17,2026-03-08 23:52:28
3915,1149,13,FAILED,6,2026-01-18 13:27:05,2026-01-18 13:27:11
3916,1149,14,COMPLETED,13,2026-01-18 13:30:05,2026-01-18 13:30:18
3917,61,20,COMPLETED,10,2026-03-28 15:31:41,2026-03-28 15:31:51
3918,160,2,COMPLETED,8,2026-02-15 14:41:30,2026-02-15 14:41:38
3919,339,25,COMPLETED,4,2025-11-19 09:06:31,2025-11-19 09:06:35
3920,24,13,COMPLETED,12,2026-02-14 12:50:29,2026-02-14 12:50:41
3921,24,14,FAILED,13,2026-02-14 12:52:29,2026-02-14 12:52:42
3922,93,8,COMPLETED,11,2025-12-31 02:33:39,2025-12-31 02:33:50
3923,787,1,COMPLETED,14,2026-02-16 09:01:21,2026-02-16 09:01:35
3924,879,7,FAILED,10,2026-02-15 07:24:27,2026-02-15 07:24:37
3925,32,20,COMPLETED,7,2026-02-22 02:23:29,2026-02-22 02:23:36
3926,32,5,COMPLETED,11,2026-02-22 02:26:29,2026-02-22 02:26:40
3927,925,13,COMPLETED,4,2025-11-29 22:48:09,2025-11-29 22:48:13
3928,925,14,COMPLETED,5,2025-11-29 22:51:09,2025-11-29 22:51:14
3929,5,17,COMPLETED,8,2026-03-17 18:07:29,2026-03-17 18:07:37
3930,5,16,FAILED,6,2026-03-17 18:10:29,2026-03-17 18:10:35
3931,1094,2,COMPLETED,7,2025-11-04 07:00:52,2025-11-04 07:00:59
3932,1189,15,COMPLETED,6,2026-03-14 02:37:42,2026-03-14 02:37:48
3933,93,19,COMPLETED,12,2026-02-25 15:20:48,2026-02-25 15:21:00
3934,93,23,COMPLETED,12,2026-02-25 15:25:48,2026-02-25 15:26:00
3935,93,8,COMPLETED,4,2026-02-25 15:28:48,2026-02-25 15:28:52
3936,298,13,COMPLETED,5,2026-02-20 02:27:55,2026-02-20 02:28:00
3937,298,14,COMPLETED,4,2026-02-20 02:30:55,2026-02-20 02:30:59
3938,800,2,COMPLETED,12,2025-11-10 05:06:39,2025-11-10 05:06:51
3939,800,5,COMPLETED,5,2025-11-10 05:09:39,2025-11-10 05:09:44
3940,800,9,COMPLETED,12,2025-11-10 05:12:39,2025-11-10 05:12:51
3941,236,4,COMPLETED,12,2025-09-19 19:24:48,2025-09-19 19:25:00
3942,236,10,COMPLETED,7,2025-09-19 19:28:48,2025-09-19 19:28:55
3943,50,6,FAILED,11,2025-10-10 11:05:53,2025-10-10 11:06:04
3944,229,21,COMPLETED,11,2025-11-24 18:24:08,2025-11-24 18:24:19
3945,392,13,COMPLETED,7,2026-02-04 12:35:42,2026-02-04 12:35:49
3946,102,19,COMPLETED,15,2025-10-30 17:20:31,2025-10-30 17:20:46
3947,102,23,COMPLETED,13,2025-10-30 17:25:31,2025-10-30 17:25:44
3948,102,8,COMPLETED,12,2025-10-30 17:30:31,2025-10-30 17:30:43
3949,84,19,COMPLETED,14,2025-10-28 19:10:40,2025-10-28 19:10:54
3950,50,1,FAILED,9,2025-10-28 08:20:39,2025-10-28 08:20:48
3951,603,12,COMPLETED,7,2026-03-12 05:38:07,2026-03-12 05:38:14
3952,349,19,COMPLETED,12,2026-02-26 11:57:29,2026-02-26 11:57:41
3953,349,23,FAILED,6,2026-02-26 11:59:29,2026-02-26 11:59:35
3954,349,8,COMPLETED,12,2026-02-26 12:07:29,2026-02-26 12:07:41
3955,467,1,COMPLETED,11,2026-02-04 02:42:01,2026-02-04 02:42:12
3956,467,3,COMPLETED,13,2026-02-04 02:44:01,2026-02-04 02:44:14
3957,467,8,COMPLETED,11,2026-02-04 02:52:01,2026-02-04 02:52:12
3958,728,6,COMPLETED,7,2026-01-28 18:35:45,2026-01-28 18:35:52
3959,62,1,COMPLETED,9,2026-03-11 09:46:02,2026-03-11 09:46:11
3960,62,3,COMPLETED,8,2026-03-11 09:50:02,2026-03-11 09:50:10
3961,62,8,COMPLETED,13,2026-03-11 09:56:02,2026-03-11 09:56:15
3962,388,15,COMPLETED,10,2025-11-14 09:36:20,2025-11-14 09:36:30
3963,2,2,COMPLETED,6,2026-02-21 00:53:26,2026-02-21 00:53:32
3964,2,5,COMPLETED,8,2026-02-21 00:58:26,2026-02-21 00:58:34
3965,2,9,COMPLETED,11,2026-02-21 01:01:26,2026-02-21 01:01:37
3966,365,2,COMPLETED,3,2026-03-05 14:33:51,2026-03-05 14:33:54
3967,365,5,COMPLETED,9,2026-03-05 14:38:51,2026-03-05 14:39:00
3968,365,9,COMPLETED,12,2026-03-05 14:43:51,2026-03-05 14:44:03
3969,91,20,COMPLETED,13,2025-09-24 02:44:12,2025-09-24 02:44:25
3970,91,5,COMPLETED,4,2025-09-24 02:49:12,2025-09-24 02:49:16
3971,714,11,COMPLETED,8,2026-01-25 01:11:08,2026-01-25 01:11:16
3972,298,3,COMPLETED,9,2026-03-10 22:02:11,2026-03-10 22:02:20
3973,803,1,COMPLETED,5,2026-03-06 08:37:49,2026-03-06 08:37:54
3974,803,3,COMPLETED,11,2026-03-06 08:39:49,2026-03-06 08:40:00
3975,803,8,COMPLETED,10,2026-03-06 08:47:49,2026-03-06 08:47:59
3976,991,18,COMPLETED,12,2026-01-29 17:21:39,2026-01-29 17:21:51
3977,235,13,COMPLETED,7,2026-03-10 15:57:03,2026-03-10 15:57:10
3978,235,14,COMPLETED,6,2026-03-10 16:02:03,2026-03-10 16:02:09
3979,77,4,COMPLETED,10,2026-03-15 09:02:34,2026-03-15 09:02:44
3980,77,10,FAILED,8,2026-03-15 09:06:34,2026-03-15 09:06:42
3981,774,3,COMPLETED,12,2026-02-11 03:14:30,2026-02-11 03:14:42
3982,252,13,COMPLETED,13,2025-11-25 01:05:47,2025-11-25 01:06:00
3983,330,12,COMPLETED,5,2025-11-24 11:00:21,2025-11-24 11:00:26
3984,690,2,COMPLETED,13,2025-09-25 16:43:46,2025-09-25 16:43:59
3985,690,5,COMPLETED,12,2025-09-25 16:48:46,2025-09-25 16:48:58
3986,690,9,COMPLETED,14,2025-09-25 16:47:46,2025-09-25 16:48:00
3987,28,22,FAILED,5,2025-09-29 13:05:46,2025-09-29 13:05:51
3988,681,13,COMPLETED,5,2026-03-23 07:19:21,2026-03-23 07:19:26
3989,681,14,COMPLETED,10,2026-03-23 07:24:21,2026-03-23 07:24:31
3990,202,11,COMPLETED,11,2026-03-02 04:22:01,2026-03-02 04:22:12
3991,364,6,FAILED,12,2026-01-04 12:02:22,2026-01-04 12:02:34
3992,28,20,COMPLETED,8,2026-01-14 07:23:33,2026-01-14 07:23:41
3993,28,5,COMPLETED,7,2026-01-14 07:25:33,2026-01-14 07:25:40
3994,123,6,COMPLETED,6,2025-09-16 01:14:30,2025-09-16 01:14:36
3995,123,15,COMPLETED,6,2025-09-16 01:19:30,2025-09-16 01:19:36
3996,52,9,COMPLETED,5,2026-01-19 07:16:01,2026-01-19 07:16:06
3997,95,13,COMPLETED,9,2026-01-25 14:30:25,2026-01-25 14:30:34
3998,95,14,COMPLETED,7,2026-01-25 14:33:25,2026-01-25 14:33:32
3999,73,6,COMPLETED,6,2026-02-28 02:01:58,2026-02-28 02:02:04
4000,73,15,COMPLETED,10,2026-02-28 02:04:58,2026-02-28 02:05:08
4001,178,4,COMPLETED,13,2025-09-03 20:28:07,2025-09-03 20:28:20
4002,178,10,COMPLETED,13,2025-09-03 20:32:07,2025-09-03 20:32:20
4003,135,17,COMPLETED,10,2025-12-25 22:29:14,2025-12-25 22:29:24
4004,48,15,FAILED,5,2026-01-19 14:38:29,2026-01-19 14:38:34
4005,468,15,FAILED,11,2025-10-03 10:46:23,2025-10-03 10:46:34
4006,1165,25,COMPLETED,12,2025-11-23 20:12:02,2025-11-23 20:12:14
4007,357,3,COMPLETED,9,2025-12-27 01:51:59,2025-12-27 01:52:08
4008,56,2,COMPLETED,10,2026-02-24 06:29:18,2026-02-24 06:29:28
4009,56,5,COMPLETED,11,2026-02-24 06:33:18,2026-02-24 06:33:29
4010,56,9,COMPLETED,11,2026-02-24 06:39:18,2026-02-24 06:39:29
4011,51,4,COMPLETED,14,2025-09-06 00:04:43,2025-09-06 00:04:57
4012,51,10,COMPLETED,11,2025-09-06 00:09:43,2025-09-06 00:09:54
4013,397,9,COMPLETED,7,2025-11-18 22:40:24,2025-11-18 22:40:31
4014,22,17,FAILED,11,2025-12-25 07:01:32,2025-12-25 07:01:43
4015,32,4,COMPLETED,7,2025-09-23 13:26:59,2025-09-23 13:27:06
4016,32,10,COMPLETED,10,2025-09-23 13:28:59,2025-09-23 13:29:09
4017,247,18,COMPLETED,11,2025-09-01 23:34:38,2025-09-01 23:34:49
4018,297,7,COMPLETED,9,2025-12-11 20:51:19,2025-12-11 20:51:28
4019,347,13,FAILED,11,2025-12-21 11:36:56,2025-12-21 11:37:07
4020,347,14,COMPLETED,4,2025-12-21 11:41:56,2025-12-21 11:42:00
4021,23,13,COMPLETED,11,2026-02-08 22:13:10,2026-02-08 22:13:21
4022,23,14,COMPLETED,12,2026-02-08 22:18:10,2026-02-08 22:18:22
4023,10,16,COMPLETED,5,2026-03-24 11:02:04,2026-03-24 11:02:09
4024,140,10,FAILED,13,2026-02-23 05:17:46,2026-02-23 05:17:59
4025,560,4,COMPLETED,13,2025-10-30 07:02:45,2025-10-30 07:02:58
4026,560,10,FAILED,10,2025-10-30 07:05:45,2025-10-30 07:05:55
4027,191,2,COMPLETED,4,2026-02-05 22:37:35,2026-02-05 22:37:39
4028,191,5,COMPLETED,6,2026-02-05 22:40:35,2026-02-05 22:40:41
4029,191,9,FAILED,14,2026-02-05 22:41:35,2026-02-05 22:41:49
4030,271,10,COMPLETED,11,2025-10-06 15:55:29,2025-10-06 15:55:40
4031,200,6,COMPLETED,10,2025-10-26 19:13:53,2025-10-26 19:14:03
4032,889,12,COMPLETED,5,2026-02-11 23:08:22,2026-02-11 23:08:27
4033,21,19,COMPLETED,10,2025-12-31 14:55:57,2025-12-31 14:56:07
4034,67,20,COMPLETED,6,2025-11-10 09:13:24,2025-11-10 09:13:30
4035,67,5,COMPLETED,14,2025-11-10 09:15:24,2025-11-10 09:15:38
4036,162,1,COMPLETED,9,2025-12-03 02:19:59,2025-12-03 02:20:08
4037,162,3,COMPLETED,12,2025-12-03 02:21:59,2025-12-03 02:22:11
4038,162,8,FAILED,8,2025-12-03 02:29:59,2025-12-03 02:30:07
4039,73,17,COMPLETED,9,2025-10-18 10:23:02,2025-10-18 10:23:11
4040,73,16,COMPLETED,11,2025-10-18 10:27:02,2025-10-18 10:27:13
4041,335,6,COMPLETED,3,2025-09-09 14:07:31,2025-09-09 14:07:34
4042,335,15,COMPLETED,11,2025-09-09 14:09:31,2025-09-09 14:09:42
4043,36,19,COMPLETED,7,2025-11-03 01:26:33,2025-11-03 01:26:40
4044,36,23,COMPLETED,12,2025-11-03 01:30:33,2025-11-03 01:30:45
4045,36,8,COMPLETED,12,2025-11-03 01:36:33,2025-11-03 01:36:45
4046,25,13,COMPLETED,8,2025-09-12 22:28:03,2025-09-12 22:28:11
4047,392,19,COMPLETED,5,2026-03-02 11:32:23,2026-03-02 11:32:28
4048,392,23,FAILED,13,2026-03-02 11:34:23,2026-03-02 11:34:36
4049,392,8,COMPLETED,11,2026-03-02 11:42:23,2026-03-02 11:42:34
4050,296,2,COMPLETED,12,2025-11-19 05:17:41,2025-11-19 05:17:53
4051,296,5,COMPLETED,3,2025-11-19 05:22:41,2025-11-19 05:22:44
4052,296,9,COMPLETED,7,2025-11-19 05:21:41,2025-11-19 05:21:48
4053,925,3,COMPLETED,13,2025-11-19 06:06:18,2025-11-19 06:06:31
4054,979,1,COMPLETED,9,2026-03-11 07:46:55,2026-03-11 07:47:04
4055,979,3,COMPLETED,10,2026-03-11 07:48:55,2026-03-11 07:49:05
4056,979,8,FAILED,12,2026-03-11 07:50:55,2026-03-11 07:51:07
4057,289,2,COMPLETED,10,2026-01-16 19:03:02,2026-01-16 19:03:12
4058,289,5,COMPLETED,9,2026-01-16 19:08:02,2026-01-16 19:08:11
4059,289,9,COMPLETED,10,2026-01-16 19:11:02,2026-01-16 19:11:12
4060,1153,1,COMPLETED,10,2025-10-31 14:58:01,2025-10-31 14:58:11
4061,1153,3,COMPLETED,9,2025-10-31 15:00:01,2025-10-31 15:00:10
4062,1153,8,COMPLETED,10,2025-10-31 15:04:01,2025-10-31 15:04:11
4063,274,4,COMPLETED,5,2026-03-28 18:37:01,2026-03-28 18:37:06
4064,105,16,COMPLETED,12,2025-10-20 22:25:52,2025-10-20 22:26:04
4065,32,15,COMPLETED,3,2026-02-15 15:01:44,2026-02-15 15:01:47
4066,734,1,COMPLETED,9,2025-12-07 17:15:21,2025-12-07 17:15:30
4067,734,3,COMPLETED,12,2025-12-07 17:20:21,2025-12-07 17:20:33
4068,734,8,COMPLETED,14,2025-12-07 17:25:21,2025-12-07 17:25:35
4069,603,17,COMPLETED,6,2026-02-08 18:51:10,2026-02-08 18:51:16
4070,603,16,COMPLETED,6,2026-02-08 18:54:10,2026-02-08 18:54:16
4071,327,1,COMPLETED,9,2025-10-01 22:54:09,2025-10-01 22:54:18
4072,327,3,COMPLETED,7,2025-10-01 22:57:09,2025-10-01 22:57:16
4073,327,8,COMPLETED,10,2025-10-01 23:04:09,2025-10-01 23:04:19
4074,116,19,FAILED,8,2026-02-08 23:59:46,2026-02-08 23:59:54
4075,397,1,COMPLETED,12,2025-11-23 20:08:22,2025-11-23 20:08:34
4076,397,3,COMPLETED,8,2025-11-23 20:13:22,2025-11-23 20:13:30
4077,397,8,FAILED,7,2025-11-23 20:14:22,2025-11-23 20:14:29
4078,94,11,COMPLETED,5,2025-12-24 11:33:11,2025-12-24 11:33:16
4079,234,20,COMPLETED,13,2026-01-15 11:04:20,2026-01-15 11:04:33
4080,234,5,FAILED,5,2026-01-15 11:07:20,2026-01-15 11:07:25
4081,906,1,COMPLETED,7,2025-09-05 03:05:47,2025-09-05 03:05:54
4082,906,3,COMPLETED,4,2025-09-05 03:10:47,2025-09-05 03:10:51
4083,906,8,COMPLETED,7,2025-09-05 03:13:47,2025-09-05 03:13:54
4084,176,4,COMPLETED,8,2025-11-20 03:36:12,2025-11-20 03:36:20
4085,176,10,COMPLETED,13,2025-11-20 03:38:12,2025-11-20 03:38:25
4086,69,2,COMPLETED,10,2026-01-18 05:36:32,2026-01-18 05:36:42
4087,69,5,COMPLETED,6,2026-01-18 05:38:32,2026-01-18 05:38:38
4088,69,9,COMPLETED,8,2026-01-18 05:40:32,2026-01-18 05:40:40
4089,228,6,COMPLETED,8,2025-12-07 01:30:14,2025-12-07 01:30:22
4090,228,15,COMPLETED,8,2025-12-07 01:35:14,2025-12-07 01:35:22
4091,5,13,FAILED,11,2025-11-02 10:02:31,2025-11-02 10:02:42
4092,5,14,COMPLETED,13,2025-11-02 10:05:31,2025-11-02 10:05:44
4093,99,1,COMPLETED,13,2026-03-16 03:35:55,2026-03-16 03:36:08
4094,99,3,COMPLETED,10,2026-03-16 03:40:55,2026-03-16 03:41:05
4095,99,8,COMPLETED,14,2026-03-16 03:41:55,2026-03-16 03:42:09
4096,234,3,COMPLETED,4,2025-12-02 05:59:34,2025-12-02 05:59:38
4097,283,2,COMPLETED,10,2026-01-29 03:08:00,2026-01-29 03:08:10
4098,283,5,FAILED,12,2026-01-29 03:11:00,2026-01-29 03:11:12
4099,283,9,COMPLETED,14,2026-01-29 03:16:00,2026-01-29 03:16:14
4100,22,5,COMPLETED,13,2026-01-08 23:38:12,2026-01-08 23:38:25
4101,365,4,COMPLETED,14,2026-02-03 09:30:54,2026-02-03 09:31:08
4102,365,10,COMPLETED,9,2026-02-03 09:33:54,2026-02-03 09:34:03
4103,703,2,COMPLETED,12,2026-01-23 14:54:24,2026-01-23 14:54:36
4104,703,5,COMPLETED,4,2026-01-23 14:57:24,2026-01-23 14:57:28
4105,703,9,COMPLETED,8,2026-01-23 15:00:24,2026-01-23 15:00:32
4106,861,6,FAILED,4,2026-01-01 06:29:02,2026-01-01 06:29:06
4107,861,15,COMPLETED,12,2026-01-01 06:34:02,2026-01-01 06:34:14
4108,22,24,COMPLETED,5,2026-02-12 06:38:40,2026-02-12 06:38:45
4109,577,19,COMPLETED,11,2025-09-13 08:28:14,2025-09-13 08:28:25
4110,577,23,FAILED,13,2025-09-13 08:30:14,2025-09-13 08:30:27
4111,577,8,COMPLETED,7,2025-09-13 08:32:14,2025-09-13 08:32:21
4112,71,19,COMPLETED,11,2026-01-13 01:23:47,2026-01-13 01:23:58
4113,71,23,COMPLETED,12,2026-01-13 01:27:47,2026-01-13 01:27:59
4114,71,8,COMPLETED,9,2026-01-13 01:27:47,2026-01-13 01:27:56
4115,815,16,FAILED,10,2026-01-10 08:38:46,2026-01-10 08:38:56
4116,685,22,COMPLETED,7,2025-12-19 05:30:43,2025-12-19 05:30:50
4117,371,23,COMPLETED,10,2026-02-01 03:06:10,2026-02-01 03:06:20
4118,1126,17,COMPLETED,4,2025-12-15 17:14:47,2025-12-15 17:14:51
4119,1126,16,COMPLETED,13,2025-12-15 17:17:47,2025-12-15 17:18:00
4120,292,18,COMPLETED,5,2026-01-25 19:26:52,2026-01-25 19:26:57
4121,6,10,COMPLETED,14,2026-01-22 08:50:58,2026-01-22 08:51:12
4122,800,6,COMPLETED,4,2025-09-23 06:50:03,2025-09-23 06:50:07
4123,26,17,COMPLETED,9,2025-11-16 22:56:45,2025-11-16 22:56:54
4124,26,16,FAILED,10,2025-11-16 23:01:45,2025-11-16 23:01:55
4125,791,2,COMPLETED,11,2025-11-04 11:08:22,2025-11-04 11:08:33
4126,791,5,COMPLETED,7,2025-11-04 11:13:22,2025-11-04 11:13:29
4127,791,9,COMPLETED,14,2025-11-04 11:14:22,2025-11-04 11:14:36
4128,95,2,COMPLETED,6,2026-03-10 08:45:54,2026-03-10 08:46:00
4129,95,5,COMPLETED,9,2026-03-10 08:49:54,2026-03-10 08:50:03
4130,95,9,COMPLETED,11,2026-03-10 08:55:54,2026-03-10 08:56:05
4131,500,20,COMPLETED,4,2026-02-18 03:35:59,2026-02-18 03:36:03
4132,500,5,COMPLETED,13,2026-02-18 03:39:59,2026-02-18 03:40:12
4133,16,9,COMPLETED,7,2025-12-19 15:19:14,2025-12-19 15:19:21
4134,159,9,COMPLETED,6,2025-12-01 19:52:20,2025-12-01 19:52:26
4135,74,13,COMPLETED,7,2025-10-19 10:53:33,2025-10-19 10:53:40
4136,243,4,COMPLETED,5,2026-03-20 04:25:12,2026-03-20 04:25:17
4137,203,4,COMPLETED,12,2025-09-12 18:03:20,2025-09-12 18:03:32
4138,203,10,COMPLETED,12,2025-09-12 18:07:20,2025-09-12 18:07:32
4139,21,20,FAILED,12,2026-02-04 22:36:40,2026-02-04 22:36:52
4140,21,5,COMPLETED,5,2026-02-04 22:38:40,2026-02-04 22:38:45
4141,658,1,COMPLETED,5,2026-02-12 03:23:50,2026-02-12 03:23:55
4142,658,3,COMPLETED,7,2026-02-12 03:26:50,2026-02-12 03:26:57
4143,658,8,COMPLETED,4,2026-02-12 03:31:50,2026-02-12 03:31:54
4144,340,17,COMPLETED,13,2025-09-30 22:45:52,2025-09-30 22:46:05
4145,6,11,COMPLETED,5,2025-12-19 18:53:13,2025-12-19 18:53:18
4146,830,17,FAILED,14,2025-11-13 09:37:35,2025-11-13 09:37:49
4147,830,16,COMPLETED,5,2025-11-13 09:41:35,2025-11-13 09:41:40
4148,53,24,COMPLETED,15,2025-12-29 04:47:42,2025-12-29 04:47:57
4149,47,13,COMPLETED,6,2025-11-29 04:34:34,2025-11-29 04:34:40
4150,47,14,FAILED,12,2025-11-29 04:38:34,2025-11-29 04:38:46
4151,328,22,COMPLETED,11,2026-01-17 12:49:38,2026-01-17 12:49:49
4152,893,2,COMPLETED,11,2025-12-27 07:14:11,2025-12-27 07:14:22
4153,893,5,COMPLETED,12,2025-12-27 07:19:11,2025-12-27 07:19:23
4154,893,9,COMPLETED,10,2025-12-27 07:18:11,2025-12-27 07:18:21
4155,331,20,COMPLETED,5,2025-11-10 07:17:08,2025-11-10 07:17:13
4156,331,5,COMPLETED,9,2025-11-10 07:20:08,2025-11-10 07:20:17
4157,74,15,COMPLETED,12,2025-12-10 06:21:02,2025-12-10 06:21:14
4158,42,17,COMPLETED,10,2025-12-11 11:26:35,2025-12-11 11:26:45
4159,42,16,COMPLETED,13,2025-12-11 11:31:35,2025-12-11 11:31:48
4160,330,1,COMPLETED,9,2025-10-31 17:41:08,2025-10-31 17:41:17
4161,330,3,COMPLETED,13,2025-10-31 17:44:08,2025-10-31 17:44:21
4162,330,8,FAILED,12,2025-10-31 17:47:08,2025-10-31 17:47:20
4163,5,19,COMPLETED,8,2026-01-12 06:11:11,2026-01-12 06:11:19
4164,48,17,COMPLETED,6,2026-01-30 03:50:57,2026-01-30 03:51:03
4165,48,16,COMPLETED,10,2026-01-30 03:54:57,2026-01-30 03:55:07
4166,66,13,COMPLETED,9,2025-11-29 10:30:12,2025-11-29 10:30:21
4167,66,14,COMPLETED,3,2025-11-29 10:35:12,2025-11-29 10:35:15
4168,275,4,FAILED,14,2026-03-07 15:19:58,2026-03-07 15:20:12
4169,275,10,COMPLETED,11,2026-03-07 15:23:58,2026-03-07 15:24:09
4170,327,25,FAILED,3,2025-09-08 05:13:00,2025-09-08 05:13:03
4171,937,19,COMPLETED,7,2026-02-22 03:05:13,2026-02-22 03:05:20
4172,937,23,COMPLETED,13,2026-02-22 03:09:13,2026-02-22 03:09:26
4173,937,8,COMPLETED,7,2026-02-22 03:15:13,2026-02-22 03:15:20
4174,76,6,COMPLETED,11,2026-03-28 05:05:27,2026-03-28 05:05:38
4175,76,15,COMPLETED,3,2026-03-28 05:07:27,2026-03-28 05:07:30
4176,55,20,COMPLETED,14,2026-03-15 01:13:39,2026-03-15 01:13:53
4177,55,5,COMPLETED,10,2026-03-15 01:16:39,2026-03-15 01:16:49
4178,83,16,COMPLETED,4,2025-10-03 17:47:17,2025-10-03 17:47:21
4179,32,1,FAILED,6,2025-11-15 04:47:38,2025-11-15 04:47:44
4180,32,3,FAILED,9,2025-11-15 04:49:38,2025-11-15 04:49:47
4181,32,8,COMPLETED,6,2025-11-15 04:55:38,2025-11-15 04:55:44
4182,348,6,COMPLETED,4,2025-10-20 17:21:43,2025-10-20 17:21:47
4183,348,15,FAILED,11,2025-10-20 17:26:43,2025-10-20 17:26:54
4184,857,2,FAILED,7,2025-11-04 05:26:26,2025-11-04 05:26:33
4185,857,5,COMPLETED,10,2025-11-04 05:28:26,2025-11-04 05:28:36
4186,857,9,COMPLETED,12,2025-11-04 05:36:26,2025-11-04 05:36:38
4187,860,13,COMPLETED,13,2026-02-27 10:09:48,2026-02-27 10:10:01
4188,701,25,COMPLETED,10,2025-10-26 00:36:20,2025-10-26 00:36:30
4189,66,13,COMPLETED,12,2025-09-18 00:38:02,2025-09-18 00:38:14
4190,66,14,COMPLETED,11,2025-09-18 00:43:02,2025-09-18 00:43:13
4191,79,20,COMPLETED,11,2025-12-23 10:09:03,2025-12-23 10:09:14
4192,79,5,COMPLETED,9,2025-12-23 10:12:03,2025-12-23 10:12:12
4193,27,8,COMPLETED,7,2025-11-08 09:42:47,2025-11-08 09:42:54
4194,1121,20,COMPLETED,7,2025-09-06 09:16:39,2025-09-06 09:16:46
4195,1121,5,COMPLETED,5,2025-09-06 09:20:39,2025-09-06 09:20:44
4196,33,1,COMPLETED,12,2026-01-02 13:53:40,2026-01-02 13:53:52
4197,33,3,COMPLETED,11,2026-01-02 13:57:40,2026-01-02 13:57:51
4198,33,8,COMPLETED,10,2026-01-02 13:57:40,2026-01-02 13:57:50
4199,1177,19,COMPLETED,8,2025-12-29 14:43:13,2025-12-29 14:43:21
4200,1177,23,COMPLETED,9,2025-12-29 14:47:13,2025-12-29 14:47:22
4201,1177,8,COMPLETED,9,2025-12-29 14:53:13,2025-12-29 14:53:22
4202,320,6,COMPLETED,3,2026-01-30 21:42:29,2026-01-30 21:42:32
4203,320,15,COMPLETED,4,2026-01-30 21:46:29,2026-01-30 21:46:33
4204,1187,13,COMPLETED,6,2025-10-22 22:49:47,2025-10-22 22:49:53
4205,294,12,COMPLETED,11,2025-09-30 13:51:51,2025-09-30 13:52:02
4206,28,22,COMPLETED,11,2025-10-20 03:39:14,2025-10-20 03:39:25
4207,347,1,COMPLETED,14,2025-11-15 07:00:47,2025-11-15 07:01:01
4208,347,3,COMPLETED,11,2025-11-15 07:03:47,2025-11-15 07:03:58
4209,347,8,COMPLETED,10,2025-11-15 07:06:47,2025-11-15 07:06:57
4210,44,13,COMPLETED,10,2026-03-28 19:09:31,2026-03-28 19:09:41
4211,44,14,COMPLETED,13,2026-03-28 19:13:31,2026-03-28 19:13:44
4212,32,1,COMPLETED,8,2025-11-05 21:14:41,2025-11-05 21:14:49
4213,32,3,COMPLETED,12,2025-11-05 21:17:41,2025-11-05 21:17:53
4214,32,8,COMPLETED,13,2025-11-05 21:24:41,2025-11-05 21:24:54
4215,802,19,COMPLETED,13,2025-12-08 07:41:48,2025-12-08 07:42:01
4216,802,23,COMPLETED,5,2025-12-08 07:43:48,2025-12-08 07:43:53
4217,802,8,COMPLETED,13,2025-12-08 07:47:48,2025-12-08 07:48:01
4218,3,19,COMPLETED,13,2025-11-25 11:13:43,2025-11-25 11:13:56
4219,3,23,FAILED,10,2025-11-25 11:17:43,2025-11-25 11:17:53
4220,3,8,COMPLETED,5,2025-11-25 11:19:43,2025-11-25 11:19:48
4221,122,25,COMPLETED,7,2026-01-16 17:13:34,2026-01-16 17:13:41
4222,216,2,COMPLETED,5,2026-01-16 08:45:57,2026-01-16 08:46:02
4223,216,5,COMPLETED,14,2026-01-16 08:50:57,2026-01-16 08:51:11
4224,216,9,COMPLETED,5,2026-01-16 08:51:57,2026-01-16 08:52:02
4225,41,19,COMPLETED,14,2026-03-04 17:41:52,2026-03-04 17:42:06
4226,41,23,COMPLETED,7,2026-03-04 17:43:52,2026-03-04 17:43:59
4227,41,8,COMPLETED,12,2026-03-04 17:45:52,2026-03-04 17:46:04
4228,48,9,COMPLETED,9,2025-09-18 16:51:35,2025-09-18 16:51:44
4229,76,21,COMPLETED,11,2025-11-05 05:22:34,2025-11-05 05:22:45
4230,54,1,COMPLETED,14,2026-02-09 03:16:04,2026-02-09 03:16:18
4231,54,3,COMPLETED,12,2026-02-09 03:18:04,2026-02-09 03:18:16
4232,54,8,COMPLETED,13,2026-02-09 03:26:04,2026-02-09 03:26:17
4233,926,2,COMPLETED,7,2025-11-14 08:49:49,2025-11-14 08:49:56
4234,926,5,COMPLETED,4,2025-11-14 08:54:49,2025-11-14 08:54:53
4235,926,9,COMPLETED,7,2025-11-14 08:53:49,2025-11-14 08:53:56
4236,41,23,COMPLETED,7,2025-11-05 01:24:50,2025-11-05 01:24:57
4237,51,19,COMPLETED,8,2026-01-30 23:11:26,2026-01-30 23:11:34
4238,51,23,COMPLETED,6,2026-01-30 23:15:26,2026-01-30 23:15:32
4239,51,8,COMPLETED,5,2026-01-30 23:17:26,2026-01-30 23:17:31
4240,25,19,COMPLETED,14,2025-09-11 17:16:34,2025-09-11 17:16:48
4241,25,23,COMPLETED,8,2025-09-11 17:18:34,2025-09-11 17:18:42
4242,25,8,COMPLETED,11,2025-09-11 17:26:34,2025-09-11 17:26:45
4243,950,13,COMPLETED,13,2025-10-08 13:39:16,2025-10-08 13:39:29
4244,950,14,COMPLETED,13,2025-10-08 13:43:16,2025-10-08 13:43:29
4245,726,14,COMPLETED,6,2026-03-02 21:49:54,2026-03-02 21:50:00
4246,685,1,FAILED,8,2026-01-17 05:53:38,2026-01-17 05:53:46
4247,344,6,COMPLETED,14,2026-01-04 07:23:44,2026-01-04 07:23:58
4248,344,15,COMPLETED,3,2026-01-04 07:25:44,2026-01-04 07:25:47
4249,105,6,COMPLETED,8,2026-02-21 20:39:13,2026-02-21 20:39:21
4250,105,15,FAILED,4,2026-02-21 20:41:13,2026-02-21 20:41:17
4251,339,13,COMPLETED,6,2025-11-30 23:41:44,2025-11-30 23:41:50
4252,339,14,COMPLETED,4,2025-11-30 23:46:44,2025-11-30 23:46:48
4253,249,1,COMPLETED,11,2026-01-08 18:35:11,2026-01-08 18:35:22
4254,249,3,COMPLETED,8,2026-01-08 18:40:11,2026-01-08 18:40:19
4255,249,8,FAILED,12,2026-01-08 18:41:11,2026-01-08 18:41:23
4256,109,20,COMPLETED,9,2025-12-07 02:38:28,2025-12-07 02:38:37
4257,109,5,COMPLETED,12,2025-12-07 02:42:28,2025-12-07 02:42:40
4258,394,9,COMPLETED,12,2026-01-10 18:13:47,2026-01-10 18:13:59
4259,14,17,COMPLETED,9,2025-10-26 10:29:48,2025-10-26 10:29:57
4260,14,16,COMPLETED,8,2025-10-26 10:33:48,2025-10-26 10:33:56
4261,368,17,COMPLETED,9,2026-01-19 11:04:52,2026-01-19 11:05:01
4262,368,16,COMPLETED,10,2026-01-19 11:06:52,2026-01-19 11:07:02
4263,123,13,COMPLETED,4,2026-01-14 13:58:47,2026-01-14 13:58:51
4264,123,14,COMPLETED,3,2026-01-14 14:03:47,2026-01-14 14:03:50
4265,386,19,COMPLETED,14,2025-12-04 06:56:33,2025-12-04 06:56:47
4266,386,23,COMPLETED,8,2025-12-04 06:59:33,2025-12-04 06:59:41
4267,386,8,COMPLETED,12,2025-12-04 07:02:33,2025-12-04 07:02:45
4268,64,20,COMPLETED,8,2026-03-16 16:56:33,2026-03-16 16:56:41
4269,64,5,COMPLETED,13,2026-03-16 17:00:33,2026-03-16 17:00:46
4270,96,19,COMPLETED,7,2026-03-01 21:41:58,2026-03-01 21:42:05
4271,96,23,COMPLETED,13,2026-03-01 21:43:58,2026-03-01 21:44:11
4272,96,8,COMPLETED,10,2026-03-01 21:49:58,2026-03-01 21:50:08
4273,97,4,COMPLETED,8,2026-03-08 18:23:33,2026-03-08 18:23:41
4274,241,13,COMPLETED,7,2025-12-04 05:27:14,2025-12-04 05:27:21
4275,241,14,COMPLETED,8,2025-12-04 05:31:14,2025-12-04 05:31:22
4276,24,6,COMPLETED,13,2025-10-10 19:12:23,2025-10-10 19:12:36
4277,665,1,COMPLETED,6,2025-11-18 10:57:48,2025-11-18 10:57:54
4278,665,3,FAILED,8,2025-11-18 11:02:48,2025-11-18 11:02:56
4279,665,8,COMPLETED,9,2025-11-18 11:03:48,2025-11-18 11:03:57
4280,63,2,COMPLETED,6,2026-01-21 17:20:06,2026-01-21 17:20:12
4281,63,5,COMPLETED,7,2026-01-21 17:22:06,2026-01-21 17:22:13
4282,63,9,COMPLETED,10,2026-01-21 17:24:06,2026-01-21 17:24:16
4283,398,6,COMPLETED,6,2025-12-31 11:57:34,2025-12-31 11:57:40
4284,398,15,FAILED,7,2025-12-31 12:01:34,2025-12-31 12:01:41
4285,155,8,COMPLETED,9,2025-10-01 04:22:40,2025-10-01 04:22:49
4286,50,19,COMPLETED,8,2025-12-14 09:32:51,2025-12-14 09:32:59
4287,50,23,COMPLETED,6,2025-12-14 09:36:51,2025-12-14 09:36:57
4288,50,8,COMPLETED,13,2025-12-14 09:38:51,2025-12-14 09:39:04
4289,14,16,COMPLETED,13,2025-12-22 00:55:00,2025-12-22 00:55:13
4290,1109,1,FAILED,6,2026-02-06 00:42:59,2026-02-06 00:43:05
4291,95,20,COMPLETED,10,2026-01-23 09:09:32,2026-01-23 09:09:42
4292,95,5,COMPLETED,5,2026-01-23 09:14:32,2026-01-23 09:14:37
4293,51,4,COMPLETED,12,2025-11-10 21:23:40,2025-11-10 21:23:52
4294,51,10,COMPLETED,8,2025-11-10 21:28:40,2025-11-10 21:28:48
4295,24,23,COMPLETED,6,2025-10-06 15:20:57,2025-10-06 15:21:03
4296,266,6,COMPLETED,8,2025-10-18 04:12:24,2025-10-18 04:12:32
4297,266,15,COMPLETED,5,2025-10-18 04:15:24,2025-10-18 04:15:29
4298,186,6,COMPLETED,7,2025-11-11 12:37:39,2025-11-11 12:37:46
4299,186,15,COMPLETED,10,2025-11-11 12:40:39,2025-11-11 12:40:49
4300,85,9,COMPLETED,14,2026-03-13 00:24:22,2026-03-13 00:24:36
4301,194,2,COMPLETED,10,2026-01-26 11:14:30,2026-01-26 11:14:40
4302,194,5,COMPLETED,9,2026-01-26 11:17:30,2026-01-26 11:17:39
4303,194,9,COMPLETED,12,2026-01-26 11:20:30,2026-01-26 11:20:42
4304,44,22,COMPLETED,7,2026-01-04 02:16:39,2026-01-04 02:16:46
4305,59,13,FAILED,6,2026-03-18 03:10:33,2026-03-18 03:10:39
4306,59,14,COMPLETED,7,2026-03-18 03:12:33,2026-03-18 03:12:40
4307,1184,1,COMPLETED,6,2025-12-30 17:12:49,2025-12-30 17:12:55
4308,1184,3,FAILED,6,2025-12-30 17:16:49,2025-12-30 17:16:55
4309,1184,8,COMPLETED,12,2025-12-30 17:20:49,2025-12-30 17:21:01
4310,380,2,COMPLETED,11,2026-02-28 09:50:09,2026-02-28 09:50:20
4311,115,18,COMPLETED,9,2025-11-16 17:51:01,2025-11-16 17:51:10
4312,24,1,COMPLETED,8,2025-09-09 17:37:19,2025-09-09 17:37:27
4313,24,3,COMPLETED,3,2025-09-09 17:42:19,2025-09-09 17:42:22
4314,24,8,COMPLETED,11,2025-09-09 17:47:19,2025-09-09 17:47:30
4315,146,17,COMPLETED,9,2026-02-25 13:46:38,2026-02-25 13:46:47
4316,146,16,COMPLETED,3,2026-02-25 13:51:38,2026-02-25 13:51:41
4317,100,12,COMPLETED,9,2025-10-21 21:26:10,2025-10-21 21:26:19
4318,158,5,COMPLETED,13,2025-12-28 02:47:17,2025-12-28 02:47:30
4319,1049,13,COMPLETED,9,2026-01-15 19:02:17,2026-01-15 19:02:26
4320,1049,14,FAILED,6,2026-01-15 19:05:17,2026-01-15 19:05:23
4321,326,10,COMPLETED,8,2026-01-03 06:28:54,2026-01-03 06:29:02
4322,13,20,COMPLETED,4,2025-09-26 13:27:27,2025-09-26 13:27:31
4323,13,5,COMPLETED,8,2025-09-26 13:30:27,2025-09-26 13:30:35
4324,85,20,COMPLETED,7,2026-02-04 14:38:07,2026-02-04 14:38:14
4325,85,5,COMPLETED,4,2026-02-04 14:40:07,2026-02-04 14:40:11
4326,89,1,COMPLETED,14,2025-12-22 22:56:09,2025-12-22 22:56:23
4327,89,3,COMPLETED,4,2025-12-22 22:58:09,2025-12-22 22:58:13
4328,89,8,COMPLETED,6,2025-12-22 23:02:09,2025-12-22 23:02:15
4329,85,20,FAILED,8,2026-02-14 16:37:38,2026-02-14 16:37:46
4330,85,5,FAILED,5,2026-02-14 16:40:38,2026-02-14 16:40:43
4331,242,1,COMPLETED,9,2026-02-25 07:31:08,2026-02-25 07:31:17
4332,242,3,COMPLETED,5,2026-02-25 07:34:08,2026-02-25 07:34:13
4333,242,8,COMPLETED,7,2026-02-25 07:37:08,2026-02-25 07:37:15
4334,35,2,COMPLETED,9,2026-01-09 09:59:48,2026-01-09 09:59:57
4335,35,5,COMPLETED,9,2026-01-09 10:03:48,2026-01-09 10:03:57
4336,35,9,COMPLETED,8,2026-01-09 10:07:48,2026-01-09 10:07:56
4337,375,2,COMPLETED,8,2026-02-08 11:09:07,2026-02-08 11:09:15
4338,375,5,COMPLETED,4,2026-02-08 11:12:07,2026-02-08 11:12:11
4339,375,9,COMPLETED,8,2026-02-08 11:19:07,2026-02-08 11:19:15
4340,30,19,COMPLETED,9,2025-09-07 03:11:57,2025-09-07 03:12:06
4341,8,19,COMPLETED,8,2026-03-16 11:34:59,2026-03-16 11:35:07
4342,8,23,COMPLETED,7,2026-03-16 11:39:59,2026-03-16 11:40:06
4343,8,8,COMPLETED,6,2026-03-16 11:42:59,2026-03-16 11:43:05
4344,79,20,COMPLETED,4,2025-11-19 17:33:15,2025-11-19 17:33:19
4345,79,5,COMPLETED,8,2025-11-19 17:36:15,2025-11-19 17:36:23
4346,408,4,COMPLETED,7,2026-03-11 16:22:53,2026-03-11 16:23:00
4347,408,10,COMPLETED,8,2026-03-11 16:24:53,2026-03-11 16:25:01
4348,486,6,COMPLETED,10,2026-01-17 09:10:26,2026-01-17 09:10:36
4349,486,15,FAILED,9,2026-01-17 09:12:26,2026-01-17 09:12:35
4350,360,13,COMPLETED,4,2026-01-28 02:29:45,2026-01-28 02:29:49
4351,1,24,COMPLETED,13,2025-12-03 07:04:36,2025-12-03 07:04:49
4352,864,17,COMPLETED,9,2025-11-20 15:21:34,2025-11-20 15:21:43
4353,864,16,COMPLETED,4,2025-11-20 15:23:34,2025-11-20 15:23:38
4354,13,1,COMPLETED,14,2025-11-12 21:16:38,2025-11-12 21:16:52
4355,13,3,COMPLETED,9,2025-11-12 21:18:38,2025-11-12 21:18:47
4356,13,8,COMPLETED,10,2025-11-12 21:22:38,2025-11-12 21:22:48
4357,286,4,COMPLETED,14,2026-03-25 00:40:43,2026-03-25 00:40:57
4358,41,13,COMPLETED,4,2025-10-07 17:06:23,2025-10-07 17:06:27
4359,41,14,COMPLETED,5,2025-10-07 17:08:23,2025-10-07 17:08:28
4360,185,5,FAILED,6,2026-03-31 04:10:01,2026-03-31 04:10:07
4361,18,20,COMPLETED,9,2026-02-13 04:37:53,2026-02-13 04:38:02
4362,18,5,COMPLETED,7,2026-02-13 04:41:53,2026-02-13 04:42:00
4363,41,6,COMPLETED,3,2025-09-01 17:41:05,2025-09-01 17:41:08
4364,41,15,COMPLETED,7,2025-09-01 17:44:05,2025-09-01 17:44:12
4365,30,1,COMPLETED,11,2026-02-05 15:00:35,2026-02-05 15:00:46
4366,30,3,COMPLETED,4,2026-02-05 15:02:35,2026-02-05 15:02:39
4367,30,8,COMPLETED,10,2026-02-05 15:08:35,2026-02-05 15:08:45
4368,43,23,COMPLETED,4,2025-11-05 22:16:46,2025-11-05 22:16:50
4369,137,13,COMPLETED,12,2025-11-10 06:28:03,2025-11-10 06:28:15
4370,137,14,COMPLETED,13,2025-11-10 06:33:03,2025-11-10 06:33:16
4371,66,15,COMPLETED,7,2025-11-14 21:20:21,2025-11-14 21:20:28
4372,268,13,COMPLETED,7,2026-01-18 17:37:32,2026-01-18 17:37:39
4373,268,14,COMPLETED,7,2026-01-18 17:39:32,2026-01-18 17:39:39
4374,201,4,COMPLETED,9,2025-12-29 03:45:23,2025-12-29 03:45:32
4375,201,10,COMPLETED,8,2025-12-29 03:48:23,2025-12-29 03:48:31
4376,394,2,COMPLETED,12,2026-02-24 20:45:06,2026-02-24 20:45:18
4377,394,5,FAILED,8,2026-02-24 20:50:06,2026-02-24 20:50:14
4378,394,9,COMPLETED,11,2026-02-24 20:55:06,2026-02-24 20:55:17
4379,40,17,COMPLETED,7,2026-02-08 23:18:41,2026-02-08 23:18:48
4380,40,16,COMPLETED,10,2026-02-08 23:23:41,2026-02-08 23:23:51
4381,7,10,COMPLETED,8,2025-12-07 06:19:29,2025-12-07 06:19:37
4382,267,12,FAILED,5,2025-11-26 21:53:19,2025-11-26 21:53:24
4383,588,19,FAILED,8,2026-03-29 23:42:16,2026-03-29 23:42:24
4384,588,23,COMPLETED,12,2026-03-29 23:45:16,2026-03-29 23:45:28
4385,588,8,COMPLETED,11,2026-03-29 23:50:16,2026-03-29 23:50:27
4386,33,13,FAILED,5,2026-02-19 08:02:10,2026-02-19 08:02:15
4387,33,14,COMPLETED,4,2026-02-19 08:05:10,2026-02-19 08:05:14
4388,171,11,COMPLETED,14,2026-01-25 16:39:16,2026-01-25 16:39:30
4389,656,13,COMPLETED,11,2025-09-30 03:58:11,2025-09-30 03:58:22
4390,1186,24,COMPLETED,7,2025-10-15 04:14:58,2025-10-15 04:15:05
4391,80,17,COMPLETED,4,2025-12-04 08:19:18,2025-12-04 08:19:22
4392,80,16,COMPLETED,7,2025-12-04 08:21:18,2025-12-04 08:21:25
4393,297,1,COMPLETED,10,2026-01-06 12:44:18,2026-01-06 12:44:28
4394,297,3,COMPLETED,12,2026-01-06 12:49:18,2026-01-06 12:49:30
4395,297,8,COMPLETED,11,2026-01-06 12:54:18,2026-01-06 12:54:29
4396,85,15,COMPLETED,9,2025-11-12 05:30:48,2025-11-12 05:30:57
4397,334,6,COMPLETED,9,2026-02-16 19:07:34,2026-02-16 19:07:43
4398,78,19,COMPLETED,9,2025-12-03 12:13:09,2025-12-03 12:13:18
4399,51,9,COMPLETED,8,2025-09-20 09:35:41,2025-09-20 09:35:49
4400,1136,1,COMPLETED,6,2026-03-01 11:08:35,2026-03-01 11:08:41
4401,72,6,FAILED,12,2026-03-30 02:47:02,2026-03-30 02:47:14
4402,72,15,COMPLETED,11,2026-03-30 02:51:02,2026-03-30 02:51:13
4403,73,6,COMPLETED,12,2026-01-02 19:13:44,2026-01-02 19:13:56
4404,73,15,COMPLETED,13,2026-01-02 19:17:44,2026-01-02 19:17:57
4405,1074,18,COMPLETED,11,2026-01-26 13:14:14,2026-01-26 13:14:25
4406,180,17,COMPLETED,10,2026-03-01 01:22:30,2026-03-01 01:22:40
4407,180,16,FAILED,5,2026-03-01 01:27:30,2026-03-01 01:27:35
4408,246,13,COMPLETED,10,2026-03-12 16:01:35,2026-03-12 16:01:45
4409,246,14,COMPLETED,12,2026-03-12 16:03:35,2026-03-12 16:03:47
4410,283,20,COMPLETED,14,2026-02-15 22:37:25,2026-02-15 22:37:39
4411,283,5,COMPLETED,10,2026-02-15 22:41:25,2026-02-15 22:41:35
4412,366,19,COMPLETED,12,2025-10-11 03:22:10,2025-10-11 03:22:22
4413,366,23,COMPLETED,4,2025-10-11 03:25:10,2025-10-11 03:25:14
4414,366,8,COMPLETED,9,2025-10-11 03:28:10,2025-10-11 03:28:19
4415,1187,25,COMPLETED,4,2026-01-04 21:11:26,2026-01-04 21:11:30
4416,680,2,COMPLETED,13,2026-01-23 10:05:21,2026-01-23 10:05:34
4417,680,5,COMPLETED,8,2026-01-23 10:07:21,2026-01-23 10:07:29
4418,680,9,COMPLETED,5,2026-01-23 10:11:21,2026-01-23 10:11:26
4419,1083,6,FAILED,11,2026-01-02 12:58:38,2026-01-02 12:58:49
4420,1083,15,COMPLETED,11,2026-01-02 13:00:38,2026-01-02 13:00:49
4421,70,20,COMPLETED,7,2026-03-06 18:45:07,2026-03-06 18:45:14
4422,70,5,COMPLETED,11,2026-03-06 18:49:07,2026-03-06 18:49:18
4423,237,20,COMPLETED,5,2025-12-31 17:58:41,2025-12-31 17:58:46
4424,237,5,COMPLETED,11,2025-12-31 18:03:41,2025-12-31 18:03:52
4425,274,1,FAILED,15,2025-09-11 20:46:57,2025-09-11 20:47:12
4426,274,3,COMPLETED,9,2025-09-11 20:50:57,2025-09-11 20:51:06
4427,274,8,COMPLETED,11,2025-09-11 20:56:57,2025-09-11 20:57:08
4428,825,1,COMPLETED,14,2025-10-07 23:51:58,2025-10-07 23:52:12
4429,825,3,FAILED,9,2025-10-07 23:53:58,2025-10-07 23:54:07
4430,825,8,COMPLETED,4,2025-10-07 23:59:58,2025-10-08 00:00:02
4431,1132,4,FAILED,11,2026-03-19 12:10:57,2026-03-19 12:11:08
4432,1132,10,COMPLETED,9,2026-03-19 12:12:57,2026-03-19 12:13:06
4433,73,16,FAILED,9,2025-09-01 17:03:40,2025-09-01 17:03:49
4434,100,19,COMPLETED,5,2025-10-21 20:10:46,2025-10-21 20:10:51
4435,100,23,COMPLETED,13,2025-10-21 20:12:46,2025-10-21 20:12:59
4436,100,8,COMPLETED,4,2025-10-21 20:18:46,2025-10-21 20:18:50
4437,1171,1,COMPLETED,11,2025-10-14 22:38:47,2025-10-14 22:38:58
4438,1171,3,COMPLETED,6,2025-10-14 22:43:47,2025-10-14 22:43:53
4439,1171,8,COMPLETED,5,2025-10-14 22:48:47,2025-10-14 22:48:52
4440,102,6,COMPLETED,12,2025-09-12 14:04:05,2025-09-12 14:04:17
4441,102,15,COMPLETED,10,2025-09-12 14:06:05,2025-09-12 14:06:15
4442,851,2,COMPLETED,14,2026-01-16 08:07:33,2026-01-16 08:07:47
4443,851,5,COMPLETED,12,2026-01-16 08:11:33,2026-01-16 08:11:45
4444,851,9,COMPLETED,11,2026-01-16 08:11:33,2026-01-16 08:11:44
4445,366,17,COMPLETED,13,2026-01-19 05:57:57,2026-01-19 05:58:10
4446,366,16,FAILED,6,2026-01-19 05:59:57,2026-01-19 06:00:03
4447,935,11,COMPLETED,4,2026-03-29 23:34:38,2026-03-29 23:34:42
4448,204,17,COMPLETED,4,2025-10-03 09:24:15,2025-10-03 09:24:19
4449,204,16,COMPLETED,13,2025-10-03 09:29:15,2025-10-03 09:29:28
4450,341,1,COMPLETED,5,2025-12-16 16:00:09,2025-12-16 16:00:14
4451,341,3,COMPLETED,5,2025-12-16 16:04:09,2025-12-16 16:04:14
4452,341,8,COMPLETED,9,2025-12-16 16:08:09,2025-12-16 16:08:18
4453,99,13,COMPLETED,12,2025-12-31 08:27:17,2025-12-31 08:27:29
4454,19,22,FAILED,6,2025-09-24 01:47:00,2025-09-24 01:47:06
4455,754,6,COMPLETED,10,2026-03-20 09:08:29,2026-03-20 09:08:39
4456,40,14,COMPLETED,4,2026-01-03 08:15:08,2026-01-03 08:15:12
4457,383,1,COMPLETED,11,2025-11-25 11:33:58,2025-11-25 11:34:09
4458,918,4,FAILED,7,2025-11-12 20:43:40,2025-11-12 20:43:47
4459,918,10,COMPLETED,8,2025-11-12 20:45:40,2025-11-12 20:45:48
4460,1188,17,FAILED,6,2025-09-06 14:51:58,2025-09-06 14:52:04
4461,1188,16,COMPLETED,11,2025-09-06 14:56:58,2025-09-06 14:57:09
4462,973,12,COMPLETED,5,2025-09-20 21:51:44,2025-09-20 21:51:49
4463,103,17,COMPLETED,6,2025-12-31 11:55:09,2025-12-31 11:55:15
4464,103,16,FAILED,6,2025-12-31 11:59:09,2025-12-31 11:59:15
4465,18,6,COMPLETED,7,2025-11-03 06:54:57,2025-11-03 06:55:04
4466,18,15,FAILED,5,2025-11-03 06:57:57,2025-11-03 06:58:02
4467,74,20,COMPLETED,4,2025-12-23 08:24:28,2025-12-23 08:24:32
4468,74,5,FAILED,8,2025-12-23 08:26:28,2025-12-23 08:26:36
4469,85,17,COMPLETED,5,2026-01-19 06:55:42,2026-01-19 06:55:47
4470,1098,5,COMPLETED,13,2025-09-22 03:22:56,2025-09-22 03:23:09
4471,239,12,COMPLETED,11,2026-01-14 08:35:24,2026-01-14 08:35:35
4472,559,15,COMPLETED,4,2026-03-16 00:40:57,2026-03-16 00:41:01
4473,933,1,COMPLETED,12,2025-12-20 02:45:18,2025-12-20 02:45:30
4474,933,3,COMPLETED,13,2025-12-20 02:47:18,2025-12-20 02:47:31
4475,933,8,COMPLETED,8,2025-12-20 02:51:18,2025-12-20 02:51:26
4476,34,20,COMPLETED,4,2025-10-16 21:16:31,2025-10-16 21:16:35
4477,34,5,COMPLETED,4,2025-10-16 21:18:31,2025-10-16 21:18:35
4478,36,19,COMPLETED,13,2026-03-12 05:13:59,2026-03-12 05:14:12
4479,36,23,COMPLETED,8,2026-03-12 05:16:59,2026-03-12 05:17:07
4480,36,8,COMPLETED,8,2026-03-12 05:21:59,2026-03-12 05:22:07
4481,264,17,COMPLETED,11,2026-01-13 20:38:53,2026-01-13 20:39:04
4482,325,6,COMPLETED,7,2025-12-18 17:20:21,2025-12-18 17:20:28
4483,325,15,COMPLETED,10,2025-12-18 17:23:21,2025-12-18 17:23:31
4484,404,2,COMPLETED,11,2025-10-16 15:58:53,2025-10-16 15:59:04
4485,404,5,COMPLETED,11,2025-10-16 16:03:53,2025-10-16 16:04:04
4486,404,9,COMPLETED,13,2025-10-16 16:04:53,2025-10-16 16:05:06
4487,162,4,COMPLETED,12,2026-01-06 08:43:08,2026-01-06 08:43:20
4488,328,20,COMPLETED,14,2025-10-20 19:19:58,2025-10-20 19:20:12
4489,1107,3,COMPLETED,9,2025-09-29 04:54:00,2025-09-29 04:54:09
4490,33,17,COMPLETED,13,2025-11-20 14:53:02,2025-11-20 14:53:15
4491,33,16,COMPLETED,6,2025-11-20 14:55:02,2025-11-20 14:55:08
4492,153,24,COMPLETED,8,2025-11-26 05:36:28,2025-11-26 05:36:36
4493,83,20,COMPLETED,5,2025-09-09 08:53:05,2025-09-09 08:53:10
4494,83,5,COMPLETED,6,2025-09-09 08:58:05,2025-09-09 08:58:11
4495,17,4,COMPLETED,5,2025-12-03 00:07:46,2025-12-03 00:07:51
4496,1,20,COMPLETED,7,2026-01-14 05:45:50,2026-01-14 05:45:57
4497,1,5,COMPLETED,5,2026-01-14 05:49:50,2026-01-14 05:49:55
4498,9,22,COMPLETED,11,2025-09-14 05:52:57,2025-09-14 05:53:08
4499,1037,4,COMPLETED,14,2025-11-26 18:08:52,2025-11-26 18:09:06
4500,103,2,COMPLETED,8,2026-02-15 11:42:26,2026-02-15 11:42:34
4501,103,5,COMPLETED,7,2026-02-15 11:44:26,2026-02-15 11:44:33
4502,103,9,COMPLETED,9,2026-02-15 11:50:26,2026-02-15 11:50:35
4503,396,20,COMPLETED,12,2025-11-06 09:41:24,2025-11-06 09:41:36
4504,396,5,FAILED,13,2025-11-06 09:43:24,2025-11-06 09:43:37
4505,63,6,COMPLETED,4,2025-11-26 18:02:55,2025-11-26 18:02:59
4506,63,15,COMPLETED,12,2025-11-26 18:05:55,2025-11-26 18:06:07
4507,11,23,COMPLETED,11,2025-10-13 21:57:37,2025-10-13 21:57:48
4508,59,2,COMPLETED,4,2026-03-05 01:47:58,2026-03-05 01:48:02
4509,59,5,FAILED,9,2026-03-05 01:52:58,2026-03-05 01:53:07
4510,59,9,COMPLETED,12,2026-03-05 01:51:58,2026-03-05 01:52:10
4511,51,1,COMPLETED,12,2026-02-09 06:49:41,2026-02-09 06:49:53
4512,51,3,COMPLETED,10,2026-02-09 06:53:41,2026-02-09 06:53:51
4513,51,8,COMPLETED,8,2026-02-09 06:57:41,2026-02-09 06:57:49
4514,400,22,COMPLETED,7,2025-11-08 15:53:38,2025-11-08 15:53:45
4515,384,2,COMPLETED,6,2026-02-13 08:20:46,2026-02-13 08:20:52
4516,384,5,COMPLETED,11,2026-02-13 08:23:46,2026-02-13 08:23:57
4517,384,9,FAILED,9,2026-02-13 08:30:46,2026-02-13 08:30:55
4518,988,17,COMPLETED,8,2026-02-27 03:07:11,2026-02-27 03:07:19
4519,61,4,COMPLETED,13,2025-11-15 20:56:14,2025-11-15 20:56:27
4520,61,10,COMPLETED,8,2025-11-15 20:58:14,2025-11-15 20:58:22
4521,15,17,COMPLETED,3,2026-03-26 14:10:25,2026-03-26 14:10:28
4522,15,16,COMPLETED,5,2026-03-26 14:12:25,2026-03-26 14:12:30
4523,205,16,COMPLETED,11,2026-02-14 07:10:08,2026-02-14 07:10:19
4524,823,19,COMPLETED,14,2026-01-06 14:38:59,2026-01-06 14:39:13
4525,823,23,COMPLETED,12,2026-01-06 14:41:59,2026-01-06 14:42:11
4526,823,8,COMPLETED,4,2026-01-06 14:46:59,2026-01-06 14:47:03
4527,8,1,COMPLETED,12,2026-03-16 21:49:14,2026-03-16 21:49:26
4528,81,6,COMPLETED,11,2025-11-29 16:02:09,2025-11-29 16:02:20
4529,81,15,FAILED,4,2025-11-29 16:05:09,2025-11-29 16:05:13
4530,145,6,COMPLETED,4,2025-11-13 04:31:45,2025-11-13 04:31:49
4531,260,10,COMPLETED,5,2025-11-14 16:31:23,2025-11-14 16:31:28
4532,1052,6,COMPLETED,5,2026-03-21 18:29:05,2026-03-21 18:29:10
4533,1052,15,COMPLETED,13,2026-03-21 18:32:05,2026-03-21 18:32:18
4534,383,20,COMPLETED,12,2026-03-29 00:21:07,2026-03-29 00:21:19
4535,383,5,COMPLETED,9,2026-03-29 00:23:07,2026-03-29 00:23:16
4536,314,20,COMPLETED,9,2025-09-30 13:10:24,2025-09-30 13:10:33
4537,92,10,COMPLETED,9,2026-01-14 06:33:47,2026-01-14 06:33:56
4538,755,2,COMPLETED,5,2025-10-31 15:48:09,2025-10-31 15:48:14
4539,755,5,COMPLETED,11,2025-10-31 15:52:09,2025-10-31 15:52:20
4540,755,9,COMPLETED,8,2025-10-31 15:52:09,2025-10-31 15:52:17
4541,62,1,COMPLETED,8,2026-02-24 12:48:10,2026-02-24 12:48:18
4542,62,3,COMPLETED,5,2026-02-24 12:53:10,2026-02-24 12:53:15
4543,62,8,COMPLETED,7,2026-02-24 12:56:10,2026-02-24 12:56:17
4544,180,21,COMPLETED,15,2025-10-01 13:36:09,2025-10-01 13:36:24
4545,119,7,COMPLETED,6,2025-12-13 03:44:34,2025-12-13 03:44:40
4546,45,5,COMPLETED,8,2025-12-23 07:05:35,2025-12-23 07:05:43
4547,36,2,COMPLETED,6,2026-02-10 12:29:43,2026-02-10 12:29:49
4548,36,5,COMPLETED,12,2026-02-10 12:33:43,2026-02-10 12:33:55
4549,36,9,COMPLETED,6,2026-02-10 12:33:43,2026-02-10 12:33:49
4550,173,4,COMPLETED,12,2025-10-10 02:33:16,2025-10-10 02:33:28
4551,173,10,COMPLETED,11,2025-10-10 02:38:16,2025-10-10 02:38:27
4552,614,13,COMPLETED,6,2025-10-31 19:16:12,2025-10-31 19:16:18
4553,614,14,COMPLETED,5,2025-10-31 19:20:12,2025-10-31 19:20:17
4554,867,20,COMPLETED,6,2026-02-23 23:24:48,2026-02-23 23:24:54
4555,867,5,COMPLETED,3,2026-02-23 23:28:48,2026-02-23 23:28:51
4556,714,4,FAILED,12,2026-02-17 01:25:36,2026-02-17 01:25:48
4557,714,10,COMPLETED,6,2026-02-17 01:29:36,2026-02-17 01:29:42
4558,117,20,COMPLETED,8,2026-02-27 04:11:23,2026-02-27 04:11:31
4559,468,4,COMPLETED,10,2025-11-12 14:03:07,2025-11-12 14:03:17
4560,468,10,COMPLETED,12,2025-11-12 14:07:07,2025-11-12 14:07:19
4561,235,23,COMPLETED,11,2026-03-19 02:27:12,2026-03-19 02:27:23
4562,59,19,COMPLETED,15,2026-02-08 09:10:01,2026-02-08 09:10:16
4563,59,23,COMPLETED,4,2026-02-08 09:14:01,2026-02-08 09:14:05
4564,59,8,COMPLETED,7,2026-02-08 09:18:01,2026-02-08 09:18:08
4565,19,17,FAILED,8,2026-02-27 15:31:08,2026-02-27 15:31:16
4566,26,2,COMPLETED,10,2025-10-17 10:29:10,2025-10-17 10:29:20
4567,26,5,COMPLETED,4,2025-10-17 10:32:10,2025-10-17 10:32:14
4568,26,9,FAILED,5,2025-10-17 10:37:10,2025-10-17 10:37:15
4569,76,4,COMPLETED,13,2026-03-15 09:03:59,2026-03-15 09:04:12
4570,76,10,COMPLETED,6,2026-03-15 09:05:59,2026-03-15 09:06:05
4571,85,4,FAILED,6,2026-01-23 16:41:12,2026-01-23 16:41:18
4572,85,10,COMPLETED,6,2026-01-23 16:44:12,2026-01-23 16:44:18
4573,64,17,COMPLETED,6,2025-09-12 08:31:13,2025-09-12 08:31:19
4574,64,16,COMPLETED,11,2025-09-12 08:33:13,2025-09-12 08:33:24
4575,314,16,COMPLETED,9,2025-12-08 09:02:45,2025-12-08 09:02:54
4576,64,21,COMPLETED,5,2025-12-05 17:27:05,2025-12-05 17:27:10
4577,88,18,COMPLETED,7,2025-11-17 22:33:11,2025-11-17 22:33:18
4578,418,4,COMPLETED,12,2026-02-27 05:26:41,2026-02-27 05:26:53
4579,418,10,COMPLETED,15,2026-02-27 05:29:41,2026-02-27 05:29:56
4580,475,6,COMPLETED,3,2026-02-09 03:15:15,2026-02-09 03:15:18
4581,475,15,COMPLETED,11,2026-02-09 03:18:15,2026-02-09 03:18:26
4582,350,22,COMPLETED,8,2025-12-19 00:54:27,2025-12-19 00:54:35
4583,268,22,COMPLETED,12,2026-01-16 12:01:08,2026-01-16 12:01:20
4584,95,13,COMPLETED,11,2026-02-01 22:04:39,2026-02-01 22:04:50
4585,95,14,COMPLETED,3,2026-02-01 22:09:39,2026-02-01 22:09:42
4586,70,5,COMPLETED,13,2025-12-12 06:00:08,2025-12-12 06:00:21
4587,333,12,COMPLETED,13,2026-01-04 03:16:33,2026-01-04 03:16:46
4588,547,19,COMPLETED,8,2025-11-24 09:42:37,2025-11-24 09:42:45
4589,547,23,COMPLETED,10,2025-11-24 09:46:37,2025-11-24 09:46:47
4590,547,8,COMPLETED,6,2025-11-24 09:48:37,2025-11-24 09:48:43
4591,1,23,COMPLETED,11,2025-10-14 19:00:54,2025-10-14 19:01:05
4592,2,2,FAILED,11,2025-12-15 14:08:17,2025-12-15 14:08:28
4593,2,5,COMPLETED,12,2025-12-15 14:10:17,2025-12-15 14:10:29
4594,2,9,FAILED,6,2025-12-15 14:12:17,2025-12-15 14:12:23
4595,69,2,COMPLETED,11,2026-01-02 12:34:57,2026-01-02 12:35:08
4596,69,5,COMPLETED,4,2026-01-02 12:38:57,2026-01-02 12:39:01
4597,69,9,COMPLETED,5,2026-01-02 12:44:57,2026-01-02 12:45:02
4598,48,20,FAILED,7,2025-10-11 12:27:32,2025-10-11 12:27:39
4599,48,5,COMPLETED,9,2025-10-11 12:31:32,2025-10-11 12:31:41
4600,1011,6,COMPLETED,8,2026-02-02 19:24:13,2026-02-02 19:24:21
4601,1011,15,COMPLETED,6,2026-02-02 19:28:13,2026-02-02 19:28:19
4602,483,6,COMPLETED,8,2026-03-16 03:25:58,2026-03-16 03:26:06
4603,178,11,COMPLETED,4,2026-01-18 09:45:09,2026-01-18 09:45:13
4604,300,11,COMPLETED,9,2026-02-08 22:38:29,2026-02-08 22:38:38
4605,193,14,COMPLETED,8,2025-12-30 21:11:57,2025-12-30 21:12:05
4606,156,21,COMPLETED,12,2025-09-03 22:42:34,2025-09-03 22:42:46
4607,777,6,FAILED,6,2025-11-03 13:02:27,2025-11-03 13:02:33
4608,777,15,COMPLETED,5,2025-11-03 13:06:27,2025-11-03 13:06:32
4609,134,4,COMPLETED,10,2025-12-10 22:47:49,2025-12-10 22:47:59
4610,40,9,COMPLETED,8,2026-02-12 23:57:32,2026-02-12 23:57:40
4611,792,2,COMPLETED,9,2026-01-06 21:41:26,2026-01-06 21:41:35
4612,792,5,COMPLETED,4,2026-01-06 21:46:26,2026-01-06 21:46:30
4613,792,9,COMPLETED,6,2026-01-06 21:45:26,2026-01-06 21:45:32
4614,87,20,COMPLETED,8,2026-02-12 17:11:01,2026-02-12 17:11:09
4615,87,5,COMPLETED,8,2026-02-12 17:16:01,2026-02-12 17:16:09
4616,741,12,COMPLETED,8,2025-12-08 07:43:57,2025-12-08 07:44:05
4617,5,13,COMPLETED,4,2025-12-26 17:17:29,2025-12-26 17:17:33
4618,5,14,COMPLETED,9,2025-12-26 17:22:29,2025-12-26 17:22:38
4619,37,19,COMPLETED,14,2025-11-17 08:25:33,2025-11-17 08:25:47
4620,37,23,COMPLETED,13,2025-11-17 08:27:33,2025-11-17 08:27:46
4621,37,8,COMPLETED,12,2025-11-17 08:31:33,2025-11-17 08:31:45
4622,744,12,COMPLETED,10,2025-12-13 19:28:03,2025-12-13 19:28:13
4623,740,2,COMPLETED,4,2025-10-26 23:56:26,2025-10-26 23:56:30
4624,740,5,COMPLETED,9,2025-10-26 23:59:26,2025-10-26 23:59:35
4625,740,9,FAILED,14,2025-10-27 00:02:26,2025-10-27 00:02:40
4626,138,19,COMPLETED,11,2025-10-13 22:16:25,2025-10-13 22:16:36
4627,138,23,COMPLETED,5,2025-10-13 22:21:25,2025-10-13 22:21:30
4628,138,8,COMPLETED,12,2025-10-13 22:26:25,2025-10-13 22:26:37
4629,551,22,COMPLETED,7,2026-03-18 16:42:37,2026-03-18 16:42:44
4630,29,2,FAILED,11,2025-12-01 15:33:27,2025-12-01 15:33:38
4631,29,5,COMPLETED,4,2025-12-01 15:38:27,2025-12-01 15:38:31
4632,29,9,COMPLETED,13,2025-12-01 15:37:27,2025-12-01 15:37:40
4633,55,13,COMPLETED,12,2025-10-29 12:29:16,2025-10-29 12:29:28
4634,55,14,COMPLETED,8,2025-10-29 12:33:16,2025-10-29 12:33:24
4635,352,19,COMPLETED,5,2025-12-28 03:49:20,2025-12-28 03:49:25
4636,255,8,COMPLETED,7,2026-03-04 16:33:29,2026-03-04 16:33:36
4637,923,16,COMPLETED,9,2026-01-11 22:01:00,2026-01-11 22:01:09
4638,70,6,COMPLETED,10,2026-03-14 20:06:22,2026-03-14 20:06:32
4639,70,15,COMPLETED,14,2026-03-14 20:10:22,2026-03-14 20:10:36
4640,50,2,FAILED,14,2026-03-20 00:17:14,2026-03-20 00:17:28
4641,50,5,COMPLETED,7,2026-03-20 00:20:14,2026-03-20 00:20:21
4642,50,9,FAILED,9,2026-03-20 00:25:14,2026-03-20 00:25:23
4643,305,19,COMPLETED,14,2026-03-30 17:38:54,2026-03-30 17:39:08
4644,77,24,COMPLETED,5,2025-12-15 19:16:12,2025-12-15 19:16:17
4645,76,22,COMPLETED,11,2026-01-14 02:02:35,2026-01-14 02:02:46
4646,819,20,COMPLETED,6,2025-12-27 06:03:06,2025-12-27 06:03:12
4647,819,5,COMPLETED,7,2025-12-27 06:08:06,2025-12-27 06:08:13
4648,76,13,COMPLETED,13,2025-10-18 22:17:34,2025-10-18 22:17:47
4649,76,14,COMPLETED,5,2025-10-18 22:21:34,2025-10-18 22:21:39
4650,1190,9,COMPLETED,5,2025-10-18 16:57:13,2025-10-18 16:57:18
4651,756,2,FAILED,6,2026-03-07 12:54:43,2026-03-07 12:54:49
4652,756,5,COMPLETED,4,2026-03-07 12:58:43,2026-03-07 12:58:47
4653,756,9,COMPLETED,14,2026-03-07 12:58:43,2026-03-07 12:58:57
4654,321,7,FAILED,6,2026-03-10 11:00:33,2026-03-10 11:00:39
4655,196,18,COMPLETED,13,2026-01-17 17:40:57,2026-01-17 17:41:10
4656,1164,24,COMPLETED,6,2026-01-22 20:32:04,2026-01-22 20:32:10
4657,936,6,COMPLETED,3,2026-03-15 19:50:45,2026-03-15 19:50:48
4658,57,24,COMPLETED,12,2026-02-21 18:36:34,2026-02-21 18:36:46
4659,506,1,COMPLETED,5,2026-02-11 08:58:20,2026-02-11 08:58:25
4660,506,3,COMPLETED,6,2026-02-11 09:00:20,2026-02-11 09:00:26
4661,506,8,COMPLETED,11,2026-02-11 09:06:20,2026-02-11 09:06:31
4662,52,4,COMPLETED,7,2025-12-09 04:02:22,2025-12-09 04:02:29
4663,52,10,COMPLETED,6,2025-12-09 04:07:22,2025-12-09 04:07:28
4664,228,6,COMPLETED,13,2025-11-09 21:53:35,2025-11-09 21:53:48
4665,228,15,COMPLETED,12,2025-11-09 21:55:35,2025-11-09 21:55:47
4666,231,20,COMPLETED,8,2026-01-17 21:58:55,2026-01-17 21:59:03
4667,231,5,COMPLETED,7,2026-01-17 22:01:55,2026-01-17 22:02:02
4668,42,1,COMPLETED,10,2026-03-03 09:18:10,2026-03-03 09:18:20
4669,42,3,COMPLETED,14,2026-03-03 09:23:10,2026-03-03 09:23:24
4670,42,8,COMPLETED,4,2026-03-03 09:22:10,2026-03-03 09:22:14
4671,69,4,COMPLETED,7,2025-10-09 05:10:13,2025-10-09 05:10:20
4672,34,1,COMPLETED,8,2025-11-11 02:48:07,2025-11-11 02:48:15
4673,34,3,FAILED,6,2025-11-11 02:52:07,2025-11-11 02:52:13
4674,34,8,COMPLETED,10,2025-11-11 02:54:07,2025-11-11 02:54:17
4675,651,16,COMPLETED,4,2026-03-01 16:14:52,2026-03-01 16:14:56
4676,104,10,COMPLETED,11,2026-01-17 04:50:09,2026-01-17 04:50:20
4677,38,16,COMPLETED,9,2026-01-18 11:40:50,2026-01-18 11:40:59
4678,469,6,COMPLETED,8,2025-12-24 14:33:57,2025-12-24 14:34:05
4679,250,19,FAILED,13,2026-01-25 03:21:57,2026-01-25 03:22:10
4680,250,23,FAILED,9,2026-01-25 03:24:57,2026-01-25 03:25:06
4681,250,8,COMPLETED,8,2026-01-25 03:29:57,2026-01-25 03:30:05
4682,56,1,COMPLETED,13,2025-11-03 22:30:48,2025-11-03 22:31:01
4683,56,3,COMPLETED,9,2025-11-03 22:32:48,2025-11-03 22:32:57
4684,56,8,COMPLETED,13,2025-11-03 22:36:48,2025-11-03 22:37:01
4685,274,17,COMPLETED,8,2026-03-07 22:57:45,2026-03-07 22:57:53
4686,274,16,COMPLETED,11,2026-03-07 23:00:45,2026-03-07 23:00:56
4687,246,15,COMPLETED,4,2025-09-25 07:22:21,2025-09-25 07:22:25
4688,33,20,COMPLETED,7,2026-01-26 21:41:53,2026-01-26 21:42:00
4689,33,5,COMPLETED,12,2026-01-26 21:44:53,2026-01-26 21:45:05
4690,47,19,COMPLETED,11,2026-01-15 06:49:20,2026-01-15 06:49:31
4691,47,23,COMPLETED,9,2026-01-15 06:54:20,2026-01-15 06:54:29
4692,47,8,COMPLETED,4,2026-01-15 06:57:20,2026-01-15 06:57:24
4693,324,20,COMPLETED,8,2025-09-26 14:47:21,2025-09-26 14:47:29
4694,324,5,COMPLETED,13,2025-09-26 14:49:21,2025-09-26 14:49:34
4695,67,25,FAILED,4,2026-03-03 16:55:30,2026-03-03 16:55:34
4696,1049,19,COMPLETED,8,2026-02-18 02:06:46,2026-02-18 02:06:54
4697,1049,23,COMPLETED,13,2026-02-18 02:08:46,2026-02-18 02:08:59
4698,1049,8,COMPLETED,14,2026-02-18 02:14:46,2026-02-18 02:15:00
4699,339,1,FAILED,11,2026-01-28 22:17:50,2026-01-28 22:18:01
4700,339,3,COMPLETED,7,2026-01-28 22:19:50,2026-01-28 22:19:57
4701,339,8,FAILED,6,2026-01-28 22:21:50,2026-01-28 22:21:56
4702,40,20,COMPLETED,4,2025-11-11 15:56:58,2025-11-11 15:57:02
4703,40,5,COMPLETED,12,2025-11-11 15:58:58,2025-11-11 15:59:10
4704,81,20,COMPLETED,5,2026-01-24 04:22:53,2026-01-24 04:22:58
4705,81,5,FAILED,7,2026-01-24 04:26:53,2026-01-24 04:27:00
4706,269,20,COMPLETED,10,2025-10-30 06:57:37,2025-10-30 06:57:47
4707,269,5,FAILED,6,2025-10-30 07:02:37,2025-10-30 07:02:43
4708,76,20,FAILED,5,2026-01-12 01:27:42,2026-01-12 01:27:47
4709,348,17,COMPLETED,13,2026-03-04 22:33:43,2026-03-04 22:33:56
4710,348,16,FAILED,7,2026-03-04 22:37:43,2026-03-04 22:37:50
4711,42,17,COMPLETED,5,2025-11-23 22:27:27,2025-11-23 22:27:32
4712,42,16,FAILED,13,2025-11-23 22:30:27,2025-11-23 22:30:40
4713,40,20,COMPLETED,11,2025-12-04 15:40:21,2025-12-04 15:40:32
4714,40,5,COMPLETED,8,2025-12-04 15:45:21,2025-12-04 15:45:29
4715,70,19,COMPLETED,14,2026-01-29 12:14:31,2026-01-29 12:14:45
4716,70,23,COMPLETED,7,2026-01-29 12:18:31,2026-01-29 12:18:38
4717,70,8,COMPLETED,7,2026-01-29 12:24:31,2026-01-29 12:24:38
4718,1111,24,COMPLETED,15,2026-03-25 00:11:12,2026-03-25 00:11:27
4719,109,4,COMPLETED,7,2025-12-09 05:39:50,2025-12-09 05:39:57
4720,109,10,COMPLETED,9,2025-12-09 05:44:50,2025-12-09 05:44:59
4721,784,23,COMPLETED,6,2025-12-22 19:39:34,2025-12-22 19:39:40
4722,750,17,COMPLETED,7,2025-12-01 02:03:43,2025-12-01 02:03:50
4723,750,16,COMPLETED,10,2025-12-01 02:06:43,2025-12-01 02:06:53
4724,628,17,COMPLETED,14,2025-11-20 17:31:20,2025-11-20 17:31:34
4725,2,20,COMPLETED,13,2025-11-26 04:37:33,2025-11-26 04:37:46
4726,125,1,COMPLETED,13,2026-02-25 18:55:13,2026-02-25 18:55:26
4727,125,3,COMPLETED,6,2026-02-25 19:00:13,2026-02-25 19:00:19
4728,125,8,COMPLETED,4,2026-02-25 18:59:13,2026-02-25 18:59:17
4729,20,15,FAILED,13,2025-12-19 05:21:15,2025-12-19 05:21:28
4730,480,12,FAILED,3,2025-11-15 10:48:53,2025-11-15 10:48:56
4731,195,1,COMPLETED,8,2025-12-14 11:49:43,2025-12-14 11:49:51
4732,195,3,COMPLETED,10,2025-12-14 11:52:43,2025-12-14 11:52:53
4733,195,8,COMPLETED,4,2025-12-14 11:55:43,2025-12-14 11:55:47
4734,69,19,COMPLETED,9,2026-01-23 20:56:48,2026-01-23 20:56:57
4735,69,23,FAILED,9,2026-01-23 20:59:48,2026-01-23 20:59:57
4736,69,8,COMPLETED,11,2026-01-23 21:04:48,2026-01-23 21:04:59
4737,19,6,COMPLETED,11,2026-03-13 10:26:44,2026-03-13 10:26:55
4738,19,15,COMPLETED,11,2026-03-13 10:30:44,2026-03-13 10:30:55
4739,49,19,COMPLETED,5,2025-12-15 06:15:56,2025-12-15 06:16:01
4740,49,23,COMPLETED,13,2025-12-15 06:19:56,2025-12-15 06:20:09
4741,49,8,COMPLETED,8,2025-12-15 06:19:56,2025-12-15 06:20:04
4742,275,15,COMPLETED,7,2025-09-13 12:10:16,2025-09-13 12:10:23
4743,104,24,COMPLETED,10,2025-12-04 00:30:55,2025-12-04 00:31:05
4744,297,17,COMPLETED,6,2026-03-15 22:04:32,2026-03-15 22:04:38
4745,297,16,COMPLETED,5,2026-03-15 22:07:32,2026-03-15 22:07:37
4746,29,17,COMPLETED,8,2025-10-16 18:15:49,2025-10-16 18:15:57
4747,29,16,FAILED,7,2025-10-16 18:18:49,2025-10-16 18:18:56
4748,858,2,COMPLETED,4,2026-02-05 08:26:33,2026-02-05 08:26:37
4749,858,5,COMPLETED,6,2026-02-05 08:30:33,2026-02-05 08:30:39
4750,858,9,COMPLETED,8,2026-02-05 08:36:33,2026-02-05 08:36:41
4751,173,6,COMPLETED,6,2026-03-05 23:37:12,2026-03-05 23:37:18
4752,173,15,COMPLETED,5,2026-03-05 23:42:12,2026-03-05 23:42:17
4753,293,20,COMPLETED,10,2026-01-16 16:52:49,2026-01-16 16:52:59
4754,293,5,COMPLETED,5,2026-01-16 16:56:49,2026-01-16 16:56:54
4755,26,17,COMPLETED,10,2026-01-03 13:08:25,2026-01-03 13:08:35
4756,26,16,COMPLETED,9,2026-01-03 13:10:25,2026-01-03 13:10:34
4757,263,2,COMPLETED,7,2025-12-07 08:16:17,2025-12-07 08:16:24
4758,263,5,FAILED,8,2025-12-07 08:21:17,2025-12-07 08:21:25
4759,263,9,FAILED,12,2025-12-07 08:22:17,2025-12-07 08:22:29
4760,202,13,COMPLETED,6,2026-01-09 12:12:01,2026-01-09 12:12:07
4761,202,14,COMPLETED,4,2026-01-09 12:15:01,2026-01-09 12:15:05
4762,404,13,COMPLETED,4,2026-02-28 06:34:37,2026-02-28 06:34:41
4763,1166,20,FAILED,4,2026-02-14 10:17:48,2026-02-14 10:17:52
4764,1166,5,COMPLETED,7,2026-02-14 10:22:48,2026-02-14 10:22:55
4765,797,3,FAILED,12,2026-03-25 22:16:21,2026-03-25 22:16:33
4766,732,20,COMPLETED,12,2025-12-25 19:37:53,2025-12-25 19:38:05
4767,732,5,COMPLETED,13,2025-12-25 19:42:53,2025-12-25 19:43:06
4768,44,4,COMPLETED,11,2025-10-02 21:03:32,2025-10-02 21:03:43
4769,44,10,COMPLETED,11,2025-10-02 21:05:32,2025-10-02 21:05:43
4770,31,14,COMPLETED,5,2025-11-18 05:03:45,2025-11-18 05:03:50
4771,365,2,COMPLETED,11,2026-01-29 08:35:02,2026-01-29 08:35:13
4772,365,5,COMPLETED,13,2026-01-29 08:38:02,2026-01-29 08:38:15
4773,365,9,COMPLETED,11,2026-01-29 08:41:02,2026-01-29 08:41:13
4774,551,4,COMPLETED,10,2026-01-10 22:05:43,2026-01-10 22:05:53
4775,551,10,COMPLETED,12,2026-01-10 22:10:43,2026-01-10 22:10:55
4776,29,4,COMPLETED,10,2026-01-07 09:10:34,2026-01-07 09:10:44
4777,29,10,COMPLETED,11,2026-01-07 09:13:34,2026-01-07 09:13:45
4778,1084,13,COMPLETED,5,2026-02-19 14:12:51,2026-02-19 14:12:56
4779,1084,14,COMPLETED,5,2026-02-19 14:17:51,2026-02-19 14:17:56
4780,917,19,COMPLETED,6,2026-03-18 10:30:35,2026-03-18 10:30:41
4781,917,23,COMPLETED,10,2026-03-18 10:33:35,2026-03-18 10:33:45
4782,917,8,COMPLETED,11,2026-03-18 10:40:35,2026-03-18 10:40:46
4783,88,13,COMPLETED,14,2026-03-11 09:23:03,2026-03-11 09:23:17
4784,88,14,FAILED,13,2026-03-11 09:25:03,2026-03-11 09:25:16
4785,1133,14,COMPLETED,10,2026-01-27 13:00:39,2026-01-27 13:00:49
4786,324,8,COMPLETED,5,2025-12-02 02:34:31,2025-12-02 02:34:36
4787,407,19,COMPLETED,9,2025-12-08 04:07:44,2025-12-08 04:07:53
4788,407,23,COMPLETED,5,2025-12-08 04:10:44,2025-12-08 04:10:49
4789,407,8,COMPLETED,4,2025-12-08 04:17:44,2025-12-08 04:17:48
4790,349,13,COMPLETED,12,2026-01-17 21:13:57,2026-01-17 21:14:09
4791,349,14,COMPLETED,13,2026-01-17 21:18:57,2026-01-17 21:19:10
4792,219,15,COMPLETED,13,2026-02-15 05:30:40,2026-02-15 05:30:53
4793,163,2,COMPLETED,4,2026-03-14 16:39:56,2026-03-14 16:40:00
4794,337,24,COMPLETED,11,2026-03-29 04:01:50,2026-03-29 04:02:01
4795,346,13,COMPLETED,7,2026-03-21 18:13:32,2026-03-21 18:13:39
4796,346,14,COMPLETED,4,2026-03-21 18:17:32,2026-03-21 18:17:36
4797,1194,8,COMPLETED,7,2026-01-28 14:35:13,2026-01-28 14:35:20
4798,323,2,COMPLETED,13,2026-01-31 15:04:00,2026-01-31 15:04:13
4799,323,5,COMPLETED,10,2026-01-31 15:08:00,2026-01-31 15:08:10
4800,323,9,COMPLETED,8,2026-01-31 15:14:00,2026-01-31 15:14:08
4801,324,9,COMPLETED,8,2026-02-05 05:48:02,2026-02-05 05:48:10
4802,92,2,FAILED,4,2026-01-20 04:20:23,2026-01-20 04:20:27
4803,92,5,COMPLETED,7,2026-01-20 04:22:23,2026-01-20 04:22:30
4804,92,9,COMPLETED,6,2026-01-20 04:28:23,2026-01-20 04:28:29
4805,652,13,COMPLETED,10,2025-10-29 05:44:45,2025-10-29 05:44:55
4806,652,14,COMPLETED,8,2025-10-29 05:46:45,2025-10-29 05:46:53
4807,1086,2,COMPLETED,5,2025-11-09 07:52:05,2025-11-09 07:52:10
4808,1086,5,COMPLETED,7,2025-11-09 07:56:05,2025-11-09 07:56:12
4809,1086,9,COMPLETED,14,2025-11-09 07:58:05,2025-11-09 07:58:19
4810,25,21,COMPLETED,11,2026-02-11 08:18:55,2026-02-11 08:19:06
4811,368,14,COMPLETED,11,2026-02-12 04:12:39,2026-02-12 04:12:50
4812,20,4,COMPLETED,13,2026-03-04 17:00:39,2026-03-04 17:00:52
4813,20,10,COMPLETED,7,2026-03-04 17:02:39,2026-03-04 17:02:46
4814,92,13,COMPLETED,14,2025-11-11 10:02:34,2025-11-11 10:02:48
4815,92,14,COMPLETED,12,2025-11-11 10:07:34,2025-11-11 10:07:46
4816,298,13,COMPLETED,7,2026-03-30 05:58:04,2026-03-30 05:58:11
4817,298,14,COMPLETED,4,2026-03-30 06:01:04,2026-03-30 06:01:08
4818,63,19,COMPLETED,8,2026-01-21 21:08:44,2026-01-21 21:08:52
4819,63,23,COMPLETED,11,2026-01-21 21:11:44,2026-01-21 21:11:55
4820,63,8,COMPLETED,4,2026-01-21 21:14:44,2026-01-21 21:14:48
4821,167,23,COMPLETED,10,2025-12-29 03:16:40,2025-12-29 03:16:50
4822,86,14,COMPLETED,12,2025-10-29 20:33:02,2025-10-29 20:33:14
4823,361,2,COMPLETED,10,2026-03-15 09:54:45,2026-03-15 09:54:55
4824,361,5,COMPLETED,11,2026-03-15 09:59:45,2026-03-15 09:59:56
4825,361,9,COMPLETED,8,2026-03-15 10:00:45,2026-03-15 10:00:53
4826,657,20,COMPLETED,10,2026-02-03 13:26:02,2026-02-03 13:26:12
4827,657,5,COMPLETED,9,2026-02-03 13:28:02,2026-02-03 13:28:11
4828,625,23,COMPLETED,5,2026-03-19 07:13:14,2026-03-19 07:13:19
4829,303,13,FAILED,13,2025-09-11 01:37:42,2025-09-11 01:37:55
4830,303,14,FAILED,10,2025-09-11 01:41:42,2025-09-11 01:41:52
4831,176,1,COMPLETED,11,2026-01-23 19:26:40,2026-01-23 19:26:51
4832,176,3,COMPLETED,13,2026-01-23 19:29:40,2026-01-23 19:29:53
4833,176,8,COMPLETED,13,2026-01-23 19:36:40,2026-01-23 19:36:53
4834,10,9,FAILED,8,2025-11-24 00:54:35,2025-11-24 00:54:43
4835,84,20,COMPLETED,10,2026-03-19 09:32:39,2026-03-19 09:32:49
4836,84,5,COMPLETED,11,2026-03-19 09:35:39,2026-03-19 09:35:50
4837,201,17,COMPLETED,11,2025-11-19 12:25:26,2025-11-19 12:25:37
4838,201,16,COMPLETED,3,2025-11-19 12:29:26,2025-11-19 12:29:29
4839,317,14,COMPLETED,8,2026-02-16 08:01:00,2026-02-16 08:01:08
4840,990,20,COMPLETED,7,2025-10-13 03:56:33,2025-10-13 03:56:40
4841,1054,20,COMPLETED,13,2026-01-04 05:28:00,2026-01-04 05:28:13
4842,1054,5,COMPLETED,9,2026-01-04 05:33:00,2026-01-04 05:33:09
4843,26,8,COMPLETED,4,2026-01-05 01:35:29,2026-01-05 01:35:33
4844,208,20,COMPLETED,8,2026-02-11 05:47:02,2026-02-11 05:47:10
4845,119,22,COMPLETED,5,2026-01-27 13:03:25,2026-01-27 13:03:30
4846,818,2,COMPLETED,13,2025-10-14 14:45:01,2025-10-14 14:45:14
4847,818,5,COMPLETED,10,2025-10-14 14:48:01,2025-10-14 14:48:11
4848,818,9,COMPLETED,15,2025-10-14 14:51:01,2025-10-14 14:51:16
4849,501,25,COMPLETED,7,2025-11-13 22:36:03,2025-11-13 22:36:10
4850,72,17,COMPLETED,13,2025-10-02 01:36:15,2025-10-02 01:36:28
4851,72,16,FAILED,5,2025-10-02 01:38:15,2025-10-02 01:38:20
4852,20,19,FAILED,14,2025-12-07 05:16:49,2025-12-07 05:17:03
4853,20,23,COMPLETED,10,2025-12-07 05:19:49,2025-12-07 05:19:59
4854,20,8,FAILED,6,2025-12-07 05:26:49,2025-12-07 05:26:55
4855,17,17,COMPLETED,5,2025-10-27 10:54:54,2025-10-27 10:54:59
4856,17,16,FAILED,12,2025-10-27 10:59:54,2025-10-27 11:00:06
4857,98,13,COMPLETED,9,2025-09-27 17:27:05,2025-09-27 17:27:14
4858,98,14,FAILED,4,2025-09-27 17:32:05,2025-09-27 17:32:09
4859,130,19,COMPLETED,5,2026-01-03 02:23:39,2026-01-03 02:23:44
4860,130,23,COMPLETED,10,2026-01-03 02:28:39,2026-01-03 02:28:49
4861,130,8,FAILED,7,2026-01-03 02:31:39,2026-01-03 02:31:46
4862,16,13,COMPLETED,4,2026-02-01 15:10:26,2026-02-01 15:10:30
4863,758,14,COMPLETED,5,2026-01-24 00:59:59,2026-01-24 01:00:04
4864,93,6,COMPLETED,12,2025-12-13 20:26:54,2025-12-13 20:27:06
4865,93,15,COMPLETED,10,2025-12-13 20:31:54,2025-12-13 20:32:04
4866,82,25,COMPLETED,14,2025-09-29 00:03:49,2025-09-29 00:04:03
4867,40,6,COMPLETED,7,2026-02-22 20:03:41,2026-02-22 20:03:48
4868,40,15,FAILED,12,2026-02-22 20:06:41,2026-02-22 20:06:53
4869,586,4,COMPLETED,10,2025-12-13 06:01:07,2025-12-13 06:01:17
4870,586,10,COMPLETED,14,2025-12-13 06:06:07,2025-12-13 06:06:21
4871,15,19,COMPLETED,5,2025-12-28 23:09:06,2025-12-28 23:09:11
4872,760,17,COMPLETED,8,2025-12-15 00:28:13,2025-12-15 00:28:21
4873,760,16,COMPLETED,5,2025-12-15 00:30:13,2025-12-15 00:30:18
4874,474,9,COMPLETED,6,2025-10-15 15:57:38,2025-10-15 15:57:44
4875,804,14,COMPLETED,8,2026-02-06 06:27:59,2026-02-06 06:28:07
4876,71,19,COMPLETED,8,2026-02-18 23:22:02,2026-02-18 23:22:10
4877,71,23,COMPLETED,6,2026-02-18 23:25:02,2026-02-18 23:25:08
4878,71,8,COMPLETED,10,2026-02-18 23:30:02,2026-02-18 23:30:12
4879,139,4,COMPLETED,6,2025-12-04 02:27:07,2025-12-04 02:27:13
4880,139,10,COMPLETED,6,2025-12-04 02:29:07,2025-12-04 02:29:13
4881,1039,13,COMPLETED,6,2025-09-03 04:55:16,2025-09-03 04:55:22
4882,1039,14,COMPLETED,9,2025-09-03 04:58:16,2025-09-03 04:58:25
4883,375,6,COMPLETED,6,2026-01-22 02:13:47,2026-01-22 02:13:53
4884,375,15,COMPLETED,8,2026-01-22 02:17:47,2026-01-22 02:17:55
4885,9,19,FAILED,14,2026-02-23 17:26:21,2026-02-23 17:26:35
4886,9,23,COMPLETED,6,2026-02-23 17:28:21,2026-02-23 17:28:27
4887,9,8,COMPLETED,13,2026-02-23 17:30:21,2026-02-23 17:30:34
4888,347,6,COMPLETED,5,2025-12-22 17:20:13,2025-12-22 17:20:18
4889,347,15,COMPLETED,5,2025-12-22 17:22:13,2025-12-22 17:22:18
4890,98,17,COMPLETED,5,2025-12-05 15:43:03,2025-12-05 15:43:08
4891,98,16,COMPLETED,10,2025-12-05 15:47:03,2025-12-05 15:47:13
4892,239,3,COMPLETED,5,2025-10-20 09:34:51,2025-10-20 09:34:56
4893,212,10,COMPLETED,10,2025-11-27 19:58:20,2025-11-27 19:58:30
4894,525,4,COMPLETED,6,2026-03-06 08:51:42,2026-03-06 08:51:48
4895,525,10,COMPLETED,11,2026-03-06 08:53:42,2026-03-06 08:53:53
4896,94,23,COMPLETED,3,2025-11-27 04:04:42,2025-11-27 04:04:45
4897,393,17,COMPLETED,5,2026-01-05 19:00:43,2026-01-05 19:00:48
4898,393,16,COMPLETED,4,2026-01-05 19:02:43,2026-01-05 19:02:47
4899,329,6,COMPLETED,13,2025-12-15 07:48:51,2025-12-15 07:49:04
4900,329,15,COMPLETED,4,2025-12-15 07:50:51,2025-12-15 07:50:55
4901,15,4,FAILED,14,2026-01-18 03:55:13,2026-01-18 03:55:27
4902,15,10,COMPLETED,10,2026-01-18 03:59:13,2026-01-18 03:59:23
4903,29,19,COMPLETED,14,2026-01-13 23:39:57,2026-01-13 23:40:11
4904,380,1,COMPLETED,9,2025-11-15 08:34:29,2025-11-15 08:34:38
4905,380,3,COMPLETED,10,2025-11-15 08:36:29,2025-11-15 08:36:39
4906,380,8,COMPLETED,8,2025-11-15 08:38:29,2025-11-15 08:38:37
4907,53,6,COMPLETED,13,2025-10-10 21:46:46,2025-10-10 21:46:59
4908,53,15,COMPLETED,12,2025-10-10 21:49:46,2025-10-10 21:49:58
4909,47,9,COMPLETED,11,2025-11-23 09:18:47,2025-11-23 09:18:58
4910,49,17,COMPLETED,10,2026-03-30 06:39:03,2026-03-30 06:39:13
4911,191,1,COMPLETED,13,2025-12-31 19:29:23,2025-12-31 19:29:36
4912,191,3,COMPLETED,8,2025-12-31 19:32:23,2025-12-31 19:32:31
4913,191,8,COMPLETED,11,2025-12-31 19:35:23,2025-12-31 19:35:34
4914,230,20,COMPLETED,7,2026-03-18 06:56:02,2026-03-18 06:56:09
4915,772,25,COMPLETED,9,2026-01-10 07:57:43,2026-01-10 07:57:52
4916,750,24,COMPLETED,10,2026-02-16 07:41:20,2026-02-16 07:41:30
4917,32,3,COMPLETED,7,2025-09-19 08:42:23,2025-09-19 08:42:30
4918,1084,20,COMPLETED,7,2025-10-12 17:40:20,2025-10-12 17:40:27
4919,1084,5,COMPLETED,5,2025-10-12 17:43:20,2025-10-12 17:43:25
4920,80,4,COMPLETED,12,2025-11-19 03:16:51,2025-11-19 03:17:03
4921,226,3,COMPLETED,6,2025-10-30 06:15:11,2025-10-30 06:15:17
4922,53,17,COMPLETED,12,2026-02-13 05:38:01,2026-02-13 05:38:13
4923,53,16,FAILED,5,2026-02-13 05:40:01,2026-02-13 05:40:06
4924,75,4,COMPLETED,12,2025-11-18 02:29:46,2025-11-18 02:29:58
4925,535,6,COMPLETED,13,2026-01-27 06:45:14,2026-01-27 06:45:27
4926,535,15,COMPLETED,11,2026-01-27 06:50:14,2026-01-27 06:50:25
4927,178,4,COMPLETED,14,2026-01-31 13:31:14,2026-01-31 13:31:28
4928,178,10,COMPLETED,14,2026-01-31 13:36:14,2026-01-31 13:36:28
4929,3,17,COMPLETED,11,2025-12-18 13:51:38,2025-12-18 13:51:49
4930,3,16,COMPLETED,13,2025-12-18 13:54:38,2025-12-18 13:54:51
4931,157,17,COMPLETED,10,2026-01-02 08:50:19,2026-01-02 08:50:29
4932,157,16,COMPLETED,13,2026-01-02 08:52:19,2026-01-02 08:52:32
4933,403,3,COMPLETED,4,2025-12-23 00:40:23,2025-12-23 00:40:27
4934,518,20,COMPLETED,12,2026-02-27 08:21:17,2026-02-27 08:21:29
4935,518,5,COMPLETED,9,2026-02-27 08:25:17,2026-02-27 08:25:26
4936,31,18,FAILED,12,2026-01-18 02:41:23,2026-01-18 02:41:35
4937,14,2,COMPLETED,9,2025-12-07 22:06:39,2025-12-07 22:06:48
4938,14,5,COMPLETED,6,2025-12-07 22:08:39,2025-12-07 22:08:45
4939,14,9,COMPLETED,7,2025-12-07 22:16:39,2025-12-07 22:16:46
4940,91,13,COMPLETED,8,2025-10-24 00:24:56,2025-10-24 00:25:04
4941,91,14,COMPLETED,5,2025-10-24 00:26:56,2025-10-24 00:27:01
4942,72,17,COMPLETED,6,2026-02-03 17:48:03,2026-02-03 17:48:09
4943,72,16,COMPLETED,9,2026-02-03 17:50:03,2026-02-03 17:50:12
4944,1008,18,FAILED,3,2025-11-02 07:14:15,2025-11-02 07:14:18
4945,356,4,COMPLETED,6,2026-01-14 12:09:36,2026-01-14 12:09:42
4946,41,8,FAILED,11,2026-01-15 08:54:12,2026-01-15 08:54:23
4947,964,17,COMPLETED,7,2026-02-27 06:35:01,2026-02-27 06:35:08
4948,964,16,COMPLETED,10,2026-02-27 06:38:01,2026-02-27 06:38:11
4949,491,4,COMPLETED,13,2025-11-07 00:56:25,2025-11-07 00:56:38
4950,491,10,FAILED,9,2025-11-07 01:00:25,2025-11-07 01:00:34
4951,6,4,COMPLETED,15,2026-03-01 09:36:50,2026-03-01 09:37:05
4952,6,10,COMPLETED,8,2026-03-01 09:41:50,2026-03-01 09:41:58
4953,441,6,COMPLETED,12,2026-01-07 13:00:16,2026-01-07 13:00:28
4954,441,15,COMPLETED,7,2026-01-07 13:03:16,2026-01-07 13:03:23
4955,155,4,COMPLETED,11,2026-02-18 11:37:47,2026-02-18 11:37:58
4956,155,10,COMPLETED,15,2026-02-18 11:42:47,2026-02-18 11:43:02
4957,85,19,COMPLETED,8,2025-11-20 04:58:51,2025-11-20 04:58:59
4958,85,23,COMPLETED,3,2025-11-20 05:00:51,2025-11-20 05:00:54
4959,85,8,COMPLETED,10,2025-11-20 05:04:51,2025-11-20 05:05:01
4960,51,6,COMPLETED,10,2025-10-30 16:04:36,2025-10-30 16:04:46
4961,233,20,COMPLETED,12,2026-03-19 02:13:51,2026-03-19 02:14:03
4962,233,5,FAILED,5,2026-03-19 02:16:51,2026-03-19 02:16:56
4963,525,4,COMPLETED,14,2026-03-07 19:52:36,2026-03-07 19:52:50
4964,22,2,COMPLETED,10,2026-03-24 01:47:03,2026-03-24 01:47:13
4965,22,5,COMPLETED,10,2026-03-24 01:50:03,2026-03-24 01:50:13
4966,22,9,COMPLETED,14,2026-03-24 01:57:03,2026-03-24 01:57:17
4967,153,25,COMPLETED,6,2025-12-25 14:01:13,2025-12-25 14:01:19
4968,104,1,COMPLETED,8,2026-02-23 19:02:25,2026-02-23 19:02:33
4969,104,3,COMPLETED,4,2026-02-23 19:07:25,2026-02-23 19:07:29
4970,104,8,COMPLETED,7,2026-02-23 19:08:25,2026-02-23 19:08:32
4971,319,11,COMPLETED,4,2025-12-09 10:00:59,2025-12-09 10:01:03
4972,45,8,COMPLETED,5,2025-10-15 21:01:21,2025-10-15 21:01:26
4973,1072,20,COMPLETED,6,2026-01-27 15:35:07,2026-01-27 15:35:13
4974,1174,18,COMPLETED,13,2026-02-06 17:37:59,2026-02-06 17:38:12
4975,630,13,COMPLETED,10,2026-02-06 19:47:05,2026-02-06 19:47:15
4976,630,14,COMPLETED,12,2026-02-06 19:49:05,2026-02-06 19:49:17
4977,629,19,COMPLETED,8,2026-02-21 07:20:01,2026-02-21 07:20:09
4978,2,4,COMPLETED,6,2025-12-15 20:17:06,2025-12-15 20:17:12
4979,2,10,COMPLETED,5,2025-12-15 20:22:06,2025-12-15 20:22:11
4980,460,17,COMPLETED,13,2025-12-18 21:43:48,2025-12-18 21:44:01
4981,460,16,FAILED,5,2025-12-18 21:45:48,2025-12-18 21:45:53
4982,158,20,COMPLETED,5,2026-01-26 01:01:29,2026-01-26 01:01:34
4983,158,5,COMPLETED,8,2026-01-26 01:06:29,2026-01-26 01:06:37
4984,349,19,COMPLETED,10,2025-11-08 20:19:11,2025-11-08 20:19:21
4985,349,23,COMPLETED,12,2025-11-08 20:22:11,2025-11-08 20:22:23
4986,349,8,COMPLETED,11,2025-11-08 20:23:11,2025-11-08 20:23:22
4987,210,1,COMPLETED,10,2025-12-27 21:46:09,2025-12-27 21:46:19
4988,210,3,COMPLETED,5,2025-12-27 21:50:09,2025-12-27 21:50:14
4989,210,8,COMPLETED,9,2025-12-27 21:50:09,2025-12-27 21:50:18
4990,104,1,COMPLETED,10,2026-02-02 14:16:26,2026-02-02 14:16:36
4991,104,3,COMPLETED,5,2026-02-02 14:18:26,2026-02-02 14:18:31
4992,104,8,COMPLETED,11,2026-02-02 14:22:26,2026-02-02 14:22:37
4993,365,18,COMPLETED,10,2025-12-30 07:11:01,2025-12-30 07:11:11
4994,112,13,COMPLETED,5,2025-10-05 18:55:38,2025-10-05 18:55:43
4995,112,14,COMPLETED,5,2025-10-05 18:57:38,2025-10-05 18:57:43
4996,91,13,COMPLETED,10,2025-12-01 05:38:00,2025-12-01 05:38:10
4997,91,14,COMPLETED,13,2025-12-01 05:40:00,2025-12-01 05:40:13
4998,84,2,COMPLETED,10,2025-09-19 19:24:29,2025-09-19 19:24:39
4999,84,5,COMPLETED,10,2025-09-19 19:26:29,2025-09-19 19:26:39
5000,84,9,COMPLETED,7,2025-09-19 19:32:29,2025-09-19 19:32:36
5001,1122,6,COMPLETED,7,2026-03-01 09:00:26,2026-03-01 09:00:33
5002,1122,15,COMPLETED,8,2026-03-01 09:04:26,2026-03-01 09:04:34
5003,196,25,COMPLETED,4,2025-10-03 13:04:25,2025-10-03 13:04:29
5004,1052,13,COMPLETED,4,2025-12-03 21:58:03,2025-12-03 21:58:07
5005,1052,14,COMPLETED,9,2025-12-03 22:00:03,2025-12-03 22:00:12
5006,179,12,COMPLETED,4,2025-10-10 02:51:27,2025-10-10 02:51:31
5007,92,12,COMPLETED,9,2025-09-16 15:11:02,2025-09-16 15:11:11
5008,921,20,COMPLETED,5,2026-01-19 00:47:43,2026-01-19 00:47:48
5009,921,5,FAILED,3,2026-01-19 00:49:43,2026-01-19 00:49:46
5010,320,17,COMPLETED,6,2026-03-07 01:05:43,2026-03-07 01:05:49
5011,320,16,COMPLETED,7,2026-03-07 01:09:43,2026-03-07 01:09:50
5012,816,17,COMPLETED,14,2026-03-20 22:41:06,2026-03-20 22:41:20
5013,1069,7,FAILED,9,2025-09-05 05:35:49,2025-09-05 05:35:58
5014,679,1,COMPLETED,14,2025-10-19 10:34:41,2025-10-19 10:34:55
5015,3,20,COMPLETED,3,2026-01-08 00:23:55,2026-01-08 00:23:58
5016,3,5,FAILED,9,2026-01-08 00:27:55,2026-01-08 00:28:04
5017,217,20,COMPLETED,13,2025-09-19 08:52:46,2025-09-19 08:52:59
5018,534,4,COMPLETED,11,2025-10-14 14:30:23,2025-10-14 14:30:34
5019,534,10,FAILED,12,2025-10-14 14:35:23,2025-10-14 14:35:35
5020,192,6,COMPLETED,9,2026-02-12 17:53:36,2026-02-12 17:53:45
5021,192,15,COMPLETED,5,2026-02-12 17:58:36,2026-02-12 17:58:41
5022,78,19,FAILED,10,2026-03-29 15:21:24,2026-03-29 15:21:34
5023,78,23,COMPLETED,5,2026-03-29 15:23:24,2026-03-29 15:23:29
5024,78,8,COMPLETED,5,2026-03-29 15:31:24,2026-03-29 15:31:29
5025,281,19,COMPLETED,8,2026-02-22 01:00:36,2026-02-22 01:00:44
5026,281,23,COMPLETED,4,2026-02-22 01:04:36,2026-02-22 01:04:40
5027,281,8,FAILED,6,2026-02-22 01:08:36,2026-02-22 01:08:42
5028,723,6,COMPLETED,8,2025-11-12 03:59:03,2025-11-12 03:59:11
5029,723,15,COMPLETED,6,2025-11-12 04:03:03,2025-11-12 04:03:09
5030,1130,20,COMPLETED,6,2025-09-17 15:25:22,2025-09-17 15:25:28
5031,908,19,COMPLETED,11,2026-03-02 23:02:00,2026-03-02 23:02:11
5032,458,12,COMPLETED,13,2025-11-16 19:46:21,2025-11-16 19:46:34
5033,43,17,COMPLETED,10,2025-09-11 08:51:30,2025-09-11 08:51:40
5034,43,16,COMPLETED,6,2025-09-11 08:56:30,2025-09-11 08:56:36
5035,176,6,COMPLETED,7,2026-03-16 17:20:12,2026-03-16 17:20:19
5036,7,2,COMPLETED,11,2025-12-21 15:33:57,2025-12-21 15:34:08
5037,7,5,COMPLETED,6,2025-12-21 15:36:57,2025-12-21 15:37:03
5038,7,9,COMPLETED,15,2025-12-21 15:43:57,2025-12-21 15:44:12
5039,1007,11,COMPLETED,10,2026-01-30 00:07:15,2026-01-30 00:07:25
5040,272,24,COMPLETED,10,2026-02-23 16:48:38,2026-02-23 16:48:48
5041,358,20,COMPLETED,13,2026-02-18 19:40:14,2026-02-18 19:40:27
5042,358,5,COMPLETED,9,2026-02-18 19:45:14,2026-02-18 19:45:23
5043,110,16,COMPLETED,7,2025-11-11 15:10:47,2025-11-11 15:10:54
5044,321,19,COMPLETED,6,2025-12-16 15:26:25,2025-12-16 15:26:31
5045,321,23,COMPLETED,6,2025-12-16 15:28:25,2025-12-16 15:28:31
5046,321,8,COMPLETED,12,2025-12-16 15:36:25,2025-12-16 15:36:37
5047,179,6,COMPLETED,12,2025-12-20 03:11:23,2025-12-20 03:11:35
5048,153,13,COMPLETED,5,2025-11-24 00:12:49,2025-11-24 00:12:54
5049,26,2,COMPLETED,11,2025-09-26 01:32:38,2025-09-26 01:32:49
5050,26,5,COMPLETED,7,2025-09-26 01:37:38,2025-09-26 01:37:45
5051,26,9,COMPLETED,10,2025-09-26 01:42:38,2025-09-26 01:42:48
5052,311,17,COMPLETED,10,2026-02-28 04:31:42,2026-02-28 04:31:52
5053,311,16,COMPLETED,11,2026-02-28 04:35:42,2026-02-28 04:35:53
5054,1098,4,FAILED,12,2025-11-27 23:38:55,2025-11-27 23:39:07
5055,25,1,COMPLETED,9,2025-10-02 16:26:34,2025-10-02 16:26:43
5056,25,3,COMPLETED,8,2025-10-02 16:30:34,2025-10-02 16:30:42
5057,25,8,FAILED,5,2025-10-02 16:32:34,2025-10-02 16:32:39
5058,380,4,COMPLETED,13,2025-10-28 20:56:15,2025-10-28 20:56:28
5059,380,10,COMPLETED,13,2025-10-28 21:01:15,2025-10-28 21:01:28
5060,102,4,COMPLETED,10,2025-10-26 08:30:27,2025-10-26 08:30:37
5061,102,10,COMPLETED,9,2025-10-26 08:32:27,2025-10-26 08:32:36
5062,60,5,COMPLETED,12,2025-09-22 13:26:22,2025-09-22 13:26:34
5063,225,13,FAILED,4,2025-11-14 23:03:59,2025-11-14 23:04:03
5064,225,14,COMPLETED,13,2025-11-14 23:06:59,2025-11-14 23:07:12
5065,365,6,COMPLETED,9,2025-10-29 19:32:28,2025-10-29 19:32:37
5066,365,15,COMPLETED,10,2025-10-29 19:37:28,2025-10-29 19:37:38
5067,50,1,COMPLETED,8,2025-11-29 15:05:53,2025-11-29 15:06:01
5068,50,3,FAILED,8,2025-11-29 15:10:53,2025-11-29 15:11:01
5069,50,8,COMPLETED,14,2025-11-29 15:15:53,2025-11-29 15:16:07
5070,530,4,COMPLETED,12,2025-11-21 10:43:53,2025-11-21 10:44:05
5071,530,10,COMPLETED,9,2025-11-21 10:47:53,2025-11-21 10:48:02
5072,302,6,FAILED,9,2026-02-15 23:42:11,2026-02-15 23:42:20
5073,302,15,COMPLETED,6,2026-02-15 23:46:11,2026-02-15 23:46:17
5074,7,2,COMPLETED,11,2026-02-27 12:41:23,2026-02-27 12:41:34
5075,7,5,COMPLETED,8,2026-02-27 12:44:23,2026-02-27 12:44:31
5076,7,9,COMPLETED,6,2026-02-27 12:51:23,2026-02-27 12:51:29
5077,465,16,FAILED,10,2026-02-23 06:05:31,2026-02-23 06:05:41
5078,279,17,COMPLETED,9,2025-11-28 07:45:49,2025-11-28 07:45:58
5079,109,4,COMPLETED,7,2026-03-05 06:48:31,2026-03-05 06:48:38
5080,109,10,COMPLETED,7,2026-03-05 06:51:31,2026-03-05 06:51:38
5081,238,4,COMPLETED,13,2026-02-03 06:50:36,2026-02-03 06:50:49
5082,238,10,COMPLETED,6,2026-02-03 06:54:36,2026-02-03 06:54:42
5083,154,8,COMPLETED,6,2026-01-28 10:45:52,2026-01-28 10:45:58
5084,24,17,COMPLETED,4,2025-10-18 05:16:05,2025-10-18 05:16:09
5085,40,4,COMPLETED,9,2025-11-21 09:23:37,2025-11-21 09:23:46
5086,40,10,COMPLETED,9,2025-11-21 09:25:37,2025-11-21 09:25:46
5087,253,12,COMPLETED,10,2025-12-12 16:33:56,2025-12-12 16:34:06
5088,18,17,COMPLETED,10,2026-02-04 19:12:51,2026-02-04 19:13:01
5089,18,16,FAILED,10,2026-02-04 19:16:51,2026-02-04 19:17:01
5090,1057,2,COMPLETED,10,2025-11-19 14:12:12,2025-11-19 14:12:22
5091,78,11,COMPLETED,7,2026-03-16 20:27:32,2026-03-16 20:27:39
5092,771,13,COMPLETED,10,2025-10-17 23:28:23,2025-10-17 23:28:33
5093,771,14,COMPLETED,7,2025-10-17 23:33:23,2025-10-17 23:33:30
5094,54,4,COMPLETED,8,2025-11-10 09:51:06,2025-11-10 09:51:14
5095,54,10,COMPLETED,11,2025-11-10 09:55:06,2025-11-10 09:55:17
5096,255,14,FAILED,5,2025-12-24 20:30:58,2025-12-24 20:31:03
5097,136,4,COMPLETED,7,2025-12-14 11:09:08,2025-12-14 11:09:15
5098,136,10,COMPLETED,10,2025-12-14 11:14:08,2025-12-14 11:14:18
5099,358,17,COMPLETED,5,2025-09-19 21:54:50,2025-09-19 21:54:55
5100,487,16,COMPLETED,5,2025-10-24 01:51:52,2025-10-24 01:51:57
5101,324,17,COMPLETED,6,2025-10-05 08:51:37,2025-10-05 08:51:43
5102,324,16,COMPLETED,11,2025-10-05 08:55:37,2025-10-05 08:55:48
5103,723,3,COMPLETED,12,2026-03-09 12:36:27,2026-03-09 12:36:39
5104,56,1,COMPLETED,14,2026-02-23 03:49:39,2026-02-23 03:49:53
5105,56,3,COMPLETED,10,2026-02-23 03:51:39,2026-02-23 03:51:49
5106,56,8,COMPLETED,12,2026-02-23 03:57:39,2026-02-23 03:57:51
5107,283,16,COMPLETED,11,2025-10-05 02:27:57,2025-10-05 02:28:08
5108,1166,13,COMPLETED,10,2026-01-25 21:49:25,2026-01-25 21:49:35
5109,1166,14,COMPLETED,8,2026-01-25 21:54:25,2026-01-25 21:54:33
5110,596,22,FAILED,14,2026-01-27 16:56:12,2026-01-27 16:56:26
5111,104,4,COMPLETED,14,2026-01-12 14:10:17,2026-01-12 14:10:31
5112,104,10,COMPLETED,15,2026-01-12 14:14:17,2026-01-12 14:14:32
5113,771,17,COMPLETED,13,2025-09-16 13:15:31,2025-09-16 13:15:44
5114,771,16,COMPLETED,10,2025-09-16 13:18:31,2025-09-16 13:18:41
5115,63,4,COMPLETED,13,2025-09-19 14:50:46,2025-09-19 14:50:59
5116,63,10,FAILED,13,2025-09-19 14:52:46,2025-09-19 14:52:59
5117,178,19,COMPLETED,13,2026-03-13 18:40:58,2026-03-13 18:41:11
5118,178,23,FAILED,4,2026-03-13 18:42:58,2026-03-13 18:43:02
5119,178,8,COMPLETED,3,2026-03-13 18:46:58,2026-03-13 18:47:01
5120,395,25,COMPLETED,4,2025-12-06 08:24:07,2025-12-06 08:24:11
5121,200,9,COMPLETED,10,2026-03-11 09:57:58,2026-03-11 09:58:08
5122,281,4,COMPLETED,5,2025-11-21 03:46:41,2025-11-21 03:46:46
5123,281,10,COMPLETED,8,2025-11-21 03:48:41,2025-11-21 03:48:49
5124,307,8,COMPLETED,12,2025-09-27 21:36:02,2025-09-27 21:36:14
5125,537,2,COMPLETED,13,2026-01-26 08:48:31,2026-01-26 08:48:44
5126,537,5,COMPLETED,11,2026-01-26 08:51:31,2026-01-26 08:51:42
5127,537,9,COMPLETED,9,2026-01-26 08:58:31,2026-01-26 08:58:40
5128,401,15,COMPLETED,13,2026-01-23 11:26:06,2026-01-23 11:26:19
5129,12,20,COMPLETED,7,2026-02-27 21:35:50,2026-02-27 21:35:57
5130,12,5,COMPLETED,6,2026-02-27 21:39:50,2026-02-27 21:39:56
5131,272,15,COMPLETED,10,2026-02-03 12:21:12,2026-02-03 12:21:22
5132,431,19,COMPLETED,12,2026-01-18 21:51:46,2026-01-18 21:51:58
5133,431,23,COMPLETED,6,2026-01-18 21:54:46,2026-01-18 21:54:52
5134,431,8,COMPLETED,7,2026-01-18 21:59:46,2026-01-18 21:59:53
5135,242,1,COMPLETED,7,2025-11-23 22:37:45,2025-11-23 22:37:52
5136,242,3,COMPLETED,4,2025-11-23 22:39:45,2025-11-23 22:39:49
5137,242,8,COMPLETED,8,2025-11-23 22:47:45,2025-11-23 22:47:53
5138,148,19,COMPLETED,8,2025-10-19 12:11:21,2025-10-19 12:11:29
5139,148,23,COMPLETED,13,2025-10-19 12:16:21,2025-10-19 12:16:34
5140,148,8,COMPLETED,11,2025-10-19 12:21:21,2025-10-19 12:21:32
5141,4,19,FAILED,12,2026-02-24 20:09:06,2026-02-24 20:09:18
5142,4,23,COMPLETED,9,2026-02-24 20:11:06,2026-02-24 20:11:15
5143,4,8,COMPLETED,13,2026-02-24 20:15:06,2026-02-24 20:15:19
5144,352,2,FAILED,14,2025-10-27 08:09:54,2025-10-27 08:10:08
5145,352,5,COMPLETED,5,2025-10-27 08:12:54,2025-10-27 08:12:59
5146,352,9,COMPLETED,9,2025-10-27 08:17:54,2025-10-27 08:18:03
5147,1001,2,COMPLETED,4,2026-01-19 01:45:02,2026-01-19 01:45:06
5148,1001,5,COMPLETED,9,2026-01-19 01:50:02,2026-01-19 01:50:11
5149,1001,9,COMPLETED,10,2026-01-19 01:55:02,2026-01-19 01:55:12
5150,1,4,FAILED,15,2025-10-05 08:47:13,2025-10-05 08:47:28
5151,1,10,COMPLETED,6,2025-10-05 08:52:13,2025-10-05 08:52:19
5152,107,9,COMPLETED,10,2025-12-12 05:06:12,2025-12-12 05:06:22
5153,279,17,COMPLETED,7,2026-02-11 20:08:53,2026-02-11 20:09:00
5154,279,16,COMPLETED,6,2026-02-11 20:12:53,2026-02-11 20:12:59
5155,26,2,COMPLETED,7,2025-09-14 17:55:19,2025-09-14 17:55:26
5156,26,5,COMPLETED,13,2025-09-14 17:59:19,2025-09-14 17:59:32
5157,26,9,COMPLETED,8,2025-09-14 17:59:19,2025-09-14 17:59:27
5158,358,13,FAILED,5,2025-10-30 03:08:42,2025-10-30 03:08:47
5159,371,13,COMPLETED,4,2026-03-17 23:17:59,2026-03-17 23:18:03
5160,371,14,COMPLETED,13,2026-03-17 23:20:59,2026-03-17 23:21:12
5161,124,2,COMPLETED,5,2026-02-09 06:49:36,2026-02-09 06:49:41
5162,124,5,COMPLETED,9,2026-02-09 06:52:36,2026-02-09 06:52:45
5163,124,9,COMPLETED,10,2026-02-09 06:55:36,2026-02-09 06:55:46
5164,384,24,COMPLETED,5,2026-01-17 12:28:33,2026-01-17 12:28:38
5165,32,3,COMPLETED,12,2026-02-21 15:53:24,2026-02-21 15:53:36
5166,88,2,FAILED,8,2026-01-29 07:19:30,2026-01-29 07:19:38
5167,88,5,COMPLETED,5,2026-01-29 07:24:30,2026-01-29 07:24:35
5168,88,9,FAILED,8,2026-01-29 07:27:30,2026-01-29 07:27:38
5169,439,2,COMPLETED,11,2025-11-01 21:53:45,2025-11-01 21:53:56
5170,439,5,COMPLETED,8,2025-11-01 21:55:45,2025-11-01 21:55:53
5171,439,9,FAILED,5,2025-11-01 22:01:45,2025-11-01 22:01:50
5172,97,4,COMPLETED,11,2026-01-25 22:09:14,2026-01-25 22:09:25
5173,97,10,COMPLETED,12,2026-01-25 22:13:14,2026-01-25 22:13:26
5174,967,2,FAILED,3,2025-12-12 19:08:23,2025-12-12 19:08:26
5175,967,5,COMPLETED,11,2025-12-12 19:13:23,2025-12-12 19:13:34
5176,967,9,COMPLETED,9,2025-12-12 19:12:23,2025-12-12 19:12:32
5177,289,17,FAILED,12,2025-10-21 13:18:33,2025-10-21 13:18:45
5178,289,16,FAILED,11,2025-10-21 13:21:33,2025-10-21 13:21:44
5179,55,6,FAILED,6,2025-10-25 23:48:19,2025-10-25 23:48:25
5180,55,15,COMPLETED,13,2025-10-25 23:52:19,2025-10-25 23:52:32
5181,738,2,FAILED,9,2025-09-05 16:41:59,2025-09-05 16:42:08
5182,738,5,COMPLETED,7,2025-09-05 16:44:59,2025-09-05 16:45:06
5183,738,9,COMPLETED,12,2025-09-05 16:45:59,2025-09-05 16:46:11
5184,10,2,FAILED,3,2025-11-30 19:30:09,2025-11-30 19:30:12
5185,10,5,COMPLETED,5,2025-11-30 19:34:09,2025-11-30 19:34:14
5186,10,9,COMPLETED,11,2025-11-30 19:34:09,2025-11-30 19:34:20
5187,7,19,COMPLETED,11,2026-03-05 04:13:14,2026-03-05 04:13:25
5188,7,23,COMPLETED,7,2026-03-05 04:15:14,2026-03-05 04:15:21
5189,7,8,COMPLETED,6,2026-03-05 04:21:14,2026-03-05 04:21:20
5190,282,4,COMPLETED,13,2026-03-16 21:33:52,2026-03-16 21:34:05
5191,282,10,COMPLETED,8,2026-03-16 21:38:52,2026-03-16 21:39:00
5192,400,20,COMPLETED,11,2026-01-11 06:50:49,2026-01-11 06:51:00
5193,201,3,COMPLETED,9,2025-10-05 15:02:22,2025-10-05 15:02:31
5194,35,13,COMPLETED,12,2026-03-02 22:38:55,2026-03-02 22:39:07
5195,35,14,COMPLETED,8,2026-03-02 22:43:55,2026-03-02 22:44:03
5196,257,2,COMPLETED,12,2025-11-02 23:10:27,2025-11-02 23:10:39
5197,257,5,COMPLETED,10,2025-11-02 23:14:27,2025-11-02 23:14:37
5198,257,9,FAILED,10,2025-11-02 23:18:27,2025-11-02 23:18:37
5199,84,19,COMPLETED,5,2025-10-21 06:00:54,2025-10-21 06:00:59
5200,84,23,FAILED,8,2025-10-21 06:02:54,2025-10-21 06:03:02
5201,84,8,COMPLETED,8,2025-10-21 06:10:54,2025-10-21 06:11:02
5202,236,19,COMPLETED,9,2026-03-25 14:31:27,2026-03-25 14:31:36
5203,236,23,COMPLETED,7,2026-03-25 14:36:27,2026-03-25 14:36:34
5204,236,8,COMPLETED,13,2026-03-25 14:39:27,2026-03-25 14:39:40
5205,244,2,COMPLETED,7,2026-01-28 02:50:37,2026-01-28 02:50:44
5206,1115,19,COMPLETED,8,2025-11-14 09:08:30,2025-11-14 09:08:38
5207,1115,23,COMPLETED,10,2025-11-14 09:13:30,2025-11-14 09:13:40
5208,1115,8,FAILED,13,2025-11-14 09:12:30,2025-11-14 09:12:43
5209,30,1,COMPLETED,10,2026-01-05 22:53:42,2026-01-05 22:53:52
5210,59,17,COMPLETED,7,2025-11-16 02:14:58,2025-11-16 02:15:05
5211,59,16,COMPLETED,12,2025-11-16 02:19:58,2025-11-16 02:20:10
5212,400,20,COMPLETED,7,2025-09-04 03:20:46,2025-09-04 03:20:53
5213,400,5,COMPLETED,9,2025-09-04 03:22:46,2025-09-04 03:22:55
5214,249,2,COMPLETED,4,2025-10-15 14:18:09,2025-10-15 14:18:13
5215,249,5,COMPLETED,4,2025-10-15 14:22:09,2025-10-15 14:22:13
5216,249,9,COMPLETED,13,2025-10-15 14:24:09,2025-10-15 14:24:22
5217,104,18,COMPLETED,4,2025-12-26 03:58:38,2025-12-26 03:58:42
5218,762,3,FAILED,9,2025-09-11 22:15:38,2025-09-11 22:15:47
5219,334,14,FAILED,13,2026-01-24 10:34:56,2026-01-24 10:35:09
5220,528,1,COMPLETED,9,2026-03-25 18:26:33,2026-03-25 18:26:42
5221,528,3,FAILED,8,2026-03-25 18:29:33,2026-03-25 18:29:41
5222,528,8,FAILED,12,2026-03-25 18:36:33,2026-03-25 18:36:45
5223,1194,1,COMPLETED,15,2026-01-09 21:01:49,2026-01-09 21:02:04
5224,1194,3,COMPLETED,10,2026-01-09 21:03:49,2026-01-09 21:03:59
5225,1194,8,COMPLETED,10,2026-01-09 21:07:49,2026-01-09 21:07:59
5226,196,20,COMPLETED,6,2026-02-22 02:24:43,2026-02-22 02:24:49
5227,196,5,COMPLETED,5,2026-02-22 02:28:43,2026-02-22 02:28:48
5228,1163,4,COMPLETED,8,2026-02-06 23:06:07,2026-02-06 23:06:15
5229,1163,10,COMPLETED,11,2026-02-06 23:11:07,2026-02-06 23:11:18
5230,34,13,COMPLETED,12,2025-10-18 02:31:12,2025-10-18 02:31:24
5231,34,14,COMPLETED,7,2025-10-18 02:35:12,2025-10-18 02:35:19
5232,87,6,COMPLETED,9,2025-10-29 20:20:57,2025-10-29 20:21:06
5233,87,15,COMPLETED,12,2025-10-29 20:23:57,2025-10-29 20:24:09
5234,236,6,COMPLETED,11,2026-03-12 02:42:38,2026-03-12 02:42:49
5235,236,15,COMPLETED,5,2026-03-12 02:44:38,2026-03-12 02:44:43
5236,58,2,COMPLETED,14,2025-11-16 01:49:15,2025-11-16 01:49:29
5237,58,5,COMPLETED,9,2025-11-16 01:54:15,2025-11-16 01:54:24
5238,58,9,COMPLETED,7,2025-11-16 01:55:15,2025-11-16 01:55:22
5239,92,16,COMPLETED,13,2026-01-21 18:43:34,2026-01-21 18:43:47
5240,52,6,FAILED,10,2025-09-03 14:12:07,2025-09-03 14:12:17
5241,52,15,COMPLETED,9,2025-09-03 14:15:07,2025-09-03 14:15:16
5242,634,6,FAILED,3,2026-02-23 17:46:16,2026-02-23 17:46:19
5243,1120,14,COMPLETED,5,2025-11-22 18:56:31,2025-11-22 18:56:36
5244,29,2,FAILED,9,2025-12-05 17:02:15,2025-12-05 17:02:24
5245,29,5,COMPLETED,10,2025-12-05 17:04:15,2025-12-05 17:04:25
5246,29,9,FAILED,15,2025-12-05 17:06:15,2025-12-05 17:06:30
5247,195,6,COMPLETED,12,2025-12-16 08:39:09,2025-12-16 08:39:21
5248,987,14,COMPLETED,13,2026-03-11 07:07:39,2026-03-11 07:07:52
5249,298,2,COMPLETED,7,2025-11-04 02:24:37,2025-11-04 02:24:44
5250,298,5,COMPLETED,4,2025-11-04 02:28:37,2025-11-04 02:28:41
5251,298,9,COMPLETED,7,2025-11-04 02:32:37,2025-11-04 02:32:44
5252,65,21,COMPLETED,9,2025-12-13 20:35:43,2025-12-13 20:35:52
5253,556,24,FAILED,7,2025-12-14 17:12:29,2025-12-14 17:12:36
5254,290,1,COMPLETED,7,2026-01-13 20:25:16,2026-01-13 20:25:23
5255,290,3,COMPLETED,13,2026-01-13 20:29:16,2026-01-13 20:29:29
5256,290,8,COMPLETED,9,2026-01-13 20:33:16,2026-01-13 20:33:25
5257,535,1,COMPLETED,12,2025-11-21 02:41:26,2025-11-21 02:41:38
5258,535,3,COMPLETED,10,2025-11-21 02:44:26,2025-11-21 02:44:36
5259,535,8,COMPLETED,13,2025-11-21 02:51:26,2025-11-21 02:51:39
5260,345,4,COMPLETED,8,2026-03-02 09:15:06,2026-03-02 09:15:14
5261,345,10,FAILED,10,2026-03-02 09:19:06,2026-03-02 09:19:16
5262,123,17,COMPLETED,14,2026-01-31 06:18:49,2026-01-31 06:19:03
5263,123,16,COMPLETED,11,2026-01-31 06:20:49,2026-01-31 06:21:00
5264,54,4,COMPLETED,6,2025-11-29 16:09:41,2025-11-29 16:09:47
5265,778,1,COMPLETED,9,2026-02-24 00:35:47,2026-02-24 00:35:56
5266,778,3,FAILED,12,2026-02-24 00:37:47,2026-02-24 00:37:59
5267,778,8,COMPLETED,9,2026-02-24 00:43:47,2026-02-24 00:43:56
5268,74,8,COMPLETED,8,2026-03-22 10:29:09,2026-03-22 10:29:17
5269,629,19,COMPLETED,11,2026-01-15 20:40:34,2026-01-15 20:40:45
5270,629,23,COMPLETED,11,2026-01-15 20:45:34,2026-01-15 20:45:45
5271,629,8,COMPLETED,13,2026-01-15 20:48:34,2026-01-15 20:48:47
5272,6,4,FAILED,8,2025-11-24 09:07:51,2025-11-24 09:07:59
5273,6,10,COMPLETED,15,2025-11-24 09:11:51,2025-11-24 09:12:06
5274,177,2,COMPLETED,9,2025-12-23 03:22:46,2025-12-23 03:22:55
5275,177,5,COMPLETED,7,2025-12-23 03:27:46,2025-12-23 03:27:53
5276,177,9,COMPLETED,14,2025-12-23 03:32:46,2025-12-23 03:33:00
5277,838,6,COMPLETED,10,2026-01-15 22:56:17,2026-01-15 22:56:27
5278,838,15,FAILED,6,2026-01-15 22:59:17,2026-01-15 22:59:23
5279,285,18,COMPLETED,10,2026-02-25 07:39:08,2026-02-25 07:39:18
5280,106,13,FAILED,5,2025-12-19 22:58:39,2025-12-19 22:58:44
5281,106,14,COMPLETED,3,2025-12-19 23:00:39,2025-12-19 23:00:42
5282,49,1,FAILED,12,2025-12-06 14:56:57,2025-12-06 14:57:09
5283,1188,2,COMPLETED,4,2026-02-20 07:36:08,2026-02-20 07:36:12
5284,1188,5,COMPLETED,8,2026-02-20 07:40:08,2026-02-20 07:40:16
5285,1188,9,FAILED,13,2026-02-20 07:44:08,2026-02-20 07:44:21
5286,923,17,COMPLETED,5,2026-03-21 13:53:04,2026-03-21 13:53:09
5287,923,16,COMPLETED,12,2026-03-21 13:56:04,2026-03-21 13:56:16
5288,356,13,FAILED,11,2026-01-04 20:05:43,2026-01-04 20:05:54
5289,298,17,COMPLETED,9,2025-12-28 16:38:36,2025-12-28 16:38:45
5290,298,16,COMPLETED,10,2025-12-28 16:43:36,2025-12-28 16:43:46
5291,490,20,FAILED,5,2026-01-13 14:05:35,2026-01-13 14:05:40
5292,490,5,COMPLETED,5,2026-01-13 14:10:35,2026-01-13 14:10:40
5293,917,19,COMPLETED,7,2025-10-17 00:45:19,2025-10-17 00:45:26
5294,917,23,FAILED,12,2025-10-17 00:47:19,2025-10-17 00:47:31
5295,917,8,COMPLETED,4,2025-10-17 00:49:19,2025-10-17 00:49:23
5296,425,21,COMPLETED,12,2025-11-06 19:47:36,2025-11-06 19:47:48
5297,29,7,COMPLETED,12,2025-12-16 18:43:08,2025-12-16 18:43:20
5298,768,17,FAILED,11,2026-01-18 18:53:01,2026-01-18 18:53:12
5299,58,13,COMPLETED,5,2025-12-22 05:18:31,2025-12-22 05:18:36
5300,58,14,COMPLETED,3,2025-12-22 05:22:31,2025-12-22 05:22:34
5301,375,6,COMPLETED,4,2026-02-23 00:22:05,2026-02-23 00:22:09
5302,375,15,COMPLETED,8,2026-02-23 00:27:05,2026-02-23 00:27:13
5303,287,2,COMPLETED,13,2025-12-12 21:15:22,2025-12-12 21:15:35
5304,1070,6,COMPLETED,8,2025-12-28 01:38:26,2025-12-28 01:38:34
5305,1070,15,FAILED,11,2025-12-28 01:42:26,2025-12-28 01:42:37
5306,80,17,COMPLETED,10,2026-02-25 07:22:35,2026-02-25 07:22:45
5307,80,16,COMPLETED,3,2026-02-25 07:25:35,2026-02-25 07:25:38
5308,52,20,COMPLETED,13,2026-03-03 20:50:20,2026-03-03 20:50:33
5309,52,5,COMPLETED,13,2026-03-03 20:53:20,2026-03-03 20:53:33
5310,585,7,COMPLETED,8,2026-01-22 04:27:52,2026-01-22 04:28:00
5311,81,13,COMPLETED,12,2026-03-25 11:50:34,2026-03-25 11:50:46
5312,297,6,COMPLETED,8,2026-02-21 05:38:25,2026-02-21 05:38:33
5313,774,19,COMPLETED,6,2025-12-08 17:43:14,2025-12-08 17:43:20
5314,774,23,COMPLETED,6,2025-12-08 17:46:14,2025-12-08 17:46:20
5315,774,8,COMPLETED,6,2025-12-08 17:51:14,2025-12-08 17:51:20
5316,386,19,COMPLETED,12,2026-03-10 13:50:07,2026-03-10 13:50:19
5317,386,23,COMPLETED,12,2026-03-10 13:53:07,2026-03-10 13:53:19
5318,386,8,COMPLETED,4,2026-03-10 14:00:07,2026-03-10 14:00:11
5319,2,19,COMPLETED,10,2025-12-06 01:45:26,2025-12-06 01:45:36
5320,2,23,COMPLETED,8,2025-12-06 01:50:26,2025-12-06 01:50:34
5321,2,8,COMPLETED,13,2025-12-06 01:51:26,2025-12-06 01:51:39
5322,56,24,COMPLETED,12,2026-02-14 17:23:40,2026-02-14 17:23:52
5323,32,2,COMPLETED,13,2025-11-05 21:02:31,2025-11-05 21:02:44
5324,32,5,FAILED,10,2025-11-05 21:06:31,2025-11-05 21:06:41
5325,32,9,COMPLETED,12,2025-11-05 21:12:31,2025-11-05 21:12:43
5326,370,19,COMPLETED,9,2025-10-20 09:59:52,2025-10-20 10:00:01
5327,370,23,COMPLETED,13,2025-10-20 10:01:52,2025-10-20 10:02:05
5328,370,8,COMPLETED,13,2025-10-20 10:03:52,2025-10-20 10:04:05
5329,889,2,COMPLETED,3,2026-02-21 09:53:21,2026-02-21 09:53:24
5330,3,2,COMPLETED,4,2026-01-01 15:11:33,2026-01-01 15:11:37
5331,3,5,COMPLETED,3,2026-01-01 15:14:33,2026-01-01 15:14:36
5332,3,9,COMPLETED,8,2026-01-01 15:19:33,2026-01-01 15:19:41
5333,996,1,COMPLETED,13,2026-01-22 16:42:32,2026-01-22 16:42:45
5334,313,19,COMPLETED,12,2026-03-13 23:39:36,2026-03-13 23:39:48
5335,317,8,COMPLETED,4,2025-11-21 19:35:39,2025-11-21 19:35:43
5336,172,4,COMPLETED,9,2025-12-20 07:40:44,2025-12-20 07:40:53
5337,172,10,FAILED,11,2025-12-20 07:45:44,2025-12-20 07:45:55
5338,658,19,FAILED,7,2025-12-26 22:14:53,2025-12-26 22:15:00
5339,864,2,COMPLETED,7,2025-11-29 02:17:11,2025-11-29 02:17:18
5340,864,5,COMPLETED,11,2025-11-29 02:20:11,2025-11-29 02:20:22
5341,864,9,COMPLETED,7,2025-11-29 02:25:11,2025-11-29 02:25:18
5342,796,2,COMPLETED,9,2025-12-13 19:05:01,2025-12-13 19:05:10
5343,796,5,COMPLETED,8,2025-12-13 19:10:01,2025-12-13 19:10:09
5344,796,9,COMPLETED,10,2025-12-13 19:13:01,2025-12-13 19:13:11
5345,181,18,COMPLETED,8,2025-09-24 23:49:58,2025-09-24 23:50:06
5346,151,19,COMPLETED,14,2025-11-12 11:20:55,2025-11-12 11:21:09
5347,959,3,FAILED,5,2026-01-09 13:55:30,2026-01-09 13:55:35
5348,239,7,FAILED,6,2025-11-18 09:14:26,2025-11-18 09:14:32
5349,17,4,FAILED,11,2026-03-20 10:04:40,2026-03-20 10:04:51
5350,17,10,COMPLETED,7,2026-03-20 10:08:40,2026-03-20 10:08:47
5351,941,6,COMPLETED,11,2026-03-22 16:13:10,2026-03-22 16:13:21
5352,941,15,COMPLETED,7,2026-03-22 16:18:10,2026-03-22 16:18:17
5353,2,19,COMPLETED,14,2026-01-25 07:49:53,2026-01-25 07:50:07
5354,2,23,COMPLETED,12,2026-01-25 07:52:53,2026-01-25 07:53:05
5355,2,8,COMPLETED,6,2026-01-25 07:53:53,2026-01-25 07:53:59
5356,66,19,COMPLETED,6,2025-10-14 16:39:56,2025-10-14 16:40:02
5357,66,23,COMPLETED,8,2025-10-14 16:42:56,2025-10-14 16:43:04
5358,66,8,COMPLETED,7,2025-10-14 16:49:56,2025-10-14 16:50:03
5359,884,6,COMPLETED,11,2025-11-05 11:48:27,2025-11-05 11:48:38
5360,884,15,FAILED,10,2025-11-05 11:50:27,2025-11-05 11:50:37
5361,346,4,COMPLETED,12,2026-03-03 15:05:22,2026-03-03 15:05:34
5362,346,10,COMPLETED,9,2026-03-03 15:08:22,2026-03-03 15:08:31
5363,91,24,COMPLETED,13,2025-10-10 19:59:49,2025-10-10 20:00:02
5364,82,17,FAILED,9,2026-02-13 23:41:35,2026-02-13 23:41:44
5365,82,16,COMPLETED,11,2026-02-13 23:44:35,2026-02-13 23:44:46
5366,53,20,COMPLETED,8,2025-12-29 22:10:05,2025-12-29 22:10:13
5367,928,23,COMPLETED,8,2026-01-09 22:47:25,2026-01-09 22:47:33
5368,278,21,COMPLETED,12,2026-02-01 00:49:41,2026-02-01 00:49:53
5369,181,15,COMPLETED,7,2025-12-02 15:42:17,2025-12-02 15:42:24
5370,151,19,FAILED,12,2025-11-21 07:12:43,2025-11-21 07:12:55
5371,151,23,COMPLETED,12,2025-11-21 07:15:43,2025-11-21 07:15:55
5372,151,8,FAILED,4,2025-11-21 07:22:43,2025-11-21 07:22:47
5373,55,20,FAILED,8,2025-11-03 12:04:19,2025-11-03 12:04:27
5374,330,18,COMPLETED,7,2025-11-10 02:01:14,2025-11-10 02:01:21
5375,908,25,COMPLETED,9,2025-11-28 22:11:04,2025-11-28 22:11:13
5376,144,13,COMPLETED,4,2025-09-14 06:05:45,2025-09-14 06:05:49
5377,144,14,COMPLETED,4,2025-09-14 06:07:45,2025-09-14 06:07:49
5378,76,6,COMPLETED,9,2026-02-18 04:57:13,2026-02-18 04:57:22
5379,76,15,COMPLETED,12,2026-02-18 05:01:13,2026-02-18 05:01:25
5380,718,17,COMPLETED,12,2026-02-13 17:15:18,2026-02-13 17:15:30
5381,86,7,COMPLETED,8,2025-12-27 21:47:31,2025-12-27 21:47:39
5382,887,20,COMPLETED,12,2026-03-26 09:06:00,2026-03-26 09:06:12
5383,887,5,COMPLETED,11,2026-03-26 09:11:00,2026-03-26 09:11:11
5384,93,11,COMPLETED,9,2025-09-28 21:07:33,2025-09-28 21:07:42
5385,151,17,FAILED,5,2025-10-13 13:30:52,2025-10-13 13:30:57
5386,151,16,COMPLETED,10,2025-10-13 13:34:52,2025-10-13 13:35:02
5387,274,8,COMPLETED,7,2025-11-18 09:11:03,2025-11-18 09:11:10
5388,27,12,COMPLETED,14,2025-12-07 00:49:08,2025-12-07 00:49:22
5389,3,17,COMPLETED,4,2026-02-05 11:17:43,2026-02-05 11:17:47
5390,3,16,FAILED,10,2026-02-05 11:19:43,2026-02-05 11:19:53
5391,28,20,COMPLETED,6,2025-09-06 09:54:16,2025-09-06 09:54:22
5392,28,5,COMPLETED,8,2025-09-06 09:59:16,2025-09-06 09:59:24
5393,49,5,COMPLETED,13,2025-10-29 02:56:17,2025-10-29 02:56:30
5394,47,19,COMPLETED,8,2026-02-12 10:19:05,2026-02-12 10:19:13
5395,47,23,COMPLETED,4,2026-02-12 10:21:05,2026-02-12 10:21:09
5396,47,8,COMPLETED,7,2026-02-12 10:29:05,2026-02-12 10:29:12
5397,270,2,FAILED,5,2026-02-07 20:49:39,2026-02-07 20:49:44
5398,270,5,COMPLETED,11,2026-02-07 20:52:39,2026-02-07 20:52:50
5399,270,9,COMPLETED,15,2026-02-07 20:53:39,2026-02-07 20:53:54
5400,112,13,COMPLETED,6,2025-12-26 03:08:31,2025-12-26 03:08:37
5401,112,14,COMPLETED,12,2025-12-26 03:13:31,2025-12-26 03:13:43
5402,48,20,COMPLETED,6,2026-03-24 12:22:55,2026-03-24 12:23:01
5403,48,5,COMPLETED,8,2026-03-24 12:24:55,2026-03-24 12:25:03
5404,903,1,COMPLETED,15,2026-02-03 23:34:40,2026-02-03 23:34:55
5405,903,3,COMPLETED,6,2026-02-03 23:38:40,2026-02-03 23:38:46
5406,903,8,FAILED,11,2026-02-03 23:38:40,2026-02-03 23:38:51
5407,190,21,COMPLETED,5,2025-12-06 05:11:59,2025-12-06 05:12:04
5408,156,12,COMPLETED,6,2026-03-08 17:48:02,2026-03-08 17:48:08
5409,1025,17,COMPLETED,8,2026-02-16 16:06:11,2026-02-16 16:06:19
5410,29,20,COMPLETED,13,2025-10-05 16:57:32,2025-10-05 16:57:45
5411,29,5,COMPLETED,11,2025-10-05 17:02:32,2025-10-05 17:02:43
5412,73,25,COMPLETED,9,2026-03-24 00:19:22,2026-03-24 00:19:31
5413,830,19,COMPLETED,11,2025-10-25 05:12:48,2025-10-25 05:12:59
5414,830,23,COMPLETED,8,2025-10-25 05:15:48,2025-10-25 05:15:56
5415,830,8,COMPLETED,5,2025-10-25 05:18:48,2025-10-25 05:18:53
5416,170,4,COMPLETED,11,2026-02-26 07:19:58,2026-02-26 07:20:09
5417,170,10,COMPLETED,14,2026-02-26 07:24:58,2026-02-26 07:25:12
5418,419,18,FAILED,5,2026-03-18 14:28:32,2026-03-18 14:28:37
5419,6,4,COMPLETED,8,2026-03-28 17:25:50,2026-03-28 17:25:58
5420,6,10,COMPLETED,13,2026-03-28 17:27:50,2026-03-28 17:28:03
5421,832,20,FAILED,12,2025-12-24 11:35:51,2025-12-24 11:36:03
5422,832,5,COMPLETED,6,2025-12-24 11:39:51,2025-12-24 11:39:57
5423,221,4,FAILED,7,2026-01-11 20:55:47,2026-01-11 20:55:54
5424,221,10,FAILED,7,2026-01-11 20:58:47,2026-01-11 20:58:54
5425,577,15,COMPLETED,8,2025-12-16 23:33:19,2025-12-16 23:33:27
5426,225,6,COMPLETED,6,2026-01-22 22:33:24,2026-01-22 22:33:30
5427,225,15,COMPLETED,11,2026-01-22 22:35:24,2026-01-22 22:35:35
5428,90,21,COMPLETED,10,2026-01-15 19:30:41,2026-01-15 19:30:51
5429,191,10,COMPLETED,15,2026-02-12 17:05:59,2026-02-12 17:06:14
5430,278,21,COMPLETED,9,2025-12-06 02:05:33,2025-12-06 02:05:42
5431,358,5,COMPLETED,8,2025-12-31 11:42:50,2025-12-31 11:42:58
5432,147,12,COMPLETED,13,2025-10-21 12:05:22,2025-10-21 12:05:35
5433,37,20,COMPLETED,11,2026-02-17 04:55:44,2026-02-17 04:55:55
5434,37,5,COMPLETED,10,2026-02-17 04:58:44,2026-02-17 04:58:54
5435,332,6,COMPLETED,4,2025-11-28 03:39:15,2025-11-28 03:39:19
5436,153,14,COMPLETED,12,2026-03-25 04:18:07,2026-03-25 04:18:19
5437,404,10,COMPLETED,13,2025-09-27 10:17:40,2025-09-27 10:17:53
5438,10,5,COMPLETED,4,2026-03-04 08:33:27,2026-03-04 08:33:31
5439,61,1,COMPLETED,7,2025-12-26 13:42:47,2025-12-26 13:42:54
5440,61,3,COMPLETED,7,2025-12-26 13:44:47,2025-12-26 13:44:54
5441,61,8,COMPLETED,11,2025-12-26 13:46:47,2025-12-26 13:46:58
5442,339,4,COMPLETED,6,2026-02-21 23:24:22,2026-02-21 23:24:28
5443,339,10,FAILED,14,2026-02-21 23:26:22,2026-02-21 23:26:36
5444,58,1,COMPLETED,12,2025-10-11 11:06:19,2025-10-11 11:06:31
5445,58,3,COMPLETED,5,2025-10-11 11:11:19,2025-10-11 11:11:24
5446,58,8,COMPLETED,8,2025-10-11 11:14:19,2025-10-11 11:14:27
5447,3,25,COMPLETED,12,2026-02-19 23:27:09,2026-02-19 23:27:21
5448,252,6,COMPLETED,4,2025-10-09 12:27:39,2025-10-09 12:27:43
5449,252,15,COMPLETED,8,2025-10-09 12:32:39,2025-10-09 12:32:47
5450,82,19,COMPLETED,14,2025-10-19 01:43:46,2025-10-19 01:44:00
5451,162,19,FAILED,9,2025-12-17 18:54:08,2025-12-17 18:54:17
5452,162,23,COMPLETED,11,2025-12-17 18:57:08,2025-12-17 18:57:19
5453,162,8,COMPLETED,6,2025-12-17 19:02:08,2025-12-17 19:02:14
5454,894,1,COMPLETED,5,2026-03-23 16:27:09,2026-03-23 16:27:14
5455,894,3,COMPLETED,9,2026-03-23 16:31:09,2026-03-23 16:31:18
5456,894,8,COMPLETED,6,2026-03-23 16:37:09,2026-03-23 16:37:15
5457,748,24,COMPLETED,9,2026-02-10 16:09:50,2026-02-10 16:09:59
5458,988,19,COMPLETED,5,2025-11-27 04:07:50,2025-11-27 04:07:55
5459,988,23,COMPLETED,10,2025-11-27 04:11:50,2025-11-27 04:12:00
5460,988,8,COMPLETED,8,2025-11-27 04:13:50,2025-11-27 04:13:58
5461,305,17,COMPLETED,8,2026-03-06 14:29:24,2026-03-06 14:29:32
5462,305,16,COMPLETED,8,2026-03-06 14:32:24,2026-03-06 14:32:32
5463,816,2,COMPLETED,8,2025-12-23 07:46:49,2025-12-23 07:46:57
5464,816,5,COMPLETED,12,2025-12-23 07:48:49,2025-12-23 07:49:01
5465,816,9,COMPLETED,14,2025-12-23 07:56:49,2025-12-23 07:57:03
5466,973,14,COMPLETED,10,2025-12-11 13:28:43,2025-12-11 13:28:53
5467,331,1,COMPLETED,11,2025-12-16 13:17:20,2025-12-16 13:17:31
5468,274,17,FAILED,7,2025-11-26 04:08:30,2025-11-26 04:08:37
5469,274,16,COMPLETED,9,2025-11-26 04:12:30,2025-11-26 04:12:39
5470,175,4,COMPLETED,11,2025-11-05 11:45:22,2025-11-05 11:45:33
5471,175,10,COMPLETED,6,2025-11-05 11:48:22,2025-11-05 11:48:28
5472,332,7,COMPLETED,5,2025-11-02 10:38:16,2025-11-02 10:38:21
5473,367,13,COMPLETED,11,2026-03-20 05:11:08,2026-03-20 05:11:19
5474,367,14,COMPLETED,7,2026-03-20 05:13:08,2026-03-20 05:13:15
5475,35,19,COMPLETED,10,2025-10-26 21:37:02,2025-10-26 21:37:12
5476,35,23,COMPLETED,13,2025-10-26 21:42:02,2025-10-26 21:42:15
5477,35,8,COMPLETED,5,2025-10-26 21:45:02,2025-10-26 21:45:07
5478,946,2,COMPLETED,6,2025-12-28 02:29:03,2025-12-28 02:29:09
5479,946,5,COMPLETED,7,2025-12-28 02:33:03,2025-12-28 02:33:10
5480,946,9,COMPLETED,9,2025-12-28 02:33:03,2025-12-28 02:33:12
5481,27,13,COMPLETED,6,2025-10-16 14:35:58,2025-10-16 14:36:04
5482,27,14,COMPLETED,14,2025-10-16 14:39:58,2025-10-16 14:40:12
5483,54,17,FAILED,5,2025-11-28 20:50:46,2025-11-28 20:50:51
5484,54,16,COMPLETED,8,2025-11-28 20:54:46,2025-11-28 20:54:54
5485,691,6,COMPLETED,11,2026-01-29 18:25:03,2026-01-29 18:25:14
5486,691,15,COMPLETED,12,2026-01-29 18:27:03,2026-01-29 18:27:15
5487,85,4,FAILED,5,2025-11-24 02:55:44,2025-11-24 02:55:49
5488,85,10,COMPLETED,8,2025-11-24 02:58:44,2025-11-24 02:58:52
5489,34,17,FAILED,8,2026-03-21 04:08:05,2026-03-21 04:08:13
5490,34,16,COMPLETED,8,2026-03-21 04:10:05,2026-03-21 04:10:13
5491,308,17,FAILED,10,2026-03-20 03:06:57,2026-03-20 03:07:07
5492,308,16,COMPLETED,11,2026-03-20 03:11:57,2026-03-20 03:12:08
5493,597,20,COMPLETED,10,2025-11-21 14:01:02,2025-11-21 14:01:12
5494,597,5,COMPLETED,5,2025-11-21 14:05:02,2025-11-21 14:05:07
5495,720,18,COMPLETED,8,2025-11-13 20:07:37,2025-11-13 20:07:45
5496,259,20,FAILED,8,2026-01-30 13:36:22,2026-01-30 13:36:30
5497,259,5,COMPLETED,12,2026-01-30 13:39:22,2026-01-30 13:39:34
5498,35,5,COMPLETED,4,2025-10-26 20:28:57,2025-10-26 20:29:01
5499,296,10,COMPLETED,6,2025-11-12 13:29:15,2025-11-12 13:29:21
5500,61,19,COMPLETED,5,2026-02-22 01:40:12,2026-02-22 01:40:17
5501,301,1,COMPLETED,9,2025-10-21 17:41:29,2025-10-21 17:41:38
5502,347,19,COMPLETED,7,2026-01-04 07:52:59,2026-01-04 07:53:06
5503,347,23,COMPLETED,6,2026-01-04 07:57:59,2026-01-04 07:58:05
5504,347,8,COMPLETED,7,2026-01-04 07:58:59,2026-01-04 07:59:06
5505,272,24,COMPLETED,9,2026-01-01 15:58:40,2026-01-01 15:58:49
5506,161,14,COMPLETED,13,2025-12-22 09:29:11,2025-12-22 09:29:24
5507,347,19,FAILED,10,2025-10-30 00:36:32,2025-10-30 00:36:42
5508,242,5,COMPLETED,3,2025-11-22 00:35:50,2025-11-22 00:35:53
5509,69,21,COMPLETED,6,2026-02-18 05:35:29,2026-02-18 05:35:35
5510,484,4,COMPLETED,14,2025-12-30 22:28:06,2025-12-30 22:28:20
5511,484,10,COMPLETED,13,2025-12-30 22:30:06,2025-12-30 22:30:19
5512,65,4,COMPLETED,9,2025-10-22 01:11:21,2025-10-22 01:11:30
5513,65,10,COMPLETED,10,2025-10-22 01:16:21,2025-10-22 01:16:31
5514,9,10,COMPLETED,11,2025-10-30 13:41:12,2025-10-30 13:41:23
5515,168,2,COMPLETED,12,2026-01-13 19:25:47,2026-01-13 19:25:59
5516,168,5,COMPLETED,6,2026-01-13 19:27:47,2026-01-13 19:27:53
5517,168,9,COMPLETED,13,2026-01-13 19:35:47,2026-01-13 19:36:00
5518,383,2,FAILED,9,2025-10-05 13:15:45,2025-10-05 13:15:54
5519,383,5,COMPLETED,12,2025-10-05 13:18:45,2025-10-05 13:18:57
5520,383,9,COMPLETED,13,2025-10-05 13:23:45,2025-10-05 13:23:58
5521,1156,14,COMPLETED,8,2026-01-24 04:41:05,2026-01-24 04:41:13
5522,291,3,COMPLETED,7,2026-01-18 19:11:07,2026-01-18 19:11:14
5523,870,19,COMPLETED,9,2026-02-19 05:15:27,2026-02-19 05:15:36
5524,870,23,COMPLETED,6,2026-02-19 05:18:27,2026-02-19 05:18:33
5525,870,8,FAILED,7,2026-02-19 05:19:27,2026-02-19 05:19:34
5526,96,1,COMPLETED,12,2025-11-08 01:37:56,2025-11-08 01:38:08
5527,96,3,FAILED,9,2025-11-08 01:40:56,2025-11-08 01:41:05
5528,96,8,COMPLETED,5,2025-11-08 01:43:56,2025-11-08 01:44:01
5529,336,13,COMPLETED,7,2026-03-18 08:17:25,2026-03-18 08:17:32
5530,336,14,FAILED,9,2026-03-18 08:20:25,2026-03-18 08:20:34
5531,25,17,COMPLETED,12,2025-10-17 06:33:57,2025-10-17 06:34:09
5532,25,16,COMPLETED,7,2025-10-17 06:37:57,2025-10-17 06:38:04
5533,59,4,COMPLETED,10,2025-11-26 00:12:52,2025-11-26 00:13:02
5534,59,10,COMPLETED,11,2025-11-26 00:14:52,2025-11-26 00:15:03
5535,381,22,COMPLETED,9,2026-03-14 14:26:04,2026-03-14 14:26:13
5536,23,20,FAILED,11,2025-12-09 16:12:11,2025-12-09 16:12:22
5537,230,1,COMPLETED,6,2025-12-13 20:23:09,2025-12-13 20:23:15
5538,230,3,COMPLETED,13,2025-12-13 20:26:09,2025-12-13 20:26:22
5539,230,8,COMPLETED,7,2025-12-13 20:33:09,2025-12-13 20:33:16
5540,559,19,COMPLETED,8,2026-01-17 05:26:25,2026-01-17 05:26:33
5541,559,23,COMPLETED,4,2026-01-17 05:29:25,2026-01-17 05:29:29
5542,559,8,COMPLETED,7,2026-01-17 05:32:25,2026-01-17 05:32:32
5543,330,19,FAILED,13,2025-11-12 04:42:49,2025-11-12 04:43:02
5544,330,23,COMPLETED,4,2025-11-12 04:46:49,2025-11-12 04:46:53
5545,330,8,COMPLETED,5,2025-11-12 04:48:49,2025-11-12 04:48:54
5546,382,4,COMPLETED,12,2025-12-13 15:53:37,2025-12-13 15:53:49
5547,382,10,COMPLETED,7,2025-12-13 15:58:37,2025-12-13 15:58:44
5548,127,12,FAILED,7,2025-10-02 14:28:44,2025-10-02 14:28:51
5549,66,17,COMPLETED,11,2025-12-16 03:25:38,2025-12-16 03:25:49
5550,66,16,COMPLETED,4,2025-12-16 03:28:38,2025-12-16 03:28:42
5551,7,1,FAILED,14,2026-02-27 19:42:53,2026-02-27 19:43:07
5552,7,3,FAILED,7,2026-02-27 19:47:53,2026-02-27 19:48:00
5553,7,8,COMPLETED,14,2026-02-27 19:50:53,2026-02-27 19:51:07
5554,1118,6,COMPLETED,7,2026-03-28 07:17:10,2026-03-28 07:17:17
5555,1118,15,COMPLETED,4,2026-03-28 07:19:10,2026-03-28 07:19:14
5556,574,4,COMPLETED,13,2025-12-22 20:53:10,2025-12-22 20:53:23
5557,65,1,COMPLETED,5,2026-03-31 05:04:33,2026-03-31 05:04:38
5558,65,3,COMPLETED,4,2026-03-31 05:08:33,2026-03-31 05:08:37
5559,65,8,COMPLETED,4,2026-03-31 05:12:33,2026-03-31 05:12:37
5560,391,2,COMPLETED,5,2025-12-30 03:04:46,2025-12-30 03:04:51
5561,391,5,COMPLETED,13,2025-12-30 03:07:46,2025-12-30 03:07:59
5562,391,9,COMPLETED,6,2025-12-30 03:12:46,2025-12-30 03:12:52
5563,681,1,COMPLETED,9,2025-10-27 08:28:31,2025-10-27 08:28:40
5564,681,3,COMPLETED,10,2025-10-27 08:31:31,2025-10-27 08:31:41
5565,681,8,COMPLETED,11,2025-10-27 08:32:31,2025-10-27 08:32:42
5566,1184,9,COMPLETED,12,2025-10-27 23:23:30,2025-10-27 23:23:42
5567,41,21,COMPLETED,9,2026-01-21 08:17:56,2026-01-21 08:18:05
5568,190,6,COMPLETED,7,2026-01-24 05:54:13,2026-01-24 05:54:20
5569,190,15,COMPLETED,8,2026-01-24 05:57:13,2026-01-24 05:57:21
5570,16,2,COMPLETED,12,2025-09-24 15:39:58,2025-09-24 15:40:10
5571,145,1,COMPLETED,9,2025-10-29 06:41:48,2025-10-29 06:41:57
5572,145,3,COMPLETED,3,2025-10-29 06:46:48,2025-10-29 06:46:51
5573,145,8,FAILED,11,2025-10-29 06:49:48,2025-10-29 06:49:59
5574,542,4,COMPLETED,8,2026-03-04 22:32:47,2026-03-04 22:32:55
5575,542,10,COMPLETED,7,2026-03-04 22:36:47,2026-03-04 22:36:54
5576,163,2,COMPLETED,4,2026-01-28 07:51:58,2026-01-28 07:52:02
5577,163,5,COMPLETED,11,2026-01-28 07:56:58,2026-01-28 07:57:09
5578,163,9,COMPLETED,12,2026-01-28 08:01:58,2026-01-28 08:02:10
5579,54,4,COMPLETED,6,2025-12-19 02:28:02,2025-12-19 02:28:08
5580,54,10,COMPLETED,11,2025-12-19 02:31:02,2025-12-19 02:31:13
5581,16,1,COMPLETED,14,2026-02-04 00:44:01,2026-02-04 00:44:15
5582,16,3,COMPLETED,10,2026-02-04 00:49:01,2026-02-04 00:49:11
5583,16,8,FAILED,5,2026-02-04 00:50:01,2026-02-04 00:50:06
5584,43,4,COMPLETED,15,2026-03-24 14:12:32,2026-03-24 14:12:47
5585,43,10,COMPLETED,5,2026-03-24 14:16:32,2026-03-24 14:16:37
5586,89,6,COMPLETED,10,2025-12-11 17:05:39,2025-12-11 17:05:49
5587,89,15,COMPLETED,12,2025-12-11 17:07:39,2025-12-11 17:07:51
5588,138,16,COMPLETED,11,2026-02-14 02:46:52,2026-02-14 02:47:03
5589,4,1,FAILED,14,2026-01-25 22:19:41,2026-01-25 22:19:55
5590,4,3,COMPLETED,3,2026-01-25 22:21:41,2026-01-25 22:21:44
5591,4,8,COMPLETED,13,2026-01-25 22:29:41,2026-01-25 22:29:54
5592,395,4,COMPLETED,7,2026-03-28 21:32:29,2026-03-28 21:32:36
5593,2,6,COMPLETED,5,2025-09-11 11:33:42,2025-09-11 11:33:47
5594,2,15,COMPLETED,9,2025-09-11 11:37:42,2025-09-11 11:37:51
5595,644,18,COMPLETED,12,2025-12-26 08:09:01,2025-12-26 08:09:13
5596,317,20,COMPLETED,10,2026-03-12 05:31:28,2026-03-12 05:31:38
5597,317,5,COMPLETED,7,2026-03-12 05:35:28,2026-03-12 05:35:35
5598,360,17,FAILED,10,2026-02-26 11:41:46,2026-02-26 11:41:56
5599,360,16,COMPLETED,11,2026-02-26 11:44:46,2026-02-26 11:44:57
5600,304,14,COMPLETED,5,2025-10-01 12:45:28,2025-10-01 12:45:33
5601,277,1,FAILED,10,2025-12-28 05:45:03,2025-12-28 05:45:13
5602,277,3,COMPLETED,4,2025-12-28 05:48:03,2025-12-28 05:48:07
5603,277,8,FAILED,6,2025-12-28 05:49:03,2025-12-28 05:49:09
5604,33,1,COMPLETED,6,2026-03-08 20:25:05,2026-03-08 20:25:11
5605,277,17,FAILED,12,2025-12-15 04:49:46,2025-12-15 04:49:58
5606,277,16,COMPLETED,6,2025-12-15 04:53:46,2025-12-15 04:53:52
5607,234,12,COMPLETED,5,2026-03-12 14:26:39,2026-03-12 14:26:44
5608,59,13,COMPLETED,8,2025-09-07 21:22:52,2025-09-07 21:23:00
5609,59,14,COMPLETED,12,2025-09-07 21:24:52,2025-09-07 21:25:04
5610,565,13,COMPLETED,10,2025-12-26 17:35:31,2025-12-26 17:35:41
5611,565,14,COMPLETED,12,2025-12-26 17:37:31,2025-12-26 17:37:43
5612,985,6,COMPLETED,12,2025-11-13 21:10:50,2025-11-13 21:11:02
5613,985,15,FAILED,7,2025-11-13 21:14:50,2025-11-13 21:14:57
5614,76,19,COMPLETED,13,2025-11-26 02:28:44,2025-11-26 02:28:57
5615,1030,9,COMPLETED,11,2025-09-02 13:54:43,2025-09-02 13:54:54
5616,334,21,COMPLETED,5,2026-03-23 12:48:49,2026-03-23 12:48:54
5617,1108,20,COMPLETED,7,2026-01-29 12:40:43,2026-01-29 12:40:50
5618,1108,5,COMPLETED,10,2026-01-29 12:43:43,2026-01-29 12:43:53
5619,775,17,FAILED,6,2026-03-09 04:59:39,2026-03-09 04:59:45
5620,775,16,COMPLETED,6,2026-03-09 05:02:39,2026-03-09 05:02:45
5621,206,4,COMPLETED,10,2026-02-10 01:40:24,2026-02-10 01:40:34
5622,241,19,COMPLETED,10,2025-12-15 12:56:07,2025-12-15 12:56:17
5623,241,23,COMPLETED,5,2025-12-15 12:59:07,2025-12-15 12:59:12
5624,241,8,COMPLETED,13,2025-12-15 13:04:07,2025-12-15 13:04:20
5625,310,6,COMPLETED,4,2025-12-02 12:03:28,2025-12-02 12:03:32
5626,310,15,COMPLETED,10,2025-12-02 12:08:28,2025-12-02 12:08:38
5627,194,6,COMPLETED,9,2026-01-09 06:45:36,2026-01-09 06:45:45
5628,194,15,COMPLETED,4,2026-01-09 06:50:36,2026-01-09 06:50:40
5629,47,13,COMPLETED,5,2026-02-18 15:15:23,2026-02-18 15:15:28
5630,47,14,COMPLETED,8,2026-02-18 15:17:23,2026-02-18 15:17:31
5631,48,17,COMPLETED,12,2025-10-19 20:48:21,2025-10-19 20:48:33
5632,48,16,COMPLETED,5,2025-10-19 20:53:21,2025-10-19 20:53:26
5633,324,13,COMPLETED,13,2026-03-22 03:38:22,2026-03-22 03:38:35
5634,324,14,COMPLETED,7,2026-03-22 03:42:22,2026-03-22 03:42:29
5635,857,21,COMPLETED,12,2026-03-20 01:18:55,2026-03-20 01:19:07
5636,255,13,COMPLETED,10,2026-01-29 16:28:47,2026-01-29 16:28:57
5637,255,14,COMPLETED,5,2026-01-29 16:30:47,2026-01-29 16:30:52
5638,275,1,COMPLETED,6,2025-09-08 12:12:31,2025-09-08 12:12:37
5639,275,3,COMPLETED,11,2025-09-08 12:14:31,2025-09-08 12:14:42
5640,275,8,COMPLETED,8,2025-09-08 12:20:31,2025-09-08 12:20:39
5641,535,2,COMPLETED,12,2026-02-22 15:49:13,2026-02-22 15:49:25
5642,535,5,COMPLETED,4,2026-02-22 15:53:13,2026-02-22 15:53:17
5643,535,9,COMPLETED,6,2026-02-22 15:59:13,2026-02-22 15:59:19
5644,489,13,FAILED,4,2025-12-10 07:31:01,2025-12-10 07:31:05
5645,489,14,COMPLETED,7,2025-12-10 07:33:01,2025-12-10 07:33:08
5646,214,17,COMPLETED,11,2026-03-10 12:34:00,2026-03-10 12:34:11
5647,214,16,FAILED,3,2026-03-10 12:38:00,2026-03-10 12:38:03
5648,973,19,COMPLETED,10,2025-10-11 04:14:15,2025-10-11 04:14:25
5649,973,23,COMPLETED,3,2025-10-11 04:16:15,2025-10-11 04:16:18
5650,973,8,COMPLETED,10,2025-10-11 04:18:15,2025-10-11 04:18:25
5651,109,4,COMPLETED,6,2025-12-24 07:14:37,2025-12-24 07:14:43
5652,109,10,COMPLETED,5,2025-12-24 07:18:37,2025-12-24 07:18:42
5653,205,13,COMPLETED,7,2025-11-25 10:51:49,2025-11-25 10:51:56
5654,205,14,COMPLETED,8,2025-11-25 10:54:49,2025-11-25 10:54:57
5655,549,1,COMPLETED,14,2026-01-02 09:46:10,2026-01-02 09:46:24
5656,549,3,COMPLETED,6,2026-01-02 09:50:10,2026-01-02 09:50:16
5657,549,8,COMPLETED,6,2026-01-02 09:52:10,2026-01-02 09:52:16
5658,75,1,COMPLETED,10,2025-10-25 00:28:23,2025-10-25 00:28:33
5659,75,3,COMPLETED,10,2025-10-25 00:31:23,2025-10-25 00:31:33
5660,75,8,COMPLETED,5,2025-10-25 00:34:23,2025-10-25 00:34:28
5661,1101,22,COMPLETED,11,2026-03-25 01:38:21,2026-03-25 01:38:32
5662,300,1,FAILED,11,2025-12-15 06:05:40,2025-12-15 06:05:51
5663,300,3,COMPLETED,7,2025-12-15 06:08:40,2025-12-15 06:08:47
5664,300,8,COMPLETED,3,2025-12-15 06:09:40,2025-12-15 06:09:43
5665,118,4,COMPLETED,14,2026-01-05 07:29:38,2026-01-05 07:29:52
5666,118,10,COMPLETED,7,2026-01-05 07:34:38,2026-01-05 07:34:45
5667,51,2,COMPLETED,11,2026-03-18 09:06:14,2026-03-18 09:06:25
5668,51,5,FAILED,12,2026-03-18 09:08:14,2026-03-18 09:08:26
5669,51,9,COMPLETED,5,2026-03-18 09:14:14,2026-03-18 09:14:19
5670,264,12,COMPLETED,6,2025-11-09 06:29:42,2025-11-09 06:29:48
5671,574,13,COMPLETED,10,2026-02-09 06:22:49,2026-02-09 06:22:59
5672,574,14,COMPLETED,12,2026-02-09 06:27:49,2026-02-09 06:28:01
5673,878,1,COMPLETED,11,2025-09-28 08:22:32,2025-09-28 08:22:43
5674,90,2,COMPLETED,7,2026-03-11 19:00:40,2026-03-11 19:00:47
5675,90,5,COMPLETED,12,2026-03-11 19:03:40,2026-03-11 19:03:52
5676,90,9,COMPLETED,8,2026-03-11 19:10:40,2026-03-11 19:10:48
5677,789,3,COMPLETED,12,2026-01-21 05:58:46,2026-01-21 05:58:58
5678,303,1,FAILED,5,2026-01-20 15:39:46,2026-01-20 15:39:51
5679,303,3,COMPLETED,8,2026-01-20 15:44:46,2026-01-20 15:44:54
5680,303,8,COMPLETED,12,2026-01-20 15:47:46,2026-01-20 15:47:58
5681,74,16,FAILED,4,2025-10-31 15:12:27,2025-10-31 15:12:31
5682,255,6,COMPLETED,10,2026-02-10 13:13:08,2026-02-10 13:13:18
5683,293,16,COMPLETED,9,2025-10-08 00:46:29,2025-10-08 00:46:38
5684,422,4,COMPLETED,8,2025-12-06 09:17:57,2025-12-06 09:18:05
5685,422,10,COMPLETED,12,2025-12-06 09:21:57,2025-12-06 09:22:09
5686,530,14,COMPLETED,4,2026-01-11 19:55:42,2026-01-11 19:55:46
5687,961,10,COMPLETED,6,2026-02-17 18:44:46,2026-02-17 18:44:52
5688,259,13,COMPLETED,12,2026-03-14 06:39:24,2026-03-14 06:39:36
5689,45,6,COMPLETED,13,2026-01-31 05:30:37,2026-01-31 05:30:50
5690,45,15,COMPLETED,11,2026-01-31 05:34:37,2026-01-31 05:34:48
5691,129,13,COMPLETED,4,2026-01-31 09:37:56,2026-01-31 09:38:00
5692,129,14,FAILED,9,2026-01-31 09:41:56,2026-01-31 09:42:05
5693,637,2,COMPLETED,5,2026-02-24 20:08:10,2026-02-24 20:08:15
5694,637,5,COMPLETED,13,2026-02-24 20:12:10,2026-02-24 20:12:23
5695,637,9,COMPLETED,6,2026-02-24 20:14:10,2026-02-24 20:14:16
5696,324,16,COMPLETED,10,2025-12-20 15:39:13,2025-12-20 15:39:23
5697,777,2,COMPLETED,14,2025-10-13 19:22:53,2025-10-13 19:23:07
5698,777,5,COMPLETED,8,2025-10-13 19:27:53,2025-10-13 19:28:01
5699,777,9,COMPLETED,7,2025-10-13 19:28:53,2025-10-13 19:29:00
5700,292,6,COMPLETED,11,2026-01-28 00:28:20,2026-01-28 00:28:31
5701,229,6,COMPLETED,6,2025-12-03 02:42:20,2025-12-03 02:42:26
5702,229,15,COMPLETED,4,2025-12-03 02:47:20,2025-12-03 02:47:24
5703,268,20,COMPLETED,11,2026-02-27 10:49:54,2026-02-27 10:50:05
5704,268,5,FAILED,13,2026-02-27 10:51:54,2026-02-27 10:52:07
5705,77,20,COMPLETED,10,2026-01-17 21:19:51,2026-01-17 21:20:01
5706,77,5,COMPLETED,9,2026-01-17 21:22:51,2026-01-17 21:23:00
5707,341,17,COMPLETED,10,2026-02-03 16:59:21,2026-02-03 16:59:31
5708,341,16,COMPLETED,5,2026-02-03 17:03:21,2026-02-03 17:03:26
5709,41,1,COMPLETED,14,2025-09-23 03:53:57,2025-09-23 03:54:11
5710,41,3,FAILED,10,2025-09-23 03:56:57,2025-09-23 03:57:07
5711,41,8,COMPLETED,12,2025-09-23 04:03:57,2025-09-23 04:04:09
5712,217,2,COMPLETED,12,2026-01-29 22:29:08,2026-01-29 22:29:20
5713,217,5,COMPLETED,14,2026-01-29 22:34:08,2026-01-29 22:34:22
5714,217,9,COMPLETED,8,2026-01-29 22:39:08,2026-01-29 22:39:16
5715,156,6,COMPLETED,7,2025-11-03 21:44:06,2025-11-03 21:44:13
5716,156,15,FAILED,13,2025-11-03 21:48:06,2025-11-03 21:48:19
5717,263,2,FAILED,10,2025-12-31 05:12:09,2025-12-31 05:12:19
5718,263,5,COMPLETED,8,2025-12-31 05:17:09,2025-12-31 05:17:17
5719,263,9,COMPLETED,14,2025-12-31 05:22:09,2025-12-31 05:22:23
5720,27,8,COMPLETED,13,2025-11-06 10:48:36,2025-11-06 10:48:49
5721,139,5,COMPLETED,11,2025-11-10 17:44:54,2025-11-10 17:45:05
5722,352,17,COMPLETED,4,2026-03-03 18:48:21,2026-03-03 18:48:25
5723,352,16,COMPLETED,6,2026-03-03 18:52:21,2026-03-03 18:52:27
5724,25,6,COMPLETED,6,2025-12-04 17:37:15,2025-12-04 17:37:21
5725,25,15,FAILED,10,2025-12-04 17:39:15,2025-12-04 17:39:25
5726,56,20,COMPLETED,5,2025-12-26 07:47:08,2025-12-26 07:47:13
5727,56,5,COMPLETED,6,2025-12-26 07:51:08,2025-12-26 07:51:14
5728,289,13,COMPLETED,14,2025-12-15 17:08:26,2025-12-15 17:08:40
5729,289,14,FAILED,10,2025-12-15 17:11:26,2025-12-15 17:11:36
5730,84,4,COMPLETED,8,2026-02-14 03:53:26,2026-02-14 03:53:34
5731,84,10,COMPLETED,5,2026-02-14 03:55:26,2026-02-14 03:55:31
5732,24,1,COMPLETED,6,2025-11-08 06:00:15,2025-11-08 06:00:21
5733,24,3,COMPLETED,8,2025-11-08 06:03:15,2025-11-08 06:03:23
5734,24,8,COMPLETED,7,2025-11-08 06:04:15,2025-11-08 06:04:22
5735,277,17,COMPLETED,13,2025-12-09 15:10:16,2025-12-09 15:10:29
5736,277,16,COMPLETED,13,2025-12-09 15:12:16,2025-12-09 15:12:29
5737,852,3,COMPLETED,10,2025-11-05 23:20:48,2025-11-05 23:20:58
5738,138,19,FAILED,7,2025-10-07 04:46:47,2025-10-07 04:46:54
5739,138,23,FAILED,4,2025-10-07 04:48:47,2025-10-07 04:48:51
5740,138,8,COMPLETED,12,2025-10-07 04:50:47,2025-10-07 04:50:59
5741,896,8,COMPLETED,7,2025-09-27 03:43:10,2025-09-27 03:43:17
5742,292,19,COMPLETED,5,2025-10-26 17:46:39,2025-10-26 17:46:44
5743,292,23,COMPLETED,13,2025-10-26 17:49:39,2025-10-26 17:49:52
5744,292,8,COMPLETED,11,2025-10-26 17:56:39,2025-10-26 17:56:50
5745,412,17,COMPLETED,12,2026-02-27 23:02:08,2026-02-27 23:02:20
5746,412,16,COMPLETED,7,2026-02-27 23:06:08,2026-02-27 23:06:15
5747,355,4,COMPLETED,9,2026-01-09 11:33:32,2026-01-09 11:33:41
5748,130,12,FAILED,10,2026-01-12 01:03:20,2026-01-12 01:03:30
5749,1,9,COMPLETED,14,2026-03-23 13:17:08,2026-03-23 13:17:22
5750,356,18,COMPLETED,11,2026-01-22 01:39:54,2026-01-22 01:40:05
5751,1038,14,COMPLETED,5,2025-10-30 22:53:52,2025-10-30 22:53:57
5752,962,5,COMPLETED,7,2025-11-09 23:40:47,2025-11-09 23:40:54
5753,270,23,COMPLETED,4,2025-12-14 06:07:13,2025-12-14 06:07:17
5754,912,20,COMPLETED,13,2025-12-16 06:04:26,2025-12-16 06:04:39
5755,912,5,COMPLETED,8,2025-12-16 06:09:26,2025-12-16 06:09:34
5756,97,15,FAILED,11,2026-01-10 04:28:23,2026-01-10 04:28:34
5757,366,16,COMPLETED,7,2025-09-10 20:04:55,2025-09-10 20:05:02
5758,302,12,COMPLETED,13,2026-03-09 10:37:33,2026-03-09 10:37:46
5759,81,13,COMPLETED,6,2025-10-27 21:36:48,2025-10-27 21:36:54
5760,81,14,COMPLETED,8,2025-10-27 21:41:48,2025-10-27 21:41:56
5761,272,17,COMPLETED,10,2026-02-21 15:29:18,2026-02-21 15:29:28
5762,85,4,COMPLETED,12,2025-12-28 23:32:42,2025-12-28 23:32:54
5763,85,10,COMPLETED,5,2025-12-28 23:37:42,2025-12-28 23:37:47
5764,239,13,FAILED,13,2026-02-11 08:25:32,2026-02-11 08:25:45
5765,239,14,FAILED,5,2026-02-11 08:27:32,2026-02-11 08:27:37
5766,276,1,COMPLETED,10,2026-03-14 03:43:17,2026-03-14 03:43:27
5767,276,3,COMPLETED,4,2026-03-14 03:46:17,2026-03-14 03:46:21
5768,276,8,FAILED,10,2026-03-14 03:53:17,2026-03-14 03:53:27
5769,1129,17,COMPLETED,8,2026-02-14 00:48:56,2026-02-14 00:49:04
5770,1129,16,COMPLETED,12,2026-02-14 00:53:56,2026-02-14 00:54:08
5771,91,3,FAILED,7,2026-02-26 23:19:32,2026-02-26 23:19:39
5772,70,22,COMPLETED,13,2026-02-06 15:22:23,2026-02-06 15:22:36
5773,344,6,COMPLETED,11,2025-10-12 08:24:40,2025-10-12 08:24:51
5774,344,15,COMPLETED,13,2025-10-12 08:26:40,2025-10-12 08:26:53
5775,351,4,FAILED,12,2026-01-19 15:04:56,2026-01-19 15:05:08
5776,351,10,COMPLETED,9,2026-01-19 15:08:56,2026-01-19 15:09:05
5777,47,4,COMPLETED,5,2026-01-12 22:53:15,2026-01-12 22:53:20
5778,47,10,COMPLETED,7,2026-01-12 22:55:15,2026-01-12 22:55:22
5779,435,2,COMPLETED,13,2026-03-31 09:37:07,2026-03-31 09:37:20
5780,435,5,COMPLETED,8,2026-03-31 09:39:07,2026-03-31 09:39:15
5781,435,9,COMPLETED,13,2026-03-31 09:47:07,2026-03-31 09:47:20
5782,79,19,COMPLETED,10,2026-02-28 00:54:11,2026-02-28 00:54:21
5783,79,23,COMPLETED,8,2026-02-28 00:58:11,2026-02-28 00:58:19
5784,79,8,COMPLETED,13,2026-02-28 01:04:11,2026-02-28 01:04:24
5785,1050,13,COMPLETED,9,2025-10-06 18:18:48,2025-10-06 18:18:57
5786,956,20,COMPLETED,13,2025-11-03 00:19:26,2025-11-03 00:19:39
5787,956,5,COMPLETED,9,2025-11-03 00:24:26,2025-11-03 00:24:35
5788,943,13,COMPLETED,8,2025-09-27 03:47:47,2025-09-27 03:47:55
5789,943,14,COMPLETED,8,2025-09-27 03:49:47,2025-09-27 03:49:55
5790,30,6,COMPLETED,8,2025-10-13 18:03:45,2025-10-13 18:03:53
5791,30,15,COMPLETED,12,2025-10-13 18:05:45,2025-10-13 18:05:57
5792,87,5,COMPLETED,4,2025-12-03 07:49:53,2025-12-03 07:49:57
5793,200,17,COMPLETED,8,2026-03-13 11:51:38,2026-03-13 11:51:46
5794,200,16,FAILED,4,2026-03-13 11:55:38,2026-03-13 11:55:42
5795,261,8,COMPLETED,5,2025-10-16 16:35:09,2025-10-16 16:35:14
5796,90,1,COMPLETED,14,2026-03-06 07:53:16,2026-03-06 07:53:30
5797,90,3,COMPLETED,10,2026-03-06 07:55:16,2026-03-06 07:55:26
5798,90,8,COMPLETED,6,2026-03-06 08:01:16,2026-03-06 08:01:22
5799,303,1,COMPLETED,10,2026-01-12 22:09:08,2026-01-12 22:09:18
5800,303,3,COMPLETED,12,2026-01-12 22:14:08,2026-01-12 22:14:20
5801,303,8,COMPLETED,11,2026-01-12 22:17:08,2026-01-12 22:17:19
5802,38,17,COMPLETED,6,2025-12-23 13:55:54,2025-12-23 13:56:00
5803,38,16,FAILED,13,2025-12-23 13:57:54,2025-12-23 13:58:07
5804,1030,20,COMPLETED,10,2025-12-22 01:41:23,2025-12-22 01:41:33
5805,1030,5,COMPLETED,8,2025-12-22 01:44:23,2025-12-22 01:44:31
5806,1091,13,COMPLETED,13,2026-03-19 02:19:28,2026-03-19 02:19:41
5807,1091,14,FAILED,5,2026-03-19 02:22:28,2026-03-19 02:22:33
5808,1093,19,COMPLETED,14,2025-09-17 03:16:43,2025-09-17 03:16:57
5809,1093,23,COMPLETED,3,2025-09-17 03:18:43,2025-09-17 03:18:46
5810,1093,8,COMPLETED,6,2025-09-17 03:26:43,2025-09-17 03:26:49
5811,1015,4,COMPLETED,5,2025-12-14 04:27:01,2025-12-14 04:27:06
5812,1015,10,FAILED,11,2025-12-14 04:31:01,2025-12-14 04:31:12
5813,238,4,COMPLETED,11,2026-01-29 04:48:29,2026-01-29 04:48:40
5814,238,10,COMPLETED,11,2026-01-29 04:50:29,2026-01-29 04:50:40
5815,279,2,FAILED,9,2025-11-03 16:03:30,2025-11-03 16:03:39
5816,1080,2,COMPLETED,13,2026-02-14 19:38:00,2026-02-14 19:38:13
5817,1080,5,COMPLETED,6,2026-02-14 19:43:00,2026-02-14 19:43:06
5818,1080,9,COMPLETED,5,2026-02-14 19:48:00,2026-02-14 19:48:05
5819,323,1,COMPLETED,15,2026-02-25 17:54:08,2026-02-25 17:54:23
5820,323,3,COMPLETED,13,2026-02-25 17:58:08,2026-02-25 17:58:21
5821,323,8,COMPLETED,5,2026-02-25 18:04:08,2026-02-25 18:04:13
5822,463,4,COMPLETED,9,2025-09-28 14:06:32,2025-09-28 14:06:41
5823,463,10,COMPLETED,5,2025-09-28 14:10:32,2025-09-28 14:10:37
5824,51,2,COMPLETED,5,2025-11-09 01:28:08,2025-11-09 01:28:13
5825,51,5,COMPLETED,5,2025-11-09 01:32:08,2025-11-09 01:32:13
5826,51,9,COMPLETED,12,2025-11-09 01:36:08,2025-11-09 01:36:20
5827,901,13,COMPLETED,5,2025-11-13 16:39:36,2025-11-13 16:39:41
5828,901,14,FAILED,13,2025-11-13 16:44:36,2025-11-13 16:44:49
5829,228,13,COMPLETED,9,2025-09-30 14:16:55,2025-09-30 14:17:04
5830,200,1,FAILED,9,2025-11-22 06:43:48,2025-11-22 06:43:57
5831,200,3,COMPLETED,7,2025-11-22 06:47:48,2025-11-22 06:47:55
5832,200,8,COMPLETED,9,2025-11-22 06:51:48,2025-11-22 06:51:57
5833,78,19,FAILED,7,2026-01-11 04:24:15,2026-01-11 04:24:22
5834,1136,17,COMPLETED,12,2026-02-13 08:50:08,2026-02-13 08:50:20
5835,1136,16,FAILED,7,2026-02-13 08:55:08,2026-02-13 08:55:15
5836,31,11,COMPLETED,11,2025-12-29 20:18:13,2025-12-29 20:18:24
5837,24,2,COMPLETED,4,2026-02-04 12:06:32,2026-02-04 12:06:36
5838,24,5,FAILED,7,2026-02-04 12:09:32,2026-02-04 12:09:39
5839,24,9,COMPLETED,11,2026-02-04 12:16:32,2026-02-04 12:16:43
5840,37,8,FAILED,12,2026-02-01 17:57:57,2026-02-01 17:58:09
5841,127,17,COMPLETED,9,2026-03-26 10:21:48,2026-03-26 10:21:57
5842,127,16,COMPLETED,4,2026-03-26 10:23:48,2026-03-26 10:23:52
5843,176,2,COMPLETED,5,2025-11-03 02:00:46,2025-11-03 02:00:51
5844,176,5,COMPLETED,8,2025-11-03 02:04:46,2025-11-03 02:04:54
5845,176,9,COMPLETED,10,2025-11-03 02:08:46,2025-11-03 02:08:56
5846,4,4,COMPLETED,12,2026-02-07 18:48:54,2026-02-07 18:49:06
5847,4,10,COMPLETED,15,2026-02-07 18:53:54,2026-02-07 18:54:09
5848,257,2,COMPLETED,12,2026-02-14 20:51:45,2026-02-14 20:51:57
5849,257,5,COMPLETED,5,2026-02-14 20:53:45,2026-02-14 20:53:50
5850,257,9,FAILED,5,2026-02-14 21:01:45,2026-02-14 21:01:50
5851,245,17,COMPLETED,9,2026-01-04 12:42:38,2026-01-04 12:42:47
5852,245,16,COMPLETED,9,2026-01-04 12:46:38,2026-01-04 12:46:47
5853,87,1,FAILED,13,2025-10-03 17:13:49,2025-10-03 17:14:02
5854,252,1,COMPLETED,12,2025-11-06 18:42:06,2025-11-06 18:42:18
5855,252,3,COMPLETED,6,2025-11-06 18:44:06,2025-11-06 18:44:12
5856,252,8,COMPLETED,6,2025-11-06 18:48:06,2025-11-06 18:48:12
5857,538,17,COMPLETED,4,2026-01-27 22:20:32,2026-01-27 22:20:36
5858,538,16,COMPLETED,8,2026-01-27 22:25:32,2026-01-27 22:25:40
5859,1026,19,FAILED,11,2025-11-11 19:34:58,2025-11-11 19:35:09
5860,1026,23,COMPLETED,10,2025-11-11 19:36:58,2025-11-11 19:37:08
5861,1026,8,COMPLETED,9,2025-11-11 19:40:58,2025-11-11 19:41:07
5862,170,24,COMPLETED,5,2025-10-20 01:32:46,2025-10-20 01:32:51
5863,198,21,COMPLETED,12,2025-12-21 11:38:00,2025-12-21 11:38:12
5864,131,25,FAILED,12,2025-09-24 22:18:18,2025-09-24 22:18:30
5865,182,20,COMPLETED,4,2025-10-05 00:51:43,2025-10-05 00:51:47
5866,182,5,COMPLETED,8,2025-10-05 00:54:43,2025-10-05 00:54:51
5867,186,6,COMPLETED,10,2025-09-06 14:18:45,2025-09-06 14:18:55
5868,186,15,COMPLETED,8,2025-09-06 14:20:45,2025-09-06 14:20:53
5869,27,7,FAILED,8,2025-10-20 09:29:36,2025-10-20 09:29:44
5870,11,11,COMPLETED,12,2025-11-11 22:35:03,2025-11-11 22:35:15
5871,1033,13,FAILED,4,2025-12-03 18:36:26,2025-12-03 18:36:30
5872,1033,14,COMPLETED,11,2025-12-03 18:40:26,2025-12-03 18:40:37
5873,365,20,COMPLETED,8,2026-01-26 07:47:57,2026-01-26 07:48:05
5874,365,5,COMPLETED,12,2026-01-26 07:52:57,2026-01-26 07:53:09
5875,1184,1,COMPLETED,12,2025-11-18 01:20:28,2025-11-18 01:20:40
5876,141,18,COMPLETED,6,2026-02-25 05:57:50,2026-02-25 05:57:56
5877,8,1,COMPLETED,14,2025-09-28 14:11:27,2025-09-28 14:11:41
5878,8,3,FAILED,10,2025-09-28 14:16:27,2025-09-28 14:16:37
5879,8,8,COMPLETED,6,2025-09-28 14:17:27,2025-09-28 14:17:33
5880,47,13,COMPLETED,9,2026-01-23 17:26:09,2026-01-23 17:26:18
5881,47,14,FAILED,10,2026-01-23 17:30:09,2026-01-23 17:30:19
5882,1049,23,COMPLETED,5,2026-01-31 11:18:44,2026-01-31 11:18:49
5883,357,19,COMPLETED,9,2025-11-29 06:14:57,2025-11-29 06:15:06
5884,357,23,FAILED,6,2025-11-29 06:19:57,2025-11-29 06:20:03
5885,357,8,COMPLETED,8,2025-11-29 06:20:57,2025-11-29 06:21:05
5886,343,4,COMPLETED,5,2026-02-25 04:14:11,2026-02-25 04:14:16
5887,343,10,COMPLETED,8,2026-02-25 04:17:11,2026-02-25 04:17:19
5888,43,13,COMPLETED,5,2026-03-10 10:09:20,2026-03-10 10:09:25
5889,43,14,FAILED,13,2026-03-10 10:13:20,2026-03-10 10:13:33
5890,49,13,COMPLETED,5,2025-11-08 18:11:47,2025-11-08 18:11:52
5891,49,14,COMPLETED,7,2025-11-08 18:13:47,2025-11-08 18:13:54
5892,1047,20,COMPLETED,8,2025-11-28 06:18:01,2025-11-28 06:18:09
5893,167,19,COMPLETED,9,2026-01-25 19:06:44,2026-01-25 19:06:53
5894,167,23,COMPLETED,7,2026-01-25 19:09:44,2026-01-25 19:09:51
5895,167,8,COMPLETED,14,2026-01-25 19:12:44,2026-01-25 19:12:58
5896,92,13,COMPLETED,11,2025-10-08 06:15:25,2025-10-08 06:15:36
5897,92,14,COMPLETED,8,2025-10-08 06:18:25,2025-10-08 06:18:33
5898,26,17,COMPLETED,7,2025-11-28 10:51:34,2025-11-28 10:51:41
5899,26,16,FAILED,13,2025-11-28 10:53:34,2025-11-28 10:53:47
5900,344,9,COMPLETED,14,2025-11-22 12:51:27,2025-11-22 12:51:41
5901,53,1,COMPLETED,7,2026-02-21 08:58:41,2026-02-21 08:58:48
5902,53,3,COMPLETED,9,2026-02-21 09:00:41,2026-02-21 09:00:50
5903,53,8,COMPLETED,10,2026-02-21 09:04:41,2026-02-21 09:04:51
5904,928,1,FAILED,5,2025-11-24 11:57:31,2025-11-24 11:57:36
5905,928,3,COMPLETED,8,2025-11-24 12:00:31,2025-11-24 12:00:39
5906,928,8,COMPLETED,4,2025-11-24 12:01:31,2025-11-24 12:01:35
5907,778,4,COMPLETED,6,2025-10-18 04:35:55,2025-10-18 04:36:01
5908,71,17,COMPLETED,13,2025-09-22 14:59:41,2025-09-22 14:59:54
5909,71,16,COMPLETED,4,2025-09-22 15:04:41,2025-09-22 15:04:45
5910,893,13,COMPLETED,7,2025-11-19 17:07:26,2025-11-19 17:07:33
5911,893,14,COMPLETED,7,2025-11-19 17:12:26,2025-11-19 17:12:33
5912,139,10,COMPLETED,14,2025-11-17 22:17:08,2025-11-17 22:17:22
5913,78,4,FAILED,8,2026-01-14 17:18:26,2026-01-14 17:18:34
5914,78,10,COMPLETED,6,2026-01-14 17:21:26,2026-01-14 17:21:32
5915,113,1,COMPLETED,13,2026-03-15 01:30:30,2026-03-15 01:30:43
5916,113,3,COMPLETED,5,2026-03-15 01:35:30,2026-03-15 01:35:35
5917,113,8,COMPLETED,11,2026-03-15 01:38:30,2026-03-15 01:38:41
5918,13,6,COMPLETED,6,2025-09-25 08:21:25,2025-09-25 08:21:31
5919,13,15,COMPLETED,10,2025-09-25 08:24:25,2025-09-25 08:24:35
5920,259,19,COMPLETED,8,2026-01-31 02:33:55,2026-01-31 02:34:03
5921,259,23,COMPLETED,6,2026-01-31 02:36:55,2026-01-31 02:37:01
5922,259,8,COMPLETED,9,2026-01-31 02:37:55,2026-01-31 02:38:04
5923,17,19,COMPLETED,13,2026-02-28 18:54:50,2026-02-28 18:55:03
5924,17,23,COMPLETED,8,2026-02-28 18:57:50,2026-02-28 18:57:58
5925,17,8,COMPLETED,7,2026-02-28 19:00:50,2026-02-28 19:00:57
5926,75,20,COMPLETED,7,2025-11-26 21:41:01,2025-11-26 21:41:08
5927,300,19,COMPLETED,8,2025-12-25 03:51:25,2025-12-25 03:51:33
5928,300,23,COMPLETED,13,2025-12-25 03:56:25,2025-12-25 03:56:38
5929,300,8,COMPLETED,10,2025-12-25 03:59:25,2025-12-25 03:59:35
5930,1114,6,COMPLETED,5,2025-12-20 20:49:10,2025-12-20 20:49:15
5931,1114,15,FAILED,11,2025-12-20 20:53:10,2025-12-20 20:53:21
5932,284,13,COMPLETED,3,2025-10-17 16:32:49,2025-10-17 16:32:52
5933,284,14,COMPLETED,6,2025-10-17 16:35:49,2025-10-17 16:35:55
5934,768,17,COMPLETED,12,2025-11-12 22:21:07,2025-11-12 22:21:19
5935,80,3,COMPLETED,8,2026-01-05 22:15:18,2026-01-05 22:15:26
5936,329,12,COMPLETED,11,2025-12-01 20:51:17,2025-12-01 20:51:28
5937,195,19,COMPLETED,7,2025-11-20 16:56:13,2025-11-20 16:56:20
5938,195,23,COMPLETED,13,2025-11-20 16:59:13,2025-11-20 16:59:26
5939,195,8,COMPLETED,10,2025-11-20 17:06:13,2025-11-20 17:06:23
5940,377,1,COMPLETED,14,2026-01-25 16:29:13,2026-01-25 16:29:27
5941,377,3,COMPLETED,13,2026-01-25 16:33:13,2026-01-25 16:33:26
5942,377,8,COMPLETED,12,2026-01-25 16:33:13,2026-01-25 16:33:25
5943,940,1,COMPLETED,8,2026-01-14 07:39:29,2026-01-14 07:39:37
5944,940,3,COMPLETED,7,2026-01-14 07:44:29,2026-01-14 07:44:36
5945,940,8,COMPLETED,10,2026-01-14 07:49:29,2026-01-14 07:49:39
5946,1126,17,COMPLETED,5,2026-03-04 16:12:22,2026-03-04 16:12:27
5947,1126,16,COMPLETED,11,2026-03-04 16:17:22,2026-03-04 16:17:33
5948,269,13,COMPLETED,12,2026-01-25 12:39:12,2026-01-25 12:39:24
5949,269,14,COMPLETED,11,2026-01-25 12:41:12,2026-01-25 12:41:23
5950,227,2,COMPLETED,11,2025-09-09 01:06:11,2025-09-09 01:06:22
5951,227,5,COMPLETED,7,2025-09-09 01:08:11,2025-09-09 01:08:18
5952,227,9,FAILED,7,2025-09-09 01:10:11,2025-09-09 01:10:18
5953,189,19,COMPLETED,5,2025-12-01 19:59:12,2025-12-01 19:59:17
5954,189,23,COMPLETED,11,2025-12-01 20:01:12,2025-12-01 20:01:23
5955,189,8,COMPLETED,10,2025-12-01 20:03:12,2025-12-01 20:03:22
5956,98,6,COMPLETED,6,2026-01-06 22:51:59,2026-01-06 22:52:05
5957,122,1,COMPLETED,15,2025-12-04 09:31:18,2025-12-04 09:31:33
5958,122,3,COMPLETED,7,2025-12-04 09:33:18,2025-12-04 09:33:25
5959,122,8,COMPLETED,11,2025-12-04 09:35:18,2025-12-04 09:35:29
5960,913,20,FAILED,9,2025-12-07 02:37:04,2025-12-07 02:37:13
5961,913,5,FAILED,8,2025-12-07 02:42:04,2025-12-07 02:42:12
5962,29,13,COMPLETED,8,2026-03-30 04:50:17,2026-03-30 04:50:25
5963,29,14,COMPLETED,8,2026-03-30 04:53:17,2026-03-30 04:53:25
5964,114,13,FAILED,5,2026-01-18 11:39:15,2026-01-18 11:39:20
5965,114,14,COMPLETED,14,2026-01-18 11:42:15,2026-01-18 11:42:29
5966,72,24,COMPLETED,11,2025-11-19 19:29:18,2025-11-19 19:29:29
5967,1180,20,COMPLETED,13,2025-12-14 13:27:05,2025-12-14 13:27:18
5968,1180,5,COMPLETED,7,2025-12-14 13:32:05,2025-12-14 13:32:12
5969,657,20,FAILED,11,2026-02-21 21:08:09,2026-02-21 21:08:20
5970,298,6,FAILED,8,2025-09-25 09:28:42,2025-09-25 09:28:50
5971,673,21,COMPLETED,9,2026-03-27 18:36:13,2026-03-27 18:36:22
5972,706,2,COMPLETED,5,2025-10-12 01:47:39,2025-10-12 01:47:44
5973,706,5,FAILED,7,2025-10-12 01:52:39,2025-10-12 01:52:46
5974,706,9,COMPLETED,7,2025-10-12 01:53:39,2025-10-12 01:53:46
5975,683,17,FAILED,5,2025-09-26 07:19:10,2025-09-26 07:19:15
5976,683,16,FAILED,6,2025-09-26 07:22:10,2025-09-26 07:22:16
5977,800,19,COMPLETED,7,2025-09-01 09:28:14,2025-09-01 09:28:21
5978,800,23,COMPLETED,6,2025-09-01 09:32:14,2025-09-01 09:32:20
5979,800,8,COMPLETED,4,2025-09-01 09:36:14,2025-09-01 09:36:18
5980,220,2,COMPLETED,3,2025-10-26 22:00:36,2025-10-26 22:00:39
5981,220,5,COMPLETED,13,2025-10-26 22:04:36,2025-10-26 22:04:49
5982,220,9,COMPLETED,6,2025-10-26 22:08:36,2025-10-26 22:08:42
5983,281,16,COMPLETED,13,2025-11-09 15:16:16,2025-11-09 15:16:29
5984,1009,2,FAILED,4,2026-01-10 07:25:54,2026-01-10 07:25:58
5985,1009,5,COMPLETED,4,2026-01-10 07:29:54,2026-01-10 07:29:58
5986,1009,9,COMPLETED,11,2026-01-10 07:33:54,2026-01-10 07:34:05
5987,75,19,COMPLETED,15,2026-01-24 06:52:13,2026-01-24 06:52:28
5988,1059,6,COMPLETED,10,2026-03-09 11:59:29,2026-03-09 11:59:39
5989,1059,15,COMPLETED,11,2026-03-09 12:04:29,2026-03-09 12:04:40
5990,51,9,COMPLETED,15,2025-09-24 03:25:05,2025-09-24 03:25:20
5991,346,17,COMPLETED,7,2026-03-02 07:00:25,2026-03-02 07:00:32
5992,346,16,COMPLETED,7,2026-03-02 07:02:25,2026-03-02 07:02:32
5993,369,17,COMPLETED,8,2026-01-13 19:53:32,2026-01-13 19:53:40
5994,369,16,COMPLETED,10,2026-01-13 19:55:32,2026-01-13 19:55:42
5995,87,1,COMPLETED,9,2025-10-08 07:29:23,2025-10-08 07:29:32
5996,87,3,FAILED,10,2025-10-08 07:31:23,2025-10-08 07:31:33
5997,87,8,COMPLETED,3,2025-10-08 07:33:23,2025-10-08 07:33:26
5998,394,19,COMPLETED,10,2026-02-26 10:49:00,2026-02-26 10:49:10
5999,394,23,COMPLETED,10,2026-02-26 10:54:00,2026-02-26 10:54:10
6000,394,8,COMPLETED,10,2026-02-26 10:55:00,2026-02-26 10:55:10
6001,27,2,COMPLETED,9,2026-01-05 10:49:27,2026-01-05 10:49:36
6002,890,5,FAILED,4,2025-11-05 18:48:10,2025-11-05 18:48:14
6003,173,23,COMPLETED,12,2025-11-23 15:55:18,2025-11-23 15:55:30
6004,95,4,COMPLETED,14,2025-12-25 19:48:25,2025-12-25 19:48:39
6005,95,10,FAILED,11,2025-12-25 19:51:25,2025-12-25 19:51:36
6006,1136,19,COMPLETED,8,2026-02-16 15:14:10,2026-02-16 15:14:18
6007,268,16,COMPLETED,4,2025-11-15 14:07:29,2025-11-15 14:07:33
6008,11,2,COMPLETED,10,2025-09-26 14:36:34,2025-09-26 14:36:44
6009,11,5,COMPLETED,4,2025-09-26 14:41:34,2025-09-26 14:41:38
6010,11,9,COMPLETED,9,2025-09-26 14:46:34,2025-09-26 14:46:43
6011,61,2,COMPLETED,5,2025-09-30 09:13:16,2025-09-30 09:13:21
6012,61,5,COMPLETED,13,2025-09-30 09:15:16,2025-09-30 09:15:29
6013,61,9,COMPLETED,8,2025-09-30 09:19:16,2025-09-30 09:19:24
6014,651,19,COMPLETED,12,2026-03-20 04:30:15,2026-03-20 04:30:27
6015,651,23,COMPLETED,5,2026-03-20 04:34:15,2026-03-20 04:34:20
6016,651,8,COMPLETED,6,2026-03-20 04:36:15,2026-03-20 04:36:21
6017,79,7,COMPLETED,8,2025-12-14 01:01:16,2025-12-14 01:01:24
6018,386,11,COMPLETED,4,2025-10-18 05:46:39,2025-10-18 05:46:43
6019,879,4,COMPLETED,8,2026-02-28 02:20:12,2026-02-28 02:20:20
6020,879,10,FAILED,8,2026-02-28 02:23:12,2026-02-28 02:23:20
6021,38,16,COMPLETED,13,2026-03-07 10:15:32,2026-03-07 10:15:45
6022,55,24,COMPLETED,13,2025-11-12 05:10:18,2025-11-12 05:10:31
6023,1034,2,COMPLETED,6,2025-11-24 05:38:59,2025-11-24 05:39:05
6024,337,20,COMPLETED,12,2025-10-30 00:16:59,2025-10-30 00:17:11
6025,273,24,COMPLETED,13,2026-02-22 14:29:16,2026-02-22 14:29:29
6026,1153,12,COMPLETED,13,2025-12-06 16:52:52,2025-12-06 16:53:05
6027,11,1,COMPLETED,14,2026-02-06 17:29:05,2026-02-06 17:29:19
6028,11,3,COMPLETED,13,2026-02-06 17:34:05,2026-02-06 17:34:18
6029,11,8,FAILED,9,2026-02-06 17:39:05,2026-02-06 17:39:14
6030,44,21,FAILED,8,2025-10-30 17:36:23,2025-10-30 17:36:31
6031,58,20,COMPLETED,7,2025-10-13 04:26:15,2025-10-13 04:26:22
6032,58,5,COMPLETED,12,2025-10-13 04:30:15,2025-10-13 04:30:27
6033,729,7,COMPLETED,11,2025-11-07 06:29:19,2025-11-07 06:29:30
6034,697,2,COMPLETED,13,2026-01-26 01:22:15,2026-01-26 01:22:28
6035,697,5,COMPLETED,7,2026-01-26 01:26:15,2026-01-26 01:26:22
6036,697,9,COMPLETED,14,2026-01-26 01:28:15,2026-01-26 01:28:29
6037,133,17,FAILED,8,2026-01-15 13:18:33,2026-01-15 13:18:41
6038,133,16,COMPLETED,4,2026-01-15 13:22:33,2026-01-15 13:22:37
6039,222,17,COMPLETED,3,2025-12-03 17:52:52,2025-12-03 17:52:55
6040,222,16,COMPLETED,10,2025-12-03 17:57:52,2025-12-03 17:58:02
6041,312,19,COMPLETED,14,2026-03-26 05:34:39,2026-03-26 05:34:53
6042,312,23,FAILED,6,2026-03-26 05:39:39,2026-03-26 05:39:45
6043,312,8,COMPLETED,11,2026-03-26 05:42:39,2026-03-26 05:42:50
6044,1126,20,COMPLETED,4,2026-01-15 12:45:58,2026-01-15 12:46:02
6045,144,2,COMPLETED,5,2025-10-19 13:47:53,2025-10-19 13:47:58
6046,378,21,COMPLETED,5,2026-03-22 08:25:44,2026-03-22 08:25:49
6047,88,3,COMPLETED,8,2025-09-08 12:31:13,2025-09-08 12:31:21
6048,542,19,COMPLETED,7,2026-02-18 23:14:30,2026-02-18 23:14:37
6049,542,23,COMPLETED,5,2026-02-18 23:18:30,2026-02-18 23:18:35
6050,542,8,COMPLETED,7,2026-02-18 23:20:30,2026-02-18 23:20:37
6051,587,17,COMPLETED,6,2025-12-12 12:41:05,2025-12-12 12:41:11
6052,587,16,COMPLETED,5,2025-12-12 12:45:05,2025-12-12 12:45:10
6053,370,19,COMPLETED,14,2026-03-18 20:04:43,2026-03-18 20:04:57
6054,370,23,FAILED,6,2026-03-18 20:09:43,2026-03-18 20:09:49
6055,370,8,COMPLETED,10,2026-03-18 20:12:43,2026-03-18 20:12:53
6056,363,1,COMPLETED,11,2026-01-12 17:27:20,2026-01-12 17:27:31
6057,363,3,COMPLETED,4,2026-01-12 17:32:20,2026-01-12 17:32:24
6058,363,8,COMPLETED,7,2026-01-12 17:33:20,2026-01-12 17:33:27
6059,226,10,COMPLETED,13,2025-10-31 06:39:43,2025-10-31 06:39:56
6060,195,20,COMPLETED,6,2025-09-19 18:32:42,2025-09-19 18:32:48
6061,195,5,COMPLETED,11,2025-09-19 18:35:42,2025-09-19 18:35:53
6062,298,18,COMPLETED,7,2026-03-09 10:13:55,2026-03-09 10:14:02
6063,375,1,COMPLETED,6,2026-02-13 00:55:01,2026-02-13 00:55:07
6064,375,3,COMPLETED,8,2026-02-13 00:58:01,2026-02-13 00:58:09
6065,375,8,COMPLETED,6,2026-02-13 01:03:01,2026-02-13 01:03:07
6066,946,13,COMPLETED,12,2026-01-12 17:56:20,2026-01-12 17:56:32
6067,946,14,COMPLETED,8,2026-01-12 17:58:20,2026-01-12 17:58:28
6068,9,24,COMPLETED,9,2026-03-27 09:34:22,2026-03-27 09:34:31
6069,753,1,COMPLETED,14,2025-12-16 04:49:48,2025-12-16 04:50:02
6070,753,3,COMPLETED,10,2025-12-16 04:53:48,2025-12-16 04:53:58
6071,753,8,COMPLETED,5,2025-12-16 04:55:48,2025-12-16 04:55:53
6072,46,17,COMPLETED,11,2026-03-08 14:26:47,2026-03-08 14:26:58
6073,46,16,COMPLETED,6,2026-03-08 14:29:47,2026-03-08 14:29:53
6074,829,13,COMPLETED,9,2025-09-07 21:07:12,2025-09-07 21:07:21
6075,829,14,COMPLETED,3,2025-09-07 21:09:12,2025-09-07 21:09:15
6076,381,6,COMPLETED,13,2026-03-27 22:07:43,2026-03-27 22:07:56
6077,381,15,FAILED,8,2026-03-27 22:09:43,2026-03-27 22:09:51
6078,57,20,COMPLETED,6,2025-12-05 10:43:28,2025-12-05 10:43:34
6079,57,5,COMPLETED,9,2025-12-05 10:45:28,2025-12-05 10:45:37
6080,8,6,COMPLETED,12,2025-12-05 08:52:51,2025-12-05 08:53:03
6081,8,15,COMPLETED,5,2025-12-05 08:54:51,2025-12-05 08:54:56
6082,81,13,COMPLETED,7,2026-03-07 22:35:00,2026-03-07 22:35:07
6083,1092,19,COMPLETED,13,2025-11-17 00:18:14,2025-11-17 00:18:27
6084,1092,23,COMPLETED,13,2025-11-17 00:22:14,2025-11-17 00:22:27
6085,1092,8,COMPLETED,5,2025-11-17 00:22:14,2025-11-17 00:22:19
6086,73,2,COMPLETED,11,2025-10-12 12:58:25,2025-10-12 12:58:36
6087,73,5,COMPLETED,8,2025-10-12 13:00:25,2025-10-12 13:00:33
6088,73,9,COMPLETED,7,2025-10-12 13:04:25,2025-10-12 13:04:32
6089,9,7,COMPLETED,12,2025-09-11 06:54:25,2025-09-11 06:54:37
6090,308,6,COMPLETED,5,2025-10-22 03:15:50,2025-10-22 03:15:55
6091,308,15,COMPLETED,13,2025-10-22 03:20:50,2025-10-22 03:21:03
6092,82,1,FAILED,10,2025-09-08 16:27:08,2025-09-08 16:27:18
6093,82,3,COMPLETED,10,2025-09-08 16:32:08,2025-09-08 16:32:18
6094,82,8,COMPLETED,4,2025-09-08 16:37:08,2025-09-08 16:37:12
6095,1060,5,COMPLETED,10,2025-10-24 08:01:57,2025-10-24 08:02:07
6096,557,11,COMPLETED,12,2026-03-24 21:34:16,2026-03-24 21:34:28
6097,35,13,COMPLETED,4,2025-09-08 06:34:39,2025-09-08 06:34:43
6098,35,14,COMPLETED,6,2025-09-08 06:39:39,2025-09-08 06:39:45
6099,52,4,COMPLETED,15,2026-03-19 15:37:53,2026-03-19 15:38:08
6100,52,10,COMPLETED,7,2026-03-19 15:42:53,2026-03-19 15:43:00
6101,1028,6,COMPLETED,7,2026-03-15 19:51:23,2026-03-15 19:51:30
6102,1028,15,COMPLETED,9,2026-03-15 19:55:23,2026-03-15 19:55:32
6103,647,25,COMPLETED,14,2025-12-17 20:00:22,2025-12-17 20:00:36
6104,801,1,COMPLETED,13,2025-10-25 17:56:42,2025-10-25 17:56:55
6105,705,19,COMPLETED,7,2026-02-24 03:42:48,2026-02-24 03:42:55
6106,280,10,COMPLETED,10,2026-03-14 21:03:47,2026-03-14 21:03:57
6107,1097,18,COMPLETED,6,2025-12-28 11:10:33,2025-12-28 11:10:39
6108,955,11,COMPLETED,13,2025-09-24 14:25:30,2025-09-24 14:25:43
6109,85,2,COMPLETED,10,2025-11-20 22:05:51,2025-11-20 22:06:01
6110,85,5,COMPLETED,6,2025-11-20 22:10:51,2025-11-20 22:10:57
6111,85,9,FAILED,15,2025-11-20 22:09:51,2025-11-20 22:10:06
6112,1151,19,COMPLETED,8,2026-01-09 23:19:02,2026-01-09 23:19:10
6113,1065,7,COMPLETED,5,2025-10-27 20:33:15,2025-10-27 20:33:20
6114,37,12,COMPLETED,7,2026-01-29 04:58:01,2026-01-29 04:58:08
6115,119,19,COMPLETED,8,2026-03-19 13:55:31,2026-03-19 13:55:39
6116,119,23,COMPLETED,8,2026-03-19 13:58:31,2026-03-19 13:58:39
6117,119,8,COMPLETED,10,2026-03-19 14:05:31,2026-03-19 14:05:41
6118,246,13,FAILED,4,2026-03-13 04:59:01,2026-03-13 04:59:05
6119,246,14,COMPLETED,4,2026-03-13 05:04:01,2026-03-13 05:04:05
6120,85,17,COMPLETED,8,2025-12-25 00:12:57,2025-12-25 00:13:05
6121,85,16,COMPLETED,8,2025-12-25 00:14:57,2025-12-25 00:15:05
6122,760,17,COMPLETED,7,2026-01-25 12:17:12,2026-01-25 12:17:19
6123,760,16,COMPLETED,5,2026-01-25 12:21:12,2026-01-25 12:21:17
6124,1104,4,COMPLETED,11,2025-10-26 09:00:38,2025-10-26 09:00:49
6125,1104,10,COMPLETED,7,2025-10-26 09:02:38,2025-10-26 09:02:45
6126,350,19,COMPLETED,12,2026-02-15 07:06:58,2026-02-15 07:07:10
6127,350,23,COMPLETED,5,2026-02-15 07:11:58,2026-02-15 07:12:03
6128,350,8,COMPLETED,11,2026-02-15 07:14:58,2026-02-15 07:15:09
6129,367,13,COMPLETED,13,2025-10-05 06:05:42,2025-10-05 06:05:55
6130,367,14,COMPLETED,7,2025-10-05 06:09:42,2025-10-05 06:09:49
6131,329,1,COMPLETED,5,2025-10-06 06:49:41,2025-10-06 06:49:46
6132,329,3,COMPLETED,5,2025-10-06 06:52:41,2025-10-06 06:52:46
6133,329,8,COMPLETED,6,2025-10-06 06:55:41,2025-10-06 06:55:47
6134,314,2,FAILED,9,2026-01-20 17:21:52,2026-01-20 17:22:01
6135,314,5,COMPLETED,8,2026-01-20 17:24:52,2026-01-20 17:25:00
6136,314,9,COMPLETED,6,2026-01-20 17:25:52,2026-01-20 17:25:58
6137,2,17,FAILED,8,2025-11-18 09:05:26,2025-11-18 09:05:34
6138,2,16,COMPLETED,7,2025-11-18 09:07:26,2025-11-18 09:07:33
6139,360,16,COMPLETED,7,2026-03-24 00:41:24,2026-03-24 00:41:31
6140,20,6,COMPLETED,8,2025-12-21 20:19:38,2025-12-21 20:19:46
6141,20,15,COMPLETED,4,2025-12-21 20:21:38,2025-12-21 20:21:42
6142,294,2,COMPLETED,9,2026-01-04 12:49:57,2026-01-04 12:50:06
6143,294,5,COMPLETED,12,2026-01-04 12:54:57,2026-01-04 12:55:09
6144,294,9,COMPLETED,6,2026-01-04 12:59:57,2026-01-04 13:00:03
6145,73,18,COMPLETED,11,2025-11-17 11:39:05,2025-11-17 11:39:16
6146,397,11,COMPLETED,6,2025-09-24 14:50:00,2025-09-24 14:50:06
6147,97,4,COMPLETED,5,2025-12-24 18:22:45,2025-12-24 18:22:50
6148,97,10,COMPLETED,13,2025-12-24 18:26:45,2025-12-24 18:26:58
6149,135,19,FAILED,10,2025-11-21 07:15:37,2025-11-21 07:15:47
6150,135,23,COMPLETED,13,2025-11-21 07:18:37,2025-11-21 07:18:50
6151,135,8,FAILED,12,2025-11-21 07:25:37,2025-11-21 07:25:49
6152,199,17,COMPLETED,10,2025-12-27 11:36:59,2025-12-27 11:37:09
6153,199,16,COMPLETED,7,2025-12-27 11:38:59,2025-12-27 11:39:06
6154,6,1,COMPLETED,5,2026-03-13 19:53:30,2026-03-13 19:53:35
6155,150,13,COMPLETED,4,2025-11-02 06:59:48,2025-11-02 06:59:52
6156,150,14,COMPLETED,9,2025-11-02 07:03:48,2025-11-02 07:03:57
6157,438,17,COMPLETED,7,2025-12-16 23:01:04,2025-12-16 23:01:11
6158,438,16,COMPLETED,11,2025-12-16 23:03:04,2025-12-16 23:03:15
6159,247,13,COMPLETED,4,2025-12-01 02:20:19,2025-12-01 02:20:23
6160,247,14,COMPLETED,11,2025-12-01 02:25:19,2025-12-01 02:25:30
6161,175,17,COMPLETED,9,2025-12-14 16:57:37,2025-12-14 16:57:46
6162,175,16,FAILED,11,2025-12-14 17:01:37,2025-12-14 17:01:48
6163,52,4,COMPLETED,14,2025-09-19 13:58:29,2025-09-19 13:58:43
6164,52,10,COMPLETED,13,2025-09-19 14:02:29,2025-09-19 14:02:42
6165,170,1,COMPLETED,14,2025-10-06 14:50:16,2025-10-06 14:50:30
6166,121,20,COMPLETED,12,2026-01-25 22:53:27,2026-01-25 22:53:39
6167,121,5,COMPLETED,14,2026-01-25 22:58:27,2026-01-25 22:58:41
6168,978,4,COMPLETED,9,2026-03-17 16:57:52,2026-03-17 16:58:01
6169,978,10,COMPLETED,12,2026-03-17 16:59:52,2026-03-17 17:00:04
6170,611,13,COMPLETED,5,2026-01-16 14:16:09,2026-01-16 14:16:14
6171,611,14,COMPLETED,12,2026-01-16 14:18:09,2026-01-16 14:18:21
6172,30,19,COMPLETED,9,2025-09-16 18:20:09,2025-09-16 18:20:18
6173,30,23,COMPLETED,12,2025-09-16 18:25:09,2025-09-16 18:25:21
6174,30,8,COMPLETED,10,2025-09-16 18:28:09,2025-09-16 18:28:19
6175,840,9,COMPLETED,15,2026-02-08 04:03:10,2026-02-08 04:03:25
6176,258,4,COMPLETED,5,2026-02-09 07:49:19,2026-02-09 07:49:24
6177,258,10,COMPLETED,10,2026-02-09 07:52:19,2026-02-09 07:52:29
6178,25,13,COMPLETED,7,2025-12-17 00:36:05,2025-12-17 00:36:12
6179,25,14,COMPLETED,12,2025-12-17 00:41:05,2025-12-17 00:41:17
6180,18,16,COMPLETED,13,2025-10-27 04:18:04,2025-10-27 04:18:17
6181,83,19,COMPLETED,10,2025-12-12 08:12:59,2025-12-12 08:13:09
6182,83,23,COMPLETED,13,2025-12-12 08:14:59,2025-12-12 08:15:12
6183,83,8,COMPLETED,10,2025-12-12 08:22:59,2025-12-12 08:23:09
6184,704,17,COMPLETED,11,2025-12-27 12:48:04,2025-12-27 12:48:15
6185,704,16,COMPLETED,12,2025-12-27 12:53:04,2025-12-27 12:53:16
6186,70,23,COMPLETED,12,2025-12-19 06:25:20,2025-12-19 06:25:32
6187,68,19,COMPLETED,13,2026-03-02 11:42:40,2026-03-02 11:42:53
6188,68,23,FAILED,7,2026-03-02 11:46:40,2026-03-02 11:46:47
6189,68,8,COMPLETED,11,2026-03-02 11:48:40,2026-03-02 11:48:51
6190,451,2,COMPLETED,8,2026-02-07 07:13:39,2026-02-07 07:13:47
6191,451,5,COMPLETED,10,2026-02-07 07:16:39,2026-02-07 07:16:49
6192,451,9,COMPLETED,14,2026-02-07 07:17:39,2026-02-07 07:17:53
6193,504,13,COMPLETED,5,2025-10-27 23:18:22,2025-10-27 23:18:27
6194,504,14,COMPLETED,6,2025-10-27 23:23:22,2025-10-27 23:23:28
6195,175,17,FAILED,8,2025-11-05 11:20:14,2025-11-05 11:20:22
6196,175,16,FAILED,6,2025-11-05 11:24:14,2025-11-05 11:24:20
6197,47,20,COMPLETED,7,2026-01-06 09:29:44,2026-01-06 09:29:51
6198,47,5,COMPLETED,6,2026-01-06 09:34:44,2026-01-06 09:34:50
6199,15,1,COMPLETED,8,2025-10-29 03:02:11,2025-10-29 03:02:19
6200,15,3,COMPLETED,7,2025-10-29 03:05:11,2025-10-29 03:05:18
6201,15,8,COMPLETED,12,2025-10-29 03:06:11,2025-10-29 03:06:23
6202,1000,23,COMPLETED,9,2026-02-05 00:38:20,2026-02-05 00:38:29
6203,229,2,COMPLETED,11,2025-10-05 16:06:50,2025-10-05 16:07:01
6204,229,5,COMPLETED,6,2025-10-05 16:08:50,2025-10-05 16:08:56
6205,229,9,COMPLETED,6,2025-10-05 16:10:50,2025-10-05 16:10:56
6206,465,17,COMPLETED,3,2025-10-02 07:19:15,2025-10-02 07:19:18
6207,465,16,COMPLETED,7,2025-10-02 07:24:15,2025-10-02 07:24:22
6208,17,6,COMPLETED,8,2026-02-26 22:26:53,2026-02-26 22:27:01
6209,1199,1,COMPLETED,7,2025-10-27 21:21:21,2025-10-27 21:21:28
6210,1199,3,COMPLETED,7,2025-10-27 21:24:21,2025-10-27 21:24:28
6211,1199,8,COMPLETED,6,2025-10-27 21:25:21,2025-10-27 21:25:27
6212,226,4,COMPLETED,8,2025-11-18 10:31:34,2025-11-18 10:31:42
6213,21,6,COMPLETED,12,2026-01-14 22:17:33,2026-01-14 22:17:45
6214,248,2,COMPLETED,11,2025-11-11 11:27:36,2025-11-11 11:27:47
6215,248,5,COMPLETED,11,2025-11-11 11:30:36,2025-11-11 11:30:47
6216,248,9,COMPLETED,10,2025-11-11 11:31:36,2025-11-11 11:31:46
6217,85,23,COMPLETED,10,2026-03-24 18:51:06,2026-03-24 18:51:16
6218,315,6,COMPLETED,11,2026-03-24 18:18:13,2026-03-24 18:18:24
6219,315,15,COMPLETED,9,2026-03-24 18:23:13,2026-03-24 18:23:22
6220,367,17,COMPLETED,7,2025-09-05 08:06:12,2025-09-05 08:06:19
6221,367,16,COMPLETED,9,2025-09-05 08:11:12,2025-09-05 08:11:21
6222,45,19,COMPLETED,6,2025-12-06 15:30:59,2025-12-06 15:31:05
6223,45,23,COMPLETED,5,2025-12-06 15:33:59,2025-12-06 15:34:04
6224,45,8,COMPLETED,4,2025-12-06 15:38:59,2025-12-06 15:39:03
6225,214,17,FAILED,11,2025-09-07 21:15:44,2025-09-07 21:15:55
6226,214,16,COMPLETED,11,2025-09-07 21:20:44,2025-09-07 21:20:55
6227,38,17,COMPLETED,11,2026-01-16 05:23:18,2026-01-16 05:23:29
6228,38,16,COMPLETED,5,2026-01-16 05:25:18,2026-01-16 05:25:23
6229,82,1,COMPLETED,11,2025-09-06 06:57:08,2025-09-06 06:57:19
6230,82,3,FAILED,5,2025-09-06 07:01:08,2025-09-06 07:01:13
6231,82,8,COMPLETED,7,2025-09-06 07:05:08,2025-09-06 07:05:15
6232,312,19,FAILED,9,2026-02-07 20:12:17,2026-02-07 20:12:26
6233,312,23,COMPLETED,12,2026-02-07 20:14:17,2026-02-07 20:14:29
6234,312,8,COMPLETED,13,2026-02-07 20:18:17,2026-02-07 20:18:30
6235,746,20,COMPLETED,9,2026-03-26 12:32:23,2026-03-26 12:32:32
6236,746,5,COMPLETED,14,2026-03-26 12:34:23,2026-03-26 12:34:37
6237,59,17,COMPLETED,5,2026-02-21 13:07:58,2026-02-21 13:08:03
6238,59,16,COMPLETED,6,2026-02-21 13:10:58,2026-02-21 13:11:04
6239,156,20,COMPLETED,13,2026-02-04 09:21:55,2026-02-04 09:22:08
6240,156,5,COMPLETED,6,2026-02-04 09:23:55,2026-02-04 09:24:01
6241,61,6,COMPLETED,5,2026-03-18 18:10:10,2026-03-18 18:10:15
6242,49,2,COMPLETED,11,2026-03-10 08:30:17,2026-03-10 08:30:28
6243,49,5,COMPLETED,9,2026-03-10 08:35:17,2026-03-10 08:35:26
6244,49,9,COMPLETED,6,2026-03-10 08:36:17,2026-03-10 08:36:23
6245,33,8,COMPLETED,4,2025-11-20 22:48:04,2025-11-20 22:48:08
6246,23,6,COMPLETED,5,2025-11-30 12:42:11,2025-11-30 12:42:16
6247,23,15,FAILED,6,2025-11-30 12:44:11,2025-11-30 12:44:17
6248,15,2,FAILED,4,2025-12-26 13:52:37,2025-12-26 13:52:41
6249,129,2,FAILED,9,2025-10-19 06:00:26,2025-10-19 06:00:35
6250,129,5,COMPLETED,9,2025-10-19 06:02:26,2025-10-19 06:02:35
6251,129,9,COMPLETED,12,2025-10-19 06:06:26,2025-10-19 06:06:38
6252,3,13,COMPLETED,8,2026-03-20 16:58:21,2026-03-20 16:58:29
6253,3,14,COMPLETED,5,2026-03-20 17:02:21,2026-03-20 17:02:26
6254,96,17,COMPLETED,6,2025-12-30 12:36:06,2025-12-30 12:36:12
6255,96,16,COMPLETED,13,2025-12-30 12:39:06,2025-12-30 12:39:19
6256,430,4,COMPLETED,6,2026-01-16 19:10:18,2026-01-16 19:10:24
6257,430,10,COMPLETED,9,2026-01-16 19:13:18,2026-01-16 19:13:27
6258,1157,17,COMPLETED,4,2026-03-20 14:16:03,2026-03-20 14:16:07
6259,189,20,FAILED,5,2026-03-03 18:41:13,2026-03-03 18:41:18
6260,189,5,COMPLETED,9,2026-03-03 18:45:13,2026-03-03 18:45:22
6261,143,3,COMPLETED,12,2025-12-16 22:50:14,2025-12-16 22:50:26
6262,35,2,COMPLETED,10,2026-02-14 21:24:45,2026-02-14 21:24:55
6263,244,13,COMPLETED,10,2025-11-21 04:47:08,2025-11-21 04:47:18
6264,244,14,FAILED,7,2025-11-21 04:51:08,2025-11-21 04:51:15
6265,971,13,COMPLETED,13,2025-11-13 13:59:16,2025-11-13 13:59:29
6266,971,14,COMPLETED,13,2025-11-13 14:04:16,2025-11-13 14:04:29
6267,682,20,COMPLETED,13,2026-01-22 22:09:25,2026-01-22 22:09:38
6268,682,5,FAILED,11,2026-01-22 22:14:25,2026-01-22 22:14:36
6269,244,4,COMPLETED,14,2026-03-15 12:46:18,2026-03-15 12:46:32
6270,244,10,COMPLETED,10,2026-03-15 12:48:18,2026-03-15 12:48:28
6271,1192,20,COMPLETED,4,2025-11-21 19:04:39,2025-11-21 19:04:43
6272,1192,5,COMPLETED,12,2025-11-21 19:07:39,2025-11-21 19:07:51
6273,298,13,COMPLETED,5,2025-11-17 01:51:24,2025-11-17 01:51:29
6274,298,14,COMPLETED,14,2025-11-17 01:53:24,2025-11-17 01:53:38
6275,69,11,COMPLETED,12,2026-01-18 08:04:36,2026-01-18 08:04:48
6276,85,17,FAILED,8,2025-10-24 19:08:50,2025-10-24 19:08:58
6277,85,16,COMPLETED,11,2025-10-24 19:13:50,2025-10-24 19:14:01
6278,1099,13,COMPLETED,5,2025-09-13 09:05:48,2025-09-13 09:05:53
6279,1099,14,COMPLETED,6,2025-09-13 09:08:48,2025-09-13 09:08:54
6280,769,20,COMPLETED,11,2025-09-19 23:28:14,2025-09-19 23:28:25
6281,769,5,COMPLETED,11,2025-09-19 23:33:14,2025-09-19 23:33:25
6282,108,13,COMPLETED,5,2026-03-20 05:22:33,2026-03-20 05:22:38
6283,108,14,COMPLETED,11,2026-03-20 05:24:33,2026-03-20 05:24:44
6284,315,23,COMPLETED,12,2026-02-09 18:21:26,2026-02-09 18:21:38
6285,548,8,COMPLETED,5,2026-03-27 02:31:44,2026-03-27 02:31:49
6286,106,12,COMPLETED,10,2025-11-25 17:49:21,2025-11-25 17:49:31
6287,18,13,FAILED,8,2025-11-16 22:14:10,2025-11-16 22:14:18
6288,18,14,FAILED,10,2025-11-16 22:16:10,2025-11-16 22:16:20
6289,362,1,COMPLETED,12,2026-01-01 01:32:25,2026-01-01 01:32:37
6290,362,3,COMPLETED,10,2026-01-01 01:35:25,2026-01-01 01:35:35
6291,362,8,COMPLETED,13,2026-01-01 01:36:25,2026-01-01 01:36:38
6292,41,19,COMPLETED,5,2025-12-12 03:39:51,2025-12-12 03:39:56
6293,41,23,FAILED,9,2025-12-12 03:41:51,2025-12-12 03:42:00
6294,41,8,COMPLETED,10,2025-12-12 03:43:51,2025-12-12 03:44:01
6295,55,1,COMPLETED,11,2026-01-15 13:03:19,2026-01-15 13:03:30
6296,55,3,FAILED,5,2026-01-15 13:07:19,2026-01-15 13:07:24
6297,55,8,COMPLETED,8,2026-01-15 13:09:19,2026-01-15 13:09:27
6298,222,2,COMPLETED,8,2025-10-16 07:21:24,2025-10-16 07:21:32
6299,222,5,COMPLETED,5,2025-10-16 07:25:24,2025-10-16 07:25:29
6300,222,9,COMPLETED,13,2025-10-16 07:25:24,2025-10-16 07:25:37
6301,609,6,COMPLETED,3,2026-03-05 04:07:51,2026-03-05 04:07:54
6302,1060,17,COMPLETED,13,2025-10-01 03:22:49,2025-10-01 03:23:02
6303,1060,16,COMPLETED,11,2025-10-01 03:25:49,2025-10-01 03:26:00
6304,1073,17,COMPLETED,6,2026-01-08 04:07:50,2026-01-08 04:07:56
6305,1073,16,FAILED,5,2026-01-08 04:12:50,2026-01-08 04:12:55
6306,34,13,COMPLETED,6,2025-10-23 00:16:22,2025-10-23 00:16:28
6307,34,14,COMPLETED,9,2025-10-23 00:18:22,2025-10-23 00:18:31
6308,1019,16,FAILED,12,2025-12-15 15:06:53,2025-12-15 15:07:05
6309,14,13,COMPLETED,5,2026-03-18 18:21:03,2026-03-18 18:21:08
6310,14,14,COMPLETED,13,2026-03-18 18:24:03,2026-03-18 18:24:16
6311,227,19,COMPLETED,6,2025-12-27 02:00:30,2025-12-27 02:00:36
6312,247,24,FAILED,8,2025-09-02 21:25:57,2025-09-02 21:26:05
6313,80,1,COMPLETED,6,2025-12-02 23:18:55,2025-12-02 23:19:01
6314,80,3,COMPLETED,4,2025-12-02 23:20:55,2025-12-02 23:20:59
6315,80,8,COMPLETED,4,2025-12-02 23:28:55,2025-12-02 23:28:59
6316,208,2,FAILED,7,2025-11-06 13:22:20,2025-11-06 13:22:27
6317,262,19,FAILED,13,2025-12-22 09:12:10,2025-12-22 09:12:23
6318,262,23,COMPLETED,6,2025-12-22 09:15:10,2025-12-22 09:15:16
6319,262,8,COMPLETED,4,2025-12-22 09:16:10,2025-12-22 09:16:14
6320,222,13,COMPLETED,14,2025-11-14 09:22:28,2025-11-14 09:22:42
6321,96,19,COMPLETED,11,2026-01-12 00:30:03,2026-01-12 00:30:14
6322,210,21,COMPLETED,8,2026-02-26 09:18:27,2026-02-26 09:18:35
6323,45,2,COMPLETED,11,2026-01-01 12:11:10,2026-01-01 12:11:21
6324,45,5,COMPLETED,6,2026-01-01 12:13:10,2026-01-01 12:13:16
6325,45,9,COMPLETED,8,2026-01-01 12:17:10,2026-01-01 12:17:18
6326,302,4,COMPLETED,5,2025-12-30 22:39:53,2025-12-30 22:39:58
6327,302,10,COMPLETED,6,2025-12-30 22:42:53,2025-12-30 22:42:59
6328,113,20,COMPLETED,11,2025-12-15 01:10:26,2025-12-15 01:10:37
6329,217,6,COMPLETED,9,2026-02-14 16:36:49,2026-02-14 16:36:58
6330,217,15,COMPLETED,9,2026-02-14 16:41:49,2026-02-14 16:41:58
6331,1108,3,COMPLETED,9,2025-11-16 09:53:38,2025-11-16 09:53:47
6332,372,17,COMPLETED,13,2026-02-24 11:52:54,2026-02-24 11:53:07
6333,372,16,COMPLETED,6,2026-02-24 11:55:54,2026-02-24 11:56:00
6334,341,2,FAILED,7,2026-01-23 18:35:21,2026-01-23 18:35:28
6335,341,5,COMPLETED,14,2026-01-23 18:38:21,2026-01-23 18:38:35
6336,341,9,FAILED,13,2026-01-23 18:41:21,2026-01-23 18:41:34
6337,751,2,COMPLETED,10,2026-02-15 08:47:53,2026-02-15 08:48:03
6338,1,20,COMPLETED,11,2026-03-06 23:38:18,2026-03-06 23:38:29
6339,1,5,COMPLETED,9,2026-03-06 23:43:18,2026-03-06 23:43:27
6340,1085,5,COMPLETED,13,2025-10-04 21:25:02,2025-10-04 21:25:15
6341,1001,20,COMPLETED,5,2026-01-24 16:08:21,2026-01-24 16:08:26
6342,1001,5,COMPLETED,7,2026-01-24 16:10:21,2026-01-24 16:10:28
6343,1054,22,COMPLETED,6,2025-09-28 19:43:25,2025-09-28 19:43:31
6344,140,9,COMPLETED,14,2026-03-11 06:02:20,2026-03-11 06:02:34
6345,46,1,FAILED,13,2025-09-08 15:11:39,2025-09-08 15:11:52
6346,46,3,COMPLETED,8,2025-09-08 15:15:39,2025-09-08 15:15:47
6347,46,8,FAILED,9,2025-09-08 15:17:39,2025-09-08 15:17:48
6348,239,8,COMPLETED,6,2026-02-21 07:35:06,2026-02-21 07:35:12
6349,700,20,COMPLETED,6,2025-10-27 13:53:18,2025-10-27 13:53:24
6350,700,5,COMPLETED,14,2025-10-27 13:56:18,2025-10-27 13:56:32
6351,30,1,COMPLETED,12,2026-01-19 21:05:10,2026-01-19 21:05:22
6352,85,23,COMPLETED,10,2026-02-28 21:30:53,2026-02-28 21:31:03
6353,73,13,COMPLETED,5,2025-09-14 05:02:27,2025-09-14 05:02:32
6354,73,14,COMPLETED,7,2025-09-14 05:05:27,2025-09-14 05:05:34
6355,212,17,COMPLETED,11,2026-03-22 19:03:31,2026-03-22 19:03:42
6356,212,16,FAILED,7,2026-03-22 19:07:31,2026-03-22 19:07:38
6357,25,7,COMPLETED,11,2025-12-21 14:13:09,2025-12-21 14:13:20
6358,551,1,COMPLETED,11,2026-03-23 03:32:21,2026-03-23 03:32:32
6359,551,3,COMPLETED,7,2026-03-23 03:35:21,2026-03-23 03:35:28
6360,551,8,FAILED,5,2026-03-23 03:36:21,2026-03-23 03:36:26
6361,355,11,COMPLETED,8,2025-11-30 11:04:06,2025-11-30 11:04:14
6362,40,1,COMPLETED,11,2026-01-09 03:02:08,2026-01-09 03:02:19
6363,40,3,COMPLETED,14,2026-01-09 03:07:08,2026-01-09 03:07:22
6364,40,8,COMPLETED,8,2026-01-09 03:06:08,2026-01-09 03:06:16
6365,313,7,COMPLETED,10,2026-03-19 03:48:24,2026-03-19 03:48:34
6366,4,13,COMPLETED,11,2025-11-28 03:05:28,2025-11-28 03:05:39
6367,169,13,COMPLETED,11,2026-02-14 04:10:16,2026-02-14 04:10:27
6368,169,14,COMPLETED,14,2026-02-14 04:14:16,2026-02-14 04:14:30
6369,55,19,COMPLETED,10,2025-11-19 01:54:00,2025-11-19 01:54:10
6370,55,23,COMPLETED,12,2025-11-19 01:58:00,2025-11-19 01:58:12
6371,55,8,FAILED,9,2025-11-19 01:58:00,2025-11-19 01:58:09
6372,791,17,FAILED,8,2026-02-15 15:46:19,2026-02-15 15:46:27
6373,126,19,COMPLETED,12,2025-12-31 22:02:20,2025-12-31 22:02:32
6374,126,23,COMPLETED,4,2025-12-31 22:05:20,2025-12-31 22:05:24
6375,126,8,COMPLETED,3,2025-12-31 22:10:20,2025-12-31 22:10:23
6376,328,12,COMPLETED,9,2025-11-09 06:38:43,2025-11-09 06:38:52
6377,3,16,FAILED,8,2026-02-12 08:33:17,2026-02-12 08:33:25
6378,17,20,FAILED,10,2026-01-30 09:40:07,2026-01-30 09:40:17
6379,17,5,COMPLETED,7,2026-01-30 09:45:07,2026-01-30 09:45:14
6380,724,6,COMPLETED,10,2026-03-07 17:00:50,2026-03-07 17:01:00
6381,724,15,COMPLETED,8,2026-03-07 17:05:50,2026-03-07 17:05:58
6382,17,21,COMPLETED,10,2025-11-20 00:04:54,2025-11-20 00:05:04
6383,1038,21,COMPLETED,5,2025-11-29 04:27:05,2025-11-29 04:27:10
6384,609,19,COMPLETED,12,2026-02-19 07:49:16,2026-02-19 07:49:28
6385,609,23,COMPLETED,10,2026-02-19 07:54:16,2026-02-19 07:54:26
6386,609,8,FAILED,13,2026-02-19 07:53:16,2026-02-19 07:53:29
6387,281,9,COMPLETED,14,2025-12-08 12:54:14,2025-12-08 12:54:28
6388,375,6,COMPLETED,5,2025-12-03 12:58:45,2025-12-03 12:58:50
6389,375,15,COMPLETED,14,2025-12-03 13:02:45,2025-12-03 13:02:59
6390,12,20,COMPLETED,4,2026-01-28 09:36:15,2026-01-28 09:36:19
6391,12,5,FAILED,7,2026-01-28 09:39:15,2026-01-28 09:39:22
6392,88,13,COMPLETED,9,2025-11-07 08:28:54,2025-11-07 08:29:03
6393,88,14,COMPLETED,9,2025-11-07 08:30:54,2025-11-07 08:31:03
6394,327,17,COMPLETED,11,2026-02-07 14:28:52,2026-02-07 14:29:03
6395,327,16,COMPLETED,4,2026-02-07 14:32:52,2026-02-07 14:32:56
6396,352,4,COMPLETED,7,2026-02-05 09:09:25,2026-02-05 09:09:32
6397,80,19,COMPLETED,5,2026-02-18 09:20:52,2026-02-18 09:20:57
6398,80,23,COMPLETED,11,2026-02-18 09:22:52,2026-02-18 09:23:03
6399,80,8,COMPLETED,12,2026-02-18 09:30:52,2026-02-18 09:31:04
6400,9,2,COMPLETED,6,2026-02-05 00:59:56,2026-02-05 01:00:02
6401,9,5,COMPLETED,4,2026-02-05 01:01:56,2026-02-05 01:02:00
6402,9,9,COMPLETED,13,2026-02-05 01:03:56,2026-02-05 01:04:09
6403,348,19,COMPLETED,13,2026-01-06 22:08:04,2026-01-06 22:08:17
6404,348,23,COMPLETED,4,2026-01-06 22:12:04,2026-01-06 22:12:08
6405,348,8,COMPLETED,11,2026-01-06 22:14:04,2026-01-06 22:14:15
6406,38,6,COMPLETED,6,2025-11-26 00:12:52,2025-11-26 00:12:58
6407,38,15,COMPLETED,7,2025-11-26 00:15:52,2025-11-26 00:15:59
6408,91,19,COMPLETED,14,2025-12-09 10:58:17,2025-12-09 10:58:31
6409,91,23,COMPLETED,4,2025-12-09 11:02:17,2025-12-09 11:02:21
6410,91,8,COMPLETED,11,2025-12-09 11:04:17,2025-12-09 11:04:28
6411,287,1,FAILED,5,2025-12-30 19:01:47,2025-12-30 19:01:52
6412,11,13,COMPLETED,5,2025-11-29 15:42:04,2025-11-29 15:42:09
6413,11,14,COMPLETED,4,2025-11-29 15:45:04,2025-11-29 15:45:08
6414,88,19,COMPLETED,5,2025-10-02 11:15:54,2025-10-02 11:15:59
6415,88,23,COMPLETED,14,2025-10-02 11:17:54,2025-10-02 11:18:08
6416,88,8,FAILED,5,2025-10-02 11:21:54,2025-10-02 11:21:59
6417,729,20,COMPLETED,5,2025-09-09 06:01:41,2025-09-09 06:01:46
6418,729,5,COMPLETED,11,2025-09-09 06:06:41,2025-09-09 06:06:52
6419,228,17,COMPLETED,4,2025-09-08 12:25:12,2025-09-08 12:25:16
6420,228,16,COMPLETED,5,2025-09-08 12:28:12,2025-09-08 12:28:17
6421,184,19,COMPLETED,12,2025-12-15 21:19:15,2025-12-15 21:19:27
6422,23,2,COMPLETED,7,2026-01-21 01:30:16,2026-01-21 01:30:23
6423,23,5,COMPLETED,13,2026-01-21 01:32:16,2026-01-21 01:32:29
6424,23,9,COMPLETED,6,2026-01-21 01:40:16,2026-01-21 01:40:22
6425,198,1,FAILED,12,2025-09-25 04:55:41,2025-09-25 04:55:53
6426,198,3,COMPLETED,9,2025-09-25 04:59:41,2025-09-25 04:59:50
6427,198,8,COMPLETED,8,2025-09-25 04:59:41,2025-09-25 04:59:49
6428,139,22,COMPLETED,14,2026-02-07 09:56:01,2026-02-07 09:56:15
6429,9,4,COMPLETED,14,2025-11-14 15:22:50,2025-11-14 15:23:04
6430,9,10,COMPLETED,9,2025-11-14 15:24:50,2025-11-14 15:24:59
6431,1062,2,COMPLETED,5,2025-10-07 19:49:50,2025-10-07 19:49:55
6432,1062,5,FAILED,13,2025-10-07 19:51:50,2025-10-07 19:52:03
6433,1062,9,COMPLETED,9,2025-10-07 19:59:50,2025-10-07 19:59:59
6434,98,18,COMPLETED,4,2025-12-17 08:47:06,2025-12-17 08:47:10
6435,802,19,COMPLETED,6,2025-11-30 20:25:04,2025-11-30 20:25:10
6436,802,23,COMPLETED,7,2025-11-30 20:27:04,2025-11-30 20:27:11
6437,802,8,COMPLETED,8,2025-11-30 20:35:04,2025-11-30 20:35:12
6438,905,17,FAILED,10,2026-03-27 02:12:43,2026-03-27 02:12:53
6439,905,16,COMPLETED,4,2026-03-27 02:17:43,2026-03-27 02:17:47
6440,297,17,COMPLETED,13,2025-11-20 04:30:57,2025-11-20 04:31:10
6441,297,16,COMPLETED,12,2025-11-20 04:35:57,2025-11-20 04:36:09
6442,657,13,COMPLETED,6,2026-01-07 23:43:28,2026-01-07 23:43:34
6443,657,14,COMPLETED,5,2026-01-07 23:46:28,2026-01-07 23:46:33
6444,1129,2,COMPLETED,4,2026-02-22 15:32:16,2026-02-22 15:32:20
6445,1129,5,COMPLETED,5,2026-02-22 15:35:16,2026-02-22 15:35:21
6446,1129,9,FAILED,12,2026-02-22 15:36:16,2026-02-22 15:36:28
6447,79,19,FAILED,14,2026-02-17 02:48:22,2026-02-17 02:48:36
6448,860,1,COMPLETED,14,2026-03-05 16:25:00,2026-03-05 16:25:14
6449,90,25,FAILED,10,2026-01-10 18:53:12,2026-01-10 18:53:22
6450,942,19,FAILED,14,2026-02-27 16:21:53,2026-02-27 16:22:07
6451,942,23,COMPLETED,8,2026-02-27 16:23:53,2026-02-27 16:24:01
6452,942,8,COMPLETED,6,2026-02-27 16:31:53,2026-02-27 16:31:59
6453,124,2,COMPLETED,11,2026-02-26 14:03:59,2026-02-26 14:04:10
6454,124,5,COMPLETED,7,2026-02-26 14:08:59,2026-02-26 14:09:06
6455,124,9,COMPLETED,13,2026-02-26 14:07:59,2026-02-26 14:08:12
6456,836,2,FAILED,10,2025-11-05 10:07:08,2025-11-05 10:07:18
6457,11,1,COMPLETED,13,2025-10-23 02:21:37,2025-10-23 02:21:50
6458,11,3,COMPLETED,6,2025-10-23 02:23:37,2025-10-23 02:23:43
6459,11,8,FAILED,3,2025-10-23 02:25:37,2025-10-23 02:25:40
6460,400,14,COMPLETED,7,2025-11-19 17:39:49,2025-11-19 17:39:56
6461,719,2,COMPLETED,5,2025-11-24 15:56:10,2025-11-24 15:56:15
6462,719,5,COMPLETED,13,2025-11-24 16:01:10,2025-11-24 16:01:23
6463,719,9,COMPLETED,14,2025-11-24 16:06:10,2025-11-24 16:06:24
6464,21,19,FAILED,10,2025-11-07 14:03:03,2025-11-07 14:03:13
6465,21,23,FAILED,5,2025-11-07 14:05:03,2025-11-07 14:05:08
6466,21,8,COMPLETED,9,2025-11-07 14:09:03,2025-11-07 14:09:12
6467,316,1,COMPLETED,8,2026-02-20 19:51:18,2026-02-20 19:51:26
6468,1091,13,COMPLETED,8,2026-02-27 14:14:04,2026-02-27 14:14:12
6469,1091,14,COMPLETED,10,2026-02-27 14:18:04,2026-02-27 14:18:14
6470,410,8,COMPLETED,11,2025-12-30 11:50:39,2025-12-30 11:50:50
6471,923,6,COMPLETED,13,2026-01-21 20:47:23,2026-01-21 20:47:36
6472,923,15,COMPLETED,13,2026-01-21 20:50:23,2026-01-21 20:50:36
6473,227,17,COMPLETED,4,2025-12-13 14:52:55,2025-12-13 14:52:59
6474,227,16,COMPLETED,13,2025-12-13 14:55:55,2025-12-13 14:56:08
6475,271,14,COMPLETED,8,2025-11-22 23:47:26,2025-11-22 23:47:34
6476,49,19,FAILED,10,2026-02-22 05:59:27,2026-02-22 05:59:37
6477,49,23,COMPLETED,11,2026-02-22 06:04:27,2026-02-22 06:04:38
6478,49,8,FAILED,12,2026-02-22 06:09:27,2026-02-22 06:09:39
6479,373,17,COMPLETED,4,2026-03-22 22:55:48,2026-03-22 22:55:52
6480,373,16,FAILED,9,2026-03-22 23:00:48,2026-03-22 23:00:57
6481,2,13,COMPLETED,13,2025-09-21 13:39:17,2025-09-21 13:39:30
6482,2,14,COMPLETED,6,2025-09-21 13:43:17,2025-09-21 13:43:23
6483,1139,17,COMPLETED,6,2026-03-04 17:43:27,2026-03-04 17:43:33
6484,1139,16,COMPLETED,4,2026-03-04 17:47:27,2026-03-04 17:47:31
6485,367,11,COMPLETED,6,2025-11-19 19:25:14,2025-11-19 19:25:20
6486,6,2,COMPLETED,5,2026-03-05 22:37:55,2026-03-05 22:38:00
6487,139,6,COMPLETED,9,2026-03-01 12:51:47,2026-03-01 12:51:56
6488,139,15,COMPLETED,9,2026-03-01 12:53:47,2026-03-01 12:53:56
6489,797,13,COMPLETED,4,2026-03-11 03:01:49,2026-03-11 03:01:53
6490,797,14,COMPLETED,4,2026-03-11 03:04:49,2026-03-11 03:04:53
6491,733,6,COMPLETED,11,2025-09-20 20:53:15,2025-09-20 20:53:26
6492,733,15,COMPLETED,5,2025-09-20 20:56:15,2025-09-20 20:56:20
6493,564,13,COMPLETED,12,2026-03-16 15:07:33,2026-03-16 15:07:45
6494,564,14,COMPLETED,5,2026-03-16 15:11:33,2026-03-16 15:11:38
6495,744,13,COMPLETED,12,2025-11-26 04:06:46,2025-11-26 04:06:58
6496,215,13,COMPLETED,13,2026-02-23 17:04:59,2026-02-23 17:05:12
6497,215,14,COMPLETED,12,2026-02-23 17:06:59,2026-02-23 17:07:11
6498,386,11,COMPLETED,13,2025-11-22 15:15:35,2025-11-22 15:15:48
6499,55,17,COMPLETED,8,2026-03-04 21:53:38,2026-03-04 21:53:46
6500,55,16,COMPLETED,12,2026-03-04 21:58:38,2026-03-04 21:58:50
6501,145,25,COMPLETED,4,2025-09-18 05:01:32,2025-09-18 05:01:36
6502,328,1,COMPLETED,9,2025-10-20 14:16:25,2025-10-20 14:16:34
6503,328,3,COMPLETED,8,2025-10-20 14:21:25,2025-10-20 14:21:33
6504,328,8,COMPLETED,10,2025-10-20 14:20:25,2025-10-20 14:20:35
6505,174,1,COMPLETED,6,2026-03-18 17:53:14,2026-03-18 17:53:20
6506,174,3,COMPLETED,7,2026-03-18 17:57:14,2026-03-18 17:57:21
6507,174,8,COMPLETED,12,2026-03-18 17:57:14,2026-03-18 17:57:26
6508,69,6,COMPLETED,14,2025-12-21 04:29:54,2025-12-21 04:30:08
6509,69,15,COMPLETED,11,2025-12-21 04:34:54,2025-12-21 04:35:05
6510,18,13,COMPLETED,12,2026-02-07 18:16:05,2026-02-07 18:16:17
6511,18,14,COMPLETED,13,2026-02-07 18:18:05,2026-02-07 18:18:18
6512,275,24,COMPLETED,5,2026-01-06 03:27:46,2026-01-06 03:27:51
6513,78,22,COMPLETED,11,2026-02-19 06:24:04,2026-02-19 06:24:15
6514,371,17,COMPLETED,6,2026-02-24 08:08:12,2026-02-24 08:08:18
6515,371,16,COMPLETED,13,2026-02-24 08:12:12,2026-02-24 08:12:25
6516,85,17,COMPLETED,4,2025-12-25 11:21:16,2025-12-25 11:21:20
6517,85,16,COMPLETED,10,2025-12-25 11:23:16,2025-12-25 11:23:26
6518,41,2,COMPLETED,7,2026-01-11 09:52:27,2026-01-11 09:52:34
6519,1048,19,COMPLETED,11,2025-12-26 15:53:02,2025-12-26 15:53:13
6520,1048,23,FAILED,4,2025-12-26 15:55:02,2025-12-26 15:55:06
6521,1048,8,COMPLETED,8,2025-12-26 15:59:02,2025-12-26 15:59:10
6522,246,19,COMPLETED,6,2026-01-15 18:10:00,2026-01-15 18:10:06
6523,246,23,COMPLETED,13,2026-01-15 18:12:00,2026-01-15 18:12:13
6524,246,8,COMPLETED,13,2026-01-15 18:16:00,2026-01-15 18:16:13
6525,74,17,COMPLETED,6,2026-03-09 18:18:42,2026-03-09 18:18:48
6526,74,16,COMPLETED,7,2026-03-09 18:21:42,2026-03-09 18:21:49
6527,24,5,COMPLETED,8,2025-09-26 02:51:38,2025-09-26 02:51:46
6528,69,1,COMPLETED,14,2025-10-05 00:08:19,2025-10-05 00:08:33
6529,69,3,COMPLETED,13,2025-10-05 00:11:19,2025-10-05 00:11:32
6530,69,8,COMPLETED,4,2025-10-05 00:12:19,2025-10-05 00:12:23
6531,206,4,COMPLETED,6,2025-12-08 09:21:36,2025-12-08 09:21:42
6532,206,10,FAILED,7,2025-12-08 09:24:36,2025-12-08 09:24:43
6533,438,19,COMPLETED,5,2025-12-02 13:04:46,2025-12-02 13:04:51
6534,438,23,COMPLETED,13,2025-12-02 13:09:46,2025-12-02 13:09:59
6535,438,8,COMPLETED,11,2025-12-02 13:10:46,2025-12-02 13:10:57
6536,75,20,FAILED,10,2026-03-10 10:05:11,2026-03-10 10:05:21
6537,75,5,FAILED,8,2026-03-10 10:08:11,2026-03-10 10:08:19
6538,58,13,COMPLETED,6,2025-10-01 22:46:23,2025-10-01 22:46:29
6539,58,14,COMPLETED,6,2025-10-01 22:50:23,2025-10-01 22:50:29
6540,3,2,FAILED,6,2026-01-18 18:22:48,2026-01-18 18:22:54
6541,3,5,COMPLETED,5,2026-01-18 18:26:48,2026-01-18 18:26:53
6542,3,9,COMPLETED,5,2026-01-18 18:32:48,2026-01-18 18:32:53
6543,268,18,FAILED,12,2025-12-13 17:11:28,2025-12-13 17:11:40
6544,335,10,FAILED,6,2026-03-01 08:34:17,2026-03-01 08:34:23
6545,354,20,COMPLETED,14,2025-10-20 16:08:41,2025-10-20 16:08:55
6546,354,5,COMPLETED,11,2025-10-20 16:10:41,2025-10-20 16:10:52
6547,85,6,COMPLETED,8,2026-02-18 18:19:29,2026-02-18 18:19:37
6548,85,15,COMPLETED,7,2026-02-18 18:22:29,2026-02-18 18:22:36
6549,108,13,COMPLETED,9,2025-12-21 15:58:03,2025-12-21 15:58:12
6550,108,14,COMPLETED,14,2025-12-21 16:02:03,2025-12-21 16:02:17
6551,476,13,COMPLETED,12,2025-09-25 13:45:20,2025-09-25 13:45:32
6552,476,14,FAILED,7,2025-09-25 13:47:20,2025-09-25 13:47:27
6553,616,2,COMPLETED,11,2025-11-20 23:34:06,2025-11-20 23:34:17
6554,616,5,COMPLETED,5,2025-11-20 23:38:06,2025-11-20 23:38:11
6555,616,9,COMPLETED,8,2025-11-20 23:40:06,2025-11-20 23:40:14
6556,44,5,FAILED,13,2026-01-05 21:09:21,2026-01-05 21:09:34
6557,346,1,FAILED,5,2026-03-08 13:13:55,2026-03-08 13:14:00
6558,346,3,COMPLETED,7,2026-03-08 13:18:55,2026-03-08 13:19:02
6559,346,8,FAILED,7,2026-03-08 13:23:55,2026-03-08 13:24:02
6560,1128,20,COMPLETED,12,2026-01-28 20:12:57,2026-01-28 20:13:09
6561,1128,5,FAILED,11,2026-01-28 20:15:57,2026-01-28 20:16:08
6562,46,14,COMPLETED,9,2026-02-28 06:00:56,2026-02-28 06:01:05
6563,967,21,COMPLETED,12,2025-09-16 18:53:27,2025-09-16 18:53:39
6564,41,13,COMPLETED,5,2025-09-15 19:12:52,2025-09-15 19:12:57
6565,41,14,COMPLETED,9,2025-09-15 19:16:52,2025-09-15 19:17:01
6566,229,1,COMPLETED,12,2026-03-08 02:08:08,2026-03-08 02:08:20
6567,229,3,COMPLETED,10,2026-03-08 02:11:08,2026-03-08 02:11:18
6568,229,8,COMPLETED,13,2026-03-08 02:14:08,2026-03-08 02:14:21
6569,283,2,COMPLETED,14,2026-02-05 06:54:53,2026-02-05 06:55:07
6570,1122,2,COMPLETED,7,2026-03-03 18:59:52,2026-03-03 18:59:59
6571,93,19,COMPLETED,6,2025-12-15 15:35:43,2025-12-15 15:35:49
6572,93,23,COMPLETED,12,2025-12-15 15:38:43,2025-12-15 15:38:55
6573,93,8,COMPLETED,8,2025-12-15 15:39:43,2025-12-15 15:39:51
6574,246,17,COMPLETED,4,2025-09-26 14:12:47,2025-09-26 14:12:51
6575,246,16,COMPLETED,6,2025-09-26 14:16:47,2025-09-26 14:16:53
6576,282,24,FAILED,8,2026-03-01 07:37:49,2026-03-01 07:37:57
6577,75,11,COMPLETED,5,2025-10-15 11:13:04,2025-10-15 11:13:09
6578,109,13,FAILED,7,2026-02-14 23:57:19,2026-02-14 23:57:26
6579,109,14,COMPLETED,4,2026-02-14 23:59:19,2026-02-14 23:59:23
6580,89,3,COMPLETED,4,2026-02-28 19:32:51,2026-02-28 19:32:55
6581,70,9,COMPLETED,13,2025-10-18 14:59:32,2025-10-18 14:59:45
6582,420,10,FAILED,6,2026-03-29 12:00:18,2026-03-29 12:00:24
6583,193,16,COMPLETED,13,2025-12-10 03:49:34,2025-12-10 03:49:47
6584,389,2,COMPLETED,7,2026-03-16 09:56:23,2026-03-16 09:56:30
6585,389,5,COMPLETED,6,2026-03-16 09:59:23,2026-03-16 09:59:29
6586,389,9,COMPLETED,13,2026-03-16 10:00:23,2026-03-16 10:00:36
6587,418,4,COMPLETED,7,2026-01-15 12:26:38,2026-01-15 12:26:45
6588,11,6,COMPLETED,6,2025-09-04 10:52:04,2025-09-04 10:52:10
6589,11,15,COMPLETED,7,2025-09-04 10:55:04,2025-09-04 10:55:11
6590,229,3,COMPLETED,10,2025-12-01 05:46:08,2025-12-01 05:46:18
6591,324,16,COMPLETED,10,2026-01-16 09:19:37,2026-01-16 09:19:47
6592,678,6,COMPLETED,4,2025-09-21 08:03:21,2025-09-21 08:03:25
6593,678,15,COMPLETED,8,2025-09-21 08:05:21,2025-09-21 08:05:29
6594,195,19,COMPLETED,7,2026-02-25 07:20:22,2026-02-25 07:20:29
6595,195,23,COMPLETED,5,2026-02-25 07:24:22,2026-02-25 07:24:27
6596,195,8,COMPLETED,8,2026-02-25 07:30:22,2026-02-25 07:30:30
6597,207,11,COMPLETED,10,2026-01-22 00:09:23,2026-01-22 00:09:33
6598,94,13,COMPLETED,4,2026-03-11 17:25:05,2026-03-11 17:25:09
6599,94,14,COMPLETED,4,2026-03-11 17:30:05,2026-03-11 17:30:09
6600,77,9,COMPLETED,9,2025-09-26 07:31:03,2025-09-26 07:31:12
6601,1,19,COMPLETED,8,2025-10-30 10:36:23,2025-10-30 10:36:31
6602,1,23,COMPLETED,7,2025-10-30 10:41:23,2025-10-30 10:41:30
6603,1,8,COMPLETED,8,2025-10-30 10:42:23,2025-10-30 10:42:31
6604,762,17,COMPLETED,3,2025-11-04 23:59:51,2025-11-04 23:59:54
6605,762,16,COMPLETED,12,2025-11-05 00:04:51,2025-11-05 00:05:03
6606,9,6,COMPLETED,14,2025-09-28 01:03:39,2025-09-28 01:03:53
6607,9,15,FAILED,10,2025-09-28 01:05:39,2025-09-28 01:05:49
6608,1022,1,FAILED,9,2026-03-02 17:27:56,2026-03-02 17:28:05
6609,1022,3,COMPLETED,8,2026-03-02 17:31:56,2026-03-02 17:32:04
6610,1022,8,FAILED,12,2026-03-02 17:37:56,2026-03-02 17:38:08
6611,133,13,COMPLETED,12,2025-12-01 20:45:37,2025-12-01 20:45:49
6612,133,14,FAILED,6,2025-12-01 20:50:37,2025-12-01 20:50:43
6613,76,20,COMPLETED,6,2025-10-07 04:54:32,2025-10-07 04:54:38
6614,76,5,COMPLETED,10,2025-10-07 04:57:32,2025-10-07 04:57:42
6615,62,19,COMPLETED,14,2025-11-11 07:29:03,2025-11-11 07:29:17
6616,62,23,COMPLETED,5,2025-11-11 07:34:03,2025-11-11 07:34:08
6617,62,8,COMPLETED,12,2025-11-11 07:39:03,2025-11-11 07:39:15
6618,796,4,COMPLETED,13,2025-12-07 13:43:44,2025-12-07 13:43:57
6619,796,10,COMPLETED,13,2025-12-07 13:48:44,2025-12-07 13:48:57
6620,177,19,COMPLETED,7,2026-02-27 11:25:53,2026-02-27 11:26:00
6621,177,23,FAILED,11,2026-02-27 11:30:53,2026-02-27 11:31:04
6622,177,8,FAILED,8,2026-02-27 11:31:53,2026-02-27 11:32:01
6623,162,20,COMPLETED,12,2026-03-24 03:19:05,2026-03-24 03:19:17
6624,31,19,COMPLETED,6,2026-02-11 01:26:17,2026-02-11 01:26:23
6625,31,23,COMPLETED,11,2026-02-11 01:30:17,2026-02-11 01:30:28
6626,31,8,COMPLETED,10,2026-02-11 01:36:17,2026-02-11 01:36:27
6627,505,13,COMPLETED,10,2025-10-30 02:39:49,2025-10-30 02:39:59
6628,505,14,FAILED,9,2025-10-30 02:43:49,2025-10-30 02:43:58
6629,358,19,COMPLETED,5,2026-01-20 21:30:38,2026-01-20 21:30:43
6630,358,23,COMPLETED,4,2026-01-20 21:34:38,2026-01-20 21:34:42
6631,358,8,FAILED,13,2026-01-20 21:38:38,2026-01-20 21:38:51
6632,194,1,COMPLETED,7,2026-03-25 12:07:20,2026-03-25 12:07:27
6633,194,3,COMPLETED,6,2026-03-25 12:10:20,2026-03-25 12:10:26
6634,194,8,FAILED,12,2026-03-25 12:11:20,2026-03-25 12:11:32
6635,367,4,COMPLETED,13,2025-10-18 18:54:49,2025-10-18 18:55:02
6636,367,10,COMPLETED,13,2025-10-18 18:56:49,2025-10-18 18:57:02
6637,19,19,COMPLETED,6,2026-01-22 07:00:51,2026-01-22 07:00:57
6638,19,23,COMPLETED,9,2026-01-22 07:05:51,2026-01-22 07:06:00
6639,19,8,COMPLETED,9,2026-01-22 07:10:51,2026-01-22 07:11:00
6640,445,24,COMPLETED,8,2026-02-11 00:12:01,2026-02-11 00:12:09
6641,360,4,COMPLETED,14,2026-03-09 23:57:19,2026-03-09 23:57:33
6642,360,10,COMPLETED,5,2026-03-10 00:01:19,2026-03-10 00:01:24
6643,312,20,COMPLETED,4,2025-11-10 23:43:25,2025-11-10 23:43:29
6644,312,5,COMPLETED,4,2025-11-10 23:46:25,2025-11-10 23:46:29
6645,43,22,COMPLETED,11,2025-09-18 18:03:29,2025-09-18 18:03:40
6646,327,4,COMPLETED,8,2026-02-25 03:55:24,2026-02-25 03:55:32
6647,327,10,COMPLETED,6,2026-02-25 04:00:24,2026-02-25 04:00:30
6648,297,17,COMPLETED,4,2026-02-06 20:46:34,2026-02-06 20:46:38
6649,297,16,FAILED,9,2026-02-06 20:51:34,2026-02-06 20:51:43
6650,85,6,FAILED,14,2026-02-07 11:45:18,2026-02-07 11:45:32
6651,85,15,COMPLETED,13,2026-02-07 11:47:18,2026-02-07 11:47:31
6652,24,16,FAILED,14,2026-01-04 07:48:17,2026-01-04 07:48:31
6653,374,19,COMPLETED,10,2025-11-21 08:35:53,2025-11-21 08:36:03
6654,67,19,FAILED,15,2026-01-21 11:42:20,2026-01-21 11:42:35
6655,570,20,COMPLETED,10,2025-11-30 13:25:26,2025-11-30 13:25:36
6656,570,5,COMPLETED,13,2025-11-30 13:29:26,2025-11-30 13:29:39
6657,96,2,COMPLETED,5,2026-01-31 10:15:09,2026-01-31 10:15:14
6658,96,5,COMPLETED,6,2026-01-31 10:20:09,2026-01-31 10:20:15
6659,96,9,FAILED,8,2026-01-31 10:25:09,2026-01-31 10:25:17
6660,262,2,FAILED,3,2025-11-13 22:06:26,2025-11-13 22:06:29
6661,262,5,COMPLETED,5,2025-11-13 22:11:26,2025-11-13 22:11:31
6662,262,9,COMPLETED,11,2025-11-13 22:12:26,2025-11-13 22:12:37
6663,1086,17,COMPLETED,6,2025-12-25 13:58:50,2025-12-25 13:58:56
6664,1086,16,FAILED,4,2025-12-25 14:00:50,2025-12-25 14:00:54
6665,490,1,COMPLETED,7,2025-12-04 23:03:48,2025-12-04 23:03:55
6666,490,3,FAILED,3,2025-12-04 23:07:48,2025-12-04 23:07:51
6667,490,8,COMPLETED,11,2025-12-04 23:11:48,2025-12-04 23:11:59
6668,103,1,COMPLETED,10,2025-12-02 09:25:33,2025-12-02 09:25:43
6669,103,3,COMPLETED,7,2025-12-02 09:28:33,2025-12-02 09:28:40
6670,103,8,COMPLETED,11,2025-12-02 09:31:33,2025-12-02 09:31:44
6671,107,17,COMPLETED,13,2026-01-28 21:40:12,2026-01-28 21:40:25
6672,107,16,COMPLETED,12,2026-01-28 21:45:12,2026-01-28 21:45:24
6673,80,1,FAILED,10,2026-02-04 11:45:16,2026-02-04 11:45:26
6674,80,3,COMPLETED,12,2026-02-04 11:47:16,2026-02-04 11:47:28
6675,80,8,COMPLETED,13,2026-02-04 11:55:16,2026-02-04 11:55:29
6676,271,1,COMPLETED,12,2025-10-16 06:47:49,2025-10-16 06:48:01
6677,271,3,COMPLETED,8,2025-10-16 06:51:49,2025-10-16 06:51:57
6678,271,8,COMPLETED,13,2025-10-16 06:55:49,2025-10-16 06:56:02
6679,93,1,COMPLETED,9,2025-10-07 00:18:22,2025-10-07 00:18:31
6680,93,3,COMPLETED,7,2025-10-07 00:20:22,2025-10-07 00:20:29
6681,93,8,COMPLETED,6,2025-10-07 00:22:22,2025-10-07 00:22:28
6682,844,6,COMPLETED,8,2026-03-09 03:36:18,2026-03-09 03:36:26
6683,844,15,COMPLETED,11,2026-03-09 03:39:18,2026-03-09 03:39:29
6684,72,1,COMPLETED,5,2026-03-25 20:45:56,2026-03-25 20:46:01
6685,72,3,COMPLETED,11,2026-03-25 20:50:56,2026-03-25 20:51:07
6686,72,8,COMPLETED,6,2026-03-25 20:49:56,2026-03-25 20:50:02
6687,434,4,COMPLETED,5,2026-03-14 12:08:47,2026-03-14 12:08:52
6688,434,10,FAILED,6,2026-03-14 12:13:47,2026-03-14 12:13:53
6689,711,1,COMPLETED,12,2025-12-21 21:17:37,2025-12-21 21:17:49
6690,711,3,COMPLETED,7,2025-12-21 21:20:37,2025-12-21 21:20:44
6691,711,8,COMPLETED,11,2025-12-21 21:25:37,2025-12-21 21:25:48
6692,51,9,COMPLETED,8,2025-09-08 19:58:34,2025-09-08 19:58:42
6693,266,21,COMPLETED,6,2025-09-21 22:08:49,2025-09-21 22:08:55
6694,90,23,COMPLETED,5,2025-12-16 21:47:14,2025-12-16 21:47:19
6695,52,20,COMPLETED,11,2025-11-18 04:47:22,2025-11-18 04:47:33
6696,52,5,COMPLETED,7,2025-11-18 04:49:22,2025-11-18 04:49:29
6697,346,19,COMPLETED,14,2026-02-14 23:40:59,2026-02-14 23:41:13
6698,293,1,COMPLETED,12,2025-11-26 08:49:12,2025-11-26 08:49:24
6699,293,3,COMPLETED,5,2025-11-26 08:53:12,2025-11-26 08:53:17
6700,293,8,FAILED,4,2025-11-26 08:59:12,2025-11-26 08:59:16
6701,511,17,COMPLETED,10,2025-11-26 21:46:39,2025-11-26 21:46:49
6702,511,16,COMPLETED,13,2025-11-26 21:48:39,2025-11-26 21:48:52
6703,842,17,COMPLETED,10,2026-03-30 05:07:48,2026-03-30 05:07:58
6704,842,16,COMPLETED,7,2026-03-30 05:11:48,2026-03-30 05:11:55
6705,290,7,COMPLETED,8,2026-03-19 13:53:18,2026-03-19 13:53:26
6706,271,1,COMPLETED,5,2025-09-03 19:39:53,2025-09-03 19:39:58
6707,271,3,COMPLETED,11,2025-09-03 19:42:53,2025-09-03 19:43:04
6708,271,8,COMPLETED,8,2025-09-03 19:49:53,2025-09-03 19:50:01
6709,367,1,COMPLETED,7,2026-02-26 16:35:58,2026-02-26 16:36:05
6710,208,13,COMPLETED,9,2025-10-23 04:30:41,2025-10-23 04:30:50
6711,208,14,COMPLETED,7,2025-10-23 04:35:41,2025-10-23 04:35:48
6712,498,19,COMPLETED,11,2025-12-15 13:59:33,2025-12-15 13:59:44
6713,498,23,COMPLETED,3,2025-12-15 14:04:33,2025-12-15 14:04:36
6714,498,8,COMPLETED,7,2025-12-15 14:07:33,2025-12-15 14:07:40
6715,315,6,COMPLETED,9,2026-03-23 14:41:04,2026-03-23 14:41:13
6716,315,15,COMPLETED,6,2026-03-23 14:46:04,2026-03-23 14:46:10
6717,267,13,COMPLETED,7,2025-11-13 22:54:08,2025-11-13 22:54:15
6718,267,14,COMPLETED,11,2025-11-13 22:57:08,2025-11-13 22:57:19
6719,1083,13,COMPLETED,6,2025-12-16 10:59:09,2025-12-16 10:59:15
6720,305,11,COMPLETED,4,2026-03-23 18:58:04,2026-03-23 18:58:08
6721,1048,18,COMPLETED,11,2025-12-17 16:25:43,2025-12-17 16:25:54
6722,35,13,COMPLETED,5,2026-01-12 06:07:25,2026-01-12 06:07:30
6723,35,14,COMPLETED,11,2026-01-12 06:09:25,2026-01-12 06:09:36
6724,160,2,COMPLETED,6,2026-03-23 09:17:20,2026-03-23 09:17:26
6725,160,5,COMPLETED,10,2026-03-23 09:20:20,2026-03-23 09:20:30
6726,160,9,COMPLETED,9,2026-03-23 09:23:20,2026-03-23 09:23:29
6727,158,13,COMPLETED,12,2025-10-02 02:00:37,2025-10-02 02:00:49
6728,158,14,COMPLETED,9,2025-10-02 02:05:37,2025-10-02 02:05:46
6729,124,19,COMPLETED,5,2025-10-31 07:52:37,2025-10-31 07:52:42
6730,124,23,COMPLETED,5,2025-10-31 07:57:37,2025-10-31 07:57:42
6731,124,8,COMPLETED,5,2025-10-31 07:56:37,2025-10-31 07:56:42
6732,255,1,COMPLETED,7,2025-10-18 08:24:38,2025-10-18 08:24:45
6733,255,3,COMPLETED,4,2025-10-18 08:29:38,2025-10-18 08:29:42
6734,255,8,COMPLETED,13,2025-10-18 08:34:38,2025-10-18 08:34:51
6735,43,2,COMPLETED,11,2026-03-31 18:48:37,2026-03-31 18:48:48
6736,43,5,COMPLETED,8,2026-03-31 18:51:37,2026-03-31 18:51:45
6737,43,9,COMPLETED,9,2026-03-31 18:56:37,2026-03-31 18:56:46
6738,111,18,COMPLETED,13,2026-03-01 06:15:50,2026-03-01 06:16:03
6739,334,20,COMPLETED,9,2026-02-13 01:52:05,2026-02-13 01:52:14
6740,334,5,COMPLETED,10,2026-02-13 01:54:05,2026-02-13 01:54:15
6741,43,7,COMPLETED,12,2026-01-27 06:06:47,2026-01-27 06:06:59
6742,16,17,COMPLETED,3,2025-10-16 12:11:57,2025-10-16 12:12:00
6743,634,4,COMPLETED,8,2025-09-20 22:39:49,2025-09-20 22:39:57
6744,634,10,COMPLETED,13,2025-09-20 22:44:49,2025-09-20 22:45:02
6745,148,19,COMPLETED,12,2025-09-07 15:17:15,2025-09-07 15:17:27
6746,148,23,COMPLETED,12,2025-09-07 15:20:15,2025-09-07 15:20:27
6747,148,8,COMPLETED,9,2025-09-07 15:21:15,2025-09-07 15:21:24
6748,308,4,COMPLETED,5,2025-11-10 12:12:48,2025-11-10 12:12:53
6749,308,10,COMPLETED,7,2025-11-10 12:17:48,2025-11-10 12:17:55
6750,51,2,COMPLETED,11,2025-10-15 10:20:48,2025-10-15 10:20:59
6751,51,5,COMPLETED,7,2025-10-15 10:24:48,2025-10-15 10:24:55
6752,51,9,COMPLETED,12,2025-10-15 10:30:48,2025-10-15 10:31:00
6753,46,13,COMPLETED,7,2026-02-13 06:19:10,2026-02-13 06:19:17
6754,981,6,FAILED,10,2026-03-22 04:38:59,2026-03-22 04:39:09
6755,981,15,FAILED,7,2026-03-22 04:41:59,2026-03-22 04:42:06
6756,49,2,COMPLETED,10,2026-02-08 07:40:37,2026-02-08 07:40:47
6757,49,5,COMPLETED,12,2026-02-08 07:42:37,2026-02-08 07:42:49
6758,49,9,COMPLETED,12,2026-02-08 07:50:37,2026-02-08 07:50:49
6759,68,25,COMPLETED,10,2025-11-19 19:47:44,2025-11-19 19:47:54
6760,944,2,COMPLETED,6,2026-03-22 05:05:57,2026-03-22 05:06:03
6761,944,5,COMPLETED,12,2026-03-22 05:10:57,2026-03-22 05:11:09
6762,944,9,COMPLETED,10,2026-03-22 05:13:57,2026-03-22 05:14:07
6763,624,22,COMPLETED,6,2025-12-16 22:30:33,2025-12-16 22:30:39
6764,838,1,COMPLETED,13,2025-12-20 15:11:35,2025-12-20 15:11:48
6765,838,3,FAILED,4,2025-12-20 15:16:35,2025-12-20 15:16:39
6766,838,8,COMPLETED,14,2025-12-20 15:21:35,2025-12-20 15:21:49
6767,164,19,COMPLETED,13,2026-03-12 16:20:23,2026-03-12 16:20:36
6768,164,23,COMPLETED,10,2026-03-12 16:22:23,2026-03-12 16:22:33
6769,164,8,COMPLETED,13,2026-03-12 16:26:23,2026-03-12 16:26:36
6770,74,1,COMPLETED,7,2025-12-27 09:26:55,2025-12-27 09:27:02
6771,74,3,COMPLETED,12,2025-12-27 09:30:55,2025-12-27 09:31:07
6772,74,8,COMPLETED,5,2025-12-27 09:34:55,2025-12-27 09:35:00
6773,5,21,COMPLETED,15,2025-12-14 16:52:20,2025-12-14 16:52:35
6774,14,24,COMPLETED,12,2026-03-21 02:34:41,2026-03-21 02:34:53
6775,39,4,COMPLETED,8,2025-11-01 20:05:52,2025-11-01 20:06:00
6776,39,10,COMPLETED,10,2025-11-01 20:09:52,2025-11-01 20:10:02
6777,29,16,COMPLETED,9,2026-01-02 00:30:22,2026-01-02 00:30:31
6778,937,1,COMPLETED,13,2025-10-14 02:25:21,2025-10-14 02:25:34
6779,213,19,COMPLETED,13,2025-12-27 23:42:54,2025-12-27 23:43:07
6780,213,23,COMPLETED,4,2025-12-27 23:45:54,2025-12-27 23:45:58
6781,213,8,COMPLETED,13,2025-12-27 23:48:54,2025-12-27 23:49:07
6782,745,6,COMPLETED,9,2026-02-21 03:03:09,2026-02-21 03:03:18
6783,745,15,COMPLETED,9,2026-02-21 03:05:09,2026-02-21 03:05:18
6784,464,4,COMPLETED,13,2025-11-07 17:31:26,2025-11-07 17:31:39
6785,464,10,COMPLETED,13,2025-11-07 17:33:26,2025-11-07 17:33:39
6786,469,4,COMPLETED,10,2025-10-25 16:29:58,2025-10-25 16:30:08
6787,469,10,COMPLETED,11,2025-10-25 16:31:58,2025-10-25 16:32:09
6788,194,3,COMPLETED,14,2025-11-30 01:45:57,2025-11-30 01:46:11
6789,998,9,COMPLETED,8,2026-01-29 07:12:55,2026-01-29 07:13:03
6790,686,2,COMPLETED,10,2025-10-30 00:36:40,2025-10-30 00:36:50
6791,686,5,COMPLETED,9,2025-10-30 00:38:40,2025-10-30 00:38:49
6792,686,9,FAILED,5,2025-10-30 00:44:40,2025-10-30 00:44:45
6793,169,2,COMPLETED,6,2025-09-14 06:35:28,2025-09-14 06:35:34
6794,545,6,COMPLETED,8,2025-10-25 18:03:58,2025-10-25 18:04:06
6795,298,17,COMPLETED,9,2025-11-03 08:37:29,2025-11-03 08:37:38
6796,460,19,COMPLETED,8,2025-11-25 08:27:55,2025-11-25 08:28:03
6797,460,23,COMPLETED,10,2025-11-25 08:29:55,2025-11-25 08:30:05
6798,460,8,COMPLETED,13,2025-11-25 08:37:55,2025-11-25 08:38:08
6799,55,14,COMPLETED,14,2026-02-21 13:29:47,2026-02-21 13:30:01
6800,28,20,COMPLETED,10,2025-12-18 12:22:05,2025-12-18 12:22:15
6801,28,5,COMPLETED,6,2025-12-18 12:26:05,2025-12-18 12:26:11
6802,41,19,COMPLETED,9,2026-01-17 00:43:21,2026-01-17 00:43:30
6803,41,23,COMPLETED,10,2026-01-17 00:46:21,2026-01-17 00:46:31
6804,41,8,COMPLETED,13,2026-01-17 00:47:21,2026-01-17 00:47:34
6805,194,19,COMPLETED,9,2026-03-24 19:57:36,2026-03-24 19:57:45
6806,311,13,FAILED,7,2026-02-24 18:34:47,2026-02-24 18:34:54
6807,311,14,COMPLETED,7,2026-02-24 18:38:47,2026-02-24 18:38:54
6808,41,19,COMPLETED,10,2026-02-27 23:21:01,2026-02-27 23:21:11
6809,41,23,FAILED,11,2026-02-27 23:24:01,2026-02-27 23:24:12
6810,41,8,COMPLETED,6,2026-02-27 23:29:01,2026-02-27 23:29:07
6811,383,1,COMPLETED,14,2025-10-10 04:42:22,2025-10-10 04:42:36
6812,383,3,COMPLETED,5,2025-10-10 04:45:22,2025-10-10 04:45:27
6813,383,8,COMPLETED,7,2025-10-10 04:50:22,2025-10-10 04:50:29
6814,285,6,COMPLETED,10,2026-02-01 06:04:47,2026-02-01 06:04:57
6815,285,15,COMPLETED,9,2026-02-01 06:06:47,2026-02-01 06:06:56
6816,90,13,COMPLETED,3,2026-01-07 10:29:14,2026-01-07 10:29:17
6817,90,14,COMPLETED,5,2026-01-07 10:32:14,2026-01-07 10:32:19
6818,468,6,COMPLETED,5,2025-12-25 07:14:00,2025-12-25 07:14:05
6819,226,20,COMPLETED,14,2025-11-08 16:53:17,2025-11-08 16:53:31
6820,226,5,COMPLETED,14,2025-11-08 16:55:17,2025-11-08 16:55:31
6821,576,13,COMPLETED,12,2026-03-17 01:18:31,2026-03-17 01:18:43
6822,576,14,FAILED,11,2026-03-17 01:21:31,2026-03-17 01:21:42
6823,1175,6,COMPLETED,11,2025-09-15 01:54:43,2025-09-15 01:54:54
6824,1175,15,COMPLETED,12,2025-09-15 01:57:43,2025-09-15 01:57:55
6825,106,20,COMPLETED,5,2026-03-07 20:23:21,2026-03-07 20:23:26
6826,106,5,COMPLETED,8,2026-03-07 20:25:21,2026-03-07 20:25:29
6827,350,12,COMPLETED,12,2026-01-14 10:06:44,2026-01-14 10:06:56
6828,185,21,COMPLETED,7,2026-02-11 11:51:05,2026-02-11 11:51:12
6829,230,19,COMPLETED,9,2025-11-11 17:36:10,2025-11-11 17:36:19
6830,230,23,COMPLETED,9,2025-11-11 17:39:10,2025-11-11 17:39:19
6831,230,8,FAILED,5,2025-11-11 17:46:10,2025-11-11 17:46:15
6832,330,21,COMPLETED,15,2026-03-28 17:06:25,2026-03-28 17:06:40
6833,820,6,COMPLETED,11,2026-03-25 04:12:11,2026-03-25 04:12:22
6834,820,15,FAILED,6,2026-03-25 04:15:11,2026-03-25 04:15:17
6835,377,20,COMPLETED,8,2026-03-19 02:18:19,2026-03-19 02:18:27
6836,377,5,COMPLETED,13,2026-03-19 02:22:19,2026-03-19 02:22:32
6837,158,4,COMPLETED,8,2026-03-03 04:34:57,2026-03-03 04:35:05
6838,158,10,COMPLETED,12,2026-03-03 04:38:57,2026-03-03 04:39:09
6839,99,17,COMPLETED,5,2026-02-19 08:52:46,2026-02-19 08:52:51
6840,99,16,COMPLETED,13,2026-02-19 08:57:46,2026-02-19 08:57:59
6841,392,14,COMPLETED,8,2025-12-20 07:12:50,2025-12-20 07:12:58
6842,345,21,COMPLETED,6,2026-01-13 13:52:08,2026-01-13 13:52:14
6843,390,20,COMPLETED,6,2026-02-10 16:25:59,2026-02-10 16:26:05
6844,390,5,COMPLETED,6,2026-02-10 16:27:59,2026-02-10 16:28:05
6845,501,6,COMPLETED,12,2026-01-14 03:11:53,2026-01-14 03:12:05
6846,501,15,COMPLETED,5,2026-01-14 03:13:53,2026-01-14 03:13:58
6847,86,6,COMPLETED,4,2026-01-02 10:50:27,2026-01-02 10:50:31
6848,525,6,COMPLETED,8,2026-02-17 03:56:54,2026-02-17 03:57:02
6849,525,15,COMPLETED,10,2026-02-17 03:58:54,2026-02-17 03:59:04
6850,352,14,COMPLETED,7,2026-03-24 11:41:06,2026-03-24 11:41:13
6851,178,11,COMPLETED,12,2025-10-08 02:17:14,2025-10-08 02:17:26
6852,394,22,COMPLETED,13,2026-03-22 06:46:21,2026-03-22 06:46:34
6853,145,13,COMPLETED,8,2026-03-09 23:16:19,2026-03-09 23:16:27
6854,145,14,COMPLETED,13,2026-03-09 23:18:19,2026-03-09 23:18:32
6855,46,4,COMPLETED,14,2025-11-26 15:03:33,2025-11-26 15:03:47
6856,46,10,COMPLETED,7,2025-11-26 15:05:33,2025-11-26 15:05:40
6857,13,4,COMPLETED,12,2026-02-16 21:03:48,2026-02-16 21:04:00
6858,13,10,COMPLETED,7,2026-02-16 21:08:48,2026-02-16 21:08:55
6859,316,4,COMPLETED,14,2025-10-04 15:53:30,2025-10-04 15:53:44
6860,316,10,COMPLETED,6,2025-10-04 15:56:30,2025-10-04 15:56:36
6861,1149,12,COMPLETED,8,2026-02-01 02:39:10,2026-02-01 02:39:18
6862,310,13,COMPLETED,7,2025-12-15 21:53:24,2025-12-15 21:53:31
6863,310,14,FAILED,12,2025-12-15 21:57:24,2025-12-15 21:57:36
6864,83,16,COMPLETED,4,2026-03-29 07:59:23,2026-03-29 07:59:27
6865,294,15,COMPLETED,5,2025-12-09 08:04:21,2025-12-09 08:04:26
6866,1040,11,FAILED,4,2025-11-18 20:39:25,2025-11-18 20:39:29
6867,1113,19,COMPLETED,14,2026-03-01 23:47:42,2026-03-01 23:47:56
6868,1113,23,COMPLETED,8,2026-03-01 23:51:42,2026-03-01 23:51:50
6869,1113,8,FAILED,7,2026-03-01 23:57:42,2026-03-01 23:57:49
6870,709,6,COMPLETED,6,2026-01-15 16:47:11,2026-01-15 16:47:17
6871,709,15,COMPLETED,13,2026-01-15 16:52:11,2026-01-15 16:52:24
6872,158,20,COMPLETED,5,2026-01-04 06:26:06,2026-01-04 06:26:11
6873,158,5,COMPLETED,12,2026-01-04 06:28:06,2026-01-04 06:28:18
6874,356,2,COMPLETED,6,2026-03-19 02:21:30,2026-03-19 02:21:36
6875,57,13,COMPLETED,7,2026-01-09 17:18:56,2026-01-09 17:19:03
6876,57,14,COMPLETED,13,2026-01-09 17:21:56,2026-01-09 17:22:09
6877,35,15,COMPLETED,13,2026-03-14 07:33:16,2026-03-14 07:33:29
6878,175,1,COMPLETED,5,2025-10-06 19:17:05,2025-10-06 19:17:10
6879,175,3,COMPLETED,6,2025-10-06 19:20:05,2025-10-06 19:20:11
6880,175,8,COMPLETED,5,2025-10-06 19:25:05,2025-10-06 19:25:10
6881,189,1,COMPLETED,10,2026-03-25 18:37:32,2026-03-25 18:37:42
6882,189,3,COMPLETED,6,2026-03-25 18:40:32,2026-03-25 18:40:38
6883,189,8,COMPLETED,9,2026-03-25 18:41:32,2026-03-25 18:41:41
6884,328,1,COMPLETED,14,2025-11-23 09:14:07,2025-11-23 09:14:21
6885,328,3,COMPLETED,8,2025-11-23 09:18:07,2025-11-23 09:18:15
6886,328,8,FAILED,4,2025-11-23 09:20:07,2025-11-23 09:20:11
6887,184,18,COMPLETED,8,2025-09-21 04:18:18,2025-09-21 04:18:26
6888,58,19,COMPLETED,5,2025-12-04 11:24:12,2025-12-04 11:24:17
6889,58,23,COMPLETED,9,2025-12-04 11:29:12,2025-12-04 11:29:21
6890,58,8,COMPLETED,5,2025-12-04 11:28:12,2025-12-04 11:28:17
6891,561,19,COMPLETED,8,2025-10-15 02:01:21,2025-10-15 02:01:29
6892,561,23,COMPLETED,5,2025-10-15 02:04:21,2025-10-15 02:04:26
6893,561,8,COMPLETED,13,2025-10-15 02:05:21,2025-10-15 02:05:34
6894,1030,19,COMPLETED,10,2026-02-23 05:00:27,2026-02-23 05:00:37
6895,1030,23,FAILED,8,2026-02-23 05:02:27,2026-02-23 05:02:35
6896,1030,8,COMPLETED,9,2026-02-23 05:10:27,2026-02-23 05:10:36
6897,83,22,COMPLETED,8,2026-01-23 20:22:23,2026-01-23 20:22:31
6898,295,6,COMPLETED,7,2026-01-05 08:01:40,2026-01-05 08:01:47
6899,295,15,COMPLETED,9,2026-01-05 08:03:40,2026-01-05 08:03:49
6900,9,1,COMPLETED,7,2025-10-21 10:42:21,2025-10-21 10:42:28
6901,9,3,COMPLETED,10,2025-10-21 10:45:21,2025-10-21 10:45:31
6902,9,8,COMPLETED,11,2025-10-21 10:48:21,2025-10-21 10:48:32
6903,70,4,COMPLETED,14,2025-12-05 17:03:39,2025-12-05 17:03:53
6904,70,10,COMPLETED,7,2025-12-05 17:08:39,2025-12-05 17:08:46
6905,74,16,COMPLETED,6,2026-02-19 04:09:12,2026-02-19 04:09:18
6906,70,20,FAILED,5,2026-03-14 02:23:31,2026-03-14 02:23:36
6907,70,5,COMPLETED,7,2026-03-14 02:28:31,2026-03-14 02:28:38
6908,197,9,COMPLETED,13,2026-03-20 02:53:04,2026-03-20 02:53:17
6909,774,4,COMPLETED,5,2025-12-30 08:14:40,2025-12-30 08:14:45
6910,774,10,COMPLETED,10,2025-12-30 08:18:40,2025-12-30 08:18:50
6911,784,20,COMPLETED,12,2026-01-22 04:59:03,2026-01-22 04:59:15
6912,784,5,COMPLETED,12,2026-01-22 05:02:03,2026-01-22 05:02:15
6913,84,12,COMPLETED,4,2025-12-15 23:52:37,2025-12-15 23:52:41
6914,264,20,COMPLETED,6,2025-11-28 16:24:12,2025-11-28 16:24:18
6915,264,5,COMPLETED,5,2025-11-28 16:28:12,2025-11-28 16:28:17
6916,879,3,COMPLETED,13,2025-12-09 15:14:36,2025-12-09 15:14:49
6917,201,13,COMPLETED,10,2026-01-16 12:57:51,2026-01-16 12:58:01
6918,201,14,COMPLETED,11,2026-01-16 13:01:51,2026-01-16 13:02:02
6919,307,13,COMPLETED,4,2025-10-07 07:36:05,2025-10-07 07:36:09
6920,172,6,COMPLETED,13,2025-11-18 12:44:58,2025-11-18 12:45:11
6921,172,15,FAILED,8,2025-11-18 12:46:58,2025-11-18 12:47:06
6922,256,17,COMPLETED,10,2026-03-20 07:17:26,2026-03-20 07:17:36
6923,256,16,COMPLETED,5,2026-03-20 07:19:26,2026-03-20 07:19:31
6924,48,23,COMPLETED,13,2025-12-31 20:06:08,2025-12-31 20:06:21
6925,97,17,COMPLETED,9,2026-02-15 04:21:23,2026-02-15 04:21:32
6926,97,16,COMPLETED,13,2026-02-15 04:26:23,2026-02-15 04:26:36
6927,372,4,FAILED,12,2025-12-21 19:19:53,2025-12-21 19:20:05
6928,184,15,COMPLETED,9,2026-02-22 21:54:17,2026-02-22 21:54:26
6929,400,1,COMPLETED,13,2025-11-26 15:01:33,2025-11-26 15:01:46
6930,400,3,COMPLETED,13,2025-11-26 15:03:33,2025-11-26 15:03:46
6931,400,8,COMPLETED,13,2025-11-26 15:09:33,2025-11-26 15:09:46
6932,33,2,COMPLETED,7,2025-11-10 01:10:30,2025-11-10 01:10:37
6933,33,5,COMPLETED,7,2025-11-10 01:14:30,2025-11-10 01:14:37
6934,33,9,COMPLETED,14,2025-11-10 01:16:30,2025-11-10 01:16:44
6935,292,1,COMPLETED,7,2025-09-15 04:22:04,2025-09-15 04:22:11
6936,292,3,COMPLETED,5,2025-09-15 04:25:04,2025-09-15 04:25:09
6937,292,8,FAILED,13,2025-09-15 04:32:04,2025-09-15 04:32:17
6938,148,2,COMPLETED,8,2025-10-26 19:01:01,2025-10-26 19:01:09
6939,148,5,COMPLETED,6,2025-10-26 19:06:01,2025-10-26 19:06:07
6940,148,9,COMPLETED,9,2025-10-26 19:05:01,2025-10-26 19:05:10
6941,317,4,COMPLETED,13,2025-10-27 14:08:43,2025-10-27 14:08:56
6942,5,21,COMPLETED,14,2026-02-21 01:40:39,2026-02-21 01:40:53
6943,314,20,COMPLETED,10,2026-03-10 13:28:47,2026-03-10 13:28:57
6944,314,5,COMPLETED,3,2026-03-10 13:33:47,2026-03-10 13:33:50
6945,98,20,COMPLETED,11,2026-01-29 16:28:33,2026-01-29 16:28:44
6946,98,5,COMPLETED,11,2026-01-29 16:31:33,2026-01-29 16:31:44
6947,632,7,COMPLETED,7,2025-09-29 22:51:44,2025-09-29 22:51:51
6948,28,16,COMPLETED,12,2025-10-26 05:41:41,2025-10-26 05:41:53
6949,62,19,FAILED,14,2025-09-08 22:06:28,2025-09-08 22:06:42
6950,62,23,FAILED,11,2025-09-08 22:11:28,2025-09-08 22:11:39
6951,62,8,COMPLETED,4,2025-09-08 22:10:28,2025-09-08 22:10:32
6952,97,2,COMPLETED,8,2026-02-12 11:04:25,2026-02-12 11:04:33
6953,97,5,COMPLETED,11,2026-02-12 11:09:25,2026-02-12 11:09:36
6954,97,9,FAILED,8,2026-02-12 11:12:25,2026-02-12 11:12:33
6955,246,6,COMPLETED,4,2025-10-21 17:54:12,2025-10-21 17:54:16
6956,246,15,COMPLETED,4,2025-10-21 17:59:12,2025-10-21 17:59:16
6957,482,2,FAILED,9,2026-03-27 19:59:22,2026-03-27 19:59:31
6958,547,13,COMPLETED,7,2025-12-01 03:50:52,2025-12-01 03:50:59
6959,547,14,COMPLETED,4,2025-12-01 03:53:52,2025-12-01 03:53:56
6960,35,4,COMPLETED,14,2026-03-24 11:12:40,2026-03-24 11:12:54
6961,317,4,COMPLETED,6,2026-02-21 05:03:37,2026-02-21 05:03:43
6962,317,10,FAILED,7,2026-02-21 05:08:37,2026-02-21 05:08:44
6963,486,6,COMPLETED,11,2025-11-21 17:10:15,2025-11-21 17:10:26
6964,486,15,COMPLETED,12,2025-11-21 17:14:15,2025-11-21 17:14:27
6965,323,1,COMPLETED,12,2026-01-24 22:33:43,2026-01-24 22:33:55
6966,323,3,COMPLETED,3,2026-01-24 22:38:43,2026-01-24 22:38:46
6967,323,8,COMPLETED,4,2026-01-24 22:41:43,2026-01-24 22:41:47
6968,169,14,COMPLETED,7,2025-10-21 20:15:13,2025-10-21 20:15:20
6969,765,2,COMPLETED,8,2025-09-16 02:20:38,2025-09-16 02:20:46
6970,765,5,COMPLETED,7,2025-09-16 02:24:38,2025-09-16 02:24:45
6971,765,9,FAILED,8,2025-09-16 02:24:38,2025-09-16 02:24:46
6972,257,10,COMPLETED,12,2026-02-26 17:36:40,2026-02-26 17:36:52
6973,91,2,COMPLETED,5,2026-02-23 14:00:47,2026-02-23 14:00:52
6974,91,5,COMPLETED,9,2026-02-23 14:05:47,2026-02-23 14:05:56
6975,91,9,COMPLETED,9,2026-02-23 14:10:47,2026-02-23 14:10:56
6976,56,1,FAILED,14,2026-02-22 05:07:05,2026-02-22 05:07:19
6977,24,8,COMPLETED,8,2026-03-17 23:43:29,2026-03-17 23:43:37
6978,94,17,COMPLETED,13,2025-12-05 12:53:07,2025-12-05 12:53:20
6979,94,16,COMPLETED,5,2025-12-05 12:56:07,2025-12-05 12:56:12
6980,177,17,FAILED,7,2026-03-29 12:01:16,2026-03-29 12:01:23
6981,177,16,COMPLETED,5,2026-03-29 12:05:16,2026-03-29 12:05:21
6982,233,4,COMPLETED,10,2025-11-18 20:15:03,2025-11-18 20:15:13
6983,233,10,COMPLETED,9,2025-11-18 20:19:03,2025-11-18 20:19:12
6984,1154,17,FAILED,5,2025-09-21 10:53:07,2025-09-21 10:53:12
6985,1154,16,COMPLETED,13,2025-09-21 10:56:07,2025-09-21 10:56:20
6986,156,6,FAILED,11,2025-10-18 13:54:22,2025-10-18 13:54:33
6987,156,15,COMPLETED,9,2025-10-18 13:57:22,2025-10-18 13:57:31
6988,55,15,FAILED,3,2026-01-20 20:30:52,2026-01-20 20:30:55
6989,281,10,FAILED,13,2026-02-15 09:05:16,2026-02-15 09:05:29
6990,46,2,COMPLETED,7,2026-02-28 08:14:37,2026-02-28 08:14:44
6991,46,5,COMPLETED,7,2026-02-28 08:18:37,2026-02-28 08:18:44
6992,46,9,COMPLETED,12,2026-02-28 08:18:37,2026-02-28 08:18:49
6993,121,14,COMPLETED,8,2025-09-25 14:36:56,2025-09-25 14:37:04
6994,40,24,COMPLETED,8,2026-03-04 01:06:53,2026-03-04 01:07:01
6995,630,13,COMPLETED,4,2025-09-09 22:06:05,2025-09-09 22:06:09
6996,302,19,COMPLETED,8,2026-01-27 01:43:52,2026-01-27 01:44:00
6997,643,19,COMPLETED,14,2025-09-18 11:50:28,2025-09-18 11:50:42
6998,643,23,COMPLETED,3,2025-09-18 11:53:28,2025-09-18 11:53:31
6999,643,8,COMPLETED,10,2025-09-18 11:58:28,2025-09-18 11:58:38
7000,396,11,COMPLETED,4,2026-02-03 17:41:04,2026-02-03 17:41:08
7001,48,6,COMPLETED,10,2026-01-05 15:55:53,2026-01-05 15:56:03
7002,48,15,COMPLETED,10,2026-01-05 15:59:53,2026-01-05 16:00:03
7003,217,13,COMPLETED,13,2025-12-04 23:08:16,2025-12-04 23:08:29
7004,217,14,COMPLETED,12,2025-12-04 23:12:16,2025-12-04 23:12:28
7005,422,13,COMPLETED,11,2026-01-30 10:16:52,2026-01-30 10:17:03
7006,422,14,FAILED,13,2026-01-30 10:21:52,2026-01-30 10:22:05
7007,328,1,COMPLETED,13,2026-02-21 06:36:56,2026-02-21 06:37:09
7008,569,13,COMPLETED,7,2026-02-28 21:42:03,2026-02-28 21:42:10
7009,569,14,COMPLETED,12,2026-02-28 21:47:03,2026-02-28 21:47:15
7010,3,2,COMPLETED,14,2026-01-22 01:12:27,2026-01-22 01:12:41
7011,145,6,COMPLETED,4,2025-11-07 07:47:38,2025-11-07 07:47:42
7012,104,17,COMPLETED,5,2025-11-08 03:00:19,2025-11-08 03:00:24
7013,104,16,COMPLETED,5,2025-11-08 03:04:19,2025-11-08 03:04:24
7014,398,1,COMPLETED,7,2025-12-07 18:24:06,2025-12-07 18:24:13
7015,398,3,COMPLETED,12,2025-12-07 18:29:06,2025-12-07 18:29:18
7016,398,8,COMPLETED,12,2025-12-07 18:34:06,2025-12-07 18:34:18
7017,4,1,COMPLETED,12,2026-01-18 16:35:12,2026-01-18 16:35:24
7018,4,3,COMPLETED,6,2026-01-18 16:39:12,2026-01-18 16:39:18
7019,4,8,COMPLETED,10,2026-01-18 16:43:12,2026-01-18 16:43:22
7020,92,17,COMPLETED,11,2026-03-25 08:29:51,2026-03-25 08:30:02
7021,1028,5,COMPLETED,6,2025-10-16 23:30:25,2025-10-16 23:30:31
7022,542,20,COMPLETED,13,2026-03-29 08:10:27,2026-03-29 08:10:40
7023,542,5,FAILED,5,2026-03-29 08:14:27,2026-03-29 08:14:32
7024,64,13,FAILED,4,2026-01-06 17:26:45,2026-01-06 17:26:49
7025,64,14,FAILED,7,2026-01-06 17:30:45,2026-01-06 17:30:52
7026,75,24,COMPLETED,8,2025-11-16 02:45:07,2025-11-16 02:45:15
7027,121,20,COMPLETED,4,2026-02-09 07:39:02,2026-02-09 07:39:06
7028,121,5,COMPLETED,7,2026-02-09 07:44:02,2026-02-09 07:44:09
7029,634,4,FAILED,6,2025-12-16 22:33:56,2025-12-16 22:34:02
7030,634,10,COMPLETED,14,2025-12-16 22:38:56,2025-12-16 22:39:10
7031,628,1,COMPLETED,5,2025-11-08 00:02:49,2025-11-08 00:02:54
7032,628,3,COMPLETED,13,2025-11-08 00:05:49,2025-11-08 00:06:02
7033,628,8,COMPLETED,10,2025-11-08 00:12:49,2025-11-08 00:12:59
7034,25,13,COMPLETED,7,2026-02-23 06:47:16,2026-02-23 06:47:23
7035,25,14,COMPLETED,6,2026-02-23 06:52:16,2026-02-23 06:52:22
7036,250,2,COMPLETED,11,2025-11-24 02:06:41,2025-11-24 02:06:52
7037,250,5,COMPLETED,4,2025-11-24 02:10:41,2025-11-24 02:10:45
7038,250,9,COMPLETED,6,2025-11-24 02:10:41,2025-11-24 02:10:47
7039,13,12,FAILED,8,2026-02-15 20:43:50,2026-02-15 20:43:58
7040,21,4,COMPLETED,8,2025-11-09 09:15:35,2025-11-09 09:15:43
7041,21,10,COMPLETED,5,2025-11-09 09:18:35,2025-11-09 09:18:40
7042,37,20,COMPLETED,10,2025-12-20 09:17:25,2025-12-20 09:17:35
7043,265,2,COMPLETED,9,2025-12-16 08:58:52,2025-12-16 08:59:01
7044,265,5,COMPLETED,11,2025-12-16 09:00:52,2025-12-16 09:01:03
7045,265,9,COMPLETED,13,2025-12-16 09:06:52,2025-12-16 09:07:05
7046,681,20,COMPLETED,12,2026-01-22 19:29:13,2026-01-22 19:29:25
7047,681,5,COMPLETED,11,2026-01-22 19:31:13,2026-01-22 19:31:24
7048,49,20,COMPLETED,9,2026-01-23 17:24:18,2026-01-23 17:24:27
7049,49,5,COMPLETED,13,2026-01-23 17:29:18,2026-01-23 17:29:31
7050,333,4,FAILED,13,2026-01-10 14:13:34,2026-01-10 14:13:47
7051,7,19,COMPLETED,5,2026-02-18 09:30:05,2026-02-18 09:30:10
7052,7,23,COMPLETED,14,2026-02-18 09:35:05,2026-02-18 09:35:19
7053,7,8,COMPLETED,4,2026-02-18 09:36:05,2026-02-18 09:36:09
7054,692,20,COMPLETED,10,2026-02-19 15:58:14,2026-02-19 15:58:24
7055,692,5,COMPLETED,12,2026-02-19 16:00:14,2026-02-19 16:00:26
7056,87,6,COMPLETED,8,2025-12-31 12:32:16,2025-12-31 12:32:24
7057,87,15,COMPLETED,5,2025-12-31 12:35:16,2025-12-31 12:35:21
7058,99,20,COMPLETED,8,2025-12-17 11:15:28,2025-12-17 11:15:36
7059,99,5,COMPLETED,5,2025-12-17 11:17:28,2025-12-17 11:17:33
7060,135,18,FAILED,12,2026-01-28 15:21:05,2026-01-28 15:21:17
7061,163,19,COMPLETED,14,2026-03-22 15:09:58,2026-03-22 15:10:12
7062,163,23,COMPLETED,6,2026-03-22 15:12:58,2026-03-22 15:13:04
7063,163,8,FAILED,7,2026-03-22 15:19:58,2026-03-22 15:20:05
7064,208,20,FAILED,11,2025-11-08 15:35:46,2025-11-08 15:35:57
7065,208,5,COMPLETED,6,2025-11-08 15:38:46,2025-11-08 15:38:52
7066,397,19,COMPLETED,6,2025-10-20 01:58:57,2025-10-20 01:59:03
7067,397,23,COMPLETED,11,2025-10-20 02:01:57,2025-10-20 02:02:08
7068,397,8,COMPLETED,6,2025-10-20 02:02:57,2025-10-20 02:03:03
7069,793,20,COMPLETED,8,2025-12-15 13:48:08,2025-12-15 13:48:16
7070,22,2,COMPLETED,4,2026-03-25 14:35:11,2026-03-25 14:35:15
7071,22,5,COMPLETED,3,2026-03-25 14:39:11,2026-03-25 14:39:14
7072,22,9,COMPLETED,13,2026-03-25 14:43:11,2026-03-25 14:43:24
7073,286,17,COMPLETED,8,2025-12-05 20:57:43,2025-12-05 20:57:51
7074,286,16,FAILED,6,2025-12-05 21:01:43,2025-12-05 21:01:49
7075,1017,6,COMPLETED,8,2025-11-12 20:27:10,2025-11-12 20:27:18
7076,1017,15,FAILED,7,2025-11-12 20:31:10,2025-11-12 20:31:17
7077,232,17,FAILED,4,2026-03-24 05:21:16,2026-03-24 05:21:20
7078,232,16,FAILED,13,2026-03-24 05:23:16,2026-03-24 05:23:29
7079,323,2,COMPLETED,8,2026-02-16 00:54:27,2026-02-16 00:54:35
7080,323,5,COMPLETED,13,2026-02-16 00:57:27,2026-02-16 00:57:40
7081,323,9,COMPLETED,6,2026-02-16 01:02:27,2026-02-16 01:02:33
7082,8,2,COMPLETED,13,2026-01-25 03:14:27,2026-01-25 03:14:40
7083,135,20,COMPLETED,7,2026-02-10 03:16:02,2026-02-10 03:16:09
7084,173,1,COMPLETED,12,2026-01-26 09:01:14,2026-01-26 09:01:26
7085,173,3,COMPLETED,11,2026-01-26 09:05:14,2026-01-26 09:05:25
7086,173,8,COMPLETED,7,2026-01-26 09:05:14,2026-01-26 09:05:21
7087,84,19,FAILED,12,2025-10-05 14:31:46,2025-10-05 14:31:58
7088,84,23,COMPLETED,9,2025-10-05 14:36:46,2025-10-05 14:36:55
7089,84,8,COMPLETED,8,2025-10-05 14:37:46,2025-10-05 14:37:54
7090,19,1,COMPLETED,13,2025-10-20 01:09:43,2025-10-20 01:09:56
7091,19,3,COMPLETED,14,2025-10-20 01:13:43,2025-10-20 01:13:57
7092,19,8,COMPLETED,6,2025-10-20 01:15:43,2025-10-20 01:15:49
7093,73,16,COMPLETED,9,2025-12-02 20:42:53,2025-12-02 20:43:02
7094,69,2,COMPLETED,10,2026-01-23 22:43:12,2026-01-23 22:43:22
7095,69,5,COMPLETED,5,2026-01-23 22:45:12,2026-01-23 22:45:17
7096,69,9,COMPLETED,6,2026-01-23 22:49:12,2026-01-23 22:49:18
7097,551,1,COMPLETED,10,2025-12-09 20:57:20,2025-12-09 20:57:30
7098,551,3,COMPLETED,13,2025-12-09 20:59:20,2025-12-09 20:59:33
7099,551,8,FAILED,13,2025-12-09 21:07:20,2025-12-09 21:07:33
7100,65,19,COMPLETED,8,2025-09-03 21:10:45,2025-09-03 21:10:53
7101,65,23,COMPLETED,5,2025-09-03 21:15:45,2025-09-03 21:15:50
7102,65,8,FAILED,6,2025-09-03 21:16:45,2025-09-03 21:16:51
7103,96,11,COMPLETED,7,2026-02-22 14:10:59,2026-02-22 14:11:06
7104,2,13,COMPLETED,7,2025-12-22 09:59:52,2025-12-22 09:59:59
7105,2,14,COMPLETED,4,2025-12-22 10:01:52,2025-12-22 10:01:56
7106,622,2,COMPLETED,12,2025-11-23 10:43:33,2025-11-23 10:43:45
7107,52,14,COMPLETED,12,2025-11-25 23:10:41,2025-11-25 23:10:53
7108,201,2,COMPLETED,6,2026-01-08 18:14:38,2026-01-08 18:14:44
7109,201,5,COMPLETED,8,2026-01-08 18:18:38,2026-01-08 18:18:46
7110,201,9,COMPLETED,12,2026-01-08 18:24:38,2026-01-08 18:24:50
7111,40,17,COMPLETED,13,2026-01-23 21:19:33,2026-01-23 21:19:46
7112,40,16,COMPLETED,11,2026-01-23 21:24:33,2026-01-23 21:24:44
7113,836,20,COMPLETED,10,2025-10-18 21:12:34,2025-10-18 21:12:44
7114,836,5,COMPLETED,11,2025-10-18 21:16:34,2025-10-18 21:16:45
7115,40,6,COMPLETED,10,2025-11-28 23:44:14,2025-11-28 23:44:24
7116,27,19,COMPLETED,9,2026-03-27 16:11:18,2026-03-27 16:11:27
7117,65,23,COMPLETED,8,2026-01-04 23:32:41,2026-01-04 23:32:49
7118,149,4,COMPLETED,9,2026-01-23 03:00:15,2026-01-23 03:00:24
7119,418,19,COMPLETED,15,2025-09-28 22:27:28,2025-09-28 22:27:43
7120,418,23,COMPLETED,12,2025-09-28 22:30:28,2025-09-28 22:30:40
7121,418,8,COMPLETED,8,2025-09-28 22:31:28,2025-09-28 22:31:36
7122,95,20,COMPLETED,13,2025-09-24 02:35:36,2025-09-24 02:35:49
7123,95,5,COMPLETED,4,2025-09-24 02:40:36,2025-09-24 02:40:40
7124,76,6,COMPLETED,6,2025-10-16 21:03:28,2025-10-16 21:03:34
7125,76,15,COMPLETED,11,2025-10-16 21:06:28,2025-10-16 21:06:39
7126,51,13,COMPLETED,8,2026-02-15 00:16:02,2026-02-15 00:16:10
7127,51,14,COMPLETED,6,2026-02-15 00:19:02,2026-02-15 00:19:08
7128,207,1,COMPLETED,10,2025-10-25 12:19:08,2025-10-25 12:19:18
7129,347,13,COMPLETED,6,2025-09-04 21:48:17,2025-09-04 21:48:23
7130,347,14,COMPLETED,5,2025-09-04 21:53:17,2025-09-04 21:53:22
7131,138,13,FAILED,7,2026-01-08 06:59:30,2026-01-08 06:59:37
7132,138,14,COMPLETED,12,2026-01-08 07:02:30,2026-01-08 07:02:42
7133,93,13,COMPLETED,9,2026-01-29 07:27:55,2026-01-29 07:28:04
7134,93,14,COMPLETED,4,2026-01-29 07:31:55,2026-01-29 07:31:59
7135,1089,17,FAILED,4,2025-12-27 09:12:02,2025-12-27 09:12:06
7136,1089,16,COMPLETED,5,2025-12-27 09:15:02,2025-12-27 09:15:07
7137,81,1,COMPLETED,8,2025-11-28 14:47:36,2025-11-28 14:47:44
7138,81,3,COMPLETED,9,2025-11-28 14:51:36,2025-11-28 14:51:45
7139,81,8,COMPLETED,7,2025-11-28 14:57:36,2025-11-28 14:57:43
7140,307,6,COMPLETED,6,2025-11-23 00:02:20,2025-11-23 00:02:26
7141,307,15,COMPLETED,7,2025-11-23 00:07:20,2025-11-23 00:07:27
7142,226,7,COMPLETED,8,2025-12-25 02:06:51,2025-12-25 02:06:59
7143,1091,19,COMPLETED,6,2026-01-16 04:35:14,2026-01-16 04:35:20
7144,1091,23,COMPLETED,11,2026-01-16 04:39:14,2026-01-16 04:39:25
7145,1091,8,COMPLETED,7,2026-01-16 04:43:14,2026-01-16 04:43:21
7146,1127,25,COMPLETED,6,2026-01-21 23:01:48,2026-01-21 23:01:54
7147,666,20,COMPLETED,6,2026-01-31 21:16:33,2026-01-31 21:16:39
7148,378,3,COMPLETED,12,2026-02-04 09:12:42,2026-02-04 09:12:54
7149,62,20,COMPLETED,13,2025-09-24 18:36:03,2025-09-24 18:36:16
7150,690,13,COMPLETED,6,2026-02-10 17:43:02,2026-02-10 17:43:08
7151,690,14,COMPLETED,10,2026-02-10 17:46:02,2026-02-10 17:46:12
7152,146,1,COMPLETED,7,2025-12-01 02:21:58,2025-12-01 02:22:05
7153,146,3,COMPLETED,8,2025-12-01 02:23:58,2025-12-01 02:24:06
7154,146,8,COMPLETED,9,2025-12-01 02:31:58,2025-12-01 02:32:07
7155,186,25,COMPLETED,10,2026-02-19 12:45:58,2026-02-19 12:46:08
7156,973,13,COMPLETED,12,2025-10-25 06:04:17,2025-10-25 06:04:29
7157,973,14,COMPLETED,4,2025-10-25 06:06:17,2025-10-25 06:06:21
7158,1131,17,COMPLETED,9,2025-11-26 12:30:26,2025-11-26 12:30:35
7159,1131,16,FAILED,5,2025-11-26 12:32:26,2025-11-26 12:32:31
7160,53,19,COMPLETED,6,2025-10-30 14:24:52,2025-10-30 14:24:58
7161,380,24,COMPLETED,7,2025-10-20 06:49:23,2025-10-20 06:49:30
7162,383,19,COMPLETED,5,2025-11-27 05:48:57,2025-11-27 05:49:02
7163,383,23,COMPLETED,10,2025-11-27 05:53:57,2025-11-27 05:54:07
7164,383,8,COMPLETED,7,2025-11-27 05:54:57,2025-11-27 05:55:04
7165,328,13,COMPLETED,9,2025-11-11 18:56:10,2025-11-11 18:56:19
7166,328,14,COMPLETED,5,2025-11-11 19:01:10,2025-11-11 19:01:15
7167,10,1,COMPLETED,10,2026-02-26 20:58:47,2026-02-26 20:58:57
7168,10,3,COMPLETED,13,2026-02-26 21:02:47,2026-02-26 21:03:00
7169,10,8,COMPLETED,8,2026-02-26 21:02:47,2026-02-26 21:02:55
7170,83,2,COMPLETED,10,2026-01-14 17:54:29,2026-01-14 17:54:39
7171,83,5,FAILED,13,2026-01-14 17:59:29,2026-01-14 17:59:42
7172,83,9,COMPLETED,14,2026-01-14 18:00:29,2026-01-14 18:00:43
7173,1048,20,COMPLETED,4,2026-02-25 10:13:12,2026-02-25 10:13:16
7174,1048,5,COMPLETED,8,2026-02-25 10:17:12,2026-02-25 10:17:20
7175,93,3,COMPLETED,13,2025-11-09 14:03:27,2025-11-09 14:03:40
7176,337,6,COMPLETED,10,2025-11-18 08:03:45,2025-11-18 08:03:55
7177,1162,20,FAILED,3,2026-02-04 13:50:14,2026-02-04 13:50:17
7178,1162,5,COMPLETED,13,2026-02-04 13:53:14,2026-02-04 13:53:27
7179,61,4,FAILED,7,2026-03-14 12:04:25,2026-03-14 12:04:32
7180,61,10,COMPLETED,8,2026-03-14 12:09:25,2026-03-14 12:09:33
7181,296,2,COMPLETED,7,2025-12-14 10:33:56,2025-12-14 10:34:03
7182,296,5,COMPLETED,9,2025-12-14 10:35:56,2025-12-14 10:36:05
7183,296,9,COMPLETED,11,2025-12-14 10:39:56,2025-12-14 10:40:07
7184,799,9,COMPLETED,13,2025-12-22 16:42:27,2025-12-22 16:42:40
7185,865,4,COMPLETED,5,2026-02-06 10:16:58,2026-02-06 10:17:03
7186,865,10,COMPLETED,5,2026-02-06 10:18:58,2026-02-06 10:19:03
7187,290,19,COMPLETED,8,2025-12-30 00:10:40,2025-12-30 00:10:48
7188,234,5,COMPLETED,8,2026-01-16 09:40:26,2026-01-16 09:40:34
7189,74,13,COMPLETED,7,2025-09-04 14:23:32,2025-09-04 14:23:39
7190,33,4,COMPLETED,15,2026-03-24 18:56:46,2026-03-24 18:57:01
7191,33,10,COMPLETED,8,2026-03-24 19:00:46,2026-03-24 19:00:54
7192,334,7,COMPLETED,8,2026-03-26 19:16:05,2026-03-26 19:16:13
7193,399,13,COMPLETED,10,2025-09-09 02:54:37,2025-09-09 02:54:47
7194,399,14,COMPLETED,12,2025-09-09 02:58:37,2025-09-09 02:58:49
7195,133,17,COMPLETED,12,2025-11-06 14:37:18,2025-11-06 14:37:30
7196,133,16,FAILED,11,2025-11-06 14:42:18,2025-11-06 14:42:29
7197,375,13,FAILED,7,2026-03-25 03:36:36,2026-03-25 03:36:43
7198,375,14,FAILED,7,2026-03-25 03:41:36,2026-03-25 03:41:43
7199,267,25,COMPLETED,5,2025-10-31 16:38:30,2025-10-31 16:38:35
7200,109,24,COMPLETED,5,2025-12-27 21:39:25,2025-12-27 21:39:30
7201,246,13,COMPLETED,8,2025-09-14 15:54:53,2025-09-14 15:55:01
7202,118,6,COMPLETED,7,2026-02-12 19:57:04,2026-02-12 19:57:11
7203,118,15,FAILED,9,2026-02-12 20:02:04,2026-02-12 20:02:13
7204,1193,20,COMPLETED,11,2026-02-23 04:09:51,2026-02-23 04:10:02
7205,1193,5,COMPLETED,13,2026-02-23 04:14:51,2026-02-23 04:15:04
7206,393,20,COMPLETED,9,2025-11-12 03:14:49,2025-11-12 03:14:58
7207,54,18,COMPLETED,11,2025-11-28 12:42:50,2025-11-28 12:43:01
7208,515,16,COMPLETED,9,2026-02-24 16:03:09,2026-02-24 16:03:18
7209,7,17,COMPLETED,14,2025-11-28 01:24:16,2025-11-28 01:24:30
7210,183,8,COMPLETED,10,2025-11-17 12:21:18,2025-11-17 12:21:28
7211,336,20,COMPLETED,11,2026-01-07 21:55:40,2026-01-07 21:55:51
7212,336,5,COMPLETED,10,2026-01-07 21:59:40,2026-01-07 21:59:50
7213,124,19,COMPLETED,7,2025-09-18 04:21:10,2025-09-18 04:21:17
7214,124,23,COMPLETED,7,2025-09-18 04:24:10,2025-09-18 04:24:17
7215,124,8,COMPLETED,13,2025-09-18 04:31:10,2025-09-18 04:31:23
7216,94,19,COMPLETED,14,2026-01-30 13:07:26,2026-01-30 13:07:40
7217,94,23,COMPLETED,10,2026-01-30 13:09:26,2026-01-30 13:09:36
7218,94,8,COMPLETED,9,2026-01-30 13:11:26,2026-01-30 13:11:35
7219,484,19,COMPLETED,11,2025-11-09 08:47:04,2025-11-09 08:47:15
7220,484,23,COMPLETED,9,2025-11-09 08:49:04,2025-11-09 08:49:13
7221,484,8,COMPLETED,5,2025-11-09 08:55:04,2025-11-09 08:55:09
7222,1071,8,COMPLETED,9,2026-02-06 06:33:40,2026-02-06 06:33:49
7223,191,6,FAILED,10,2026-01-17 17:26:45,2026-01-17 17:26:55
7224,191,15,FAILED,5,2026-01-17 17:31:45,2026-01-17 17:31:50
7225,138,19,COMPLETED,12,2025-12-24 16:10:29,2025-12-24 16:10:41
7226,138,23,COMPLETED,12,2025-12-24 16:14:29,2025-12-24 16:14:41
7227,138,8,COMPLETED,10,2025-12-24 16:14:29,2025-12-24 16:14:39
7228,568,13,COMPLETED,8,2026-02-11 23:16:37,2026-02-11 23:16:45
7229,568,14,COMPLETED,11,2026-02-11 23:20:37,2026-02-11 23:20:48
7230,717,13,COMPLETED,12,2026-03-03 02:05:09,2026-03-03 02:05:21
7231,717,14,COMPLETED,3,2026-03-03 02:09:09,2026-03-03 02:09:12
7232,276,10,COMPLETED,6,2025-12-07 21:47:09,2025-12-07 21:47:15
7233,209,13,COMPLETED,6,2026-03-30 09:26:36,2026-03-30 09:26:42
7234,209,14,COMPLETED,5,2026-03-30 09:28:36,2026-03-30 09:28:41
7235,289,1,COMPLETED,5,2025-09-07 07:54:00,2025-09-07 07:54:05
7236,777,4,COMPLETED,14,2025-09-13 00:54:06,2025-09-13 00:54:20
7237,777,10,COMPLETED,13,2025-09-13 00:56:06,2025-09-13 00:56:19
7238,197,13,COMPLETED,4,2026-03-09 04:06:54,2026-03-09 04:06:58
7239,197,14,COMPLETED,7,2026-03-09 04:10:54,2026-03-09 04:11:01
7240,480,6,COMPLETED,5,2026-03-19 11:48:42,2026-03-19 11:48:47
7241,480,15,COMPLETED,5,2026-03-19 11:52:42,2026-03-19 11:52:47
7242,853,7,COMPLETED,11,2025-10-04 14:55:12,2025-10-04 14:55:23
7243,75,13,COMPLETED,12,2026-02-11 11:12:17,2026-02-11 11:12:29
7244,75,14,COMPLETED,12,2026-02-11 11:15:17,2026-02-11 11:15:29
7245,331,13,COMPLETED,6,2025-12-10 04:12:18,2025-12-10 04:12:24
7246,331,14,COMPLETED,5,2025-12-10 04:17:18,2025-12-10 04:17:23
7247,205,20,COMPLETED,6,2025-12-05 17:11:03,2025-12-05 17:11:09
7248,205,5,COMPLETED,11,2025-12-05 17:16:03,2025-12-05 17:16:14
7249,76,1,COMPLETED,13,2025-11-11 15:33:55,2025-11-11 15:34:08
7250,76,3,COMPLETED,13,2025-11-11 15:37:55,2025-11-11 15:38:08
7251,76,8,COMPLETED,10,2025-11-11 15:39:55,2025-11-11 15:40:05
7252,804,11,COMPLETED,5,2026-03-17 07:25:44,2026-03-17 07:25:49
7253,197,8,COMPLETED,8,2026-02-14 22:29:03,2026-02-14 22:29:11
7254,26,1,FAILED,15,2026-02-02 05:03:13,2026-02-02 05:03:28
7255,26,3,COMPLETED,7,2026-02-02 05:08:13,2026-02-02 05:08:20
7256,26,8,COMPLETED,4,2026-02-02 05:13:13,2026-02-02 05:13:17
7257,40,13,COMPLETED,11,2025-11-26 02:33:15,2025-11-26 02:33:26
7258,40,14,COMPLETED,12,2025-11-26 02:38:15,2025-11-26 02:38:27
7259,432,1,COMPLETED,10,2026-01-03 07:13:37,2026-01-03 07:13:47
7260,432,3,FAILED,6,2026-01-03 07:15:37,2026-01-03 07:15:43
7261,432,8,COMPLETED,5,2026-01-03 07:23:37,2026-01-03 07:23:42
7262,498,20,COMPLETED,9,2025-10-19 20:17:14,2025-10-19 20:17:23
7263,498,5,COMPLETED,7,2025-10-19 20:21:14,2025-10-19 20:21:21
7264,37,13,COMPLETED,5,2025-11-19 10:57:54,2025-11-19 10:57:59
7265,37,14,COMPLETED,11,2025-11-19 11:02:54,2025-11-19 11:03:05
7266,467,13,COMPLETED,10,2025-11-23 10:55:56,2025-11-23 10:56:06
7267,1153,4,COMPLETED,15,2025-09-24 10:32:00,2025-09-24 10:32:15
7268,1153,10,COMPLETED,13,2025-09-24 10:35:00,2025-09-24 10:35:13
7269,99,4,FAILED,13,2026-02-25 14:53:13,2026-02-25 14:53:26
7270,99,10,COMPLETED,10,2026-02-25 14:56:13,2026-02-25 14:56:23
7271,685,11,COMPLETED,9,2025-10-09 12:13:00,2025-10-09 12:13:09
7272,863,13,COMPLETED,14,2025-11-15 00:14:49,2025-11-15 00:15:03
7273,863,14,COMPLETED,13,2025-11-15 00:16:49,2025-11-15 00:17:02
7274,399,23,COMPLETED,7,2025-09-21 18:34:17,2025-09-21 18:34:24
7275,74,2,FAILED,9,2025-10-10 02:42:29,2025-10-10 02:42:38
7276,867,13,COMPLETED,8,2025-12-21 04:43:16,2025-12-21 04:43:24
7277,867,14,COMPLETED,9,2025-12-21 04:48:16,2025-12-21 04:48:25
7278,635,4,COMPLETED,14,2025-09-28 16:24:17,2025-09-28 16:24:31
7279,635,10,COMPLETED,13,2025-09-28 16:27:17,2025-09-28 16:27:30
7280,125,13,COMPLETED,12,2026-03-01 14:23:52,2026-03-01 14:24:04
7281,125,14,COMPLETED,7,2026-03-01 14:27:52,2026-03-01 14:27:59
7282,370,1,FAILED,6,2025-12-15 18:02:02,2025-12-15 18:02:08
7283,621,2,COMPLETED,6,2026-03-09 07:46:51,2026-03-09 07:46:57
7284,621,5,FAILED,13,2026-03-09 07:50:51,2026-03-09 07:51:04
7285,621,9,COMPLETED,8,2026-03-09 07:54:51,2026-03-09 07:54:59
7286,698,1,COMPLETED,14,2025-12-15 07:40:27,2025-12-15 07:40:41
7287,152,16,COMPLETED,9,2025-10-31 23:18:42,2025-10-31 23:18:51
7288,89,21,COMPLETED,12,2025-12-12 20:27:17,2025-12-12 20:27:29
7289,87,19,COMPLETED,11,2026-02-10 16:50:56,2026-02-10 16:51:07
7290,87,23,COMPLETED,10,2026-02-10 16:54:56,2026-02-10 16:55:06
7291,87,8,COMPLETED,9,2026-02-10 16:58:56,2026-02-10 16:59:05
7292,235,20,COMPLETED,3,2025-09-25 20:52:15,2025-09-25 20:52:18
7293,235,5,FAILED,12,2025-09-25 20:56:15,2025-09-25 20:56:27
7294,384,17,COMPLETED,12,2025-12-17 11:10:40,2025-12-17 11:10:52
7295,384,16,FAILED,8,2025-12-17 11:13:40,2025-12-17 11:13:48
7296,1132,17,COMPLETED,5,2025-11-20 13:42:30,2025-11-20 13:42:35
7297,317,2,FAILED,4,2026-03-12 18:54:30,2026-03-12 18:54:34
7298,317,5,COMPLETED,7,2026-03-12 18:57:30,2026-03-12 18:57:37
7299,317,9,COMPLETED,10,2026-03-12 18:58:30,2026-03-12 18:58:40
7300,798,20,COMPLETED,6,2025-11-11 21:13:14,2025-11-11 21:13:20
7301,798,5,COMPLETED,14,2025-11-11 21:18:14,2025-11-11 21:18:28
7302,292,19,COMPLETED,12,2026-02-18 08:51:48,2026-02-18 08:52:00
7303,292,23,COMPLETED,6,2026-02-18 08:55:48,2026-02-18 08:55:54
7304,292,8,COMPLETED,3,2026-02-18 08:55:48,2026-02-18 08:55:51
7305,209,20,COMPLETED,13,2026-02-02 21:08:36,2026-02-02 21:08:49
7306,209,5,COMPLETED,12,2026-02-02 21:13:36,2026-02-02 21:13:48
7307,49,20,COMPLETED,5,2026-03-22 03:52:45,2026-03-22 03:52:50
7308,49,5,FAILED,6,2026-03-22 03:57:45,2026-03-22 03:57:51
7309,1179,20,COMPLETED,9,2025-11-26 14:40:44,2025-11-26 14:40:53
7310,1179,5,FAILED,9,2025-11-26 14:43:44,2025-11-26 14:43:53
7311,31,8,COMPLETED,9,2026-03-03 22:32:57,2026-03-03 22:33:06
7312,127,4,COMPLETED,10,2026-03-31 13:22:17,2026-03-31 13:22:27
7313,127,10,COMPLETED,12,2026-03-31 13:27:17,2026-03-31 13:27:29
7314,855,24,COMPLETED,9,2026-02-19 18:52:28,2026-02-19 18:52:37
7315,543,19,COMPLETED,6,2025-11-29 16:28:03,2025-11-29 16:28:09
7316,543,23,COMPLETED,3,2025-11-29 16:32:03,2025-11-29 16:32:06
7317,543,8,COMPLETED,5,2025-11-29 16:36:03,2025-11-29 16:36:08
7318,172,19,COMPLETED,14,2026-01-05 21:29:05,2026-01-05 21:29:19
7319,172,23,COMPLETED,3,2026-01-05 21:32:05,2026-01-05 21:32:08
7320,172,8,FAILED,4,2026-01-05 21:39:05,2026-01-05 21:39:09
7321,27,6,COMPLETED,5,2025-09-27 01:15:01,2025-09-27 01:15:06
7322,27,15,COMPLETED,4,2025-09-27 01:20:01,2025-09-27 01:20:05
7323,108,6,COMPLETED,4,2026-03-13 12:19:20,2026-03-13 12:19:24
7324,46,6,FAILED,12,2025-09-02 20:52:34,2025-09-02 20:52:46
7325,2,13,COMPLETED,8,2025-09-16 22:02:59,2025-09-16 22:03:07
7326,2,14,COMPLETED,11,2025-09-16 22:06:59,2025-09-16 22:07:10
7327,89,20,FAILED,5,2025-10-28 13:05:28,2025-10-28 13:05:33
7328,663,8,FAILED,7,2025-12-12 01:58:13,2025-12-12 01:58:20
7329,203,15,COMPLETED,6,2025-10-19 14:38:58,2025-10-19 14:39:04
7330,376,13,COMPLETED,7,2026-03-31 02:38:34,2026-03-31 02:38:41
7331,376,14,COMPLETED,14,2026-03-31 02:40:34,2026-03-31 02:40:48
7332,739,9,COMPLETED,12,2025-09-26 04:38:29,2025-09-26 04:38:41
7333,85,16,COMPLETED,12,2025-10-24 04:09:33,2025-10-24 04:09:45
7334,375,4,COMPLETED,14,2025-12-18 09:33:01,2025-12-18 09:33:15
7335,375,10,COMPLETED,10,2025-12-18 09:37:01,2025-12-18 09:37:11
7336,816,13,COMPLETED,8,2026-01-08 00:30:15,2026-01-08 00:30:23
7337,816,14,COMPLETED,13,2026-01-08 00:32:15,2026-01-08 00:32:28
7338,348,21,COMPLETED,11,2025-10-29 05:00:00,2025-10-29 05:00:11
7339,4,23,FAILED,11,2025-12-14 16:38:41,2025-12-14 16:38:52
7340,271,2,COMPLETED,13,2026-01-09 15:16:40,2026-01-09 15:16:53
7341,271,5,COMPLETED,8,2026-01-09 15:20:40,2026-01-09 15:20:48
7342,271,9,COMPLETED,9,2026-01-09 15:22:40,2026-01-09 15:22:49
7343,37,23,COMPLETED,10,2025-11-14 11:43:36,2025-11-14 11:43:46
7344,45,19,COMPLETED,7,2025-11-06 21:10:53,2025-11-06 21:11:00
7345,45,23,COMPLETED,7,2025-11-06 21:12:53,2025-11-06 21:13:00
7346,45,8,COMPLETED,7,2025-11-06 21:20:53,2025-11-06 21:21:00
7347,75,17,COMPLETED,14,2026-01-24 23:59:10,2026-01-24 23:59:24
7348,75,16,COMPLETED,10,2026-01-25 00:03:10,2026-01-25 00:03:20
7349,245,19,FAILED,13,2025-12-23 06:26:31,2025-12-23 06:26:44
7350,245,23,COMPLETED,3,2025-12-23 06:28:31,2025-12-23 06:28:34
7351,245,8,COMPLETED,5,2025-12-23 06:32:31,2025-12-23 06:32:36
7352,52,13,COMPLETED,10,2026-01-31 19:54:52,2026-01-31 19:55:02
7353,52,14,COMPLETED,9,2026-01-31 19:56:52,2026-01-31 19:57:01
7354,400,3,COMPLETED,11,2025-11-11 15:38:09,2025-11-11 15:38:20
7355,267,19,COMPLETED,5,2025-10-16 15:43:13,2025-10-16 15:43:18
7356,267,23,COMPLETED,7,2025-10-16 15:48:13,2025-10-16 15:48:20
7357,267,8,COMPLETED,5,2025-10-16 15:51:13,2025-10-16 15:51:18
7358,752,18,COMPLETED,9,2026-01-01 06:06:20,2026-01-01 06:06:29
7359,64,19,COMPLETED,5,2025-10-20 20:04:33,2025-10-20 20:04:38
7360,64,23,FAILED,9,2025-10-20 20:08:33,2025-10-20 20:08:42
7361,64,8,COMPLETED,11,2025-10-20 20:10:33,2025-10-20 20:10:44
7362,130,20,COMPLETED,10,2026-01-22 01:55:43,2026-01-22 01:55:53
7363,130,5,COMPLETED,5,2026-01-22 01:59:43,2026-01-22 01:59:48
7364,54,1,COMPLETED,7,2026-03-17 08:03:57,2026-03-17 08:04:04
7365,54,3,COMPLETED,8,2026-03-17 08:06:57,2026-03-17 08:07:05
7366,54,8,FAILED,11,2026-03-17 08:09:57,2026-03-17 08:10:08
7367,165,23,COMPLETED,11,2025-09-04 05:53:32,2025-09-04 05:53:43
7368,70,20,COMPLETED,8,2026-01-23 06:25:27,2026-01-23 06:25:35
7369,232,1,COMPLETED,7,2026-02-15 06:25:35,2026-02-15 06:25:42
7370,188,9,COMPLETED,10,2026-01-25 14:14:36,2026-01-25 14:14:46
7371,277,17,COMPLETED,4,2025-11-12 01:58:39,2025-11-12 01:58:43
7372,277,16,COMPLETED,9,2025-11-12 02:02:39,2025-11-12 02:02:48
7373,890,17,COMPLETED,12,2025-12-25 08:25:21,2025-12-25 08:25:33
7374,890,16,COMPLETED,8,2025-12-25 08:28:21,2025-12-25 08:28:29
7375,8,20,COMPLETED,4,2026-01-04 15:37:18,2026-01-04 15:37:22
7376,8,5,COMPLETED,11,2026-01-04 15:42:18,2026-01-04 15:42:29
7377,1119,20,COMPLETED,13,2025-10-03 01:10:09,2025-10-03 01:10:22
7378,1119,5,COMPLETED,10,2025-10-03 01:14:09,2025-10-03 01:14:19
7379,80,6,COMPLETED,13,2026-02-03 18:18:03,2026-02-03 18:18:16
7380,80,15,COMPLETED,3,2026-02-03 18:22:03,2026-02-03 18:22:06
7381,349,19,COMPLETED,7,2026-02-04 16:04:15,2026-02-04 16:04:22
7382,349,23,COMPLETED,4,2026-02-04 16:09:15,2026-02-04 16:09:19
7383,349,8,COMPLETED,6,2026-02-04 16:12:15,2026-02-04 16:12:21
7384,365,17,COMPLETED,13,2026-03-21 11:19:42,2026-03-21 11:19:55
7385,83,17,COMPLETED,5,2025-12-19 15:44:24,2025-12-19 15:44:29
7386,83,16,COMPLETED,4,2025-12-19 15:47:24,2025-12-19 15:47:28
7387,766,4,COMPLETED,8,2026-01-05 05:22:23,2026-01-05 05:22:31
7388,766,10,COMPLETED,12,2026-01-05 05:26:23,2026-01-05 05:26:35
7389,790,13,COMPLETED,7,2026-02-14 20:35:14,2026-02-14 20:35:21
7390,790,14,COMPLETED,4,2026-02-14 20:40:14,2026-02-14 20:40:18
7391,298,17,COMPLETED,6,2025-11-15 21:22:53,2025-11-15 21:22:59
7392,298,16,FAILED,4,2025-11-15 21:26:53,2025-11-15 21:26:57
7393,51,8,COMPLETED,14,2025-09-12 00:53:00,2025-09-12 00:53:14
7394,121,6,COMPLETED,11,2025-10-26 09:07:51,2025-10-26 09:08:02
7395,1069,6,COMPLETED,9,2025-09-23 01:55:51,2025-09-23 01:56:00
7396,1069,15,COMPLETED,5,2025-09-23 01:58:51,2025-09-23 01:58:56
7397,384,11,COMPLETED,6,2025-12-21 09:14:22,2025-12-21 09:14:28
7398,38,21,COMPLETED,10,2025-12-21 01:46:26,2025-12-21 01:46:36
7399,31,13,COMPLETED,7,2026-03-08 19:02:41,2026-03-08 19:02:48
7400,31,14,COMPLETED,8,2026-03-08 19:05:41,2026-03-08 19:05:49
7401,87,1,COMPLETED,9,2025-09-24 05:20:22,2025-09-24 05:20:31
7402,87,3,COMPLETED,4,2025-09-24 05:23:22,2025-09-24 05:23:26
7403,87,8,COMPLETED,13,2025-09-24 05:26:22,2025-09-24 05:26:35
7404,739,6,COMPLETED,4,2026-03-12 04:04:29,2026-03-12 04:04:33
7405,739,15,COMPLETED,10,2026-03-12 04:09:29,2026-03-12 04:09:39
7406,184,2,COMPLETED,10,2026-02-11 13:29:38,2026-02-11 13:29:48
7407,48,7,COMPLETED,7,2026-03-20 09:51:42,2026-03-20 09:51:49
7408,370,13,COMPLETED,11,2025-10-21 11:19:46,2025-10-21 11:19:57
7409,241,4,COMPLETED,9,2026-02-24 10:07:03,2026-02-24 10:07:12
7410,241,10,COMPLETED,13,2026-02-24 10:09:03,2026-02-24 10:09:16
7411,328,1,COMPLETED,8,2025-11-14 00:11:28,2025-11-14 00:11:36
7412,202,2,COMPLETED,5,2026-01-09 02:48:21,2026-01-09 02:48:26
7413,202,5,COMPLETED,9,2026-01-09 02:50:21,2026-01-09 02:50:30
7414,202,9,COMPLETED,11,2026-01-09 02:52:21,2026-01-09 02:52:32
7415,277,20,COMPLETED,12,2025-12-04 15:27:08,2025-12-04 15:27:20
7416,277,5,COMPLETED,12,2025-12-04 15:30:08,2025-12-04 15:30:20
7417,981,6,COMPLETED,7,2026-02-07 21:45:18,2026-02-07 21:45:25
7418,981,15,COMPLETED,9,2026-02-07 21:47:18,2026-02-07 21:47:27
7419,250,1,COMPLETED,14,2025-10-21 22:50:55,2025-10-21 22:51:09
7420,282,9,COMPLETED,8,2025-09-12 01:58:29,2025-09-12 01:58:37
7421,201,2,COMPLETED,5,2025-09-13 09:34:18,2025-09-13 09:34:23
7422,201,5,FAILED,13,2025-09-13 09:37:18,2025-09-13 09:37:31
7423,201,9,COMPLETED,13,2025-09-13 09:38:18,2025-09-13 09:38:31
7424,295,1,COMPLETED,14,2026-02-20 02:45:22,2026-02-20 02:45:36
7425,295,3,COMPLETED,4,2026-02-20 02:49:22,2026-02-20 02:49:26
7426,295,8,FAILED,5,2026-02-20 02:49:22,2026-02-20 02:49:27
7427,198,6,COMPLETED,10,2026-03-16 01:55:49,2026-03-16 01:55:59
7428,198,15,COMPLETED,7,2026-03-16 01:59:49,2026-03-16 01:59:56
7429,80,2,COMPLETED,4,2026-03-16 13:03:57,2026-03-16 13:04:01
7430,145,17,COMPLETED,13,2025-12-06 00:40:55,2025-12-06 00:41:08
7431,145,16,COMPLETED,5,2025-12-06 00:43:55,2025-12-06 00:44:00
7432,1165,13,COMPLETED,6,2026-01-09 22:54:10,2026-01-09 22:54:16
7433,67,4,COMPLETED,11,2025-10-24 05:27:13,2025-10-24 05:27:24
7434,67,10,COMPLETED,13,2025-10-24 05:32:13,2025-10-24 05:32:26
7435,357,21,COMPLETED,11,2026-02-03 21:35:06,2026-02-03 21:35:17
7436,358,19,FAILED,13,2025-12-12 20:16:08,2025-12-12 20:16:21
7437,358,23,COMPLETED,6,2025-12-12 20:19:08,2025-12-12 20:19:14
7438,358,8,COMPLETED,10,2025-12-12 20:24:08,2025-12-12 20:24:18
7439,34,4,COMPLETED,13,2025-12-13 01:41:13,2025-12-13 01:41:26
7440,34,10,COMPLETED,6,2025-12-13 01:46:13,2025-12-13 01:46:19
7441,267,20,COMPLETED,5,2025-11-06 18:45:40,2025-11-06 18:45:45
7442,267,5,COMPLETED,4,2025-11-06 18:48:40,2025-11-06 18:48:44
7443,281,4,COMPLETED,8,2025-11-29 02:41:53,2025-11-29 02:42:01
7444,281,10,COMPLETED,8,2025-11-29 02:44:53,2025-11-29 02:45:01
7445,372,13,COMPLETED,12,2025-11-28 15:42:39,2025-11-28 15:42:51
7446,372,14,COMPLETED,6,2025-11-28 15:44:39,2025-11-28 15:44:45
7447,369,6,COMPLETED,8,2025-09-11 02:51:00,2025-09-11 02:51:08
7448,15,6,COMPLETED,13,2026-02-05 08:25:11,2026-02-05 08:25:24
7449,15,15,COMPLETED,8,2026-02-05 08:29:11,2026-02-05 08:29:19
7450,80,13,COMPLETED,6,2025-09-30 12:04:09,2025-09-30 12:04:15
7451,3,8,COMPLETED,11,2026-01-24 10:09:48,2026-01-24 10:09:59
7452,143,25,COMPLETED,7,2026-01-19 10:14:48,2026-01-19 10:14:55
7453,41,2,COMPLETED,12,2026-02-17 16:02:28,2026-02-17 16:02:40
7454,41,5,COMPLETED,13,2026-02-17 16:07:28,2026-02-17 16:07:41
7455,41,9,COMPLETED,5,2026-02-17 16:08:28,2026-02-17 16:08:33
7456,161,1,COMPLETED,12,2026-03-11 07:38:22,2026-03-11 07:38:34
7457,161,3,COMPLETED,4,2026-03-11 07:41:22,2026-03-11 07:41:26
7458,161,8,COMPLETED,10,2026-03-11 07:44:22,2026-03-11 07:44:32
7459,270,19,COMPLETED,5,2026-03-15 03:44:10,2026-03-15 03:44:15
7460,213,8,COMPLETED,13,2025-09-09 08:18:51,2025-09-09 08:19:04
7461,27,1,COMPLETED,5,2025-09-25 01:12:43,2025-09-25 01:12:48
7462,27,3,COMPLETED,11,2025-09-25 01:17:43,2025-09-25 01:17:54
7463,27,8,COMPLETED,10,2025-09-25 01:18:43,2025-09-25 01:18:53
7464,85,17,COMPLETED,8,2025-11-17 02:07:55,2025-11-17 02:08:03
7465,85,16,COMPLETED,9,2025-11-17 02:10:55,2025-11-17 02:11:04
7466,60,8,COMPLETED,13,2025-10-25 00:23:51,2025-10-25 00:24:04
7467,55,13,COMPLETED,8,2026-03-31 21:51:27,2026-03-31 21:51:35
7468,55,14,COMPLETED,5,2026-03-31 21:53:27,2026-03-31 21:53:32
7469,1090,20,COMPLETED,3,2026-02-16 20:08:26,2026-02-16 20:08:29
7470,33,17,COMPLETED,11,2026-02-12 14:46:00,2026-02-12 14:46:11
7471,33,16,FAILED,7,2026-02-12 14:50:00,2026-02-12 14:50:07
7472,76,21,COMPLETED,14,2025-11-24 16:44:36,2025-11-24 16:44:50
7473,68,23,COMPLETED,12,2026-02-14 15:06:36,2026-02-14 15:06:48
7474,141,4,COMPLETED,8,2025-11-17 16:18:57,2025-11-17 16:19:05
7475,43,22,COMPLETED,14,2025-12-01 04:29:37,2025-12-01 04:29:51
7476,69,13,COMPLETED,6,2026-01-23 02:30:30,2026-01-23 02:30:36
7477,69,14,COMPLETED,5,2026-01-23 02:33:30,2026-01-23 02:33:35
7478,716,18,COMPLETED,11,2025-10-08 03:10:35,2025-10-08 03:10:46
7479,715,6,COMPLETED,12,2026-01-15 08:15:39,2026-01-15 08:15:51
7480,715,15,COMPLETED,12,2026-01-15 08:19:39,2026-01-15 08:19:51
7481,278,12,COMPLETED,9,2026-02-13 17:31:51,2026-02-13 17:32:00
7482,441,4,COMPLETED,12,2025-12-21 19:20:33,2025-12-21 19:20:45
7483,441,10,COMPLETED,8,2025-12-21 19:22:33,2025-12-21 19:22:41
7484,323,19,COMPLETED,9,2025-11-07 00:43:48,2025-11-07 00:43:57
7485,323,23,COMPLETED,8,2025-11-07 00:48:48,2025-11-07 00:48:56
7486,323,8,COMPLETED,8,2025-11-07 00:47:48,2025-11-07 00:47:56
7487,920,20,FAILED,14,2026-01-17 00:29:29,2026-01-17 00:29:43
7488,920,5,COMPLETED,8,2026-01-17 00:31:29,2026-01-17 00:31:37
7489,19,19,COMPLETED,14,2026-01-03 07:40:39,2026-01-03 07:40:53
7490,19,23,COMPLETED,6,2026-01-03 07:43:39,2026-01-03 07:43:45
7491,19,8,COMPLETED,12,2026-01-03 07:50:39,2026-01-03 07:50:51
7492,205,17,COMPLETED,9,2026-02-28 17:20:48,2026-02-28 17:20:57
7493,205,16,COMPLETED,8,2026-02-28 17:22:48,2026-02-28 17:22:56
7494,306,2,COMPLETED,7,2025-10-24 12:14:26,2025-10-24 12:14:33
7495,306,5,COMPLETED,6,2025-10-24 12:16:26,2025-10-24 12:16:32
7496,306,9,COMPLETED,15,2025-10-24 12:18:26,2025-10-24 12:18:41
7497,252,4,COMPLETED,13,2026-02-21 08:33:47,2026-02-21 08:34:00
7498,252,10,COMPLETED,14,2026-02-21 08:37:47,2026-02-21 08:38:01
7499,213,6,COMPLETED,3,2025-09-21 05:16:00,2025-09-21 05:16:03
7500,213,15,FAILED,6,2025-09-21 05:18:00,2025-09-21 05:18:06
7501,35,13,COMPLETED,4,2025-12-30 12:34:25,2025-12-30 12:34:29
7502,35,14,COMPLETED,8,2025-12-30 12:39:25,2025-12-30 12:39:33
7503,378,6,COMPLETED,11,2025-11-17 00:33:36,2025-11-17 00:33:47
7504,378,15,COMPLETED,9,2025-11-17 00:36:36,2025-11-17 00:36:45
7505,854,9,COMPLETED,6,2025-09-07 16:56:45,2025-09-07 16:56:51
7506,17,20,COMPLETED,13,2025-09-12 01:44:03,2025-09-12 01:44:16
7507,17,5,COMPLETED,10,2025-09-12 01:49:03,2025-09-12 01:49:13
7508,71,4,COMPLETED,12,2025-11-26 16:52:03,2025-11-26 16:52:15
7509,71,10,COMPLETED,8,2025-11-26 16:55:03,2025-11-26 16:55:11
7510,118,2,COMPLETED,8,2025-12-13 00:08:52,2025-12-13 00:09:00
7511,118,5,COMPLETED,7,2025-12-13 00:13:52,2025-12-13 00:13:59
7512,118,9,COMPLETED,12,2025-12-13 00:18:52,2025-12-13 00:19:04
7513,206,12,COMPLETED,7,2026-02-04 17:39:47,2026-02-04 17:39:54
7514,93,19,FAILED,11,2025-12-13 21:09:33,2025-12-13 21:09:44
7515,93,23,COMPLETED,3,2025-12-13 21:12:33,2025-12-13 21:12:36
7516,93,8,COMPLETED,5,2025-12-13 21:13:33,2025-12-13 21:13:38
7517,306,13,COMPLETED,9,2026-02-25 00:03:49,2026-02-25 00:03:58
7518,306,14,COMPLETED,8,2026-02-25 00:05:49,2026-02-25 00:05:57
7519,338,20,COMPLETED,5,2025-09-08 19:19:09,2025-09-08 19:19:14
7520,338,5,COMPLETED,11,2025-09-08 19:22:09,2025-09-08 19:22:20
7521,546,19,COMPLETED,9,2025-09-13 03:43:18,2025-09-13 03:43:27
7522,546,23,COMPLETED,13,2025-09-13 03:45:18,2025-09-13 03:45:31
7523,546,8,COMPLETED,7,2025-09-13 03:51:18,2025-09-13 03:51:25
7524,26,1,COMPLETED,15,2026-03-02 02:58:46,2026-03-02 02:59:01
7525,26,3,FAILED,11,2026-03-02 03:02:46,2026-03-02 03:02:57
7526,26,8,COMPLETED,6,2026-03-02 03:02:46,2026-03-02 03:02:52
7527,1166,4,COMPLETED,11,2026-03-22 14:03:13,2026-03-22 14:03:24
7528,1166,10,COMPLETED,14,2026-03-22 14:08:13,2026-03-22 14:08:27
7529,375,6,COMPLETED,7,2026-02-04 14:23:28,2026-02-04 14:23:35
7530,375,15,FAILED,11,2026-02-04 14:28:28,2026-02-04 14:28:39
7531,125,17,COMPLETED,11,2025-09-08 10:22:07,2025-09-08 10:22:18
7532,125,16,COMPLETED,12,2025-09-08 10:24:07,2025-09-08 10:24:19
7533,250,15,COMPLETED,9,2026-02-20 23:36:17,2026-02-20 23:36:26
7534,89,2,COMPLETED,6,2026-01-25 12:18:40,2026-01-25 12:18:46
7535,89,5,COMPLETED,9,2026-01-25 12:21:40,2026-01-25 12:21:49
7536,89,9,COMPLETED,5,2026-01-25 12:26:40,2026-01-25 12:26:45
7537,88,6,COMPLETED,10,2025-11-30 11:05:41,2025-11-30 11:05:51
7538,88,15,COMPLETED,13,2025-11-30 11:09:41,2025-11-30 11:09:54
7539,60,2,COMPLETED,9,2025-12-11 18:18:38,2025-12-11 18:18:47
7540,60,5,FAILED,8,2025-12-11 18:20:38,2025-12-11 18:20:46
7541,60,9,COMPLETED,14,2025-12-11 18:22:38,2025-12-11 18:22:52
7542,59,1,COMPLETED,6,2025-10-29 00:18:38,2025-10-29 00:18:44
7543,59,3,COMPLETED,5,2025-10-29 00:21:38,2025-10-29 00:21:43
7544,59,8,COMPLETED,13,2025-10-29 00:22:38,2025-10-29 00:22:51
7545,89,21,COMPLETED,11,2025-12-18 08:19:38,2025-12-18 08:19:49
7546,876,19,COMPLETED,5,2026-03-20 00:00:40,2026-03-20 00:00:45
7547,50,19,COMPLETED,9,2025-11-09 19:20:52,2025-11-09 19:21:01
7548,50,23,FAILED,11,2025-11-09 19:25:52,2025-11-09 19:26:03
7549,50,8,COMPLETED,13,2025-11-09 19:26:52,2025-11-09 19:27:05
7550,14,20,COMPLETED,8,2026-03-29 13:52:43,2026-03-29 13:52:51
7551,14,5,COMPLETED,5,2026-03-29 13:57:43,2026-03-29 13:57:48
7552,27,19,COMPLETED,12,2025-09-12 07:18:14,2025-09-12 07:18:26
7553,18,19,COMPLETED,7,2026-01-09 15:48:44,2026-01-09 15:48:51
7554,18,23,COMPLETED,10,2026-01-09 15:50:44,2026-01-09 15:50:54
7555,18,8,COMPLETED,12,2026-01-09 15:54:44,2026-01-09 15:54:56
7556,273,25,COMPLETED,13,2026-01-15 06:42:32,2026-01-15 06:42:45
7557,364,17,COMPLETED,13,2026-02-20 02:47:46,2026-02-20 02:47:59
7558,364,16,COMPLETED,13,2026-02-20 02:52:46,2026-02-20 02:52:59
7559,768,4,COMPLETED,13,2026-03-29 01:26:46,2026-03-29 01:26:59
7560,768,10,COMPLETED,6,2026-03-29 01:29:46,2026-03-29 01:29:52
7561,198,18,FAILED,10,2025-12-18 01:52:28,2025-12-18 01:52:38
7562,827,19,COMPLETED,6,2026-03-31 14:34:23,2026-03-31 14:34:29
7563,264,4,COMPLETED,8,2025-12-25 10:04:32,2025-12-25 10:04:40
7564,106,2,FAILED,5,2026-02-05 11:33:41,2026-02-05 11:33:46
7565,186,20,FAILED,13,2025-10-08 03:25:39,2025-10-08 03:25:52
7566,186,5,COMPLETED,11,2025-10-08 03:28:39,2025-10-08 03:28:50
7567,464,14,COMPLETED,12,2026-01-10 22:49:18,2026-01-10 22:49:30
7568,6,17,FAILED,10,2025-11-25 00:42:35,2025-11-25 00:42:45
7569,6,16,FAILED,7,2025-11-25 00:44:35,2025-11-25 00:44:42
7570,1164,3,COMPLETED,4,2026-02-18 19:34:54,2026-02-18 19:34:58
7571,75,5,FAILED,9,2026-02-22 06:45:06,2026-02-22 06:45:15
7572,284,8,FAILED,9,2026-01-17 04:34:20,2026-01-17 04:34:29
7573,87,17,COMPLETED,10,2025-10-15 18:06:23,2025-10-15 18:06:33
7574,87,16,COMPLETED,12,2025-10-15 18:11:23,2025-10-15 18:11:35
7575,538,6,COMPLETED,8,2026-01-29 15:28:01,2026-01-29 15:28:09
7576,538,15,COMPLETED,9,2026-01-29 15:31:01,2026-01-29 15:31:10
7577,1066,7,COMPLETED,9,2025-12-17 17:32:01,2025-12-17 17:32:10
7578,43,24,COMPLETED,11,2026-03-27 10:52:02,2026-03-27 10:52:13
7579,185,1,COMPLETED,14,2026-03-27 20:11:40,2026-03-27 20:11:54
7580,185,3,FAILED,6,2026-03-27 20:14:40,2026-03-27 20:14:46
7581,185,8,COMPLETED,7,2026-03-27 20:17:40,2026-03-27 20:17:47
7582,152,21,FAILED,6,2026-01-09 03:06:21,2026-01-09 03:06:27
7583,171,24,COMPLETED,10,2025-12-01 23:02:26,2025-12-01 23:02:36
7584,219,19,COMPLETED,11,2025-10-25 15:59:51,2025-10-25 16:00:02
7585,219,23,COMPLETED,7,2025-10-25 16:01:51,2025-10-25 16:01:58
7586,219,8,COMPLETED,8,2025-10-25 16:09:51,2025-10-25 16:09:59
7587,676,11,COMPLETED,8,2025-12-11 02:36:17,2025-12-11 02:36:25
7588,2,6,FAILED,10,2026-03-28 14:50:32,2026-03-28 14:50:42
7589,2,15,COMPLETED,3,2026-03-28 14:52:32,2026-03-28 14:52:35
7590,24,4,COMPLETED,10,2026-02-09 14:55:35,2026-02-09 14:55:45
7591,378,17,FAILED,9,2026-01-20 01:26:03,2026-01-20 01:26:12
7592,378,16,FAILED,9,2026-01-20 01:30:03,2026-01-20 01:30:12
7593,563,6,COMPLETED,8,2026-03-21 19:24:04,2026-03-21 19:24:12
7594,563,15,COMPLETED,6,2026-03-21 19:28:04,2026-03-21 19:28:10
7595,91,11,COMPLETED,11,2026-01-24 19:50:32,2026-01-24 19:50:43
7596,297,25,COMPLETED,12,2026-01-20 12:14:01,2026-01-20 12:14:13
7597,8,1,COMPLETED,7,2025-09-17 10:01:28,2025-09-17 10:01:35
7598,8,3,COMPLETED,4,2025-09-17 10:03:28,2025-09-17 10:03:32
7599,8,8,COMPLETED,8,2025-09-17 10:11:28,2025-09-17 10:11:36
7600,170,4,COMPLETED,14,2026-01-08 00:41:26,2026-01-08 00:41:40
7601,170,10,COMPLETED,8,2026-01-08 00:43:26,2026-01-08 00:43:34
7602,512,17,COMPLETED,7,2026-02-03 23:08:55,2026-02-03 23:09:02
7603,512,16,COMPLETED,4,2026-02-03 23:13:55,2026-02-03 23:13:59
7604,183,2,COMPLETED,13,2026-01-25 11:57:33,2026-01-25 11:57:46
7605,104,13,COMPLETED,10,2026-02-27 09:40:16,2026-02-27 09:40:26
7606,104,14,FAILED,7,2026-02-27 09:43:16,2026-02-27 09:43:23
7607,313,17,COMPLETED,5,2026-03-08 19:00:14,2026-03-08 19:00:19
7608,313,16,COMPLETED,9,2026-03-08 19:02:14,2026-03-08 19:02:23
7609,1,4,COMPLETED,11,2025-11-01 22:39:07,2025-11-01 22:39:18
7610,1,10,COMPLETED,15,2025-11-01 22:44:07,2025-11-01 22:44:22
7611,38,25,COMPLETED,13,2026-01-25 12:40:57,2026-01-25 12:41:10
7612,119,4,COMPLETED,9,2026-03-20 10:20:22,2026-03-20 10:20:31
7613,119,10,COMPLETED,6,2026-03-20 10:24:22,2026-03-20 10:24:28
7614,297,20,COMPLETED,11,2026-01-31 15:10:19,2026-01-31 15:10:30
7615,297,5,COMPLETED,5,2026-01-31 15:15:19,2026-01-31 15:15:24
7616,207,4,COMPLETED,13,2025-10-13 18:30:30,2025-10-13 18:30:43
7617,207,10,FAILED,6,2025-10-13 18:32:30,2025-10-13 18:32:36
7618,347,3,COMPLETED,11,2026-02-12 23:50:56,2026-02-12 23:51:07
7619,308,13,COMPLETED,5,2025-09-02 09:06:47,2025-09-02 09:06:52
7620,308,14,COMPLETED,6,2025-09-02 09:10:47,2025-09-02 09:10:53
7621,42,19,COMPLETED,5,2026-02-08 03:57:43,2026-02-08 03:57:48
7622,269,4,COMPLETED,11,2026-03-15 18:05:52,2026-03-15 18:06:03
7623,13,4,COMPLETED,15,2026-03-07 04:38:33,2026-03-07 04:38:48
7624,13,10,FAILED,13,2026-03-07 04:40:33,2026-03-07 04:40:46
7625,955,13,FAILED,6,2025-12-28 20:47:01,2025-12-28 20:47:07
7626,955,14,COMPLETED,6,2025-12-28 20:50:01,2025-12-28 20:50:07
7627,330,4,COMPLETED,9,2026-01-14 07:00:47,2026-01-14 07:00:56
7628,330,10,COMPLETED,10,2026-01-14 07:05:47,2026-01-14 07:05:57
7629,694,17,COMPLETED,10,2026-03-06 20:27:16,2026-03-06 20:27:26
7630,694,16,COMPLETED,8,2026-03-06 20:32:16,2026-03-06 20:32:24
7631,399,18,COMPLETED,11,2026-02-05 13:53:07,2026-02-05 13:53:18
7632,709,4,COMPLETED,5,2025-10-04 19:49:16,2025-10-04 19:49:21
7633,709,10,COMPLETED,7,2025-10-04 19:52:16,2025-10-04 19:52:23
7634,1099,17,COMPLETED,10,2025-11-30 23:10:16,2025-11-30 23:10:26
7635,1099,16,COMPLETED,5,2025-11-30 23:12:16,2025-11-30 23:12:21
7636,45,20,COMPLETED,13,2026-03-04 12:42:13,2026-03-04 12:42:26
7637,45,5,COMPLETED,8,2026-03-04 12:47:13,2026-03-04 12:47:21
7638,43,19,COMPLETED,13,2026-01-02 08:52:07,2026-01-02 08:52:20
7639,43,23,COMPLETED,11,2026-01-02 08:56:07,2026-01-02 08:56:18
7640,43,8,COMPLETED,11,2026-01-02 08:58:07,2026-01-02 08:58:18
7641,165,1,COMPLETED,8,2026-01-20 02:50:15,2026-01-20 02:50:23
7642,165,3,COMPLETED,10,2026-01-20 02:52:15,2026-01-20 02:52:25
7643,165,8,COMPLETED,9,2026-01-20 02:56:15,2026-01-20 02:56:24
7644,665,6,COMPLETED,8,2026-01-27 15:36:06,2026-01-27 15:36:14
7645,665,15,COMPLETED,7,2026-01-27 15:38:06,2026-01-27 15:38:13
7646,852,13,COMPLETED,4,2026-01-20 13:25:24,2026-01-20 13:25:28
7647,79,1,FAILED,9,2025-11-29 11:57:58,2025-11-29 11:58:07
7648,79,3,COMPLETED,7,2025-11-29 12:01:58,2025-11-29 12:02:05
7649,79,8,FAILED,13,2025-11-29 12:05:58,2025-11-29 12:06:11
7650,205,2,COMPLETED,5,2026-02-25 18:10:55,2026-02-25 18:11:00
7651,205,5,COMPLETED,10,2026-02-25 18:15:55,2026-02-25 18:16:05
7652,205,9,COMPLETED,7,2026-02-25 18:20:55,2026-02-25 18:21:02
7653,926,15,COMPLETED,6,2025-10-21 10:41:18,2025-10-21 10:41:24
7654,264,15,COMPLETED,5,2026-01-12 06:27:41,2026-01-12 06:27:46
7655,234,17,FAILED,10,2026-02-05 00:22:44,2026-02-05 00:22:54
7656,234,16,COMPLETED,3,2026-02-05 00:26:44,2026-02-05 00:26:47
7657,263,19,COMPLETED,12,2026-01-08 09:48:18,2026-01-08 09:48:30
7658,917,6,COMPLETED,6,2026-02-08 17:28:42,2026-02-08 17:28:48
7659,917,15,COMPLETED,4,2026-02-08 17:31:42,2026-02-08 17:31:46
7660,28,20,COMPLETED,9,2025-12-16 04:36:49,2025-12-16 04:36:58
7661,28,5,COMPLETED,5,2025-12-16 04:41:49,2025-12-16 04:41:54
7662,908,23,COMPLETED,6,2026-03-12 00:03:58,2026-03-12 00:04:04
7663,67,13,COMPLETED,7,2026-01-30 09:11:12,2026-01-30 09:11:19
7664,67,14,COMPLETED,8,2026-01-30 09:13:12,2026-01-30 09:13:20
7665,171,4,FAILED,14,2026-01-27 10:18:27,2026-01-27 10:18:41
7666,171,10,COMPLETED,13,2026-01-27 10:23:27,2026-01-27 10:23:40
7667,88,19,COMPLETED,7,2025-09-11 18:35:46,2025-09-11 18:35:53
7668,88,23,COMPLETED,12,2025-09-11 18:39:46,2025-09-11 18:39:58
7669,88,8,COMPLETED,9,2025-09-11 18:43:46,2025-09-11 18:43:55
7670,1105,19,COMPLETED,9,2025-10-28 14:48:36,2025-10-28 14:48:45
7671,1105,23,COMPLETED,4,2025-10-28 14:51:36,2025-10-28 14:51:40
7672,1105,8,COMPLETED,8,2025-10-28 14:52:36,2025-10-28 14:52:44
7673,87,17,COMPLETED,13,2025-09-10 23:25:33,2025-09-10 23:25:46
7674,87,16,COMPLETED,8,2025-09-10 23:27:33,2025-09-10 23:27:41
7675,51,13,COMPLETED,6,2025-09-09 12:40:08,2025-09-09 12:40:14
7676,51,14,COMPLETED,11,2025-09-09 12:44:08,2025-09-09 12:44:19
7677,141,19,COMPLETED,12,2025-11-30 12:51:55,2025-11-30 12:52:07
7678,141,23,FAILED,12,2025-11-30 12:56:55,2025-11-30 12:57:07
7679,141,8,COMPLETED,8,2025-11-30 12:55:55,2025-11-30 12:56:03
7680,829,20,COMPLETED,6,2025-12-21 22:49:29,2025-12-21 22:49:35
7681,829,5,COMPLETED,7,2025-12-21 22:54:29,2025-12-21 22:54:36
7682,287,5,COMPLETED,13,2025-10-25 17:19:47,2025-10-25 17:20:00
7683,93,13,COMPLETED,10,2025-12-26 05:53:09,2025-12-26 05:53:19
7684,93,14,COMPLETED,9,2025-12-26 05:57:09,2025-12-26 05:57:18
7685,93,1,COMPLETED,14,2025-10-18 19:00:38,2025-10-18 19:00:52
7686,93,3,COMPLETED,12,2025-10-18 19:05:38,2025-10-18 19:05:50
7687,93,8,COMPLETED,5,2025-10-18 19:08:38,2025-10-18 19:08:43
7688,199,20,COMPLETED,11,2025-09-27 14:32:30,2025-09-27 14:32:41
7689,199,5,COMPLETED,7,2025-09-27 14:35:30,2025-09-27 14:35:37
7690,533,19,COMPLETED,10,2026-01-15 01:08:25,2026-01-15 01:08:35
7691,533,23,COMPLETED,11,2026-01-15 01:13:25,2026-01-15 01:13:36
7692,533,8,COMPLETED,5,2026-01-15 01:16:25,2026-01-15 01:16:30
7693,62,13,COMPLETED,14,2025-10-08 05:42:23,2025-10-08 05:42:37
7694,62,14,COMPLETED,10,2025-10-08 05:47:23,2025-10-08 05:47:33
7695,925,11,COMPLETED,9,2026-01-17 18:57:22,2026-01-17 18:57:31
7696,899,4,COMPLETED,15,2026-01-05 13:24:16,2026-01-05 13:24:31
7697,899,10,COMPLETED,9,2026-01-05 13:26:16,2026-01-05 13:26:25
7698,119,2,COMPLETED,10,2025-11-09 00:09:36,2025-11-09 00:09:46
7699,119,5,COMPLETED,10,2025-11-09 00:12:36,2025-11-09 00:12:46
7700,119,9,COMPLETED,13,2025-11-09 00:17:36,2025-11-09 00:17:49
7701,139,4,COMPLETED,12,2026-03-25 06:03:38,2026-03-25 06:03:50
7702,139,10,COMPLETED,10,2026-03-25 06:06:38,2026-03-25 06:06:48
7703,83,2,COMPLETED,5,2025-09-17 20:07:17,2025-09-17 20:07:22
7704,83,5,COMPLETED,11,2025-09-17 20:09:17,2025-09-17 20:09:28
7705,83,9,COMPLETED,10,2025-09-17 20:11:17,2025-09-17 20:11:27
7706,51,17,FAILED,4,2025-09-13 10:48:24,2025-09-13 10:48:28
7707,51,16,COMPLETED,13,2025-09-13 10:53:24,2025-09-13 10:53:37
7708,155,6,COMPLETED,8,2025-09-03 02:07:24,2025-09-03 02:07:32
7709,155,15,FAILED,3,2025-09-03 02:11:24,2025-09-03 02:11:27
7710,64,24,COMPLETED,14,2025-10-14 21:31:18,2025-10-14 21:31:32
7711,230,20,FAILED,7,2026-02-22 18:01:13,2026-02-22 18:01:20
7712,145,20,COMPLETED,11,2025-11-24 12:32:11,2025-11-24 12:32:22
7713,145,5,COMPLETED,5,2025-11-24 12:35:11,2025-11-24 12:35:16
7714,865,19,COMPLETED,10,2026-02-13 19:40:30,2026-02-13 19:40:40
7715,865,23,COMPLETED,8,2026-02-13 19:42:30,2026-02-13 19:42:38
7716,865,8,COMPLETED,6,2026-02-13 19:48:30,2026-02-13 19:48:36
7717,15,13,COMPLETED,6,2025-12-22 07:25:52,2025-12-22 07:25:58
7718,15,14,COMPLETED,14,2025-12-22 07:28:52,2025-12-22 07:29:06
7719,390,1,COMPLETED,9,2025-12-26 12:29:39,2025-12-26 12:29:48
7720,201,17,COMPLETED,3,2025-11-15 13:38:42,2025-11-15 13:38:45
7721,201,16,COMPLETED,11,2025-11-15 13:40:42,2025-11-15 13:40:53
7722,149,20,FAILED,12,2026-01-25 09:05:38,2026-01-25 09:05:50
7723,149,5,FAILED,7,2026-01-25 09:07:38,2026-01-25 09:07:45
7724,613,2,FAILED,13,2025-09-22 12:21:08,2025-09-22 12:21:21
7725,613,5,COMPLETED,4,2025-09-22 12:23:08,2025-09-22 12:23:12
7726,613,9,COMPLETED,13,2025-09-22 12:27:08,2025-09-22 12:27:21
7727,288,23,COMPLETED,9,2025-10-04 22:14:56,2025-10-04 22:15:05
7728,550,3,COMPLETED,6,2025-12-16 02:41:11,2025-12-16 02:41:17
7729,305,15,COMPLETED,13,2025-11-29 20:28:58,2025-11-29 20:29:11
7730,336,10,COMPLETED,10,2026-01-17 15:42:16,2026-01-17 15:42:26
7731,221,20,FAILED,7,2025-12-01 23:01:46,2025-12-01 23:01:53
7732,221,5,COMPLETED,11,2025-12-01 23:04:46,2025-12-01 23:04:57
7733,84,18,COMPLETED,7,2025-11-04 22:02:50,2025-11-04 22:02:57
7734,549,1,COMPLETED,15,2025-11-25 02:51:43,2025-11-25 02:51:58
7735,549,3,COMPLETED,6,2025-11-25 02:56:43,2025-11-25 02:56:49
7736,549,8,COMPLETED,13,2025-11-25 03:01:43,2025-11-25 03:01:56
7737,428,13,COMPLETED,5,2025-11-21 10:45:39,2025-11-21 10:45:44
7738,428,14,COMPLETED,6,2025-11-21 10:48:39,2025-11-21 10:48:45
7739,103,4,COMPLETED,6,2026-01-14 16:33:02,2026-01-14 16:33:08
7740,103,10,COMPLETED,12,2026-01-14 16:37:02,2026-01-14 16:37:14
7741,276,2,COMPLETED,12,2026-03-25 18:57:00,2026-03-25 18:57:12
7742,276,5,COMPLETED,5,2026-03-25 18:59:00,2026-03-25 18:59:05
7743,276,9,FAILED,5,2026-03-25 19:03:00,2026-03-25 19:03:05
7744,220,6,COMPLETED,13,2026-02-03 21:48:19,2026-02-03 21:48:32
7745,87,14,COMPLETED,7,2025-12-23 18:53:13,2025-12-23 18:53:20
7746,399,2,FAILED,13,2026-03-16 08:01:57,2026-03-16 08:02:10
7747,290,6,COMPLETED,8,2026-01-05 21:10:37,2026-01-05 21:10:45
7748,290,15,COMPLETED,8,2026-01-05 21:15:37,2026-01-05 21:15:45
7749,84,2,COMPLETED,4,2025-09-18 10:06:08,2025-09-18 10:06:12
7750,84,5,COMPLETED,8,2025-09-18 10:10:08,2025-09-18 10:10:16
7751,84,9,COMPLETED,12,2025-09-18 10:12:08,2025-09-18 10:12:20
7752,250,6,COMPLETED,13,2025-10-08 13:49:38,2025-10-08 13:49:51
7753,250,15,COMPLETED,10,2025-10-08 13:53:38,2025-10-08 13:53:48
7754,665,3,COMPLETED,6,2025-12-04 08:19:27,2025-12-04 08:19:33
7755,940,17,COMPLETED,7,2025-12-05 10:54:12,2025-12-05 10:54:19
7756,940,16,COMPLETED,8,2025-12-05 10:56:12,2025-12-05 10:56:20
7757,10,2,COMPLETED,4,2026-01-01 12:14:35,2026-01-01 12:14:39
7758,183,2,COMPLETED,6,2026-02-13 02:30:06,2026-02-13 02:30:12
7759,183,5,COMPLETED,8,2026-02-13 02:33:06,2026-02-13 02:33:14
7760,183,9,COMPLETED,12,2026-02-13 02:38:06,2026-02-13 02:38:18
7761,42,23,COMPLETED,6,2025-12-07 02:28:50,2025-12-07 02:28:56
7762,83,17,COMPLETED,6,2026-01-06 14:56:59,2026-01-06 14:57:05
7763,83,16,FAILED,8,2026-01-06 15:01:59,2026-01-06 15:02:07
7764,164,13,COMPLETED,13,2026-02-23 11:20:45,2026-02-23 11:20:58
7765,396,16,COMPLETED,7,2025-11-29 00:22:45,2025-11-29 00:22:52
7766,938,17,COMPLETED,8,2026-03-07 09:31:04,2026-03-07 09:31:12
7767,938,16,COMPLETED,6,2026-03-07 09:33:04,2026-03-07 09:33:10
7768,256,20,COMPLETED,12,2026-02-20 06:09:37,2026-02-20 06:09:49
7769,256,5,COMPLETED,9,2026-02-20 06:11:37,2026-02-20 06:11:46
7770,7,11,COMPLETED,7,2026-03-11 20:29:00,2026-03-11 20:29:07
7771,270,6,FAILED,6,2026-01-01 15:31:05,2026-01-01 15:31:11
7772,270,15,COMPLETED,7,2026-01-01 15:35:05,2026-01-01 15:35:12
7773,47,19,COMPLETED,11,2026-02-27 04:11:46,2026-02-27 04:11:57
7774,47,23,COMPLETED,13,2026-02-27 04:14:46,2026-02-27 04:14:59
7775,47,8,COMPLETED,5,2026-02-27 04:17:46,2026-02-27 04:17:51
7776,356,2,COMPLETED,11,2026-03-06 01:50:40,2026-03-06 01:50:51
7777,356,5,FAILED,7,2026-03-06 01:54:40,2026-03-06 01:54:47
7778,356,9,COMPLETED,12,2026-03-06 01:54:40,2026-03-06 01:54:52
7779,377,17,COMPLETED,11,2026-01-27 03:03:11,2026-01-27 03:03:22
7780,377,16,COMPLETED,8,2026-01-27 03:07:11,2026-01-27 03:07:19
7781,65,19,FAILED,11,2026-03-18 08:40:30,2026-03-18 08:40:41
7782,18,5,COMPLETED,11,2026-01-19 19:40:46,2026-01-19 19:40:57
7783,840,1,COMPLETED,6,2025-09-09 18:13:49,2025-09-09 18:13:55
7784,840,3,COMPLETED,8,2025-09-09 18:18:49,2025-09-09 18:18:57
7785,840,8,COMPLETED,5,2025-09-09 18:17:49,2025-09-09 18:17:54
7786,9,2,COMPLETED,3,2025-10-04 19:16:08,2025-10-04 19:16:11
7787,9,5,COMPLETED,7,2025-10-04 19:20:08,2025-10-04 19:20:15
7788,9,9,FAILED,7,2025-10-04 19:26:08,2025-10-04 19:26:15
7789,620,6,COMPLETED,6,2026-03-11 18:48:18,2026-03-11 18:48:24
7790,620,15,COMPLETED,13,2026-03-11 18:51:18,2026-03-11 18:51:31
7791,103,2,COMPLETED,12,2026-01-09 23:04:40,2026-01-09 23:04:52
7792,103,5,COMPLETED,8,2026-01-09 23:08:40,2026-01-09 23:08:48
7793,103,9,COMPLETED,10,2026-01-09 23:12:40,2026-01-09 23:12:50
7794,801,21,COMPLETED,6,2026-01-21 03:01:36,2026-01-21 03:01:42
7795,383,3,COMPLETED,13,2025-10-15 01:57:42,2025-10-15 01:57:55
7796,188,6,COMPLETED,13,2025-11-25 21:50:38,2025-11-25 21:50:51
7797,188,15,COMPLETED,7,2025-11-25 21:53:38,2025-11-25 21:53:45
7798,525,21,COMPLETED,14,2025-12-26 23:50:20,2025-12-26 23:50:34
7799,221,1,COMPLETED,12,2026-03-12 15:40:03,2026-03-12 15:40:15
7800,221,3,COMPLETED,11,2026-03-12 15:42:03,2026-03-12 15:42:14
7801,221,8,COMPLETED,12,2026-03-12 15:46:03,2026-03-12 15:46:15
7802,50,6,COMPLETED,4,2025-12-25 20:58:38,2025-12-25 20:58:42
7803,50,15,COMPLETED,8,2025-12-25 21:03:38,2025-12-25 21:03:46
7804,335,4,COMPLETED,9,2025-09-10 09:55:36,2025-09-10 09:55:45
7805,335,10,COMPLETED,14,2025-09-10 09:58:36,2025-09-10 09:58:50
7806,81,20,COMPLETED,6,2025-11-13 06:41:32,2025-11-13 06:41:38
7807,81,5,COMPLETED,7,2025-11-13 06:44:32,2025-11-13 06:44:39
7808,90,20,COMPLETED,13,2025-11-08 23:57:15,2025-11-08 23:57:28
7809,90,5,FAILED,12,2025-11-09 00:02:15,2025-11-09 00:02:27
7810,81,18,COMPLETED,13,2026-02-21 19:25:43,2026-02-21 19:25:56
7811,378,16,COMPLETED,8,2026-01-23 10:27:30,2026-01-23 10:27:38
7812,291,13,COMPLETED,4,2025-12-26 21:01:59,2025-12-26 21:02:03
7813,291,14,FAILED,4,2025-12-26 21:06:59,2025-12-26 21:07:03
7814,121,4,COMPLETED,7,2025-09-21 19:06:48,2025-09-21 19:06:55
7815,121,10,COMPLETED,10,2025-09-21 19:09:48,2025-09-21 19:09:58
7816,129,19,COMPLETED,6,2025-09-29 19:24:39,2025-09-29 19:24:45
7817,129,23,COMPLETED,12,2025-09-29 19:27:39,2025-09-29 19:27:51
7818,129,8,FAILED,8,2025-09-29 19:28:39,2025-09-29 19:28:47
7819,242,17,COMPLETED,7,2026-03-04 07:46:12,2026-03-04 07:46:19
7820,242,16,FAILED,13,2026-03-04 07:50:12,2026-03-04 07:50:25
7821,618,20,COMPLETED,6,2025-11-08 13:12:48,2025-11-08 13:12:54
7822,45,13,COMPLETED,4,2025-11-18 05:32:40,2025-11-18 05:32:44
7823,45,14,COMPLETED,13,2025-11-18 05:36:40,2025-11-18 05:36:53
7824,50,20,COMPLETED,13,2025-09-08 07:47:33,2025-09-08 07:47:46
7825,50,5,COMPLETED,7,2025-09-08 07:50:33,2025-09-08 07:50:40
7826,970,23,COMPLETED,7,2025-12-28 15:15:04,2025-12-28 15:15:11
7827,158,1,COMPLETED,10,2026-03-09 19:25:24,2026-03-09 19:25:34
7828,308,2,COMPLETED,4,2025-10-04 16:07:33,2025-10-04 16:07:37
7829,308,5,COMPLETED,12,2025-10-04 16:09:33,2025-10-04 16:09:45
7830,308,9,COMPLETED,5,2025-10-04 16:13:33,2025-10-04 16:13:38
7831,785,7,COMPLETED,7,2025-12-28 00:42:43,2025-12-28 00:42:50
7832,789,2,COMPLETED,11,2026-01-07 22:25:15,2026-01-07 22:25:26
7833,789,5,FAILED,5,2026-01-07 22:28:15,2026-01-07 22:28:20
7834,789,9,FAILED,9,2026-01-07 22:35:15,2026-01-07 22:35:24
7835,131,14,COMPLETED,13,2026-02-06 06:21:54,2026-02-06 06:22:07
7836,313,4,COMPLETED,10,2025-11-21 18:27:10,2025-11-21 18:27:20
7837,313,10,COMPLETED,11,2025-11-21 18:32:10,2025-11-21 18:32:21
7838,98,1,COMPLETED,13,2026-03-21 06:12:00,2026-03-21 06:12:13
7839,98,3,COMPLETED,3,2026-03-21 06:16:00,2026-03-21 06:16:03
7840,98,8,COMPLETED,9,2026-03-21 06:22:00,2026-03-21 06:22:09
7841,364,4,COMPLETED,9,2026-02-20 05:52:25,2026-02-20 05:52:34
7842,364,10,FAILED,11,2026-02-20 05:55:25,2026-02-20 05:55:36
7843,346,7,COMPLETED,11,2025-12-01 17:35:50,2025-12-01 17:36:01
7844,17,6,COMPLETED,12,2025-12-25 04:38:13,2025-12-25 04:38:25
7845,17,15,COMPLETED,9,2025-12-25 04:41:13,2025-12-25 04:41:22
7846,58,2,COMPLETED,12,2026-03-05 10:25:00,2026-03-05 10:25:12
7847,58,5,COMPLETED,9,2026-03-05 10:29:00,2026-03-05 10:29:09
7848,58,9,COMPLETED,13,2026-03-05 10:33:00,2026-03-05 10:33:13
7849,51,2,FAILED,13,2025-12-24 03:31:34,2025-12-24 03:31:47
7850,51,5,COMPLETED,5,2025-12-24 03:35:34,2025-12-24 03:35:39
7851,51,9,FAILED,13,2025-12-24 03:39:34,2025-12-24 03:39:47
7852,64,17,COMPLETED,10,2026-01-02 15:34:19,2026-01-02 15:34:29
7853,64,16,COMPLETED,4,2026-01-02 15:39:19,2026-01-02 15:39:23
7854,745,24,COMPLETED,14,2026-01-07 17:31:23,2026-01-07 17:31:37
7855,1,20,FAILED,11,2025-11-14 05:13:35,2025-11-14 05:13:46
7856,1,5,COMPLETED,11,2025-11-14 05:15:35,2025-11-14 05:15:46
7857,1022,4,FAILED,7,2025-11-24 16:54:04,2025-11-24 16:54:11
7858,1022,10,FAILED,8,2025-11-24 16:59:04,2025-11-24 16:59:12
7859,290,4,COMPLETED,5,2025-12-12 23:07:48,2025-12-12 23:07:53
7860,290,10,FAILED,9,2025-12-12 23:12:48,2025-12-12 23:12:57
7861,24,21,COMPLETED,7,2025-12-20 19:40:16,2025-12-20 19:40:23
7862,25,23,COMPLETED,7,2025-12-11 11:43:14,2025-12-11 11:43:21
7863,90,22,COMPLETED,13,2025-12-25 15:03:24,2025-12-25 15:03:37
7864,72,20,COMPLETED,12,2026-02-01 15:31:32,2026-02-01 15:31:44
7865,831,17,COMPLETED,10,2026-02-28 08:55:55,2026-02-28 08:56:05
7866,831,16,COMPLETED,13,2026-02-28 08:59:55,2026-02-28 09:00:08
7867,96,19,COMPLETED,8,2026-01-01 11:17:46,2026-01-01 11:17:54
7868,642,17,COMPLETED,4,2025-12-10 10:02:26,2025-12-10 10:02:30
7869,642,16,FAILED,12,2025-12-10 10:07:26,2025-12-10 10:07:38
7870,55,2,COMPLETED,13,2026-01-21 23:21:08,2026-01-21 23:21:21
7871,29,25,COMPLETED,4,2025-10-13 22:39:55,2025-10-13 22:39:59
7872,1084,13,COMPLETED,13,2025-10-25 16:10:36,2025-10-25 16:10:49
7873,1084,14,COMPLETED,8,2025-10-25 16:13:36,2025-10-25 16:13:44
7874,924,21,COMPLETED,10,2025-11-23 19:15:16,2025-11-23 19:15:26
7875,291,17,COMPLETED,13,2026-01-14 16:02:02,2026-01-14 16:02:15
7876,291,16,COMPLETED,5,2026-01-14 16:06:02,2026-01-14 16:06:07
7877,373,19,FAILED,14,2025-10-22 06:12:56,2025-10-22 06:13:10
7878,373,23,COMPLETED,9,2025-10-22 06:14:56,2025-10-22 06:15:05
7879,373,8,COMPLETED,6,2025-10-22 06:20:56,2025-10-22 06:21:02
7880,350,6,COMPLETED,13,2026-03-04 00:13:52,2026-03-04 00:14:05
7881,271,13,COMPLETED,7,2025-09-21 19:46:37,2025-09-21 19:46:44
7882,271,14,COMPLETED,8,2025-09-21 19:48:37,2025-09-21 19:48:45
7883,74,20,COMPLETED,8,2025-11-03 05:00:00,2025-11-03 05:00:08
7884,74,5,COMPLETED,7,2025-11-03 05:03:00,2025-11-03 05:03:07
7885,25,2,COMPLETED,5,2026-01-08 13:40:36,2026-01-08 13:40:41
7886,25,5,FAILED,9,2026-01-08 13:44:36,2026-01-08 13:44:45
7887,25,9,COMPLETED,12,2026-01-08 13:50:36,2026-01-08 13:50:48
7888,95,2,COMPLETED,8,2026-02-25 16:18:59,2026-02-25 16:19:07
7889,95,5,COMPLETED,13,2026-02-25 16:20:59,2026-02-25 16:21:12
7890,95,9,COMPLETED,8,2026-02-25 16:28:59,2026-02-25 16:29:07
7891,20,17,COMPLETED,6,2025-12-30 20:47:09,2025-12-30 20:47:15
7892,20,16,COMPLETED,8,2025-12-30 20:52:09,2025-12-30 20:52:17
7893,363,1,FAILED,15,2025-11-24 21:02:43,2025-11-24 21:02:58
7894,363,3,COMPLETED,7,2025-11-24 21:04:43,2025-11-24 21:04:50
7895,363,8,FAILED,5,2025-11-24 21:10:43,2025-11-24 21:10:48
7896,242,19,FAILED,7,2026-03-23 03:28:07,2026-03-23 03:28:14
7897,242,23,COMPLETED,7,2026-03-23 03:30:07,2026-03-23 03:30:14
7898,242,8,COMPLETED,6,2026-03-23 03:36:07,2026-03-23 03:36:13
7899,45,13,COMPLETED,11,2026-03-21 15:57:22,2026-03-21 15:57:33
7900,45,14,FAILED,4,2026-03-21 16:02:22,2026-03-21 16:02:26
7901,425,19,COMPLETED,13,2025-12-31 21:42:06,2025-12-31 21:42:19
7902,587,24,COMPLETED,8,2025-11-16 19:24:01,2025-11-16 19:24:09
7903,65,3,COMPLETED,8,2025-10-30 09:27:55,2025-10-30 09:28:03
7904,140,19,COMPLETED,14,2026-02-16 19:48:20,2026-02-16 19:48:34
7905,140,23,COMPLETED,6,2026-02-16 19:53:20,2026-02-16 19:53:26
7906,140,8,FAILED,7,2026-02-16 19:54:20,2026-02-16 19:54:27
7907,50,8,FAILED,7,2026-01-22 14:42:49,2026-01-22 14:42:56
7908,13,17,COMPLETED,9,2025-11-26 18:52:21,2025-11-26 18:52:30
7909,13,16,COMPLETED,4,2025-11-26 18:54:21,2025-11-26 18:54:25
7910,179,2,FAILED,5,2025-09-06 21:25:57,2025-09-06 21:26:02
7911,179,5,COMPLETED,9,2025-09-06 21:30:57,2025-09-06 21:31:06
7912,179,9,COMPLETED,10,2025-09-06 21:31:57,2025-09-06 21:32:07
7913,207,9,FAILED,13,2025-11-17 02:21:48,2025-11-17 02:22:01
7914,881,4,COMPLETED,9,2025-12-14 11:23:58,2025-12-14 11:24:07
7915,881,10,COMPLETED,14,2025-12-14 11:28:58,2025-12-14 11:29:12
7916,361,21,FAILED,7,2025-12-04 12:35:35,2025-12-04 12:35:42
7917,212,17,COMPLETED,13,2025-11-24 18:47:34,2025-11-24 18:47:47
7918,212,16,COMPLETED,10,2025-11-24 18:50:34,2025-11-24 18:50:44
7919,585,6,COMPLETED,14,2026-03-05 04:07:41,2026-03-05 04:07:55
7920,585,15,FAILED,6,2026-03-05 04:10:41,2026-03-05 04:10:47
7921,205,20,COMPLETED,8,2026-03-23 15:38:13,2026-03-23 15:38:21
7922,205,5,COMPLETED,5,2026-03-23 15:43:13,2026-03-23 15:43:18
7923,45,19,FAILED,13,2025-11-17 21:26:14,2025-11-17 21:26:27
7924,164,4,COMPLETED,13,2025-12-17 21:40:41,2025-12-17 21:40:54
7925,164,10,COMPLETED,6,2025-12-17 21:45:41,2025-12-17 21:45:47
7926,148,19,FAILED,13,2026-01-20 20:06:13,2026-01-20 20:06:26
7927,31,19,COMPLETED,7,2025-11-30 12:11:59,2025-11-30 12:12:06
7928,69,11,COMPLETED,13,2026-01-19 01:57:15,2026-01-19 01:57:28
7929,22,1,COMPLETED,11,2025-12-26 10:09:07,2025-12-26 10:09:18
7930,22,3,COMPLETED,13,2025-12-26 10:12:07,2025-12-26 10:12:20
7931,22,8,COMPLETED,6,2025-12-26 10:15:07,2025-12-26 10:15:13
7932,62,17,COMPLETED,9,2025-12-30 16:07:54,2025-12-30 16:08:03
7933,62,16,COMPLETED,10,2025-12-30 16:12:54,2025-12-30 16:13:04
7934,89,1,COMPLETED,10,2026-01-19 02:19:54,2026-01-19 02:20:04
7935,89,3,COMPLETED,7,2026-01-19 02:22:54,2026-01-19 02:23:01
7936,89,8,COMPLETED,4,2026-01-19 02:25:54,2026-01-19 02:25:58
7937,73,4,COMPLETED,8,2025-09-24 18:17:53,2025-09-24 18:18:01
7938,166,13,COMPLETED,8,2026-01-15 06:18:27,2026-01-15 06:18:35
7939,166,14,COMPLETED,11,2026-01-15 06:23:27,2026-01-15 06:23:38
7940,34,1,COMPLETED,12,2026-02-27 10:58:19,2026-02-27 10:58:31
7941,34,3,COMPLETED,5,2026-02-27 11:03:19,2026-02-27 11:03:24
7942,34,8,COMPLETED,4,2026-02-27 11:02:19,2026-02-27 11:02:23
7943,146,19,COMPLETED,12,2026-03-05 13:41:35,2026-03-05 13:41:47
7944,146,23,COMPLETED,9,2026-03-05 13:43:35,2026-03-05 13:43:44
7945,146,8,COMPLETED,13,2026-03-05 13:49:35,2026-03-05 13:49:48
7946,177,4,COMPLETED,15,2025-12-23 09:52:29,2025-12-23 09:52:44
7947,177,10,COMPLETED,6,2025-12-23 09:54:29,2025-12-23 09:54:35
7948,623,11,COMPLETED,5,2026-03-09 07:13:43,2026-03-09 07:13:48
7949,181,10,COMPLETED,5,2026-01-19 13:02:32,2026-01-19 13:02:37
7950,97,8,COMPLETED,11,2026-03-24 12:39:16,2026-03-24 12:39:27
7951,370,24,COMPLETED,9,2026-01-22 02:04:00,2026-01-22 02:04:09
7952,30,17,COMPLETED,8,2026-03-08 20:28:51,2026-03-08 20:28:59
7953,30,16,COMPLETED,5,2026-03-08 20:33:51,2026-03-08 20:33:56
7954,530,20,COMPLETED,7,2026-02-11 18:13:14,2026-02-11 18:13:21
7955,530,5,COMPLETED,4,2026-02-11 18:18:14,2026-02-11 18:18:18
7956,8,4,COMPLETED,9,2025-11-28 12:01:09,2025-11-28 12:01:18
7957,24,13,FAILED,5,2026-02-16 08:56:44,2026-02-16 08:56:49
7958,24,14,COMPLETED,9,2026-02-16 09:00:44,2026-02-16 09:00:53
7959,290,1,COMPLETED,13,2025-11-28 19:54:26,2025-11-28 19:54:39
7960,290,3,COMPLETED,6,2025-11-28 19:57:26,2025-11-28 19:57:32
7961,290,8,COMPLETED,9,2025-11-28 19:58:26,2025-11-28 19:58:35
7962,197,22,COMPLETED,14,2025-09-02 18:36:46,2025-09-02 18:37:00
7963,90,12,COMPLETED,9,2026-03-11 21:46:36,2026-03-11 21:46:45
7964,825,25,COMPLETED,5,2025-09-28 02:08:15,2025-09-28 02:08:20
7965,83,17,COMPLETED,6,2026-02-21 22:02:12,2026-02-21 22:02:18
7966,83,16,COMPLETED,12,2026-02-21 22:04:12,2026-02-21 22:04:24
7967,207,2,COMPLETED,11,2025-10-18 07:46:41,2025-10-18 07:46:52
7968,547,19,COMPLETED,7,2026-02-21 06:04:55,2026-02-21 06:05:02
7969,400,1,COMPLETED,15,2026-02-28 10:02:50,2026-02-28 10:03:05
7970,400,3,COMPLETED,12,2026-02-28 10:05:50,2026-02-28 10:06:02
7971,400,8,COMPLETED,10,2026-02-28 10:12:50,2026-02-28 10:13:00
7972,273,2,COMPLETED,10,2026-01-21 20:30:20,2026-01-21 20:30:30
7973,273,5,COMPLETED,8,2026-01-21 20:34:20,2026-01-21 20:34:28
7974,273,9,COMPLETED,14,2026-01-21 20:34:20,2026-01-21 20:34:34
7975,8,14,COMPLETED,13,2026-03-28 22:07:29,2026-03-28 22:07:42
7976,808,13,COMPLETED,13,2026-01-21 00:44:11,2026-01-21 00:44:24
7977,808,14,COMPLETED,7,2026-01-21 00:47:11,2026-01-21 00:47:18
7978,314,17,COMPLETED,8,2025-12-23 22:42:29,2025-12-23 22:42:37
7979,314,16,COMPLETED,13,2025-12-23 22:47:29,2025-12-23 22:47:42
7980,99,9,COMPLETED,14,2026-03-07 05:17:07,2026-03-07 05:17:21
7981,928,13,COMPLETED,6,2025-12-12 08:45:38,2025-12-12 08:45:44
7982,928,14,COMPLETED,6,2025-12-12 08:48:38,2025-12-12 08:48:44
7983,823,11,COMPLETED,4,2026-03-17 06:41:28,2026-03-17 06:41:32
7984,394,2,COMPLETED,5,2025-12-11 23:03:44,2025-12-11 23:03:49
7985,22,2,COMPLETED,12,2025-12-26 06:52:24,2025-12-26 06:52:36
7986,22,5,COMPLETED,13,2025-12-26 06:54:24,2025-12-26 06:54:37
7987,22,9,COMPLETED,12,2025-12-26 06:56:24,2025-12-26 06:56:36
7988,435,1,COMPLETED,11,2026-02-17 05:59:32,2026-02-17 05:59:43
7989,435,3,COMPLETED,9,2026-02-17 06:02:32,2026-02-17 06:02:41
7990,435,8,COMPLETED,7,2026-02-17 06:07:32,2026-02-17 06:07:39
7991,917,6,COMPLETED,12,2025-12-22 19:48:55,2025-12-22 19:49:07
7992,917,15,COMPLETED,4,2025-12-22 19:52:55,2025-12-22 19:52:59
7993,91,13,COMPLETED,7,2025-09-02 19:21:37,2025-09-02 19:21:44
7994,91,14,COMPLETED,7,2025-09-02 19:23:37,2025-09-02 19:23:44
7995,1087,16,COMPLETED,6,2025-10-19 06:23:06,2025-10-19 06:23:12
7996,363,20,COMPLETED,9,2025-12-04 16:13:51,2025-12-04 16:14:00
7997,363,5,FAILED,4,2025-12-04 16:15:51,2025-12-04 16:15:55
7998,854,18,COMPLETED,12,2026-03-12 16:25:48,2026-03-12 16:26:00
7999,89,19,COMPLETED,6,2025-09-19 16:15:25,2025-09-19 16:15:31
8000,89,23,FAILED,7,2025-09-19 16:20:25,2025-09-19 16:20:32
8001,89,8,COMPLETED,11,2025-09-19 16:25:25,2025-09-19 16:25:36
8002,278,4,COMPLETED,7,2026-03-27 12:28:05,2026-03-27 12:28:12
8003,278,10,COMPLETED,5,2026-03-27 12:33:05,2026-03-27 12:33:10
8004,346,6,COMPLETED,6,2025-11-30 01:30:13,2025-11-30 01:30:19
8005,346,15,COMPLETED,10,2025-11-30 01:32:13,2025-11-30 01:32:23
8006,1109,25,COMPLETED,13,2026-03-06 19:19:27,2026-03-06 19:19:40
8007,53,2,COMPLETED,13,2026-02-17 12:26:21,2026-02-17 12:26:34
8008,53,5,COMPLETED,6,2026-02-17 12:28:21,2026-02-17 12:28:27
8009,53,9,COMPLETED,11,2026-02-17 12:30:21,2026-02-17 12:30:32
8010,322,13,COMPLETED,13,2026-03-11 01:30:59,2026-03-11 01:31:12
8011,322,14,FAILED,3,2026-03-11 01:35:59,2026-03-11 01:36:02
8012,283,4,COMPLETED,8,2026-02-25 21:14:22,2026-02-25 21:14:30
8013,283,10,COMPLETED,6,2026-02-25 21:18:22,2026-02-25 21:18:28
8014,29,19,COMPLETED,5,2025-11-13 04:26:20,2025-11-13 04:26:25
8015,29,23,COMPLETED,4,2025-11-13 04:31:20,2025-11-13 04:31:24
8016,29,8,COMPLETED,6,2025-11-13 04:34:20,2025-11-13 04:34:26
8017,125,11,COMPLETED,7,2025-09-22 08:20:25,2025-09-22 08:20:32
8018,78,21,COMPLETED,11,2025-12-01 23:12:08,2025-12-01 23:12:19
8019,368,13,COMPLETED,11,2026-03-16 19:56:28,2026-03-16 19:56:39
8020,368,14,COMPLETED,11,2026-03-16 19:59:28,2026-03-16 19:59:39
8021,259,1,COMPLETED,8,2026-01-17 13:56:05,2026-01-17 13:56:13
8022,259,3,COMPLETED,7,2026-01-17 13:58:05,2026-01-17 13:58:12
8023,259,8,COMPLETED,5,2026-01-17 14:06:05,2026-01-17 14:06:10
8024,747,14,COMPLETED,4,2025-12-09 21:58:45,2025-12-09 21:58:49
8025,1141,21,COMPLETED,8,2026-01-14 05:47:55,2026-01-14 05:48:03
8026,249,12,COMPLETED,12,2026-02-10 05:00:16,2026-02-10 05:00:28
8027,325,19,FAILED,14,2025-12-13 16:27:27,2025-12-13 16:27:41
8028,364,14,COMPLETED,10,2025-11-24 21:45:25,2025-11-24 21:45:35
8029,115,17,COMPLETED,8,2025-12-10 06:18:03,2025-12-10 06:18:11
8030,115,16,COMPLETED,10,2025-12-10 06:22:03,2025-12-10 06:22:13
8031,353,23,COMPLETED,12,2026-03-15 19:20:11,2026-03-15 19:20:23
8032,1026,13,COMPLETED,10,2026-01-31 20:21:27,2026-01-31 20:21:37
8033,1026,14,COMPLETED,7,2026-01-31 20:25:27,2026-01-31 20:25:34
8034,63,1,COMPLETED,14,2025-10-26 05:38:39,2025-10-26 05:38:53
8035,63,3,COMPLETED,3,2025-10-26 05:41:39,2025-10-26 05:41:42
8036,63,8,COMPLETED,14,2025-10-26 05:48:39,2025-10-26 05:48:53
8037,17,19,COMPLETED,11,2026-02-28 20:54:56,2026-02-28 20:55:07
8038,321,10,COMPLETED,7,2026-03-30 09:08:23,2026-03-30 09:08:30
8039,133,6,COMPLETED,7,2026-03-18 21:14:14,2026-03-18 21:14:21
8040,133,15,COMPLETED,10,2026-03-18 21:18:14,2026-03-18 21:18:24
8041,96,17,COMPLETED,11,2025-12-02 13:31:14,2025-12-02 13:31:25
8042,96,16,COMPLETED,9,2025-12-02 13:35:14,2025-12-02 13:35:23
8043,111,19,COMPLETED,7,2026-02-17 19:28:20,2026-02-17 19:28:27
8044,111,23,COMPLETED,10,2026-02-17 19:32:20,2026-02-17 19:32:30
8045,111,8,COMPLETED,12,2026-02-17 19:34:20,2026-02-17 19:34:32
8046,95,19,COMPLETED,8,2026-03-27 04:58:11,2026-03-27 04:58:19
8047,95,23,COMPLETED,10,2026-03-27 05:01:11,2026-03-27 05:01:21
8048,95,8,COMPLETED,9,2026-03-27 05:02:11,2026-03-27 05:02:20
8049,338,1,COMPLETED,11,2026-01-04 22:50:34,2026-01-04 22:50:45
8050,338,3,COMPLETED,4,2026-01-04 22:55:34,2026-01-04 22:55:38
8051,338,8,COMPLETED,13,2026-01-04 23:00:34,2026-01-04 23:00:47
8052,337,1,COMPLETED,12,2025-12-27 08:52:56,2025-12-27 08:53:08
8053,337,3,COMPLETED,8,2025-12-27 08:57:56,2025-12-27 08:58:04
8054,337,8,COMPLETED,8,2025-12-27 09:02:56,2025-12-27 09:03:04
8055,15,4,COMPLETED,12,2026-03-29 01:33:05,2026-03-29 01:33:17
8056,284,22,COMPLETED,5,2025-12-10 02:42:43,2025-12-10 02:42:48
8057,12,6,COMPLETED,5,2025-10-11 05:43:37,2025-10-11 05:43:42
8058,12,15,COMPLETED,11,2025-10-11 05:45:37,2025-10-11 05:45:48
8059,9,13,COMPLETED,13,2026-02-02 08:04:34,2026-02-02 08:04:47
8060,9,14,COMPLETED,9,2026-02-02 08:09:34,2026-02-02 08:09:43
8061,205,1,COMPLETED,12,2026-02-26 19:57:51,2026-02-26 19:58:03
8062,205,3,COMPLETED,10,2026-02-26 19:59:51,2026-02-26 20:00:01
8063,205,8,COMPLETED,5,2026-02-26 20:07:51,2026-02-26 20:07:56
8064,380,12,COMPLETED,4,2025-11-24 03:11:50,2025-11-24 03:11:54
8065,875,23,COMPLETED,12,2025-12-07 22:37:13,2025-12-07 22:37:25
8066,307,20,COMPLETED,8,2025-11-16 17:18:58,2025-11-16 17:19:06
8067,307,5,COMPLETED,7,2025-11-16 17:21:58,2025-11-16 17:22:05
8068,1126,23,COMPLETED,6,2026-03-29 03:32:13,2026-03-29 03:32:19
8069,215,2,COMPLETED,12,2026-01-07 07:06:39,2026-01-07 07:06:51
8070,215,5,COMPLETED,6,2026-01-07 07:10:39,2026-01-07 07:10:45
8071,215,9,COMPLETED,8,2026-01-07 07:16:39,2026-01-07 07:16:47
8072,214,17,COMPLETED,3,2026-03-02 11:41:10,2026-03-02 11:41:13
8073,214,16,COMPLETED,5,2026-03-02 11:44:10,2026-03-02 11:44:15
8074,372,13,COMPLETED,6,2026-03-08 16:17:16,2026-03-08 16:17:22
8075,372,14,COMPLETED,5,2026-03-08 16:19:16,2026-03-08 16:19:21
8076,377,15,COMPLETED,4,2026-03-11 21:47:16,2026-03-11 21:47:20
8077,322,3,FAILED,7,2026-03-02 23:21:41,2026-03-02 23:21:48
8078,303,17,COMPLETED,8,2026-03-14 01:20:00,2026-03-14 01:20:08
8079,1086,19,COMPLETED,12,2025-11-22 13:10:27,2025-11-22 13:10:39
8080,1086,23,COMPLETED,6,2025-11-22 13:15:27,2025-11-22 13:15:33
8081,1086,8,COMPLETED,7,2025-11-22 13:14:27,2025-11-22 13:14:34
8082,64,6,COMPLETED,11,2026-02-25 01:59:06,2026-02-25 01:59:17
8083,64,15,COMPLETED,8,2026-02-25 02:03:06,2026-02-25 02:03:14
8084,123,5,COMPLETED,11,2025-10-18 18:49:01,2025-10-18 18:49:12
8085,702,1,COMPLETED,6,2025-11-28 02:49:51,2025-11-28 02:49:57
8086,702,3,COMPLETED,6,2025-11-28 02:52:51,2025-11-28 02:52:57
8087,702,8,COMPLETED,6,2025-11-28 02:59:51,2025-11-28 02:59:57
8088,1123,14,COMPLETED,10,2025-12-28 03:11:02,2025-12-28 03:11:12
8089,187,3,COMPLETED,12,2026-03-30 23:30:02,2026-03-30 23:30:14
8090,274,4,COMPLETED,10,2025-11-27 09:14:55,2025-11-27 09:15:05
8091,274,10,COMPLETED,6,2025-11-27 09:17:55,2025-11-27 09:18:01
8092,29,23,COMPLETED,5,2026-03-21 18:41:34,2026-03-21 18:41:39
8093,1051,19,COMPLETED,10,2025-09-24 17:19:16,2025-09-24 17:19:26
8094,1051,23,COMPLETED,8,2025-09-24 17:23:16,2025-09-24 17:23:24
8095,1051,8,COMPLETED,7,2025-09-24 17:25:16,2025-09-24 17:25:23
8096,437,2,COMPLETED,10,2026-03-28 04:19:10,2026-03-28 04:19:20
8097,437,5,COMPLETED,7,2026-03-28 04:21:10,2026-03-28 04:21:17
8098,437,9,COMPLETED,12,2026-03-28 04:27:10,2026-03-28 04:27:22
8099,1055,17,COMPLETED,10,2026-02-27 13:58:53,2026-02-27 13:59:03
8100,1055,16,COMPLETED,12,2026-02-27 14:02:53,2026-02-27 14:03:05
8101,25,19,COMPLETED,14,2025-10-02 19:42:05,2025-10-02 19:42:19
8102,945,1,COMPLETED,8,2026-02-09 06:42:03,2026-02-09 06:42:11
8103,945,3,COMPLETED,6,2026-02-09 06:45:03,2026-02-09 06:45:09
8104,945,8,COMPLETED,7,2026-02-09 06:46:03,2026-02-09 06:46:10
8105,40,6,COMPLETED,12,2026-02-23 10:46:55,2026-02-23 10:47:07
8106,40,15,COMPLETED,7,2026-02-23 10:51:55,2026-02-23 10:52:02
8107,116,22,FAILED,13,2025-12-31 20:42:22,2025-12-31 20:42:35
8108,1109,4,COMPLETED,8,2025-12-28 07:24:46,2025-12-28 07:24:54
8109,95,19,FAILED,11,2025-10-03 23:08:56,2025-10-03 23:09:07
8110,112,19,COMPLETED,6,2025-10-09 11:26:59,2025-10-09 11:27:05
8111,112,23,COMPLETED,8,2025-10-09 11:31:59,2025-10-09 11:32:07
8112,112,8,COMPLETED,5,2025-10-09 11:34:59,2025-10-09 11:35:04
8113,191,4,COMPLETED,7,2025-12-20 07:44:49,2025-12-20 07:44:56
8114,191,10,COMPLETED,8,2025-12-20 07:47:49,2025-12-20 07:47:57
8115,989,2,COMPLETED,11,2025-10-12 05:24:18,2025-10-12 05:24:29
8116,989,5,COMPLETED,13,2025-10-12 05:26:18,2025-10-12 05:26:31
8117,989,9,COMPLETED,7,2025-10-12 05:32:18,2025-10-12 05:32:25
8118,722,13,COMPLETED,5,2025-09-29 01:39:53,2025-09-29 01:39:58
8119,722,14,COMPLETED,9,2025-09-29 01:42:53,2025-09-29 01:43:02
8120,127,13,COMPLETED,7,2025-11-08 06:18:45,2025-11-08 06:18:52
8121,127,14,COMPLETED,7,2025-11-08 06:20:45,2025-11-08 06:20:52
8122,137,19,COMPLETED,7,2025-10-04 09:35:57,2025-10-04 09:36:04
8123,890,19,COMPLETED,10,2026-01-24 14:23:27,2026-01-24 14:23:37
8124,890,23,COMPLETED,4,2026-01-24 14:26:27,2026-01-24 14:26:31
8125,890,8,COMPLETED,9,2026-01-24 14:33:27,2026-01-24 14:33:36
8126,1113,6,COMPLETED,10,2025-12-22 00:58:04,2025-12-22 00:58:14
8127,1113,15,COMPLETED,6,2025-12-22 01:02:04,2025-12-22 01:02:10
8128,71,19,COMPLETED,8,2025-10-11 19:45:34,2025-10-11 19:45:42
8129,71,23,COMPLETED,9,2025-10-11 19:49:34,2025-10-11 19:49:43
8130,71,8,COMPLETED,9,2025-10-11 19:53:34,2025-10-11 19:53:43
8131,16,18,COMPLETED,10,2026-01-30 14:06:02,2026-01-30 14:06:12
8132,68,2,COMPLETED,12,2026-02-05 17:30:37,2026-02-05 17:30:49
8133,68,5,COMPLETED,7,2026-02-05 17:34:37,2026-02-05 17:34:44
8134,68,9,COMPLETED,10,2026-02-05 17:36:37,2026-02-05 17:36:47
8135,1061,13,COMPLETED,10,2025-11-10 18:45:17,2025-11-10 18:45:27
8136,1061,14,COMPLETED,10,2025-11-10 18:50:17,2025-11-10 18:50:27
8137,967,6,FAILED,10,2025-09-17 02:24:27,2025-09-17 02:24:37
8138,339,13,COMPLETED,8,2025-12-26 19:22:37,2025-12-26 19:22:45
8139,339,14,COMPLETED,4,2025-12-26 19:25:37,2025-12-26 19:25:41
8140,260,17,FAILED,7,2025-11-04 16:21:14,2025-11-04 16:21:21
8141,260,16,FAILED,12,2025-11-04 16:25:14,2025-11-04 16:25:26
8142,94,6,COMPLETED,13,2026-03-09 10:22:53,2026-03-09 10:23:06
8143,94,15,COMPLETED,7,2026-03-09 10:24:53,2026-03-09 10:25:00
8144,457,1,COMPLETED,12,2026-03-30 04:25:46,2026-03-30 04:25:58
8145,457,3,COMPLETED,11,2026-03-30 04:29:46,2026-03-30 04:29:57
8146,457,8,COMPLETED,11,2026-03-30 04:29:46,2026-03-30 04:29:57
8147,362,4,COMPLETED,6,2025-09-04 08:34:53,2025-09-04 08:34:59
8148,362,10,COMPLETED,11,2025-09-04 08:38:53,2025-09-04 08:39:04
8149,53,2,FAILED,9,2025-10-16 11:52:25,2025-10-16 11:52:34
8150,53,5,COMPLETED,11,2025-10-16 11:54:25,2025-10-16 11:54:36
8151,53,9,COMPLETED,9,2025-10-16 12:02:25,2025-10-16 12:02:34
8152,106,19,COMPLETED,9,2026-01-09 23:49:16,2026-01-09 23:49:25
8153,106,23,COMPLETED,10,2026-01-09 23:54:16,2026-01-09 23:54:26
8154,106,8,COMPLETED,9,2026-01-09 23:55:16,2026-01-09 23:55:25
8155,510,4,COMPLETED,13,2025-10-30 23:57:01,2025-10-30 23:57:14
8156,510,10,COMPLETED,8,2025-10-31 00:01:01,2025-10-31 00:01:09
8157,156,17,COMPLETED,7,2026-03-14 14:16:36,2026-03-14 14:16:43
8158,277,18,COMPLETED,14,2025-10-20 17:59:26,2025-10-20 17:59:40
8159,83,21,COMPLETED,10,2026-02-20 10:36:09,2026-02-20 10:36:19
8160,292,20,COMPLETED,6,2025-11-10 19:51:47,2025-11-10 19:51:53
8161,292,5,COMPLETED,13,2025-11-10 19:53:47,2025-11-10 19:54:00
8162,202,6,COMPLETED,6,2026-02-03 23:19:59,2026-02-03 23:20:05
8163,202,15,COMPLETED,12,2026-02-03 23:23:59,2026-02-03 23:24:11
8164,304,3,COMPLETED,6,2025-11-14 22:55:13,2025-11-14 22:55:19
8165,280,2,COMPLETED,10,2026-03-16 04:32:02,2026-03-16 04:32:12
8166,280,5,COMPLETED,12,2026-03-16 04:35:02,2026-03-16 04:35:14
8167,280,9,FAILED,13,2026-03-16 04:36:02,2026-03-16 04:36:15
8168,1086,13,COMPLETED,8,2025-09-06 23:40:36,2025-09-06 23:40:44
8169,1086,14,COMPLETED,8,2025-09-06 23:42:36,2025-09-06 23:42:44
8170,151,20,COMPLETED,5,2025-11-30 12:53:55,2025-11-30 12:54:00
8171,1193,15,COMPLETED,5,2025-10-22 16:04:15,2025-10-22 16:04:20
8172,267,19,COMPLETED,9,2026-03-31 14:44:40,2026-03-31 14:44:49
8173,267,23,COMPLETED,7,2026-03-31 14:46:40,2026-03-31 14:46:47
8174,267,8,COMPLETED,10,2026-03-31 14:50:40,2026-03-31 14:50:50
8175,72,23,FAILED,13,2025-09-02 05:07:06,2025-09-02 05:07:19
8176,917,4,COMPLETED,9,2025-09-23 05:56:27,2025-09-23 05:56:36
8177,1004,6,COMPLETED,7,2025-11-28 14:12:45,2025-11-28 14:12:52
8178,1004,15,COMPLETED,6,2025-11-28 14:16:45,2025-11-28 14:16:51
8179,294,20,COMPLETED,4,2025-10-15 04:51:57,2025-10-15 04:52:01
8180,294,5,COMPLETED,6,2025-10-15 04:55:57,2025-10-15 04:56:03
8181,907,19,COMPLETED,6,2026-03-06 13:09:42,2026-03-06 13:09:48
8182,907,23,COMPLETED,12,2026-03-06 13:14:42,2026-03-06 13:14:54
8183,907,8,COMPLETED,8,2026-03-06 13:17:42,2026-03-06 13:17:50
8184,968,1,COMPLETED,7,2026-03-29 19:52:55,2026-03-29 19:53:02
8185,968,3,COMPLETED,7,2026-03-29 19:55:55,2026-03-29 19:56:02
8186,968,8,FAILED,12,2026-03-29 19:56:55,2026-03-29 19:57:07
8187,102,13,COMPLETED,5,2025-11-19 10:40:42,2025-11-19 10:40:47
8188,78,2,FAILED,5,2026-03-25 01:47:38,2026-03-25 01:47:43
8189,78,5,COMPLETED,7,2026-03-25 01:49:38,2026-03-25 01:49:45
8190,78,9,COMPLETED,10,2026-03-25 01:57:38,2026-03-25 01:57:48
8191,902,6,COMPLETED,3,2026-02-23 12:39:35,2026-02-23 12:39:38
8192,902,15,COMPLETED,9,2026-02-23 12:43:35,2026-02-23 12:43:44
8193,666,4,COMPLETED,14,2025-12-08 03:21:46,2025-12-08 03:22:00
8194,666,10,FAILED,5,2025-12-08 03:25:46,2025-12-08 03:25:51
8195,87,25,COMPLETED,10,2026-02-03 01:30:45,2026-02-03 01:30:55
8196,732,19,COMPLETED,12,2025-12-25 12:30:04,2025-12-25 12:30:16
8197,732,23,COMPLETED,6,2025-12-25 12:32:04,2025-12-25 12:32:10
8198,732,8,COMPLETED,12,2025-12-25 12:38:04,2025-12-25 12:38:16
8199,415,13,COMPLETED,5,2026-03-04 13:19:10,2026-03-04 13:19:15
8200,52,4,COMPLETED,5,2026-01-21 06:03:23,2026-01-21 06:03:28
8201,52,10,COMPLETED,15,2026-01-21 06:05:23,2026-01-21 06:05:38
8202,30,2,COMPLETED,5,2025-12-08 18:09:34,2025-12-08 18:09:39
8203,115,17,COMPLETED,7,2026-02-27 06:58:46,2026-02-27 06:58:53
8204,115,16,FAILED,8,2026-02-27 07:00:46,2026-02-27 07:00:54
8205,610,3,COMPLETED,5,2025-10-06 07:07:00,2025-10-06 07:07:05
8206,308,6,COMPLETED,12,2025-11-08 18:32:05,2025-11-08 18:32:17
8207,308,15,COMPLETED,12,2025-11-08 18:36:05,2025-11-08 18:36:17
8208,831,17,COMPLETED,11,2025-10-02 19:33:37,2025-10-02 19:33:48
8209,831,16,FAILED,6,2025-10-02 19:37:37,2025-10-02 19:37:43
8210,133,19,FAILED,8,2026-03-28 00:52:22,2026-03-28 00:52:30
8211,133,23,COMPLETED,13,2026-03-28 00:57:22,2026-03-28 00:57:35
8212,133,8,COMPLETED,9,2026-03-28 00:56:22,2026-03-28 00:56:31
8213,754,17,COMPLETED,8,2025-12-12 02:32:40,2025-12-12 02:32:48
8214,59,4,COMPLETED,5,2025-11-17 06:22:39,2025-11-17 06:22:44
8215,59,10,COMPLETED,5,2025-11-17 06:25:39,2025-11-17 06:25:44
8216,195,1,FAILED,11,2025-12-17 04:50:05,2025-12-17 04:50:16
8217,195,3,COMPLETED,10,2025-12-17 04:54:05,2025-12-17 04:54:15
8218,195,8,COMPLETED,8,2025-12-17 04:58:05,2025-12-17 04:58:13
8219,897,2,COMPLETED,12,2025-11-02 04:17:03,2025-11-02 04:17:15
8220,897,5,COMPLETED,12,2025-11-02 04:19:03,2025-11-02 04:19:15
8221,897,9,COMPLETED,5,2025-11-02 04:27:03,2025-11-02 04:27:08
8222,1172,4,COMPLETED,6,2025-10-29 09:10:59,2025-10-29 09:11:05
8223,1172,10,COMPLETED,7,2025-10-29 09:15:59,2025-10-29 09:16:06
8224,1056,16,COMPLETED,7,2026-02-27 23:35:02,2026-02-27 23:35:09
8225,24,17,COMPLETED,6,2025-11-29 05:00:57,2025-11-29 05:01:03
8226,97,23,COMPLETED,8,2026-01-11 13:45:36,2026-01-11 13:45:44
8227,153,6,COMPLETED,11,2025-12-06 09:30:29,2025-12-06 09:30:40
8228,153,15,COMPLETED,5,2025-12-06 09:32:29,2025-12-06 09:32:34
8229,127,10,COMPLETED,12,2025-10-02 19:49:51,2025-10-02 19:50:03
8230,93,19,COMPLETED,6,2026-01-26 23:20:17,2026-01-26 23:20:23
8231,93,23,FAILED,12,2026-01-26 23:22:17,2026-01-26 23:22:29
8232,93,8,COMPLETED,9,2026-01-26 23:26:17,2026-01-26 23:26:26
8233,342,13,COMPLETED,11,2025-11-10 09:36:34,2025-11-10 09:36:45
8234,294,14,COMPLETED,3,2026-02-13 03:20:34,2026-02-13 03:20:37
8235,194,4,COMPLETED,7,2026-01-07 18:10:52,2026-01-07 18:10:59
8236,194,10,COMPLETED,14,2026-01-07 18:15:52,2026-01-07 18:16:06
8237,263,1,COMPLETED,9,2026-02-11 15:46:34,2026-02-11 15:46:43
8238,263,3,COMPLETED,13,2026-02-11 15:49:34,2026-02-11 15:49:47
8239,263,8,COMPLETED,10,2026-02-11 15:54:34,2026-02-11 15:54:44
8240,858,6,COMPLETED,8,2026-01-06 16:23:23,2026-01-06 16:23:31
8241,71,4,COMPLETED,6,2026-03-23 19:17:08,2026-03-23 19:17:14
8242,71,10,COMPLETED,10,2026-03-23 19:19:08,2026-03-23 19:19:18
8243,1193,1,COMPLETED,9,2026-03-14 09:01:37,2026-03-14 09:01:46
8244,1193,3,COMPLETED,5,2026-03-14 09:05:37,2026-03-14 09:05:42
8245,1193,8,COMPLETED,6,2026-03-14 09:09:37,2026-03-14 09:09:43
8246,125,20,COMPLETED,11,2025-11-06 02:37:53,2025-11-06 02:38:04
8247,6,17,FAILED,7,2025-12-17 04:10:29,2025-12-17 04:10:36
8248,6,16,COMPLETED,6,2025-12-17 04:13:29,2025-12-17 04:13:35
8249,108,6,COMPLETED,12,2026-03-10 14:22:39,2026-03-10 14:22:51
8250,108,15,COMPLETED,10,2026-03-10 14:26:39,2026-03-10 14:26:49
8251,519,20,COMPLETED,11,2025-12-02 12:57:18,2025-12-02 12:57:29
8252,212,3,COMPLETED,6,2026-03-16 18:51:42,2026-03-16 18:51:48
8253,291,6,COMPLETED,13,2025-11-30 00:09:04,2025-11-30 00:09:17
8254,291,15,COMPLETED,12,2025-11-30 00:14:04,2025-11-30 00:14:16
8255,325,25,COMPLETED,4,2025-10-08 07:30:26,2025-10-08 07:30:30
8256,71,6,COMPLETED,8,2025-10-02 19:40:58,2025-10-02 19:41:06
8257,71,15,COMPLETED,4,2025-10-02 19:42:58,2025-10-02 19:43:02
8258,777,6,COMPLETED,7,2026-03-07 17:06:00,2026-03-07 17:06:07
8259,777,15,COMPLETED,5,2026-03-07 17:11:00,2026-03-07 17:11:05
8260,599,1,COMPLETED,13,2026-03-18 10:57:46,2026-03-18 10:57:59
8261,208,20,COMPLETED,11,2026-01-24 23:25:34,2026-01-24 23:25:45
8262,208,5,COMPLETED,8,2026-01-24 23:29:34,2026-01-24 23:29:42
8263,225,13,COMPLETED,11,2025-10-26 10:22:54,2025-10-26 10:23:05
8264,225,14,COMPLETED,7,2025-10-26 10:24:54,2025-10-26 10:25:01
8265,5,17,COMPLETED,6,2025-09-20 20:48:29,2025-09-20 20:48:35
8266,5,16,COMPLETED,10,2025-09-20 20:51:29,2025-09-20 20:51:39
8267,690,13,COMPLETED,10,2026-01-26 18:24:12,2026-01-26 18:24:22
8268,690,14,FAILED,6,2026-01-26 18:27:12,2026-01-26 18:27:18
8269,48,1,COMPLETED,6,2025-09-01 11:51:33,2025-09-01 11:51:39
8270,48,3,COMPLETED,10,2025-09-01 11:55:33,2025-09-01 11:55:43
8271,48,8,COMPLETED,9,2025-09-01 11:57:33,2025-09-01 11:57:42
8272,42,13,COMPLETED,5,2025-12-08 18:52:42,2025-12-08 18:52:47
8273,42,14,COMPLETED,13,2025-12-08 18:55:42,2025-12-08 18:55:55
8274,189,1,COMPLETED,14,2025-10-10 02:42:40,2025-10-10 02:42:54
8275,280,6,FAILED,9,2026-03-17 12:23:57,2026-03-17 12:24:06
8276,566,13,COMPLETED,13,2025-11-06 02:15:24,2025-11-06 02:15:37
8277,566,14,COMPLETED,7,2025-11-06 02:18:24,2025-11-06 02:18:31
8278,78,3,COMPLETED,10,2026-03-29 22:13:20,2026-03-29 22:13:30
8279,627,2,COMPLETED,4,2025-11-17 07:36:20,2025-11-17 07:36:24
8280,627,5,COMPLETED,8,2025-11-17 07:41:20,2025-11-17 07:41:28
8281,627,9,COMPLETED,6,2025-11-17 07:42:20,2025-11-17 07:42:26
8282,76,18,COMPLETED,5,2026-02-05 20:12:14,2026-02-05 20:12:19
8283,36,17,COMPLETED,8,2025-09-28 05:13:35,2025-09-28 05:13:43
8284,5,4,COMPLETED,8,2025-11-09 00:20:27,2025-11-09 00:20:35
8285,5,10,COMPLETED,11,2025-11-09 00:23:27,2025-11-09 00:23:38
8286,995,2,COMPLETED,10,2025-10-25 00:38:58,2025-10-25 00:39:08
8287,217,19,COMPLETED,7,2026-01-19 13:58:25,2026-01-19 13:58:32
8288,217,23,COMPLETED,13,2026-01-19 14:03:25,2026-01-19 14:03:38
8289,217,8,COMPLETED,4,2026-01-19 14:08:25,2026-01-19 14:08:29
8290,389,5,COMPLETED,14,2025-10-01 03:37:09,2025-10-01 03:37:23
8291,2,14,COMPLETED,12,2025-11-11 04:04:20,2025-11-11 04:04:32
8292,162,13,COMPLETED,12,2026-01-29 21:35:54,2026-01-29 21:36:06
8293,205,22,COMPLETED,13,2026-03-24 00:43:00,2026-03-24 00:43:13
8294,983,5,COMPLETED,6,2025-09-28 07:43:33,2025-09-28 07:43:39
8295,347,20,FAILED,4,2026-03-28 00:39:51,2026-03-28 00:39:55
8296,347,5,FAILED,12,2026-03-28 00:42:51,2026-03-28 00:43:03
8297,964,14,COMPLETED,11,2025-11-02 20:03:50,2025-11-02 20:04:01
8298,19,5,COMPLETED,9,2025-11-14 22:43:40,2025-11-14 22:43:49
8299,1191,10,COMPLETED,7,2025-11-10 19:44:50,2025-11-10 19:44:57
8300,1102,2,COMPLETED,13,2025-11-13 04:52:03,2025-11-13 04:52:16
8301,48,19,COMPLETED,11,2026-01-25 22:29:28,2026-01-25 22:29:39
8302,48,23,COMPLETED,12,2026-01-25 22:31:28,2026-01-25 22:31:40
8303,48,8,COMPLETED,7,2026-01-25 22:37:28,2026-01-25 22:37:35
8304,910,17,COMPLETED,11,2025-10-01 22:51:49,2025-10-01 22:52:00
8305,910,16,COMPLETED,10,2025-10-01 22:55:49,2025-10-01 22:55:59
8306,42,9,COMPLETED,10,2026-01-06 16:42:56,2026-01-06 16:43:06
8307,250,2,COMPLETED,12,2026-03-01 14:58:06,2026-03-01 14:58:18
8308,68,20,COMPLETED,8,2026-01-11 09:23:36,2026-01-11 09:23:44
8309,68,5,COMPLETED,5,2026-01-11 09:26:36,2026-01-11 09:26:41
8310,248,4,FAILED,5,2026-01-09 10:45:05,2026-01-09 10:45:10
8311,233,2,COMPLETED,12,2026-02-05 11:27:09,2026-02-05 11:27:21
8312,233,5,COMPLETED,5,2026-02-05 11:30:09,2026-02-05 11:30:14
8313,233,9,FAILED,9,2026-02-05 11:33:09,2026-02-05 11:33:18
8314,30,2,COMPLETED,6,2026-03-27 02:29:49,2026-03-27 02:29:55
8315,30,5,COMPLETED,10,2026-03-27 02:31:49,2026-03-27 02:31:59
8316,30,9,COMPLETED,5,2026-03-27 02:37:49,2026-03-27 02:37:54
8317,20,8,COMPLETED,10,2026-03-16 07:17:42,2026-03-16 07:17:52
8318,1043,19,COMPLETED,8,2025-12-14 02:08:08,2025-12-14 02:08:16
8319,1043,23,COMPLETED,13,2025-12-14 02:12:08,2025-12-14 02:12:21
8320,1043,8,FAILED,8,2025-12-14 02:14:08,2025-12-14 02:14:16
8321,1106,5,COMPLETED,13,2025-12-11 15:45:14,2025-12-11 15:45:27
8322,1152,4,COMPLETED,8,2026-01-30 17:11:31,2026-01-30 17:11:39
8323,1152,10,FAILED,12,2026-01-30 17:13:31,2026-01-30 17:13:43
8324,157,1,COMPLETED,12,2026-03-23 05:50:08,2026-03-23 05:50:20
8325,78,2,COMPLETED,11,2025-12-28 01:35:46,2025-12-28 01:35:57
8326,274,17,COMPLETED,11,2025-10-19 01:42:28,2025-10-19 01:42:39
8327,274,16,COMPLETED,10,2025-10-19 01:45:28,2025-10-19 01:45:38
8328,240,19,COMPLETED,10,2026-02-14 21:16:33,2026-02-14 21:16:43
8329,917,2,COMPLETED,3,2025-11-26 08:19:14,2025-11-26 08:19:17
8330,80,6,COMPLETED,10,2025-10-26 20:28:58,2025-10-26 20:29:08
8331,80,15,COMPLETED,10,2025-10-26 20:33:58,2025-10-26 20:34:08
8332,237,2,COMPLETED,10,2025-11-17 20:44:09,2025-11-17 20:44:19
8333,237,5,COMPLETED,5,2025-11-17 20:48:09,2025-11-17 20:48:14
8334,237,9,COMPLETED,9,2025-11-17 20:54:09,2025-11-17 20:54:18
8335,313,20,COMPLETED,4,2025-11-24 17:21:22,2025-11-24 17:21:26
8336,313,5,COMPLETED,9,2025-11-24 17:23:22,2025-11-24 17:23:31
8337,17,3,COMPLETED,6,2026-03-19 01:40:26,2026-03-19 01:40:32
8338,251,14,COMPLETED,9,2026-02-25 12:10:41,2026-02-25 12:10:50
8339,71,1,COMPLETED,13,2026-01-22 04:35:52,2026-01-22 04:36:05
8340,71,3,COMPLETED,9,2026-01-22 04:40:52,2026-01-22 04:41:01
8341,71,8,COMPLETED,7,2026-01-22 04:45:52,2026-01-22 04:45:59
8342,4,11,COMPLETED,8,2025-11-17 11:29:42,2025-11-17 11:29:50
8343,1093,6,COMPLETED,8,2025-11-01 04:04:37,2025-11-01 04:04:45
8344,1093,15,COMPLETED,9,2025-11-01 04:07:37,2025-11-01 04:07:46
8345,181,20,COMPLETED,4,2025-10-07 14:50:22,2025-10-07 14:50:26
8346,181,5,COMPLETED,8,2025-10-07 14:52:22,2025-10-07 14:52:30
8347,225,19,COMPLETED,7,2025-11-25 05:51:15,2025-11-25 05:51:22
8348,225,23,COMPLETED,8,2025-11-25 05:54:15,2025-11-25 05:54:23
8349,225,8,COMPLETED,4,2025-11-25 05:57:15,2025-11-25 05:57:19
8350,315,24,COMPLETED,5,2026-03-07 19:34:11,2026-03-07 19:34:16
8351,66,20,FAILED,4,2025-12-19 08:33:20,2025-12-19 08:33:24
8352,66,5,COMPLETED,13,2025-12-19 08:35:20,2025-12-19 08:35:33
8353,1183,4,COMPLETED,12,2026-03-12 20:03:01,2026-03-12 20:03:13
8354,1183,10,COMPLETED,10,2026-03-12 20:05:01,2026-03-12 20:05:11
8355,232,6,COMPLETED,10,2025-12-08 18:34:28,2025-12-08 18:34:38
8356,232,15,COMPLETED,10,2025-12-08 18:38:28,2025-12-08 18:38:38
8357,128,22,COMPLETED,9,2026-03-28 19:22:56,2026-03-28 19:23:05
8358,777,20,COMPLETED,8,2026-03-08 13:26:55,2026-03-08 13:27:03
8359,777,5,COMPLETED,13,2026-03-08 13:30:55,2026-03-08 13:31:08
8360,86,3,COMPLETED,11,2026-01-10 10:59:09,2026-01-10 10:59:20
8361,78,14,COMPLETED,6,2026-02-01 19:58:31,2026-02-01 19:58:37
8362,999,20,COMPLETED,6,2025-09-17 11:24:30,2025-09-17 11:24:36
8363,233,5,COMPLETED,10,2026-01-28 11:51:07,2026-01-28 11:51:17
8364,981,4,COMPLETED,13,2025-12-16 04:27:56,2025-12-16 04:28:09
8365,981,10,COMPLETED,14,2025-12-16 04:30:56,2025-12-16 04:31:10
8366,26,20,COMPLETED,4,2026-03-18 17:47:19,2026-03-18 17:47:23
8367,26,5,COMPLETED,6,2026-03-18 17:50:19,2026-03-18 17:50:25
8368,48,19,COMPLETED,15,2026-02-26 17:21:21,2026-02-26 17:21:36
8369,87,2,COMPLETED,10,2026-01-11 03:57:20,2026-01-11 03:57:30
8370,1043,2,COMPLETED,3,2026-01-03 05:47:04,2026-01-03 05:47:07
8371,1043,5,COMPLETED,4,2026-01-03 05:51:04,2026-01-03 05:51:08
8372,1043,9,COMPLETED,13,2026-01-03 05:51:04,2026-01-03 05:51:17
8373,65,6,FAILED,4,2025-09-18 14:25:53,2025-09-18 14:25:57
8374,1141,19,COMPLETED,9,2026-02-22 11:37:38,2026-02-22 11:37:47
8375,1141,23,COMPLETED,5,2026-02-22 11:42:38,2026-02-22 11:42:43
8376,1141,8,COMPLETED,13,2026-02-22 11:47:38,2026-02-22 11:47:51
8377,249,2,COMPLETED,6,2025-10-17 21:40:21,2025-10-17 21:40:27
8378,249,5,COMPLETED,9,2025-10-17 21:43:21,2025-10-17 21:43:30
8379,249,9,COMPLETED,14,2025-10-17 21:48:21,2025-10-17 21:48:35
8380,948,19,FAILED,13,2026-01-02 20:35:35,2026-01-02 20:35:48
8381,948,23,COMPLETED,13,2026-01-02 20:38:35,2026-01-02 20:38:48
8382,948,8,FAILED,14,2026-01-02 20:41:35,2026-01-02 20:41:49
8383,181,19,COMPLETED,11,2026-03-09 04:12:37,2026-03-09 04:12:48
8384,181,23,COMPLETED,4,2026-03-09 04:16:37,2026-03-09 04:16:41
8385,181,8,COMPLETED,5,2026-03-09 04:16:37,2026-03-09 04:16:42
8386,5,10,COMPLETED,10,2025-11-12 20:13:33,2025-11-12 20:13:43
8387,668,12,COMPLETED,11,2026-03-07 11:54:35,2026-03-07 11:54:46
8388,73,19,COMPLETED,8,2026-01-13 02:48:17,2026-01-13 02:48:25
8389,73,23,COMPLETED,5,2026-01-13 02:52:17,2026-01-13 02:52:22
8390,73,8,COMPLETED,8,2026-01-13 02:56:17,2026-01-13 02:56:25
8391,61,9,COMPLETED,8,2025-09-21 16:20:26,2025-09-21 16:20:34
8392,159,3,COMPLETED,11,2025-12-19 07:10:55,2025-12-19 07:11:06
8393,847,17,COMPLETED,8,2025-11-30 10:18:27,2025-11-30 10:18:35
8394,847,16,COMPLETED,5,2025-11-30 10:20:27,2025-11-30 10:20:32
8395,335,11,FAILED,4,2025-10-09 13:30:25,2025-10-09 13:30:29
8396,183,13,COMPLETED,7,2026-03-05 10:29:03,2026-03-05 10:29:10
8397,183,14,COMPLETED,4,2026-03-05 10:34:03,2026-03-05 10:34:07
8398,731,18,COMPLETED,4,2026-03-09 21:49:54,2026-03-09 21:49:58
8399,1130,24,COMPLETED,10,2025-12-26 01:21:21,2025-12-26 01:21:31
8400,305,2,COMPLETED,6,2025-12-19 13:22:58,2025-12-19 13:23:04
8401,305,5,COMPLETED,7,2025-12-19 13:25:58,2025-12-19 13:26:05
8402,305,9,COMPLETED,8,2025-12-19 13:26:58,2025-12-19 13:27:06
8403,175,13,FAILED,10,2025-10-01 08:13:13,2025-10-01 08:13:23
8404,175,14,COMPLETED,12,2025-10-01 08:18:13,2025-10-01 08:18:25
8405,95,17,COMPLETED,3,2026-03-09 23:07:14,2026-03-09 23:07:17
8406,95,16,COMPLETED,14,2026-03-09 23:11:14,2026-03-09 23:11:28
8407,194,19,COMPLETED,13,2026-03-28 12:31:58,2026-03-28 12:32:11
8408,194,23,COMPLETED,13,2026-03-28 12:33:58,2026-03-28 12:34:11
8409,194,8,COMPLETED,9,2026-03-28 12:39:58,2026-03-28 12:40:07
8410,919,19,FAILED,9,2026-03-20 04:20:59,2026-03-20 04:21:08
8411,919,23,FAILED,13,2026-03-20 04:24:59,2026-03-20 04:25:12
8412,919,8,COMPLETED,11,2026-03-20 04:28:59,2026-03-20 04:29:10
8413,65,22,FAILED,9,2025-10-17 00:10:17,2025-10-17 00:10:26
8414,954,2,COMPLETED,12,2026-01-26 21:45:33,2026-01-26 21:45:45
8415,954,5,FAILED,5,2026-01-26 21:48:33,2026-01-26 21:48:38
8416,954,9,FAILED,12,2026-01-26 21:53:33,2026-01-26 21:53:45
8417,231,1,FAILED,10,2026-02-14 23:45:30,2026-02-14 23:45:40
8418,231,3,COMPLETED,7,2026-02-14 23:50:30,2026-02-14 23:50:37
8419,231,8,COMPLETED,11,2026-02-14 23:53:30,2026-02-14 23:53:41
8420,59,1,COMPLETED,6,2026-02-21 03:28:53,2026-02-21 03:28:59
8421,59,3,COMPLETED,5,2026-02-21 03:33:53,2026-02-21 03:33:58
8422,59,8,COMPLETED,6,2026-02-21 03:32:53,2026-02-21 03:32:59
8423,8,20,COMPLETED,8,2025-10-30 15:03:15,2025-10-30 15:03:23
8424,8,5,COMPLETED,7,2025-10-30 15:07:15,2025-10-30 15:07:22
8425,19,14,FAILED,7,2025-12-22 00:54:54,2025-12-22 00:55:01
8426,377,20,COMPLETED,14,2025-12-18 12:30:15,2025-12-18 12:30:29
8427,377,5,COMPLETED,4,2025-12-18 12:35:15,2025-12-18 12:35:19
8428,103,13,COMPLETED,4,2026-01-26 14:47:16,2026-01-26 14:47:20
8429,103,14,COMPLETED,12,2026-01-26 14:52:16,2026-01-26 14:52:28
8430,313,20,COMPLETED,12,2026-02-06 09:02:47,2026-02-06 09:02:59
8431,313,5,COMPLETED,14,2026-02-06 09:05:47,2026-02-06 09:06:01
8432,258,13,COMPLETED,10,2025-10-16 05:58:37,2025-10-16 05:58:47
8433,205,9,COMPLETED,12,2025-12-09 13:37:30,2025-12-09 13:37:42
8434,668,4,COMPLETED,12,2025-10-09 22:55:41,2025-10-09 22:55:53
8435,668,10,FAILED,10,2025-10-09 23:00:41,2025-10-09 23:00:51
8436,2,11,COMPLETED,10,2026-02-01 15:58:30,2026-02-01 15:58:40
8437,77,17,COMPLETED,8,2025-09-27 19:56:06,2025-09-27 19:56:14
8438,77,16,COMPLETED,12,2025-09-27 19:58:06,2025-09-27 19:58:18
8439,473,1,COMPLETED,9,2026-03-24 15:32:25,2026-03-24 15:32:34
8440,473,3,COMPLETED,12,2026-03-24 15:36:25,2026-03-24 15:36:37
8441,473,8,COMPLETED,5,2026-03-24 15:36:25,2026-03-24 15:36:30
8442,217,4,COMPLETED,14,2026-01-20 09:23:39,2026-01-20 09:23:53
8443,217,10,COMPLETED,5,2026-01-20 09:26:39,2026-01-20 09:26:44
8444,1100,6,COMPLETED,7,2025-11-29 20:14:06,2025-11-29 20:14:13
8445,1100,15,COMPLETED,9,2025-11-29 20:19:06,2025-11-29 20:19:15
8446,12,19,FAILED,6,2026-02-01 06:59:57,2026-02-01 07:00:03
8447,12,23,COMPLETED,10,2026-02-01 07:03:57,2026-02-01 07:04:07
8448,12,8,COMPLETED,4,2026-02-01 07:03:57,2026-02-01 07:04:01
8449,281,20,FAILED,13,2026-01-20 11:12:45,2026-01-20 11:12:58
8450,281,5,COMPLETED,5,2026-01-20 11:17:45,2026-01-20 11:17:50
8451,271,20,COMPLETED,8,2025-10-08 20:22:31,2025-10-08 20:22:39
8452,271,5,FAILED,10,2025-10-08 20:26:31,2025-10-08 20:26:41
8453,43,20,COMPLETED,12,2026-01-19 21:51:35,2026-01-19 21:51:47
8454,43,5,COMPLETED,11,2026-01-19 21:55:35,2026-01-19 21:55:46
8455,199,4,COMPLETED,13,2026-01-26 13:00:01,2026-01-26 13:00:14
8456,199,10,COMPLETED,14,2026-01-26 13:04:01,2026-01-26 13:04:15
8457,100,6,COMPLETED,13,2026-02-11 03:11:24,2026-02-11 03:11:37
8458,561,1,FAILED,15,2025-12-17 06:31:46,2025-12-17 06:32:01
8459,561,3,COMPLETED,12,2025-12-17 06:33:46,2025-12-17 06:33:58
8460,561,8,COMPLETED,9,2025-12-17 06:41:46,2025-12-17 06:41:55
8461,222,23,COMPLETED,8,2026-01-31 01:25:33,2026-01-31 01:25:41
8462,964,19,COMPLETED,5,2026-01-27 19:34:28,2026-01-27 19:34:33
8463,964,23,COMPLETED,3,2026-01-27 19:37:28,2026-01-27 19:37:31
8464,964,8,COMPLETED,13,2026-01-27 19:38:28,2026-01-27 19:38:41
8465,358,4,COMPLETED,10,2025-12-14 07:36:56,2025-12-14 07:37:06
8466,358,10,FAILED,8,2025-12-14 07:40:56,2025-12-14 07:41:04
8467,375,15,COMPLETED,10,2025-11-18 07:42:08,2025-11-18 07:42:18
8468,38,6,COMPLETED,12,2026-02-05 21:57:52,2026-02-05 21:58:04
8469,38,15,COMPLETED,6,2026-02-05 22:01:52,2026-02-05 22:01:58
8470,203,13,COMPLETED,12,2026-01-26 08:53:49,2026-01-26 08:54:01
8471,203,14,COMPLETED,7,2026-01-26 08:55:49,2026-01-26 08:55:56
8472,44,10,FAILED,13,2025-12-30 00:13:41,2025-12-30 00:13:54
8473,942,20,COMPLETED,12,2026-02-16 08:20:48,2026-02-16 08:21:00
8474,942,5,COMPLETED,8,2026-02-16 08:22:48,2026-02-16 08:22:56
8475,457,4,COMPLETED,6,2025-11-02 01:19:52,2025-11-02 01:19:58
8476,457,10,COMPLETED,15,2025-11-02 01:23:52,2025-11-02 01:24:07
8477,52,18,COMPLETED,6,2025-12-26 23:32:14,2025-12-26 23:32:20
8478,303,25,COMPLETED,8,2026-02-25 17:22:12,2026-02-25 17:22:20
8479,754,13,COMPLETED,7,2025-09-30 23:11:31,2025-09-30 23:11:38
8480,754,14,COMPLETED,10,2025-09-30 23:14:31,2025-09-30 23:14:41
8481,90,1,COMPLETED,12,2026-03-08 02:56:14,2026-03-08 02:56:26
8482,90,3,COMPLETED,9,2026-03-08 03:00:14,2026-03-08 03:00:23
8483,90,8,COMPLETED,6,2026-03-08 03:02:14,2026-03-08 03:02:20
8484,329,2,COMPLETED,12,2026-02-13 08:15:21,2026-02-13 08:15:33
8485,329,5,COMPLETED,11,2026-02-13 08:19:21,2026-02-13 08:19:32
8486,329,9,COMPLETED,14,2026-02-13 08:19:21,2026-02-13 08:19:35
8487,988,4,COMPLETED,5,2025-12-09 03:35:01,2025-12-09 03:35:06
8488,988,10,COMPLETED,14,2025-12-09 03:39:01,2025-12-09 03:39:15
8489,332,11,COMPLETED,12,2026-03-30 08:10:33,2026-03-30 08:10:45
8490,5,1,COMPLETED,10,2025-10-20 12:24:41,2025-10-20 12:24:51
8491,774,2,COMPLETED,13,2025-10-03 10:17:27,2025-10-03 10:17:40
8492,774,5,COMPLETED,10,2025-10-03 10:22:27,2025-10-03 10:22:37
8493,774,9,COMPLETED,6,2025-10-03 10:21:27,2025-10-03 10:21:33
8494,670,14,COMPLETED,7,2025-12-13 19:35:23,2025-12-13 19:35:30
8495,342,1,COMPLETED,6,2025-12-10 22:15:43,2025-12-10 22:15:49
8496,342,3,COMPLETED,11,2025-12-10 22:18:43,2025-12-10 22:18:54
8497,342,8,COMPLETED,12,2025-12-10 22:19:43,2025-12-10 22:19:55
8498,539,2,FAILED,14,2025-10-15 06:22:42,2025-10-15 06:22:56
8499,539,5,COMPLETED,5,2025-10-15 06:24:42,2025-10-15 06:24:47
8500,539,9,COMPLETED,13,2025-10-15 06:32:42,2025-10-15 06:32:55
8501,474,2,COMPLETED,9,2025-09-10 18:13:42,2025-09-10 18:13:51
8502,474,5,COMPLETED,11,2025-09-10 18:18:42,2025-09-10 18:18:53
8503,474,9,COMPLETED,14,2025-09-10 18:17:42,2025-09-10 18:17:56
8504,339,20,COMPLETED,9,2026-01-21 11:41:59,2026-01-21 11:42:08
8505,339,5,COMPLETED,12,2026-01-21 11:43:59,2026-01-21 11:44:11
8506,95,4,COMPLETED,13,2026-02-02 21:46:54,2026-02-02 21:47:07
8507,95,10,COMPLETED,9,2026-02-02 21:50:54,2026-02-02 21:51:03
8508,714,20,COMPLETED,8,2025-10-31 18:44:51,2025-10-31 18:44:59
8509,714,5,COMPLETED,12,2025-10-31 18:48:51,2025-10-31 18:49:03
8510,35,1,COMPLETED,14,2026-01-30 00:36:30,2026-01-30 00:36:44
8511,35,3,COMPLETED,9,2026-01-30 00:38:30,2026-01-30 00:38:39
8512,35,8,COMPLETED,5,2026-01-30 00:46:30,2026-01-30 00:46:35
8513,934,17,COMPLETED,4,2026-02-08 17:24:27,2026-02-08 17:24:31
8514,129,11,COMPLETED,13,2026-01-30 04:04:56,2026-01-30 04:05:09
8515,32,17,COMPLETED,12,2025-11-11 18:05:56,2025-11-11 18:06:08
8516,32,16,COMPLETED,4,2025-11-11 18:09:56,2025-11-11 18:10:00
8517,395,2,COMPLETED,8,2025-10-13 17:54:09,2025-10-13 17:54:17
8518,1089,4,COMPLETED,5,2025-12-23 19:33:51,2025-12-23 19:33:56
8519,1089,10,COMPLETED,10,2025-12-23 19:38:51,2025-12-23 19:39:01
8520,127,6,COMPLETED,12,2026-03-26 07:42:46,2026-03-26 07:42:58
8521,127,15,COMPLETED,10,2026-03-26 07:44:46,2026-03-26 07:44:56
8522,118,20,FAILED,6,2026-01-23 01:02:37,2026-01-23 01:02:43
8523,118,5,FAILED,12,2026-01-23 01:05:37,2026-01-23 01:05:49
8524,314,1,COMPLETED,10,2026-03-07 20:36:37,2026-03-07 20:36:47
8525,314,3,COMPLETED,13,2026-03-07 20:38:37,2026-03-07 20:38:50
8526,314,8,COMPLETED,9,2026-03-07 20:44:37,2026-03-07 20:44:46
8527,247,2,COMPLETED,3,2025-11-25 03:22:00,2025-11-25 03:22:03
8528,247,5,COMPLETED,10,2025-11-25 03:24:00,2025-11-25 03:24:10
8529,247,9,COMPLETED,8,2025-11-25 03:28:00,2025-11-25 03:28:08
8530,343,19,COMPLETED,10,2025-11-16 17:01:23,2025-11-16 17:01:33
8531,343,23,COMPLETED,7,2025-11-16 17:04:23,2025-11-16 17:04:30
8532,343,8,COMPLETED,4,2025-11-16 17:05:23,2025-11-16 17:05:27
8533,391,16,COMPLETED,12,2025-11-16 02:46:07,2025-11-16 02:46:19
8534,314,13,COMPLETED,12,2026-03-01 17:50:59,2026-03-01 17:51:11
8535,314,14,FAILED,13,2026-03-01 17:55:59,2026-03-01 17:56:12
8536,64,4,COMPLETED,11,2026-01-26 01:35:44,2026-01-26 01:35:55
8537,64,10,COMPLETED,10,2026-01-26 01:40:44,2026-01-26 01:40:54
8538,1093,8,COMPLETED,5,2026-03-10 02:33:10,2026-03-10 02:33:15
8539,1113,2,COMPLETED,11,2025-10-04 17:50:58,2025-10-04 17:51:09
8540,170,13,COMPLETED,9,2026-01-05 19:08:17,2026-01-05 19:08:26
8541,170,14,COMPLETED,4,2026-01-05 19:11:17,2026-01-05 19:11:21
8542,66,19,COMPLETED,12,2025-11-03 10:08:02,2025-11-03 10:08:14
8543,66,23,COMPLETED,8,2025-11-03 10:13:02,2025-11-03 10:13:10
8544,66,8,COMPLETED,11,2025-11-03 10:16:02,2025-11-03 10:16:13
8545,381,9,COMPLETED,13,2025-10-23 13:08:35,2025-10-23 13:08:48
8546,98,17,COMPLETED,13,2025-10-30 11:13:19,2025-10-30 11:13:32
8547,174,1,FAILED,9,2026-02-01 13:15:53,2026-02-01 13:16:02
8548,174,3,COMPLETED,4,2026-02-01 13:18:53,2026-02-01 13:18:57
8549,174,8,COMPLETED,9,2026-02-01 13:23:53,2026-02-01 13:24:02
8550,45,20,COMPLETED,5,2025-10-27 22:31:08,2025-10-27 22:31:13
8551,45,5,COMPLETED,4,2025-10-27 22:36:08,2025-10-27 22:36:12
8552,40,23,COMPLETED,11,2025-11-29 14:42:13,2025-11-29 14:42:24
8553,47,17,COMPLETED,4,2026-02-22 06:59:46,2026-02-22 06:59:50
8554,47,16,COMPLETED,9,2026-02-22 07:04:46,2026-02-22 07:04:55
8555,573,13,FAILED,10,2025-10-28 00:44:19,2025-10-28 00:44:29
8556,958,8,COMPLETED,8,2025-12-18 20:55:04,2025-12-18 20:55:12
8557,127,21,COMPLETED,8,2025-10-05 05:27:00,2025-10-05 05:27:08
8558,74,13,FAILED,12,2025-09-30 20:17:01,2025-09-30 20:17:13
8559,74,14,COMPLETED,13,2025-09-30 20:21:01,2025-09-30 20:21:14
8560,99,10,FAILED,5,2026-01-10 09:55:49,2026-01-10 09:55:54
8561,81,6,COMPLETED,12,2026-01-07 03:21:53,2026-01-07 03:22:05
8562,81,15,COMPLETED,8,2026-01-07 03:24:53,2026-01-07 03:25:01
8563,396,6,COMPLETED,4,2025-11-13 11:25:38,2025-11-13 11:25:42
8564,396,15,COMPLETED,11,2025-11-13 11:30:38,2025-11-13 11:30:49
8565,181,20,FAILED,8,2026-01-12 03:06:57,2026-01-12 03:07:05
8566,181,5,COMPLETED,7,2026-01-12 03:08:57,2026-01-12 03:09:04
8567,269,18,FAILED,12,2026-03-02 19:09:40,2026-03-02 19:09:52
8568,127,19,COMPLETED,13,2026-02-24 04:16:51,2026-02-24 04:17:04
8569,127,23,COMPLETED,4,2026-02-24 04:20:51,2026-02-24 04:20:55
8570,127,8,COMPLETED,11,2026-02-24 04:24:51,2026-02-24 04:25:02
8571,272,22,FAILED,5,2026-01-01 07:33:47,2026-01-01 07:33:52
8572,77,13,FAILED,8,2026-01-26 22:19:10,2026-01-26 22:19:18
8573,77,14,COMPLETED,7,2026-01-26 22:22:10,2026-01-26 22:22:17
8574,774,4,COMPLETED,9,2026-01-04 17:50:26,2026-01-04 17:50:35
8575,774,10,FAILED,14,2026-01-04 17:53:26,2026-01-04 17:53:40
8576,329,4,COMPLETED,13,2026-03-24 14:33:35,2026-03-24 14:33:48
8577,329,10,COMPLETED,6,2026-03-24 14:36:35,2026-03-24 14:36:41
8578,41,1,COMPLETED,13,2025-11-23 08:25:56,2025-11-23 08:26:09
8579,41,3,COMPLETED,4,2025-11-23 08:28:56,2025-11-23 08:29:00
8580,41,8,COMPLETED,6,2025-11-23 08:33:56,2025-11-23 08:34:02
8581,191,20,COMPLETED,13,2026-01-28 05:39:01,2026-01-28 05:39:14
8582,9,4,COMPLETED,5,2025-11-06 18:33:18,2025-11-06 18:33:23
8583,9,10,COMPLETED,14,2025-11-06 18:38:18,2025-11-06 18:38:32
8584,90,19,COMPLETED,14,2026-01-01 02:36:29,2026-01-01 02:36:43
8585,90,23,COMPLETED,10,2026-01-01 02:38:29,2026-01-01 02:38:39
8586,90,8,COMPLETED,5,2026-01-01 02:42:29,2026-01-01 02:42:34
8587,887,19,COMPLETED,6,2026-03-23 06:28:51,2026-03-23 06:28:57
8588,887,23,FAILED,12,2026-03-23 06:31:51,2026-03-23 06:32:03
8589,887,8,COMPLETED,8,2026-03-23 06:32:51,2026-03-23 06:32:59
8590,52,1,COMPLETED,9,2025-12-07 22:36:58,2025-12-07 22:37:07
8591,52,3,COMPLETED,10,2025-12-07 22:41:58,2025-12-07 22:42:08
8592,52,8,COMPLETED,13,2025-12-07 22:40:58,2025-12-07 22:41:11
8593,110,6,COMPLETED,10,2026-02-06 15:58:56,2026-02-06 15:59:06
8594,110,15,FAILED,13,2026-02-06 16:00:56,2026-02-06 16:01:09
8595,161,19,COMPLETED,13,2026-03-30 04:34:49,2026-03-30 04:35:02
8596,161,23,COMPLETED,11,2026-03-30 04:39:49,2026-03-30 04:40:00
8597,161,8,COMPLETED,11,2026-03-30 04:44:49,2026-03-30 04:45:00
8598,117,4,COMPLETED,8,2026-01-18 08:00:03,2026-01-18 08:00:11
8599,135,6,COMPLETED,5,2025-10-27 14:10:06,2025-10-27 14:10:11
8600,135,15,COMPLETED,7,2025-10-27 14:13:06,2025-10-27 14:13:13
8601,818,22,COMPLETED,14,2025-11-10 22:58:51,2025-11-10 22:59:05
8602,1104,13,COMPLETED,10,2025-09-02 15:10:01,2025-09-02 15:10:11
8603,1104,14,COMPLETED,10,2025-09-02 15:14:01,2025-09-02 15:14:11
8604,443,25,COMPLETED,4,2026-01-14 03:02:26,2026-01-14 03:02:30
8605,231,17,COMPLETED,9,2025-09-22 08:59:31,2025-09-22 08:59:40
8606,231,16,COMPLETED,12,2025-09-22 09:02:31,2025-09-22 09:02:43
8607,900,11,COMPLETED,9,2026-01-11 08:36:04,2026-01-11 08:36:13
8608,408,14,COMPLETED,12,2026-01-05 08:46:04,2026-01-05 08:46:16
8609,1001,19,COMPLETED,14,2026-03-09 18:14:01,2026-03-09 18:14:15
8610,1001,23,FAILED,4,2026-03-09 18:19:01,2026-03-09 18:19:05
8611,1001,8,FAILED,7,2026-03-09 18:22:01,2026-03-09 18:22:08
8612,34,20,COMPLETED,13,2025-09-28 14:24:42,2025-09-28 14:24:55
8613,34,5,COMPLETED,12,2025-09-28 14:27:42,2025-09-28 14:27:54
8614,291,2,COMPLETED,11,2025-10-02 01:19:06,2025-10-02 01:19:17
8615,291,5,COMPLETED,10,2025-10-02 01:22:06,2025-10-02 01:22:16
8616,291,9,COMPLETED,6,2025-10-02 01:25:06,2025-10-02 01:25:12
8617,185,19,COMPLETED,9,2025-12-28 10:28:42,2025-12-28 10:28:51
8618,185,23,FAILED,6,2025-12-28 10:30:42,2025-12-28 10:30:48
8619,185,8,COMPLETED,7,2025-12-28 10:36:42,2025-12-28 10:36:49
8620,204,2,COMPLETED,11,2025-11-14 03:22:29,2025-11-14 03:22:40
8621,84,6,COMPLETED,13,2026-01-17 17:02:03,2026-01-17 17:02:16
8622,84,15,COMPLETED,11,2026-01-17 17:05:03,2026-01-17 17:05:14
8623,724,2,COMPLETED,9,2025-12-03 09:04:17,2025-12-03 09:04:26
8624,1151,23,COMPLETED,12,2025-09-05 09:28:37,2025-09-05 09:28:49
8625,849,4,COMPLETED,9,2026-03-16 18:08:26,2026-03-16 18:08:35
8626,849,10,COMPLETED,6,2026-03-16 18:12:26,2026-03-16 18:12:32
8627,619,4,COMPLETED,6,2025-10-05 22:42:35,2025-10-05 22:42:41
8628,619,10,FAILED,10,2025-10-05 22:45:35,2025-10-05 22:45:45
8629,50,11,FAILED,5,2026-02-06 21:20:54,2026-02-06 21:20:59
8630,12,20,COMPLETED,12,2025-10-14 03:09:41,2025-10-14 03:09:53
8631,12,5,COMPLETED,12,2025-10-14 03:11:41,2025-10-14 03:11:53
8632,366,20,COMPLETED,12,2025-10-13 17:45:51,2025-10-13 17:46:03
8633,366,5,COMPLETED,8,2025-10-13 17:48:51,2025-10-13 17:48:59
8634,39,4,FAILED,7,2025-11-17 10:18:24,2025-11-17 10:18:31
8635,202,17,COMPLETED,6,2025-12-21 04:13:34,2025-12-21 04:13:40
8636,202,16,COMPLETED,14,2025-12-21 04:17:34,2025-12-21 04:17:48
8637,226,6,FAILED,11,2025-12-13 22:30:45,2025-12-13 22:30:56
8638,226,15,COMPLETED,5,2025-12-13 22:35:45,2025-12-13 22:35:50
8639,306,4,COMPLETED,6,2026-01-31 18:03:06,2026-01-31 18:03:12
8640,306,10,COMPLETED,7,2026-01-31 18:07:06,2026-01-31 18:07:13
8641,195,23,COMPLETED,9,2026-01-28 18:12:22,2026-01-28 18:12:31
8642,338,19,COMPLETED,15,2026-03-24 16:14:55,2026-03-24 16:15:10
8643,338,23,COMPLETED,3,2026-03-24 16:17:55,2026-03-24 16:17:58
8644,338,8,COMPLETED,7,2026-03-24 16:22:55,2026-03-24 16:23:02
8645,83,6,COMPLETED,5,2025-11-27 17:39:42,2025-11-27 17:39:47
8646,83,15,FAILED,12,2025-11-27 17:44:42,2025-11-27 17:44:54
8647,1031,4,COMPLETED,15,2025-10-26 21:10:27,2025-10-26 21:10:42
8648,960,17,COMPLETED,9,2026-03-05 17:18:29,2026-03-05 17:18:38
8649,960,16,COMPLETED,3,2026-03-05 17:21:29,2026-03-05 17:21:32
8650,11,4,COMPLETED,5,2025-12-02 19:17:43,2025-12-02 19:17:48
8651,27,1,COMPLETED,9,2025-11-27 02:41:40,2025-11-27 02:41:49
8652,27,3,COMPLETED,13,2025-11-27 02:45:40,2025-11-27 02:45:53
8653,27,8,COMPLETED,5,2025-11-27 02:45:40,2025-11-27 02:45:45
8654,803,17,COMPLETED,11,2025-12-09 11:34:36,2025-12-09 11:34:47
8655,803,16,FAILED,13,2025-12-09 11:38:36,2025-12-09 11:38:49
8656,988,2,COMPLETED,7,2026-03-08 00:26:17,2026-03-08 00:26:24
8657,988,5,COMPLETED,9,2026-03-08 00:30:17,2026-03-08 00:30:26
8658,988,9,COMPLETED,5,2026-03-08 00:34:17,2026-03-08 00:34:22
8659,356,24,COMPLETED,6,2025-12-11 23:01:04,2025-12-11 23:01:10
8660,40,25,FAILED,11,2025-12-11 05:41:06,2025-12-11 05:41:17
8661,977,20,COMPLETED,12,2026-02-02 20:37:21,2026-02-02 20:37:33
8662,977,5,COMPLETED,10,2026-02-02 20:41:21,2026-02-02 20:41:31
8663,232,19,COMPLETED,5,2025-09-17 16:25:39,2025-09-17 16:25:44
8664,36,19,FAILED,15,2026-01-24 16:01:33,2026-01-24 16:01:48
8665,78,17,COMPLETED,12,2026-01-18 20:53:17,2026-01-18 20:53:29
8666,35,17,COMPLETED,8,2026-01-20 09:54:27,2026-01-20 09:54:35
8667,35,16,COMPLETED,9,2026-01-20 09:58:27,2026-01-20 09:58:36
8668,105,13,COMPLETED,14,2026-02-26 17:07:29,2026-02-26 17:07:43
8669,105,14,COMPLETED,11,2026-02-26 17:11:29,2026-02-26 17:11:40
8670,12,13,COMPLETED,12,2026-03-12 05:47:50,2026-03-12 05:48:02
8671,12,14,COMPLETED,13,2026-03-12 05:51:50,2026-03-12 05:52:03
8672,266,17,COMPLETED,9,2026-01-24 17:04:34,2026-01-24 17:04:43
8673,266,16,COMPLETED,10,2026-01-24 17:09:34,2026-01-24 17:09:44
8674,77,20,COMPLETED,8,2025-09-10 22:12:47,2025-09-10 22:12:55
8675,77,5,FAILED,10,2025-09-10 22:16:47,2025-09-10 22:16:57
8676,99,3,COMPLETED,11,2026-02-21 00:35:17,2026-02-21 00:35:28
8677,48,3,COMPLETED,9,2025-09-20 18:29:04,2025-09-20 18:29:13
8678,244,19,COMPLETED,11,2025-11-12 06:24:39,2025-11-12 06:24:50
8679,244,23,COMPLETED,5,2025-11-12 06:29:39,2025-11-12 06:29:44
8680,244,8,COMPLETED,13,2025-11-12 06:34:39,2025-11-12 06:34:52
8681,1059,1,COMPLETED,5,2026-01-09 20:04:30,2026-01-09 20:04:35
8682,1059,3,COMPLETED,14,2026-01-09 20:08:30,2026-01-09 20:08:44
8683,1059,8,COMPLETED,7,2026-01-09 20:10:30,2026-01-09 20:10:37
8684,24,2,COMPLETED,13,2025-09-25 13:06:57,2025-09-25 13:07:10
8685,24,5,FAILED,8,2025-09-25 13:08:57,2025-09-25 13:09:05
8686,24,9,COMPLETED,13,2025-09-25 13:12:57,2025-09-25 13:13:10
8687,45,6,COMPLETED,4,2026-02-23 05:57:42,2026-02-23 05:57:46
8688,45,15,COMPLETED,10,2026-02-23 06:00:42,2026-02-23 06:00:52
8689,148,24,COMPLETED,11,2026-01-22 13:19:54,2026-01-22 13:20:05
8690,181,2,COMPLETED,8,2025-12-24 16:34:05,2025-12-24 16:34:13
8691,181,5,COMPLETED,4,2025-12-24 16:37:05,2025-12-24 16:37:09
8692,181,9,COMPLETED,13,2025-12-24 16:38:05,2025-12-24 16:38:18
8693,424,7,COMPLETED,8,2026-03-02 21:22:57,2026-03-02 21:23:05
8694,265,11,COMPLETED,10,2026-01-03 01:54:05,2026-01-03 01:54:15
8695,172,19,COMPLETED,10,2025-12-02 15:37:47,2025-12-02 15:37:57
8696,172,23,COMPLETED,8,2025-12-02 15:42:47,2025-12-02 15:42:55
8697,172,8,FAILED,8,2025-12-02 15:45:47,2025-12-02 15:45:55
8698,170,20,COMPLETED,4,2026-01-11 01:45:10,2026-01-11 01:45:14
8699,170,5,COMPLETED,11,2026-01-11 01:48:10,2026-01-11 01:48:21
8700,374,22,COMPLETED,10,2025-11-21 05:08:42,2025-11-21 05:08:52
8701,192,20,COMPLETED,5,2026-03-28 14:41:36,2026-03-28 14:41:41
8702,192,5,COMPLETED,5,2026-03-28 14:46:36,2026-03-28 14:46:41
8703,347,8,COMPLETED,11,2025-11-09 07:15:13,2025-11-09 07:15:24
8704,473,24,COMPLETED,12,2025-11-24 04:06:05,2025-11-24 04:06:17
8705,533,2,COMPLETED,10,2025-12-17 12:58:49,2025-12-17 12:58:59
8706,533,5,COMPLETED,11,2025-12-17 13:01:49,2025-12-17 13:02:00
8707,533,9,COMPLETED,12,2025-12-17 13:08:49,2025-12-17 13:09:01
8708,540,13,COMPLETED,13,2026-01-19 06:19:29,2026-01-19 06:19:42
8709,540,14,FAILED,14,2026-01-19 06:21:29,2026-01-19 06:21:43
8710,156,20,FAILED,11,2025-10-27 07:14:39,2025-10-27 07:14:50
8711,156,5,COMPLETED,13,2025-10-27 07:16:39,2025-10-27 07:16:52
8712,186,2,COMPLETED,9,2025-11-30 23:46:30,2025-11-30 23:46:39
8713,186,5,COMPLETED,9,2025-11-30 23:49:30,2025-11-30 23:49:39
8714,186,9,COMPLETED,7,2025-11-30 23:54:30,2025-11-30 23:54:37
8715,167,1,COMPLETED,9,2026-01-08 16:30:36,2026-01-08 16:30:45
8716,167,3,COMPLETED,11,2026-01-08 16:32:36,2026-01-08 16:32:47
8717,167,8,COMPLETED,9,2026-01-08 16:36:36,2026-01-08 16:36:45
8718,38,13,COMPLETED,10,2026-02-06 18:03:52,2026-02-06 18:04:02
8719,38,14,COMPLETED,5,2026-02-06 18:07:52,2026-02-06 18:07:57
8720,395,20,FAILED,6,2025-12-29 23:28:24,2025-12-29 23:28:30
8721,395,5,COMPLETED,5,2025-12-29 23:32:24,2025-12-29 23:32:29
8722,108,6,FAILED,12,2025-09-27 12:09:49,2025-09-27 12:10:01
8723,108,15,COMPLETED,10,2025-09-27 12:13:49,2025-09-27 12:13:59
8724,787,17,COMPLETED,7,2025-12-02 06:06:55,2025-12-02 06:07:02
8725,787,16,COMPLETED,11,2025-12-02 06:11:55,2025-12-02 06:12:06
8726,334,5,COMPLETED,4,2026-01-16 19:00:33,2026-01-16 19:00:37
8727,122,6,COMPLETED,4,2026-03-28 16:58:50,2026-03-28 16:58:54
8728,213,24,COMPLETED,10,2025-12-04 18:24:51,2025-12-04 18:25:01
8729,398,4,COMPLETED,13,2025-12-24 15:30:00,2025-12-24 15:30:13
8730,398,10,COMPLETED,6,2025-12-24 15:32:00,2025-12-24 15:32:06
8731,340,14,COMPLETED,6,2025-09-30 13:59:13,2025-09-30 13:59:19
8732,59,19,COMPLETED,14,2025-09-07 02:22:33,2025-09-07 02:22:47
8733,59,23,COMPLETED,4,2025-09-07 02:26:33,2025-09-07 02:26:37
8734,59,8,COMPLETED,7,2025-09-07 02:28:33,2025-09-07 02:28:40
8735,56,17,COMPLETED,12,2025-11-21 03:54:24,2025-11-21 03:54:36
8736,56,16,COMPLETED,9,2025-11-21 03:56:24,2025-11-21 03:56:33
8737,32,4,FAILED,14,2025-10-01 18:56:53,2025-10-01 18:57:07
8738,32,10,COMPLETED,8,2025-10-01 18:59:53,2025-10-01 19:00:01
8739,126,13,COMPLETED,13,2026-01-31 14:14:12,2026-01-31 14:14:25
8740,126,14,COMPLETED,11,2026-01-31 14:17:12,2026-01-31 14:17:23
8741,35,6,COMPLETED,9,2025-10-17 10:58:45,2025-10-17 10:58:54
8742,35,15,COMPLETED,13,2025-10-17 11:01:45,2025-10-17 11:01:58
8743,1046,6,COMPLETED,9,2026-01-18 22:35:05,2026-01-18 22:35:14
8744,1046,15,COMPLETED,12,2026-01-18 22:40:05,2026-01-18 22:40:17
8745,344,11,COMPLETED,8,2026-03-22 20:55:58,2026-03-22 20:56:06
8746,119,22,COMPLETED,13,2025-10-31 01:19:49,2025-10-31 01:20:02
8747,90,3,COMPLETED,13,2026-02-18 14:34:50,2026-02-18 14:35:03
8748,85,14,COMPLETED,6,2026-03-22 01:20:54,2026-03-22 01:21:00
8749,1096,4,COMPLETED,10,2026-01-08 03:00:14,2026-01-08 03:00:24
8750,1096,10,COMPLETED,14,2026-01-08 03:02:14,2026-01-08 03:02:28
8751,87,19,COMPLETED,14,2026-02-16 00:01:00,2026-02-16 00:01:14
8752,87,23,COMPLETED,7,2026-02-16 00:06:00,2026-02-16 00:06:07
8753,87,8,COMPLETED,13,2026-02-16 00:11:00,2026-02-16 00:11:13
8754,449,1,FAILED,12,2025-12-13 01:11:24,2025-12-13 01:11:36
8755,921,2,COMPLETED,9,2026-03-30 02:46:40,2026-03-30 02:46:49
8756,921,5,COMPLETED,4,2026-03-30 02:48:40,2026-03-30 02:48:44
8757,921,9,FAILED,14,2026-03-30 02:52:40,2026-03-30 02:52:54
8758,331,4,COMPLETED,8,2025-09-22 22:07:18,2025-09-22 22:07:26
8759,331,10,COMPLETED,8,2025-09-22 22:09:18,2025-09-22 22:09:26
8760,226,13,COMPLETED,13,2026-03-05 22:06:17,2026-03-05 22:06:30
8761,226,14,COMPLETED,13,2026-03-05 22:11:17,2026-03-05 22:11:30
8762,164,16,COMPLETED,10,2026-03-06 03:32:48,2026-03-06 03:32:58
8763,441,21,COMPLETED,6,2025-11-25 21:23:30,2025-11-25 21:23:36
8764,649,19,COMPLETED,5,2025-12-06 16:59:21,2025-12-06 16:59:26
8765,649,23,COMPLETED,8,2025-12-06 17:03:21,2025-12-06 17:03:29
8766,649,8,COMPLETED,3,2025-12-06 17:03:21,2025-12-06 17:03:24
8767,189,12,COMPLETED,7,2025-12-24 03:34:57,2025-12-24 03:35:04
8768,96,23,COMPLETED,8,2026-01-20 22:49:50,2026-01-20 22:49:58
8769,271,19,COMPLETED,9,2025-11-18 20:05:36,2025-11-18 20:05:45
8770,271,23,COMPLETED,12,2025-11-18 20:10:36,2025-11-18 20:10:48
8771,271,8,COMPLETED,12,2025-11-18 20:11:36,2025-11-18 20:11:48
8772,194,13,COMPLETED,11,2026-01-05 22:21:08,2026-01-05 22:21:19
8773,194,14,COMPLETED,9,2026-01-05 22:24:08,2026-01-05 22:24:17
8774,1,19,FAILED,9,2026-02-19 02:43:52,2026-02-19 02:44:01
8775,1,23,FAILED,7,2026-02-19 02:47:52,2026-02-19 02:47:59
8776,1,8,COMPLETED,5,2026-02-19 02:49:52,2026-02-19 02:49:57
8777,271,13,COMPLETED,14,2025-11-30 04:32:54,2025-11-30 04:33:08
8778,271,14,COMPLETED,5,2025-11-30 04:34:54,2025-11-30 04:34:59
8779,582,22,COMPLETED,9,2025-09-24 09:59:05,2025-09-24 09:59:14
8780,445,2,COMPLETED,13,2025-12-20 23:11:14,2025-12-20 23:11:27
8781,445,5,FAILED,9,2025-12-20 23:13:14,2025-12-20 23:13:23
8782,445,9,FAILED,9,2025-12-20 23:21:14,2025-12-20 23:21:23
8783,17,1,COMPLETED,15,2025-12-27 00:46:26,2025-12-27 00:46:41
8784,17,3,COMPLETED,8,2025-12-27 00:50:26,2025-12-27 00:50:34
8785,17,8,COMPLETED,5,2025-12-27 00:54:26,2025-12-27 00:54:31
8786,75,2,COMPLETED,11,2025-12-16 04:42:01,2025-12-16 04:42:12
8787,75,5,COMPLETED,3,2025-12-16 04:45:01,2025-12-16 04:45:04
8788,75,9,COMPLETED,8,2025-12-16 04:46:01,2025-12-16 04:46:09
8789,314,19,FAILED,9,2026-02-06 21:53:01,2026-02-06 21:53:10
8790,749,2,COMPLETED,5,2026-01-03 00:42:25,2026-01-03 00:42:30
8791,502,1,COMPLETED,14,2025-11-06 21:28:15,2025-11-06 21:28:29
8792,240,13,COMPLETED,3,2025-12-01 03:51:23,2025-12-01 03:51:26
8793,240,14,COMPLETED,4,2025-12-01 03:53:23,2025-12-01 03:53:27
8794,24,9,COMPLETED,7,2026-03-20 09:26:43,2026-03-20 09:26:50
8795,41,13,FAILED,13,2025-12-19 01:26:19,2025-12-19 01:26:32
8796,41,14,COMPLETED,5,2025-12-19 01:28:19,2025-12-19 01:28:24
8797,89,3,COMPLETED,12,2026-01-08 22:36:23,2026-01-08 22:36:35
8798,283,2,COMPLETED,9,2025-11-06 18:55:49,2025-11-06 18:55:58
8799,283,5,COMPLETED,7,2025-11-06 18:58:49,2025-11-06 18:58:56
8800,283,9,COMPLETED,6,2025-11-06 19:01:49,2025-11-06 19:01:55
8801,66,2,COMPLETED,13,2025-10-14 15:24:08,2025-10-14 15:24:21
8802,66,5,COMPLETED,9,2025-10-14 15:28:08,2025-10-14 15:28:17
8803,66,9,COMPLETED,6,2025-10-14 15:34:08,2025-10-14 15:34:14
8804,498,2,COMPLETED,10,2025-09-21 15:37:13,2025-09-21 15:37:23
8805,498,5,COMPLETED,4,2025-09-21 15:39:13,2025-09-21 15:39:17
8806,498,9,COMPLETED,8,2025-09-21 15:45:13,2025-09-21 15:45:21
8807,914,17,COMPLETED,9,2026-01-06 16:27:21,2026-01-06 16:27:30
8808,599,19,COMPLETED,5,2026-02-10 15:06:17,2026-02-10 15:06:22
8809,599,23,COMPLETED,13,2026-02-10 15:10:17,2026-02-10 15:10:30
8810,599,8,COMPLETED,10,2026-02-10 15:16:17,2026-02-10 15:16:27
8811,21,20,COMPLETED,5,2026-03-02 06:52:41,2026-03-02 06:52:46
8812,21,5,COMPLETED,9,2026-03-02 06:57:41,2026-03-02 06:57:50
8813,362,19,COMPLETED,13,2026-01-23 15:47:00,2026-01-23 15:47:13
8814,10,15,COMPLETED,11,2025-12-30 12:54:39,2025-12-30 12:54:50
8815,841,1,COMPLETED,6,2025-11-01 06:31:46,2025-11-01 06:31:52
8816,841,3,COMPLETED,11,2025-11-01 06:36:46,2025-11-01 06:36:57
8817,841,8,COMPLETED,3,2025-11-01 06:35:46,2025-11-01 06:35:49
8818,414,1,COMPLETED,5,2025-11-17 14:13:22,2025-11-17 14:13:27
8819,414,3,COMPLETED,8,2025-11-17 14:16:22,2025-11-17 14:16:30
8820,414,8,COMPLETED,6,2025-11-17 14:21:22,2025-11-17 14:21:28
8821,333,13,COMPLETED,8,2026-01-02 17:38:53,2026-01-02 17:39:01
8822,795,14,COMPLETED,12,2026-02-22 23:14:25,2026-02-22 23:14:37
8823,519,1,COMPLETED,13,2025-12-25 19:13:00,2025-12-25 19:13:13
8824,519,3,COMPLETED,11,2025-12-25 19:16:00,2025-12-25 19:16:11
8825,519,8,COMPLETED,6,2025-12-25 19:23:00,2025-12-25 19:23:06
8826,288,23,COMPLETED,11,2025-11-25 10:01:09,2025-11-25 10:01:20
8827,11,6,COMPLETED,3,2026-01-01 23:44:37,2026-01-01 23:44:40
8828,11,15,FAILED,9,2026-01-01 23:49:37,2026-01-01 23:49:46
8829,142,2,COMPLETED,12,2025-12-02 00:41:43,2025-12-02 00:41:55
8830,220,1,COMPLETED,6,2025-11-14 11:07:25,2025-11-14 11:07:31
8831,220,3,COMPLETED,7,2025-11-14 11:12:25,2025-11-14 11:12:32
8832,220,8,COMPLETED,9,2025-11-14 11:15:25,2025-11-14 11:15:34
8833,49,9,COMPLETED,8,2026-02-20 15:19:31,2026-02-20 15:19:39
8834,99,17,COMPLETED,5,2025-11-16 02:26:38,2025-11-16 02:26:43
8835,99,16,COMPLETED,9,2025-11-16 02:30:38,2025-11-16 02:30:47
8836,59,2,COMPLETED,6,2026-02-03 17:08:46,2026-02-03 17:08:52
8837,59,5,COMPLETED,11,2026-02-03 17:13:46,2026-02-03 17:13:57
8838,59,9,COMPLETED,5,2026-02-03 17:16:46,2026-02-03 17:16:51
8839,172,19,COMPLETED,9,2025-09-29 12:10:39,2025-09-29 12:10:48
8840,172,23,COMPLETED,4,2025-09-29 12:12:39,2025-09-29 12:12:43
8841,172,8,COMPLETED,14,2025-09-29 12:14:39,2025-09-29 12:14:53
8842,180,25,COMPLETED,12,2026-03-22 23:57:59,2026-03-22 23:58:11
8843,602,2,COMPLETED,3,2025-11-22 02:39:36,2025-11-22 02:39:39
8844,602,5,COMPLETED,7,2025-11-22 02:43:36,2025-11-22 02:43:43
8845,602,9,FAILED,9,2025-11-22 02:45:36,2025-11-22 02:45:45
8846,312,20,COMPLETED,7,2026-03-16 10:16:40,2026-03-16 10:16:47
8847,312,5,COMPLETED,4,2026-03-16 10:18:40,2026-03-16 10:18:44
8848,83,17,COMPLETED,13,2025-11-17 14:10:58,2025-11-17 14:11:11
8849,83,16,COMPLETED,4,2025-11-17 14:14:58,2025-11-17 14:15:02
8850,160,13,COMPLETED,9,2025-12-21 05:14:21,2025-12-21 05:14:30
8851,160,14,COMPLETED,11,2025-12-21 05:18:21,2025-12-21 05:18:32
8852,8,6,COMPLETED,6,2026-03-30 16:31:33,2026-03-30 16:31:39
8853,8,15,COMPLETED,7,2026-03-30 16:35:33,2026-03-30 16:35:40
8854,269,12,COMPLETED,13,2026-02-20 09:01:45,2026-02-20 09:01:58
8855,1049,19,COMPLETED,11,2026-02-26 06:03:22,2026-02-26 06:03:33
8856,1049,23,FAILED,9,2026-02-26 06:06:22,2026-02-26 06:06:31
8857,1049,8,COMPLETED,10,2026-02-26 06:13:22,2026-02-26 06:13:32
8858,337,18,COMPLETED,9,2025-12-24 19:39:58,2025-12-24 19:40:07
8859,97,23,COMPLETED,4,2026-03-15 02:09:28,2026-03-15 02:09:32
8860,64,8,FAILED,13,2025-09-13 23:07:08,2025-09-13 23:07:21
8861,79,12,COMPLETED,9,2025-11-09 19:38:52,2025-11-09 19:39:01
8862,544,1,COMPLETED,9,2025-11-19 19:14:04,2025-11-19 19:14:13
8863,544,3,COMPLETED,11,2025-11-19 19:16:04,2025-11-19 19:16:15
8864,544,8,COMPLETED,6,2025-11-19 19:20:04,2025-11-19 19:20:10
8865,954,4,COMPLETED,10,2026-03-26 19:10:49,2026-03-26 19:10:59
8866,954,10,FAILED,6,2026-03-26 19:13:49,2026-03-26 19:13:55
8867,774,17,COMPLETED,10,2025-11-11 06:42:48,2025-11-11 06:42:58
8868,774,16,COMPLETED,8,2025-11-11 06:46:48,2025-11-11 06:46:56
8869,83,18,COMPLETED,7,2025-12-02 04:20:40,2025-12-02 04:20:47
8870,431,17,COMPLETED,14,2025-09-27 14:19:47,2025-09-27 14:20:01
8871,319,4,COMPLETED,12,2026-02-08 04:40:06,2026-02-08 04:40:18
8872,319,10,COMPLETED,11,2026-02-08 04:44:06,2026-02-08 04:44:17
8873,54,4,COMPLETED,12,2026-01-08 10:03:41,2026-01-08 10:03:53
8874,983,17,COMPLETED,6,2025-12-16 22:49:49,2025-12-16 22:49:55
8875,983,16,COMPLETED,5,2025-12-16 22:52:49,2025-12-16 22:52:54
8876,249,19,COMPLETED,5,2025-09-21 03:53:48,2025-09-21 03:53:53
8877,249,23,COMPLETED,12,2025-09-21 03:55:48,2025-09-21 03:56:00
8878,249,8,COMPLETED,9,2025-09-21 04:01:48,2025-09-21 04:01:57
8879,174,6,COMPLETED,7,2026-01-24 08:59:43,2026-01-24 08:59:50
8880,174,15,FAILED,8,2026-01-24 09:02:43,2026-01-24 09:02:51
8881,95,17,COMPLETED,12,2026-01-01 18:40:03,2026-01-01 18:40:15
8882,72,6,COMPLETED,5,2025-09-11 01:33:42,2025-09-11 01:33:47
8883,72,15,COMPLETED,13,2025-09-11 01:35:42,2025-09-11 01:35:55
8884,303,6,COMPLETED,7,2026-03-12 04:03:04,2026-03-12 04:03:11
8885,303,15,COMPLETED,13,2026-03-12 04:08:04,2026-03-12 04:08:17
8886,202,20,COMPLETED,12,2026-03-24 05:21:24,2026-03-24 05:21:36
8887,202,5,COMPLETED,8,2026-03-24 05:24:24,2026-03-24 05:24:32
8888,42,18,COMPLETED,5,2025-09-26 21:58:49,2025-09-26 21:58:54
8889,38,1,COMPLETED,14,2025-11-04 20:23:24,2025-11-04 20:23:38
8890,38,3,COMPLETED,7,2025-11-04 20:25:24,2025-11-04 20:25:31
8891,38,8,COMPLETED,4,2025-11-04 20:31:24,2025-11-04 20:31:28
8892,89,14,COMPLETED,8,2026-01-11 03:38:13,2026-01-11 03:38:21
8893,8,17,COMPLETED,8,2026-03-31 15:48:02,2026-03-31 15:48:10
8894,8,16,COMPLETED,5,2026-03-31 15:52:02,2026-03-31 15:52:07
8895,100,17,COMPLETED,6,2025-12-22 00:20:02,2025-12-22 00:20:08
8896,100,16,COMPLETED,12,2025-12-22 00:24:02,2025-12-22 00:24:14
8897,39,13,FAILED,12,2026-03-31 19:27:55,2026-03-31 19:28:07
8898,712,4,COMPLETED,13,2026-01-18 22:37:25,2026-01-18 22:37:38
8899,78,17,COMPLETED,13,2026-03-21 18:56:46,2026-03-21 18:56:59
8900,78,16,COMPLETED,7,2026-03-21 19:00:46,2026-03-21 19:00:53
8901,77,19,COMPLETED,5,2025-11-13 23:49:27,2025-11-13 23:49:32
8902,77,23,COMPLETED,11,2025-11-13 23:54:27,2025-11-13 23:54:38
8903,77,8,COMPLETED,11,2025-11-13 23:59:27,2025-11-13 23:59:38
8904,99,6,COMPLETED,12,2026-02-22 00:58:46,2026-02-22 00:58:58
8905,99,15,COMPLETED,14,2026-02-22 01:00:46,2026-02-22 01:01:00
8906,268,8,COMPLETED,8,2026-02-19 11:59:45,2026-02-19 11:59:53
8907,383,1,COMPLETED,8,2025-11-13 17:19:07,2025-11-13 17:19:15
8908,374,17,COMPLETED,14,2026-03-05 16:05:25,2026-03-05 16:05:39
8909,374,16,COMPLETED,4,2026-03-05 16:09:25,2026-03-05 16:09:29
8910,347,19,COMPLETED,5,2026-02-13 17:38:58,2026-02-13 17:39:03
8911,347,23,FAILED,6,2026-02-13 17:42:58,2026-02-13 17:43:04
8912,347,8,COMPLETED,12,2026-02-13 17:46:58,2026-02-13 17:47:10
8913,133,19,COMPLETED,11,2025-12-21 13:58:57,2025-12-21 13:59:08
8914,133,23,COMPLETED,3,2025-12-21 14:00:57,2025-12-21 14:01:00
8915,133,8,COMPLETED,14,2025-12-21 14:08:57,2025-12-21 14:09:11
8916,76,20,COMPLETED,7,2025-11-20 21:40:36,2025-11-20 21:40:43
8917,76,5,COMPLETED,4,2025-11-20 21:43:36,2025-11-20 21:43:40
8918,201,17,COMPLETED,11,2025-12-07 07:37:24,2025-12-07 07:37:35
8919,201,16,COMPLETED,6,2025-12-07 07:42:24,2025-12-07 07:42:30
8920,35,22,COMPLETED,13,2025-09-15 19:59:29,2025-09-15 19:59:42
8921,400,6,COMPLETED,9,2026-03-01 12:14:35,2026-03-01 12:14:44
8922,95,19,COMPLETED,13,2025-11-02 17:48:23,2025-11-02 17:48:36
8923,95,23,COMPLETED,8,2025-11-02 17:51:23,2025-11-02 17:51:31
8924,95,8,FAILED,6,2025-11-02 17:52:23,2025-11-02 17:52:29
8925,36,13,COMPLETED,5,2026-01-06 21:02:51,2026-01-06 21:02:56
8926,36,14,FAILED,4,2026-01-06 21:07:51,2026-01-06 21:07:55
8927,77,19,COMPLETED,5,2025-12-27 22:41:04,2025-12-27 22:41:09
8928,530,8,COMPLETED,9,2025-10-29 23:32:25,2025-10-29 23:32:34
8929,115,13,COMPLETED,12,2026-03-28 09:30:11,2026-03-28 09:30:23
8930,115,14,COMPLETED,13,2026-03-28 09:32:11,2026-03-28 09:32:24
8931,142,20,COMPLETED,7,2026-02-27 15:53:13,2026-02-27 15:53:20
8932,142,5,COMPLETED,6,2026-02-27 15:58:13,2026-02-27 15:58:19
8933,842,19,COMPLETED,8,2025-12-03 20:14:54,2025-12-03 20:15:02
8934,911,2,FAILED,11,2026-01-23 10:35:33,2026-01-23 10:35:44
8935,335,1,COMPLETED,13,2025-09-06 11:53:31,2025-09-06 11:53:44
8936,335,3,COMPLETED,11,2025-09-06 11:57:31,2025-09-06 11:57:42
8937,335,8,FAILED,7,2025-09-06 11:57:31,2025-09-06 11:57:38
8938,124,20,COMPLETED,7,2025-10-26 11:42:31,2025-10-26 11:42:38
8939,124,5,COMPLETED,9,2025-10-26 11:44:31,2025-10-26 11:44:40
8940,117,17,COMPLETED,13,2026-03-27 05:55:50,2026-03-27 05:56:03
8941,117,16,COMPLETED,7,2026-03-27 06:00:50,2026-03-27 06:00:57
8942,966,6,COMPLETED,6,2025-11-04 02:22:01,2025-11-04 02:22:07
8943,966,15,FAILED,8,2025-11-04 02:24:01,2025-11-04 02:24:09
8944,314,8,COMPLETED,13,2025-12-16 04:46:46,2025-12-16 04:46:59
8945,2,17,COMPLETED,12,2026-03-12 20:24:25,2026-03-12 20:24:37
8946,280,1,COMPLETED,7,2025-09-09 10:31:49,2025-09-09 10:31:56
8947,280,3,COMPLETED,5,2025-09-09 10:33:49,2025-09-09 10:33:54
8948,280,8,COMPLETED,10,2025-09-09 10:37:49,2025-09-09 10:37:59
8949,89,2,COMPLETED,8,2026-02-13 11:06:45,2026-02-13 11:06:53
8950,57,4,FAILED,13,2025-12-25 00:57:47,2025-12-25 00:58:00
8951,61,2,FAILED,6,2026-03-18 13:52:55,2026-03-18 13:53:01
8952,73,17,FAILED,13,2025-09-07 05:17:50,2025-09-07 05:18:03
8953,73,16,COMPLETED,5,2025-09-07 05:20:50,2025-09-07 05:20:55
8954,53,4,FAILED,9,2025-10-22 15:39:03,2025-10-22 15:39:12
8955,53,10,COMPLETED,6,2025-10-22 15:43:03,2025-10-22 15:43:09
8956,62,17,COMPLETED,9,2025-10-06 19:47:59,2025-10-06 19:48:08
8957,62,16,COMPLETED,13,2025-10-06 19:51:59,2025-10-06 19:52:12
8958,640,16,COMPLETED,10,2026-01-02 23:53:13,2026-01-02 23:53:23
8959,44,13,COMPLETED,5,2025-09-01 20:29:51,2025-09-01 20:29:56
8960,44,14,COMPLETED,4,2025-09-01 20:32:51,2025-09-01 20:32:55
8961,31,17,COMPLETED,6,2025-12-03 21:10:10,2025-12-03 21:10:16
8962,31,16,COMPLETED,5,2025-12-03 21:13:10,2025-12-03 21:13:15
8963,228,20,FAILED,5,2025-09-27 07:24:51,2025-09-27 07:24:56
8964,228,5,COMPLETED,13,2025-09-27 07:28:51,2025-09-27 07:29:04
8965,389,2,FAILED,8,2025-11-08 07:55:10,2025-11-08 07:55:18
8966,389,5,COMPLETED,10,2025-11-08 07:58:10,2025-11-08 07:58:20
8967,389,9,COMPLETED,8,2025-11-08 07:59:10,2025-11-08 07:59:18
8968,52,14,COMPLETED,9,2025-09-25 11:41:35,2025-09-25 11:41:44
8969,343,4,COMPLETED,10,2025-09-29 18:51:31,2025-09-29 18:51:41
8970,343,10,COMPLETED,6,2025-09-29 18:56:31,2025-09-29 18:56:37
8971,1139,19,COMPLETED,13,2025-09-29 08:09:33,2025-09-29 08:09:46
8972,1139,23,COMPLETED,8,2025-09-29 08:14:33,2025-09-29 08:14:41
8973,1139,8,COMPLETED,4,2025-09-29 08:17:33,2025-09-29 08:17:37
8974,151,6,COMPLETED,5,2026-01-13 01:57:26,2026-01-13 01:57:31
8975,151,15,COMPLETED,10,2026-01-13 02:01:26,2026-01-13 02:01:36
8976,388,4,COMPLETED,14,2026-03-14 20:10:34,2026-03-14 20:10:48
8977,388,10,COMPLETED,7,2026-03-14 20:14:34,2026-03-14 20:14:41
8978,47,6,COMPLETED,7,2026-01-02 01:36:57,2026-01-02 01:37:04
8979,47,15,COMPLETED,9,2026-01-02 01:40:57,2026-01-02 01:41:06
8980,56,17,COMPLETED,7,2026-03-13 13:43:59,2026-03-13 13:44:06
8981,56,16,COMPLETED,8,2026-03-13 13:45:59,2026-03-13 13:46:07
8982,1053,19,FAILED,14,2026-02-17 03:02:21,2026-02-17 03:02:35
8983,124,19,COMPLETED,12,2025-10-25 14:18:52,2025-10-25 14:19:04
8984,124,23,COMPLETED,3,2025-10-25 14:20:52,2025-10-25 14:20:55
8985,124,8,COMPLETED,9,2025-10-25 14:22:52,2025-10-25 14:23:01
8986,194,20,COMPLETED,4,2026-02-08 19:36:59,2026-02-08 19:37:03
8987,194,5,COMPLETED,5,2026-02-08 19:38:59,2026-02-08 19:39:04
8988,44,17,COMPLETED,10,2026-02-14 20:39:55,2026-02-14 20:40:05
8989,44,16,COMPLETED,13,2026-02-14 20:44:55,2026-02-14 20:45:08
8990,52,18,COMPLETED,10,2026-03-17 02:23:54,2026-03-17 02:24:04
8991,269,4,COMPLETED,7,2026-02-07 08:04:24,2026-02-07 08:04:31
8992,113,19,COMPLETED,14,2026-03-21 23:26:55,2026-03-21 23:27:09
8993,113,23,FAILED,6,2026-03-21 23:29:55,2026-03-21 23:30:01
8994,113,8,COMPLETED,4,2026-03-21 23:32:55,2026-03-21 23:32:59
8995,86,22,COMPLETED,9,2026-02-08 20:28:26,2026-02-08 20:28:35
8996,130,13,FAILED,11,2026-01-01 12:36:20,2026-01-01 12:36:31
8997,130,14,COMPLETED,4,2026-01-01 12:40:20,2026-01-01 12:40:24
8998,137,20,COMPLETED,7,2025-10-13 20:08:55,2025-10-13 20:09:02
8999,137,5,COMPLETED,6,2025-10-13 20:10:55,2025-10-13 20:11:01
9000,376,17,COMPLETED,12,2026-02-16 10:59:28,2026-02-16 10:59:40
9001,90,15,COMPLETED,9,2026-02-05 23:07:09,2026-02-05 23:07:18
9002,83,5,COMPLETED,8,2025-11-28 10:05:26,2025-11-28 10:05:34
9003,34,3,COMPLETED,7,2025-09-28 22:48:30,2025-09-28 22:48:37
9004,262,19,COMPLETED,10,2026-02-05 11:46:42,2026-02-05 11:46:52
9005,262,23,COMPLETED,11,2026-02-05 11:48:42,2026-02-05 11:48:53
9006,262,8,COMPLETED,7,2026-02-05 11:52:42,2026-02-05 11:52:49
9007,836,20,FAILED,12,2025-10-21 05:30:27,2025-10-21 05:30:39
9008,836,5,COMPLETED,4,2025-10-21 05:33:27,2025-10-21 05:33:31
9009,6,19,COMPLETED,8,2026-02-15 22:25:34,2026-02-15 22:25:42
9010,6,23,COMPLETED,4,2026-02-15 22:30:34,2026-02-15 22:30:38
9011,6,8,FAILED,11,2026-02-15 22:35:34,2026-02-15 22:35:45
9012,418,10,COMPLETED,9,2025-11-06 17:06:47,2025-11-06 17:06:56
9013,1054,2,COMPLETED,9,2025-12-30 19:54:33,2025-12-30 19:54:42
9014,1054,5,COMPLETED,7,2025-12-30 19:58:33,2025-12-30 19:58:40
9015,1054,9,COMPLETED,6,2025-12-30 20:04:33,2025-12-30 20:04:39
9016,12,15,COMPLETED,6,2026-03-04 05:45:46,2026-03-04 05:45:52
9017,78,2,COMPLETED,11,2026-01-29 02:00:31,2026-01-29 02:00:42
9018,78,5,COMPLETED,13,2026-01-29 02:05:31,2026-01-29 02:05:44
9019,78,9,COMPLETED,10,2026-01-29 02:08:31,2026-01-29 02:08:41
9020,53,20,COMPLETED,4,2026-01-23 12:09:55,2026-01-23 12:09:59
9021,53,5,COMPLETED,6,2026-01-23 12:13:55,2026-01-23 12:14:01
9022,125,1,COMPLETED,14,2026-01-27 13:53:49,2026-01-27 13:54:03
9023,125,3,COMPLETED,12,2026-01-27 13:58:49,2026-01-27 13:59:01
9024,125,8,COMPLETED,3,2026-01-27 13:57:49,2026-01-27 13:57:52
9025,70,14,FAILED,8,2026-03-03 14:45:12,2026-03-03 14:45:20
9026,307,8,COMPLETED,4,2026-03-23 10:12:30,2026-03-23 10:12:34
9027,50,17,COMPLETED,5,2026-01-12 09:51:40,2026-01-12 09:51:45
9028,50,16,COMPLETED,5,2026-01-12 09:55:40,2026-01-12 09:55:45
9029,66,2,COMPLETED,4,2025-11-19 11:32:57,2025-11-19 11:33:01
9030,66,5,COMPLETED,7,2025-11-19 11:34:57,2025-11-19 11:35:04
9031,66,9,COMPLETED,14,2025-11-19 11:36:57,2025-11-19 11:37:11
9032,18,20,COMPLETED,11,2026-02-10 07:34:26,2026-02-10 07:34:37
9033,18,5,COMPLETED,5,2026-02-10 07:38:26,2026-02-10 07:38:31
9034,25,2,COMPLETED,8,2025-12-28 16:57:36,2025-12-28 16:57:44
9035,25,5,COMPLETED,11,2025-12-28 17:00:36,2025-12-28 17:00:47
9036,25,9,COMPLETED,9,2025-12-28 17:05:36,2025-12-28 17:05:45
9037,513,20,COMPLETED,12,2025-12-09 06:13:48,2025-12-09 06:14:00
9038,513,5,COMPLETED,9,2025-12-09 06:15:48,2025-12-09 06:15:57
9039,319,1,COMPLETED,10,2026-02-01 11:03:51,2026-02-01 11:04:01
9040,319,3,COMPLETED,10,2026-02-01 11:07:51,2026-02-01 11:08:01
9041,319,8,FAILED,7,2026-02-01 11:09:51,2026-02-01 11:09:58
9042,28,20,COMPLETED,10,2026-03-02 11:59:08,2026-03-02 11:59:18
9043,28,5,COMPLETED,12,2026-03-02 12:04:08,2026-03-02 12:04:20
9044,265,13,COMPLETED,3,2026-02-12 10:28:52,2026-02-12 10:28:55
9045,265,14,COMPLETED,7,2026-02-12 10:33:52,2026-02-12 10:33:59
9046,58,19,FAILED,8,2025-09-06 19:51:29,2025-09-06 19:51:37
9047,58,23,COMPLETED,10,2025-09-06 19:53:29,2025-09-06 19:53:39
9048,58,8,COMPLETED,12,2025-09-06 19:59:29,2025-09-06 19:59:41
9049,112,14,COMPLETED,5,2025-12-24 10:20:25,2025-12-24 10:20:30
9050,708,19,COMPLETED,8,2025-09-20 11:07:05,2025-09-20 11:07:13
9051,708,23,COMPLETED,12,2025-09-20 11:10:05,2025-09-20 11:10:17
9052,708,8,COMPLETED,8,2025-09-20 11:17:05,2025-09-20 11:17:13
9053,721,24,COMPLETED,12,2025-09-17 16:20:57,2025-09-17 16:21:09
9054,195,2,FAILED,4,2025-12-20 01:36:48,2025-12-20 01:36:52
9055,195,5,COMPLETED,6,2025-12-20 01:39:48,2025-12-20 01:39:54
9056,195,9,FAILED,12,2025-12-20 01:46:48,2025-12-20 01:47:00
9057,326,13,COMPLETED,6,2026-02-14 22:02:54,2026-02-14 22:03:00
9058,326,14,COMPLETED,4,2026-02-14 22:07:54,2026-02-14 22:07:58
9059,74,25,COMPLETED,9,2025-12-23 08:01:50,2025-12-23 08:01:59
9060,997,21,COMPLETED,14,2025-11-01 20:12:43,2025-11-01 20:12:57
9061,45,17,COMPLETED,8,2026-01-05 17:11:27,2026-01-05 17:11:35
9062,45,16,COMPLETED,10,2026-01-05 17:15:27,2026-01-05 17:15:37
9063,49,20,COMPLETED,11,2026-02-16 09:37:32,2026-02-16 09:37:43
9064,49,5,COMPLETED,7,2026-02-16 09:40:32,2026-02-16 09:40:39
9065,50,1,COMPLETED,7,2025-12-10 02:10:23,2025-12-10 02:10:30
9066,50,3,FAILED,6,2025-12-10 02:14:23,2025-12-10 02:14:29
9067,50,8,COMPLETED,6,2025-12-10 02:14:23,2025-12-10 02:14:29
9068,966,20,COMPLETED,9,2025-11-13 06:59:26,2025-11-13 06:59:35
9069,39,19,FAILED,14,2026-02-28 13:50:11,2026-02-28 13:50:25
9070,39,23,FAILED,6,2026-02-28 13:54:11,2026-02-28 13:54:17
9071,39,8,COMPLETED,7,2026-02-28 13:54:11,2026-02-28 13:54:18
9072,330,17,COMPLETED,12,2026-03-31 18:29:15,2026-03-31 18:29:27
9073,330,16,COMPLETED,13,2026-03-31 18:34:15,2026-03-31 18:34:28
9074,94,4,COMPLETED,12,2025-11-09 17:04:14,2025-11-09 17:04:26
9075,94,10,COMPLETED,13,2025-11-09 17:08:14,2025-11-09 17:08:27
9076,429,17,COMPLETED,11,2025-12-05 13:33:59,2025-12-05 13:34:10
9077,429,16,COMPLETED,7,2025-12-05 13:37:59,2025-12-05 13:38:06
9078,120,2,COMPLETED,4,2026-02-12 00:36:14,2026-02-12 00:36:18
9079,120,5,COMPLETED,13,2026-02-12 00:41:14,2026-02-12 00:41:27
9080,120,9,COMPLETED,12,2026-02-12 00:40:14,2026-02-12 00:40:26
9081,82,19,FAILED,14,2025-11-17 23:22:45,2025-11-17 23:22:59
9082,82,23,COMPLETED,12,2025-11-17 23:26:45,2025-11-17 23:26:57
9083,82,8,COMPLETED,11,2025-11-17 23:32:45,2025-11-17 23:32:56
9084,32,20,COMPLETED,12,2026-03-17 05:33:39,2026-03-17 05:33:51
9085,32,5,FAILED,13,2026-03-17 05:36:39,2026-03-17 05:36:52
9086,240,6,COMPLETED,4,2026-01-03 11:06:16,2026-01-03 11:06:20
9087,17,17,COMPLETED,11,2025-09-12 22:19:23,2025-09-12 22:19:34
9088,17,16,COMPLETED,8,2025-09-12 22:21:23,2025-09-12 22:21:31
9089,644,15,COMPLETED,9,2025-10-21 13:32:24,2025-10-21 13:32:33
9090,44,7,COMPLETED,4,2026-02-26 05:28:32,2026-02-26 05:28:36
9091,188,2,COMPLETED,11,2025-12-29 04:06:15,2025-12-29 04:06:26
9092,188,5,COMPLETED,13,2025-12-29 04:11:15,2025-12-29 04:11:28
9093,188,9,COMPLETED,5,2025-12-29 04:12:15,2025-12-29 04:12:20
9094,362,2,COMPLETED,6,2025-12-04 09:35:35,2025-12-04 09:35:41
9095,362,5,FAILED,12,2025-12-04 09:40:35,2025-12-04 09:40:47
9096,362,9,COMPLETED,9,2025-12-04 09:45:35,2025-12-04 09:45:44
9097,385,1,COMPLETED,5,2025-10-22 12:39:17,2025-10-22 12:39:22
9098,385,3,COMPLETED,7,2025-10-22 12:44:17,2025-10-22 12:44:24
9099,385,8,COMPLETED,12,2025-10-22 12:45:17,2025-10-22 12:45:29
9100,839,19,COMPLETED,12,2025-09-05 08:45:39,2025-09-05 08:45:51
9101,839,23,COMPLETED,6,2025-09-05 08:48:39,2025-09-05 08:48:45
9102,839,8,COMPLETED,11,2025-09-05 08:51:39,2025-09-05 08:51:50
9103,258,17,COMPLETED,10,2025-09-06 23:42:51,2025-09-06 23:43:01
9104,258,16,FAILED,7,2025-09-06 23:47:51,2025-09-06 23:47:58
9105,848,1,COMPLETED,14,2025-09-18 08:47:01,2025-09-18 08:47:15
9106,17,4,COMPLETED,9,2025-10-10 03:06:18,2025-10-10 03:06:27
9107,17,10,COMPLETED,11,2025-10-10 03:10:18,2025-10-10 03:10:29
9108,254,2,COMPLETED,7,2026-02-13 23:11:29,2026-02-13 23:11:36
9109,254,5,COMPLETED,9,2026-02-13 23:13:29,2026-02-13 23:13:38
9110,254,9,COMPLETED,13,2026-02-13 23:15:29,2026-02-13 23:15:42
9111,139,6,COMPLETED,4,2026-01-10 00:03:07,2026-01-10 00:03:11
9112,139,15,COMPLETED,5,2026-01-10 00:08:07,2026-01-10 00:08:12
9113,162,1,FAILED,12,2025-12-03 06:27:56,2025-12-03 06:28:08
9114,216,10,COMPLETED,8,2026-02-06 13:53:50,2026-02-06 13:53:58
9115,49,16,COMPLETED,10,2026-03-09 16:28:26,2026-03-09 16:28:36
9116,115,25,COMPLETED,4,2025-09-12 20:51:25,2025-09-12 20:51:29
9117,258,17,COMPLETED,4,2025-11-06 20:46:11,2025-11-06 20:46:15
9118,258,16,COMPLETED,11,2025-11-06 20:50:11,2025-11-06 20:50:22
9119,4,25,COMPLETED,4,2026-01-02 07:37:27,2026-01-02 07:37:31
9120,204,4,COMPLETED,8,2026-03-09 02:08:05,2026-03-09 02:08:13
9121,204,10,COMPLETED,7,2026-03-09 02:11:05,2026-03-09 02:11:12
9122,232,2,COMPLETED,12,2025-12-01 16:44:26,2025-12-01 16:44:38
9123,232,5,FAILED,12,2025-12-01 16:46:26,2025-12-01 16:46:38
9124,232,9,COMPLETED,12,2025-12-01 16:48:26,2025-12-01 16:48:38
9125,29,15,COMPLETED,5,2026-01-02 16:03:23,2026-01-02 16:03:28
9126,311,17,FAILED,10,2025-12-14 03:32:25,2025-12-14 03:32:35
9127,311,16,COMPLETED,6,2025-12-14 03:37:25,2025-12-14 03:37:31
9128,368,17,COMPLETED,7,2025-12-20 10:44:09,2025-12-20 10:44:16
9129,873,19,COMPLETED,10,2025-10-30 07:41:42,2025-10-30 07:41:52
9130,873,23,COMPLETED,4,2025-10-30 07:45:42,2025-10-30 07:45:46
9131,873,8,COMPLETED,7,2025-10-30 07:47:42,2025-10-30 07:47:49
9132,79,2,COMPLETED,11,2025-10-22 07:23:14,2025-10-22 07:23:25
9133,79,5,COMPLETED,13,2025-10-22 07:26:14,2025-10-22 07:26:27
9134,79,9,COMPLETED,13,2025-10-22 07:33:14,2025-10-22 07:33:27
9135,3,13,COMPLETED,3,2026-02-09 15:43:20,2026-02-09 15:43:23
9136,3,14,COMPLETED,4,2026-02-09 15:45:20,2026-02-09 15:45:24
9137,924,14,COMPLETED,6,2025-11-30 22:58:08,2025-11-30 22:58:14
9138,20,8,COMPLETED,9,2025-11-26 09:04:06,2025-11-26 09:04:15
9139,52,2,COMPLETED,12,2025-10-29 02:07:05,2025-10-29 02:07:17
9140,52,5,COMPLETED,13,2025-10-29 02:10:05,2025-10-29 02:10:18
9141,52,9,COMPLETED,8,2025-10-29 02:13:05,2025-10-29 02:13:13
9142,264,5,COMPLETED,12,2026-01-11 23:48:17,2026-01-11 23:48:29
9143,64,2,COMPLETED,9,2025-11-20 07:59:18,2025-11-20 07:59:27
9144,1160,13,COMPLETED,8,2025-12-23 20:23:09,2025-12-23 20:23:17
9145,1160,14,COMPLETED,3,2025-12-23 20:25:09,2025-12-23 20:25:12
9146,12,3,FAILED,12,2026-03-24 13:56:26,2026-03-24 13:56:38
9147,854,2,COMPLETED,11,2025-11-25 15:06:27,2025-11-25 15:06:38
9148,854,5,COMPLETED,11,2025-11-25 15:11:27,2025-11-25 15:11:38
9149,854,9,COMPLETED,7,2025-11-25 15:10:27,2025-11-25 15:10:34
9150,9,10,COMPLETED,12,2025-11-02 15:43:07,2025-11-02 15:43:19
9151,30,3,COMPLETED,7,2025-10-08 14:30:16,2025-10-08 14:30:23
9152,205,8,COMPLETED,8,2025-12-04 17:07:56,2025-12-04 17:08:04
9153,34,20,COMPLETED,8,2025-11-21 05:15:27,2025-11-21 05:15:35
9154,34,5,COMPLETED,7,2025-11-21 05:19:27,2025-11-21 05:19:34
9155,849,6,COMPLETED,10,2025-09-23 02:56:18,2025-09-23 02:56:28
9156,849,15,COMPLETED,10,2025-09-23 03:00:18,2025-09-23 03:00:28
9157,329,6,COMPLETED,5,2025-12-22 01:01:13,2025-12-22 01:01:18
9158,329,15,COMPLETED,7,2025-12-22 01:04:13,2025-12-22 01:04:20
9159,44,19,COMPLETED,13,2025-11-04 08:03:56,2025-11-04 08:04:09
9160,44,23,COMPLETED,13,2025-11-04 08:08:56,2025-11-04 08:09:09
9161,44,8,COMPLETED,10,2025-11-04 08:13:56,2025-11-04 08:14:06
9162,29,2,COMPLETED,11,2026-02-21 00:46:32,2026-02-21 00:46:43
9163,29,5,COMPLETED,10,2026-02-21 00:49:32,2026-02-21 00:49:42
9164,29,9,COMPLETED,10,2026-02-21 00:52:32,2026-02-21 00:52:42
9165,95,6,COMPLETED,7,2025-09-17 00:29:23,2025-09-17 00:29:30
9166,95,15,COMPLETED,9,2025-09-17 00:31:23,2025-09-17 00:31:32
9167,105,1,COMPLETED,7,2026-01-08 20:38:29,2026-01-08 20:38:36
9168,105,3,COMPLETED,6,2026-01-08 20:43:29,2026-01-08 20:43:35
9169,105,8,FAILED,4,2026-01-08 20:46:29,2026-01-08 20:46:33
9170,297,19,COMPLETED,12,2026-01-28 16:02:50,2026-01-28 16:03:02
9171,297,23,COMPLETED,12,2026-01-28 16:06:50,2026-01-28 16:07:02
9172,297,8,COMPLETED,13,2026-01-28 16:12:50,2026-01-28 16:13:03
9173,58,4,COMPLETED,10,2025-10-29 02:44:48,2025-10-29 02:44:58
9174,58,10,COMPLETED,11,2025-10-29 02:48:48,2025-10-29 02:48:59
9175,238,6,COMPLETED,3,2025-11-08 06:50:38,2025-11-08 06:50:41
9176,238,15,COMPLETED,6,2025-11-08 06:55:38,2025-11-08 06:55:44
9177,392,1,COMPLETED,12,2026-02-12 04:15:55,2026-02-12 04:16:07
9178,392,3,COMPLETED,13,2026-02-12 04:18:55,2026-02-12 04:19:08
9179,392,8,COMPLETED,8,2026-02-12 04:19:55,2026-02-12 04:20:03
9180,385,6,COMPLETED,9,2025-11-05 22:17:04,2025-11-05 22:17:13
9181,209,18,COMPLETED,13,2025-11-15 15:09:25,2025-11-15 15:09:38
9182,76,7,COMPLETED,12,2026-02-13 09:49:27,2026-02-13 09:49:39
9183,136,11,COMPLETED,14,2025-10-08 13:21:40,2025-10-08 13:21:54
9184,16,20,COMPLETED,6,2026-02-07 05:50:37,2026-02-07 05:50:43
9185,16,5,COMPLETED,10,2026-02-07 05:52:37,2026-02-07 05:52:47
9186,341,6,COMPLETED,4,2026-01-02 02:23:34,2026-01-02 02:23:38
9187,278,4,COMPLETED,10,2026-01-16 16:32:12,2026-01-16 16:32:22
9188,278,10,COMPLETED,13,2026-01-16 16:36:12,2026-01-16 16:36:25
9189,221,1,COMPLETED,15,2025-10-02 22:44:09,2025-10-02 22:44:24
9190,221,3,COMPLETED,9,2025-10-02 22:49:09,2025-10-02 22:49:18
9191,221,8,COMPLETED,7,2025-10-02 22:50:09,2025-10-02 22:50:16
9192,81,20,COMPLETED,10,2026-01-11 03:00:29,2026-01-11 03:00:39
9193,126,5,COMPLETED,12,2025-09-23 16:51:00,2025-09-23 16:51:12
9194,78,6,COMPLETED,9,2025-12-30 05:16:33,2025-12-30 05:16:42
9195,78,15,COMPLETED,10,2025-12-30 05:20:33,2025-12-30 05:20:43
9196,144,6,COMPLETED,13,2025-10-30 21:33:47,2025-10-30 21:34:00
9197,144,15,COMPLETED,10,2025-10-30 21:38:47,2025-10-30 21:38:57
9198,119,19,COMPLETED,12,2025-10-12 10:14:11,2025-10-12 10:14:23
9199,205,17,COMPLETED,10,2026-01-02 03:03:58,2026-01-02 03:04:08
9200,205,16,COMPLETED,14,2026-01-02 03:08:58,2026-01-02 03:09:12
9201,328,16,COMPLETED,7,2026-02-07 02:34:06,2026-02-07 02:34:13
9202,36,16,FAILED,4,2025-12-08 12:16:42,2025-12-08 12:16:46
9203,348,8,COMPLETED,9,2026-02-19 10:03:30,2026-02-19 10:03:39
9204,19,4,COMPLETED,5,2026-01-07 05:24:11,2026-01-07 05:24:16
9205,19,10,COMPLETED,10,2026-01-07 05:27:11,2026-01-07 05:27:21
9206,1192,1,COMPLETED,6,2025-12-22 19:23:28,2025-12-22 19:23:34
9207,1192,3,COMPLETED,13,2025-12-22 19:28:28,2025-12-22 19:28:41
9208,1192,8,COMPLETED,4,2025-12-22 19:27:28,2025-12-22 19:27:32
9209,368,17,COMPLETED,8,2026-01-26 19:37:19,2026-01-26 19:37:27
9210,368,16,COMPLETED,7,2026-01-26 19:39:19,2026-01-26 19:39:26
9211,6,4,COMPLETED,7,2026-01-20 00:21:07,2026-01-20 00:21:14
9212,80,1,COMPLETED,11,2026-03-29 04:55:11,2026-03-29 04:55:22
9213,80,3,COMPLETED,6,2026-03-29 04:58:11,2026-03-29 04:58:17
9214,80,8,COMPLETED,5,2026-03-29 05:01:11,2026-03-29 05:01:16
9215,154,7,COMPLETED,12,2026-02-19 06:29:37,2026-02-19 06:29:49
9216,364,1,COMPLETED,14,2026-01-01 02:34:28,2026-01-01 02:34:42
9217,364,3,COMPLETED,10,2026-01-01 02:38:28,2026-01-01 02:38:38
9218,364,8,COMPLETED,9,2026-01-01 02:42:28,2026-01-01 02:42:37
9219,52,6,FAILED,11,2025-11-17 14:55:30,2025-11-17 14:55:41
9220,52,15,FAILED,10,2025-11-17 15:00:30,2025-11-17 15:00:40
9221,136,15,COMPLETED,13,2025-12-05 20:48:17,2025-12-05 20:48:30
9222,28,19,COMPLETED,7,2025-12-03 02:49:39,2025-12-03 02:49:46
9223,28,23,COMPLETED,13,2025-12-03 02:53:39,2025-12-03 02:53:52
9224,28,8,COMPLETED,6,2025-12-03 02:55:39,2025-12-03 02:55:45
9225,1021,6,COMPLETED,8,2026-01-26 15:42:58,2026-01-26 15:43:06
9226,1021,15,COMPLETED,5,2026-01-26 15:45:58,2026-01-26 15:46:03
9227,17,16,COMPLETED,13,2025-11-13 18:28:58,2025-11-13 18:29:11
9228,315,20,FAILED,5,2026-03-20 09:49:49,2026-03-20 09:49:54
9229,315,5,COMPLETED,13,2026-03-20 09:51:49,2026-03-20 09:52:02
9230,179,13,COMPLETED,5,2025-12-12 16:41:20,2025-12-12 16:41:25
9231,179,14,COMPLETED,11,2025-12-12 16:43:20,2025-12-12 16:43:31
9232,600,13,COMPLETED,4,2026-02-25 18:00:13,2026-02-25 18:00:17
9233,9,17,COMPLETED,10,2026-03-13 00:49:13,2026-03-13 00:49:23
9234,9,16,COMPLETED,12,2026-03-13 00:52:13,2026-03-13 00:52:25
9235,73,4,COMPLETED,8,2026-02-16 12:39:19,2026-02-16 12:39:27
9236,73,10,COMPLETED,13,2026-02-16 12:44:19,2026-02-16 12:44:32
9237,277,7,FAILED,13,2025-10-01 04:39:22,2025-10-01 04:39:35
9238,317,13,COMPLETED,6,2025-11-12 05:23:16,2025-11-12 05:23:22
9239,317,14,COMPLETED,12,2025-11-12 05:26:16,2025-11-12 05:26:28
9240,654,22,COMPLETED,13,2025-10-21 11:44:26,2025-10-21 11:44:39
9241,85,13,COMPLETED,6,2026-02-06 17:19:42,2026-02-06 17:19:48
9242,85,14,COMPLETED,10,2026-02-06 17:23:42,2026-02-06 17:23:52
9243,45,24,COMPLETED,13,2025-10-25 06:11:42,2025-10-25 06:11:55
9244,357,1,COMPLETED,14,2026-01-18 13:20:28,2026-01-18 13:20:42
9245,357,3,FAILED,10,2026-01-18 13:24:28,2026-01-18 13:24:38
9246,357,8,COMPLETED,11,2026-01-18 13:30:28,2026-01-18 13:30:39
9247,78,13,COMPLETED,13,2026-03-06 15:23:18,2026-03-06 15:23:31
9248,78,14,COMPLETED,8,2026-03-06 15:25:18,2026-03-06 15:25:26
9249,573,2,COMPLETED,4,2025-09-17 20:01:35,2025-09-17 20:01:39
9250,166,2,COMPLETED,13,2026-01-30 19:33:56,2026-01-30 19:34:09
9251,166,5,COMPLETED,12,2026-01-30 19:35:56,2026-01-30 19:36:08
9252,166,9,COMPLETED,7,2026-01-30 19:37:56,2026-01-30 19:38:03
9253,102,17,COMPLETED,9,2025-11-25 15:13:18,2025-11-25 15:13:27
9254,102,16,COMPLETED,12,2025-11-25 15:16:18,2025-11-25 15:16:30
9255,383,9,COMPLETED,12,2025-10-22 21:05:43,2025-10-22 21:05:55
9256,101,4,FAILED,10,2025-10-24 10:53:20,2025-10-24 10:53:30
9257,101,10,COMPLETED,14,2025-10-24 10:55:20,2025-10-24 10:55:34
9258,1094,10,FAILED,13,2025-10-04 05:35:59,2025-10-04 05:36:12
9259,229,1,COMPLETED,11,2026-03-01 09:25:46,2026-03-01 09:25:57
9260,108,17,COMPLETED,7,2025-10-22 16:17:06,2025-10-22 16:17:13
9261,108,16,COMPLETED,4,2025-10-22 16:22:06,2025-10-22 16:22:10
9262,551,17,COMPLETED,5,2026-02-01 21:16:09,2026-02-01 21:16:14
9263,551,16,COMPLETED,7,2026-02-01 21:20:09,2026-02-01 21:20:16
9264,81,13,COMPLETED,13,2026-02-11 10:22:15,2026-02-11 10:22:28
9265,81,14,COMPLETED,3,2026-02-11 10:25:15,2026-02-11 10:25:18
9266,295,19,COMPLETED,6,2026-03-20 05:01:11,2026-03-20 05:01:17
9267,295,23,COMPLETED,8,2026-03-20 05:05:11,2026-03-20 05:05:19
9268,295,8,COMPLETED,12,2026-03-20 05:05:11,2026-03-20 05:05:23
9269,201,18,COMPLETED,5,2026-02-15 17:05:32,2026-02-15 17:05:37
9270,61,13,FAILED,10,2025-12-02 08:42:26,2025-12-02 08:42:36
9271,1046,19,COMPLETED,6,2025-09-10 20:09:41,2025-09-10 20:09:47
9272,67,2,COMPLETED,6,2026-03-11 08:08:18,2026-03-11 08:08:24
9273,67,5,COMPLETED,13,2026-03-11 08:11:18,2026-03-11 08:11:31
9274,67,9,COMPLETED,8,2026-03-11 08:16:18,2026-03-11 08:16:26
9275,127,13,COMPLETED,6,2025-11-23 19:57:00,2025-11-23 19:57:06
9276,127,14,COMPLETED,7,2025-11-23 20:00:00,2025-11-23 20:00:07
9277,61,20,COMPLETED,5,2025-09-18 17:25:26,2025-09-18 17:25:31
9278,61,5,COMPLETED,4,2025-09-18 17:28:26,2025-09-18 17:28:30
9279,817,10,COMPLETED,15,2026-01-30 16:09:05,2026-01-30 16:09:20
9280,376,1,COMPLETED,8,2025-11-24 06:14:18,2025-11-24 06:14:26
9281,376,3,COMPLETED,10,2025-11-24 06:19:18,2025-11-24 06:19:28
9282,376,8,COMPLETED,8,2025-11-24 06:20:18,2025-11-24 06:20:26
9283,878,21,COMPLETED,11,2026-03-25 02:39:57,2026-03-25 02:40:08
9284,329,1,COMPLETED,6,2025-10-30 03:08:56,2025-10-30 03:09:02
9285,329,3,COMPLETED,6,2025-10-30 03:11:56,2025-10-30 03:12:02
9286,329,8,COMPLETED,7,2025-10-30 03:18:56,2025-10-30 03:19:03
9287,127,19,COMPLETED,10,2025-12-30 16:45:20,2025-12-30 16:45:30
9288,127,23,FAILED,7,2025-12-30 16:47:20,2025-12-30 16:47:27
9289,127,8,COMPLETED,13,2025-12-30 16:53:20,2025-12-30 16:53:33
9290,85,19,FAILED,5,2025-12-06 23:21:39,2025-12-06 23:21:44
9291,85,23,COMPLETED,13,2025-12-06 23:24:39,2025-12-06 23:24:52
9292,85,8,FAILED,12,2025-12-06 23:27:39,2025-12-06 23:27:51
9293,610,4,COMPLETED,10,2026-01-08 08:56:25,2026-01-08 08:56:35
9294,610,10,COMPLETED,14,2026-01-08 09:01:25,2026-01-08 09:01:39
9295,324,22,FAILED,12,2026-01-25 15:49:37,2026-01-25 15:49:49
9296,297,4,COMPLETED,12,2026-01-17 01:39:19,2026-01-17 01:39:31
9297,297,10,COMPLETED,14,2026-01-17 01:42:19,2026-01-17 01:42:33
9298,614,2,COMPLETED,5,2026-03-23 04:03:18,2026-03-23 04:03:23
9299,614,5,COMPLETED,4,2026-03-23 04:05:18,2026-03-23 04:05:22
9300,614,9,FAILED,13,2026-03-23 04:07:18,2026-03-23 04:07:31
9301,180,20,COMPLETED,10,2025-10-29 15:23:27,2025-10-29 15:23:37
9302,180,5,COMPLETED,4,2025-10-29 15:25:27,2025-10-29 15:25:31
9303,21,19,FAILED,7,2025-09-27 16:07:08,2025-09-27 16:07:15
9304,21,23,COMPLETED,9,2025-09-27 16:10:08,2025-09-27 16:10:17
9305,21,8,COMPLETED,9,2025-09-27 16:11:08,2025-09-27 16:11:17
9306,991,16,COMPLETED,4,2025-10-10 13:25:20,2025-10-10 13:25:24
9307,338,23,FAILED,9,2026-03-01 12:06:31,2026-03-01 12:06:40
9308,33,4,FAILED,12,2026-02-14 15:16:49,2026-02-14 15:17:01
9309,33,10,COMPLETED,14,2026-02-14 15:21:49,2026-02-14 15:22:03
9310,959,20,COMPLETED,13,2025-12-27 22:38:54,2025-12-27 22:39:07
9311,959,5,FAILED,12,2025-12-27 22:40:54,2025-12-27 22:41:06
9312,71,22,COMPLETED,14,2025-09-23 22:00:58,2025-09-23 22:01:12
9313,72,19,COMPLETED,9,2025-10-20 23:06:49,2025-10-20 23:06:58
9314,72,23,COMPLETED,4,2025-10-20 23:11:49,2025-10-20 23:11:53
9315,72,8,COMPLETED,10,2025-10-20 23:16:49,2025-10-20 23:16:59
9316,262,7,FAILED,12,2026-02-22 13:15:11,2026-02-22 13:15:23
9317,527,4,COMPLETED,15,2025-11-21 06:43:53,2025-11-21 06:44:08
9318,20,20,COMPLETED,8,2026-03-09 08:05:09,2026-03-09 08:05:17
9319,20,5,COMPLETED,6,2026-03-09 08:09:09,2026-03-09 08:09:15
9320,323,20,COMPLETED,6,2026-03-05 19:22:26,2026-03-05 19:22:32
9321,323,5,COMPLETED,5,2026-03-05 19:24:26,2026-03-05 19:24:31
9322,818,6,FAILED,13,2025-12-23 06:01:54,2025-12-23 06:02:07
9323,818,15,COMPLETED,9,2025-12-23 06:06:54,2025-12-23 06:07:03
9324,31,25,COMPLETED,6,2026-02-15 20:13:23,2026-02-15 20:13:29
9325,71,19,COMPLETED,15,2026-01-24 02:39:54,2026-01-24 02:40:09
9326,71,23,COMPLETED,8,2026-01-24 02:42:54,2026-01-24 02:43:02
9327,71,8,FAILED,4,2026-01-24 02:47:54,2026-01-24 02:47:58
9328,37,13,COMPLETED,11,2025-12-10 05:58:21,2025-12-10 05:58:32
9329,37,14,COMPLETED,4,2025-12-10 06:03:21,2025-12-10 06:03:25
9330,802,4,COMPLETED,9,2025-10-08 07:49:29,2025-10-08 07:49:38
9331,802,10,COMPLETED,15,2025-10-08 07:54:29,2025-10-08 07:54:44
9332,145,4,COMPLETED,9,2026-01-29 05:11:18,2026-01-29 05:11:27
9333,145,10,COMPLETED,14,2026-01-29 05:13:18,2026-01-29 05:13:32
9334,47,23,FAILED,7,2025-11-12 16:35:28,2025-11-12 16:35:35
9335,36,19,COMPLETED,14,2026-03-25 19:40:32,2026-03-25 19:40:46
9336,36,23,COMPLETED,12,2026-03-25 19:43:32,2026-03-25 19:43:44
9337,36,8,COMPLETED,7,2026-03-25 19:48:32,2026-03-25 19:48:39
9338,99,2,COMPLETED,7,2026-03-07 20:09:17,2026-03-07 20:09:24
9339,99,5,COMPLETED,7,2026-03-07 20:11:17,2026-03-07 20:11:24
9340,99,9,COMPLETED,7,2026-03-07 20:17:17,2026-03-07 20:17:24
9341,422,4,COMPLETED,7,2026-02-01 11:18:37,2026-02-01 11:18:44
9342,290,1,COMPLETED,7,2026-03-29 23:00:32,2026-03-29 23:00:39
9343,290,3,COMPLETED,9,2026-03-29 23:04:32,2026-03-29 23:04:41
9344,290,8,COMPLETED,12,2026-03-29 23:10:32,2026-03-29 23:10:44
9345,24,4,COMPLETED,10,2025-09-16 19:23:17,2025-09-16 19:23:27
9346,22,6,COMPLETED,10,2026-03-02 17:16:06,2026-03-02 17:16:16
9347,96,2,COMPLETED,14,2025-12-12 13:17:12,2025-12-12 13:17:26
9348,96,5,COMPLETED,12,2025-12-12 13:19:12,2025-12-12 13:19:24
9349,96,9,FAILED,15,2025-12-12 13:23:12,2025-12-12 13:23:27
9350,255,3,COMPLETED,7,2025-11-28 18:23:49,2025-11-28 18:23:56
9351,1197,15,COMPLETED,7,2026-01-10 05:43:55,2026-01-10 05:44:02
9352,288,20,COMPLETED,3,2026-01-23 01:12:59,2026-01-23 01:13:02
9353,77,6,COMPLETED,11,2025-11-05 08:03:19,2025-11-05 08:03:30
9354,147,4,COMPLETED,9,2026-02-18 07:52:58,2026-02-18 07:53:07
9355,147,10,COMPLETED,12,2026-02-18 07:56:58,2026-02-18 07:57:10
9356,1,2,COMPLETED,10,2025-09-04 06:54:50,2025-09-04 06:55:00
9357,489,17,COMPLETED,13,2025-12-23 01:04:29,2025-12-23 01:04:42
9358,822,17,COMPLETED,7,2025-09-19 03:10:14,2025-09-19 03:10:21
9359,822,16,COMPLETED,13,2025-09-19 03:15:14,2025-09-19 03:15:27
9360,34,17,COMPLETED,4,2025-11-03 16:22:23,2025-11-03 16:22:27
9361,34,16,COMPLETED,13,2025-11-03 16:24:23,2025-11-03 16:24:36
9362,16,21,COMPLETED,11,2026-03-15 04:06:50,2026-03-15 04:07:01
9363,361,16,COMPLETED,13,2025-09-17 21:29:19,2025-09-17 21:29:32
9364,264,1,COMPLETED,11,2026-01-07 09:31:31,2026-01-07 09:31:42
9365,264,3,COMPLETED,8,2026-01-07 09:34:31,2026-01-07 09:34:39
9366,264,8,COMPLETED,11,2026-01-07 09:35:31,2026-01-07 09:35:42
9367,1,2,COMPLETED,11,2025-12-23 04:50:30,2025-12-23 04:50:41
9368,1,5,COMPLETED,8,2025-12-23 04:53:30,2025-12-23 04:53:38
9369,1,9,COMPLETED,7,2025-12-23 04:58:30,2025-12-23 04:58:37
9370,448,4,COMPLETED,7,2025-09-25 23:51:06,2025-09-25 23:51:13
9371,448,10,COMPLETED,11,2025-09-25 23:54:06,2025-09-25 23:54:17
9372,368,3,COMPLETED,11,2025-12-17 12:07:39,2025-12-17 12:07:50
9373,357,24,COMPLETED,13,2026-03-04 20:12:36,2026-03-04 20:12:49
9374,374,13,COMPLETED,7,2025-11-17 04:58:45,2025-11-17 04:58:52
9375,374,14,COMPLETED,5,2025-11-17 05:00:45,2025-11-17 05:00:50
9376,295,19,COMPLETED,7,2025-12-05 19:01:46,2025-12-05 19:01:53
9377,295,23,FAILED,10,2025-12-05 19:05:46,2025-12-05 19:05:56
9378,295,8,COMPLETED,8,2025-12-05 19:05:46,2025-12-05 19:05:54
9379,84,19,COMPLETED,14,2026-01-03 02:29:02,2026-01-03 02:29:16
9380,84,23,COMPLETED,12,2026-01-03 02:34:02,2026-01-03 02:34:14
9381,84,8,COMPLETED,13,2026-01-03 02:33:02,2026-01-03 02:33:15
9382,15,12,COMPLETED,13,2025-12-01 11:33:36,2025-12-01 11:33:49
9383,22,17,FAILED,6,2026-02-28 11:32:38,2026-02-28 11:32:44
9384,11,2,COMPLETED,6,2026-02-27 05:15:34,2026-02-27 05:15:40
9385,683,4,COMPLETED,14,2026-02-23 21:38:49,2026-02-23 21:39:03
9386,683,10,COMPLETED,8,2026-02-23 21:41:49,2026-02-23 21:41:57
9387,212,5,COMPLETED,11,2025-12-10 17:21:37,2025-12-10 17:21:48
9388,933,17,COMPLETED,13,2025-11-05 11:20:33,2025-11-05 11:20:46
9389,933,16,COMPLETED,4,2025-11-05 11:25:33,2025-11-05 11:25:37
9390,87,13,COMPLETED,4,2026-01-19 02:21:54,2026-01-19 02:21:58
9391,87,14,COMPLETED,4,2026-01-19 02:25:54,2026-01-19 02:25:58
9392,101,6,COMPLETED,9,2026-03-28 20:05:34,2026-03-28 20:05:43
9393,101,15,COMPLETED,6,2026-03-28 20:07:34,2026-03-28 20:07:40
9394,306,19,COMPLETED,9,2025-11-20 21:43:45,2025-11-20 21:43:54
9395,306,23,FAILED,5,2025-11-20 21:48:45,2025-11-20 21:48:50
9396,306,8,COMPLETED,5,2025-11-20 21:49:45,2025-11-20 21:49:50
9397,284,4,COMPLETED,12,2025-11-29 13:28:26,2025-11-29 13:28:38
9398,284,10,COMPLETED,15,2025-11-29 13:31:26,2025-11-29 13:31:41
9399,342,9,COMPLETED,12,2026-01-16 07:37:02,2026-01-16 07:37:14
9400,364,23,COMPLETED,12,2025-09-02 03:19:02,2025-09-02 03:19:14
9401,47,17,COMPLETED,8,2026-03-31 21:16:28,2026-03-31 21:16:36
9402,47,16,COMPLETED,4,2026-03-31 21:18:28,2026-03-31 21:18:32
9403,229,2,COMPLETED,8,2025-09-21 14:34:35,2025-09-21 14:34:43
9404,304,5,FAILED,8,2025-11-28 08:34:13,2025-11-28 08:34:21
9405,259,1,COMPLETED,9,2026-03-25 12:09:11,2026-03-25 12:09:20
9406,259,3,COMPLETED,11,2026-03-25 12:13:11,2026-03-25 12:13:22
9407,259,8,COMPLETED,12,2026-03-25 12:15:11,2026-03-25 12:15:23
9408,364,19,COMPLETED,8,2025-09-14 22:42:21,2025-09-14 22:42:29
9409,364,23,COMPLETED,8,2025-09-14 22:46:21,2025-09-14 22:46:29
9410,364,8,FAILED,10,2025-09-14 22:52:21,2025-09-14 22:52:31
9411,401,20,COMPLETED,4,2026-03-06 11:04:32,2026-03-06 11:04:36
9412,33,10,FAILED,12,2026-03-20 15:49:55,2026-03-20 15:50:07
9413,77,21,FAILED,10,2025-10-12 03:01:40,2025-10-12 03:01:50
9414,811,6,FAILED,10,2026-03-07 19:06:32,2026-03-07 19:06:42
9415,811,15,COMPLETED,8,2026-03-07 19:11:32,2026-03-07 19:11:40
9416,186,12,FAILED,4,2026-02-14 05:33:56,2026-02-14 05:34:00
9417,95,13,FAILED,6,2025-11-17 05:28:56,2025-11-17 05:29:02
9418,95,14,FAILED,12,2025-11-17 05:31:56,2025-11-17 05:32:08
9419,837,21,COMPLETED,7,2025-12-20 17:48:27,2025-12-20 17:48:34
9420,809,19,COMPLETED,14,2025-12-22 13:23:46,2025-12-22 13:24:00
9421,809,23,COMPLETED,13,2025-12-22 13:26:46,2025-12-22 13:26:59
9422,809,8,COMPLETED,13,2025-12-22 13:33:46,2025-12-22 13:33:59
9423,421,4,COMPLETED,6,2026-01-21 00:12:11,2026-01-21 00:12:17
9424,421,10,COMPLETED,13,2026-01-21 00:14:11,2026-01-21 00:14:24
9425,91,25,COMPLETED,5,2026-02-11 09:21:34,2026-02-11 09:21:39
9426,90,4,COMPLETED,11,2026-02-25 19:32:53,2026-02-25 19:33:04
9427,90,10,COMPLETED,7,2026-02-25 19:37:53,2026-02-25 19:38:00
9428,250,6,COMPLETED,6,2025-10-20 07:14:26,2025-10-20 07:14:32
9429,250,15,COMPLETED,7,2025-10-20 07:19:26,2025-10-20 07:19:33
9430,111,13,COMPLETED,8,2026-03-10 18:40:35,2026-03-10 18:40:43
9431,111,14,COMPLETED,3,2026-03-10 18:44:35,2026-03-10 18:44:38
9432,35,2,COMPLETED,6,2026-02-09 02:59:34,2026-02-09 02:59:40
9433,956,20,COMPLETED,7,2026-01-10 12:07:47,2026-01-10 12:07:54
9434,956,5,COMPLETED,7,2026-01-10 12:11:47,2026-01-10 12:11:54
9435,95,12,COMPLETED,8,2026-02-18 14:28:33,2026-02-18 14:28:41
9436,214,4,COMPLETED,6,2025-10-15 12:39:33,2025-10-15 12:39:39
9437,214,10,COMPLETED,10,2025-10-15 12:43:33,2025-10-15 12:43:43
9438,208,2,COMPLETED,4,2026-01-28 17:01:38,2026-01-28 17:01:42
9439,208,5,COMPLETED,8,2026-01-28 17:04:38,2026-01-28 17:04:46
9440,208,9,COMPLETED,10,2026-01-28 17:11:38,2026-01-28 17:11:48
9441,19,4,COMPLETED,9,2025-09-25 06:21:57,2025-09-25 06:22:06
9442,19,10,FAILED,10,2025-09-25 06:25:57,2025-09-25 06:26:07
9443,109,19,COMPLETED,7,2025-09-14 00:41:21,2025-09-14 00:41:28
9444,109,23,COMPLETED,5,2025-09-14 00:45:21,2025-09-14 00:45:26
9445,109,8,COMPLETED,7,2025-09-14 00:45:21,2025-09-14 00:45:28
9446,388,23,COMPLETED,4,2025-12-12 15:01:35,2025-12-12 15:01:39
9447,335,13,COMPLETED,10,2026-03-15 00:37:05,2026-03-15 00:37:15
9448,335,14,COMPLETED,6,2026-03-15 00:42:05,2026-03-15 00:42:11
9449,382,6,COMPLETED,10,2025-12-12 03:24:22,2025-12-12 03:24:32
9450,382,15,COMPLETED,8,2025-12-12 03:29:22,2025-12-12 03:29:30
9451,441,2,COMPLETED,12,2026-03-14 14:48:01,2026-03-14 14:48:13
9452,264,1,COMPLETED,10,2026-02-15 05:21:20,2026-02-15 05:21:30
9453,84,17,COMPLETED,6,2025-10-22 21:35:15,2025-10-22 21:35:21
9454,84,16,FAILED,10,2025-10-22 21:37:15,2025-10-22 21:37:25
9455,308,2,COMPLETED,10,2026-02-27 16:44:37,2026-02-27 16:44:47
9456,308,5,COMPLETED,6,2026-02-27 16:48:37,2026-02-27 16:48:43
9457,308,9,FAILED,14,2026-02-27 16:48:37,2026-02-27 16:48:51
9458,54,19,COMPLETED,6,2025-12-24 07:23:49,2025-12-24 07:23:55
9459,313,13,COMPLETED,10,2026-01-20 11:46:54,2026-01-20 11:47:04
9460,158,4,COMPLETED,5,2026-02-01 00:15:39,2026-02-01 00:15:44
9461,34,2,COMPLETED,6,2025-11-22 11:14:21,2025-11-22 11:14:27
9462,34,5,COMPLETED,12,2025-11-22 11:16:21,2025-11-22 11:16:33
9463,34,9,COMPLETED,11,2025-11-22 11:24:21,2025-11-22 11:24:32
9464,160,4,FAILED,5,2025-09-17 08:56:59,2025-09-17 08:57:04
9465,160,10,COMPLETED,8,2025-09-17 08:59:59,2025-09-17 09:00:07
9466,200,6,COMPLETED,4,2025-10-28 12:31:20,2025-10-28 12:31:24
9467,200,15,COMPLETED,11,2025-10-28 12:34:20,2025-10-28 12:34:31
9468,164,19,FAILED,12,2025-12-28 20:49:34,2025-12-28 20:49:46
9469,164,23,COMPLETED,11,2025-12-28 20:52:34,2025-12-28 20:52:45
9470,164,8,COMPLETED,8,2025-12-28 20:53:34,2025-12-28 20:53:42
9471,1139,10,COMPLETED,12,2025-10-08 11:38:57,2025-10-08 11:39:09
9472,64,12,COMPLETED,9,2025-12-22 01:24:43,2025-12-22 01:24:52
9473,497,13,COMPLETED,5,2026-03-27 07:06:14,2026-03-27 07:06:19
9474,497,14,COMPLETED,7,2026-03-27 07:08:14,2026-03-27 07:08:21
9475,966,13,COMPLETED,13,2026-01-13 18:25:35,2026-01-13 18:25:48
9476,966,14,COMPLETED,12,2026-01-13 18:27:35,2026-01-13 18:27:47
9477,87,1,COMPLETED,6,2026-03-20 15:29:29,2026-03-20 15:29:35
9478,87,3,COMPLETED,13,2026-03-20 15:33:29,2026-03-20 15:33:42
9479,87,8,FAILED,7,2026-03-20 15:35:29,2026-03-20 15:35:36
9480,132,20,COMPLETED,10,2025-11-02 15:00:32,2025-11-02 15:00:42
9481,132,5,FAILED,8,2025-11-02 15:02:32,2025-11-02 15:02:40
9482,289,8,COMPLETED,10,2025-12-29 16:32:54,2025-12-29 16:33:04
9483,895,16,COMPLETED,7,2025-09-03 15:30:22,2025-09-03 15:30:29
9484,249,2,COMPLETED,9,2026-03-31 13:12:19,2026-03-31 13:12:28
9485,249,5,FAILED,5,2026-03-31 13:15:19,2026-03-31 13:15:24
9486,249,9,COMPLETED,7,2026-03-31 13:18:19,2026-03-31 13:18:26
9487,1175,20,COMPLETED,11,2025-09-12 17:11:59,2025-09-12 17:12:10
9488,1175,5,COMPLETED,9,2025-09-12 17:14:59,2025-09-12 17:15:08
9489,43,17,COMPLETED,11,2025-11-24 04:42:00,2025-11-24 04:42:11
9490,43,16,COMPLETED,9,2025-11-24 04:44:00,2025-11-24 04:44:09
9491,223,23,COMPLETED,4,2025-11-20 21:20:51,2025-11-20 21:20:55
9492,1050,16,COMPLETED,6,2025-09-24 22:12:12,2025-09-24 22:12:18
9493,136,20,FAILED,6,2025-11-13 10:17:16,2025-11-13 10:17:22
9494,136,5,FAILED,4,2025-11-13 10:19:16,2025-11-13 10:19:20
9495,792,13,COMPLETED,8,2025-10-17 13:45:05,2025-10-17 13:45:13
9496,792,14,FAILED,3,2025-10-17 13:48:05,2025-10-17 13:48:08
9497,77,17,COMPLETED,11,2026-01-20 22:49:21,2026-01-20 22:49:32
9498,77,16,FAILED,5,2026-01-20 22:51:21,2026-01-20 22:51:26
9499,194,19,COMPLETED,7,2025-12-14 18:20:36,2025-12-14 18:20:43
9500,194,23,COMPLETED,11,2025-12-14 18:23:36,2025-12-14 18:23:47
9501,194,8,COMPLETED,12,2025-12-14 18:26:36,2025-12-14 18:26:48
9502,389,20,COMPLETED,3,2025-09-12 14:58:52,2025-09-12 14:58:55
9503,389,5,COMPLETED,4,2025-09-12 15:01:52,2025-09-12 15:01:56
9504,197,2,COMPLETED,7,2026-03-18 12:19:28,2026-03-18 12:19:35
9505,197,5,COMPLETED,9,2026-03-18 12:21:28,2026-03-18 12:21:37
9506,197,9,FAILED,7,2026-03-18 12:25:28,2026-03-18 12:25:35
9507,228,6,COMPLETED,7,2025-09-28 12:50:23,2025-09-28 12:50:30
9508,228,15,COMPLETED,5,2025-09-28 12:54:23,2025-09-28 12:54:28
9509,632,19,COMPLETED,9,2026-03-28 16:47:21,2026-03-28 16:47:30
9510,632,23,COMPLETED,13,2026-03-28 16:52:21,2026-03-28 16:52:34
9511,632,8,FAILED,8,2026-03-28 16:57:21,2026-03-28 16:57:29
9512,845,10,COMPLETED,8,2026-01-14 20:27:00,2026-01-14 20:27:08
9513,382,4,COMPLETED,8,2026-03-09 16:58:50,2026-03-09 16:58:58
9514,382,10,COMPLETED,14,2026-03-09 17:02:50,2026-03-09 17:03:04
9515,267,2,COMPLETED,5,2025-10-10 07:45:03,2025-10-10 07:45:08
9516,267,5,COMPLETED,5,2025-10-10 07:47:03,2025-10-10 07:47:08
9517,267,9,FAILED,12,2025-10-10 07:55:03,2025-10-10 07:55:15
9518,97,17,COMPLETED,10,2026-03-31 13:46:44,2026-03-31 13:46:54
9519,97,16,FAILED,12,2026-03-31 13:51:44,2026-03-31 13:51:56
9520,310,20,COMPLETED,5,2025-09-19 04:26:05,2025-09-19 04:26:10
9521,310,5,COMPLETED,8,2025-09-19 04:29:05,2025-09-19 04:29:13
9522,251,6,COMPLETED,11,2026-01-03 07:18:21,2026-01-03 07:18:32
9523,226,17,COMPLETED,9,2026-02-07 04:54:47,2026-02-07 04:54:56
9524,226,16,FAILED,11,2026-02-07 04:58:47,2026-02-07 04:58:58
9525,1121,2,COMPLETED,12,2026-02-28 03:09:55,2026-02-28 03:10:07
9526,1121,5,COMPLETED,12,2026-02-28 03:14:55,2026-02-28 03:15:07
9527,1121,9,COMPLETED,8,2026-02-28 03:15:55,2026-02-28 03:16:03
9528,341,9,FAILED,6,2026-01-12 06:23:20,2026-01-12 06:23:26
9529,42,4,COMPLETED,7,2026-01-19 22:53:56,2026-01-19 22:54:03
9530,42,10,COMPLETED,6,2026-01-19 22:58:56,2026-01-19 22:59:02
9531,214,1,COMPLETED,8,2026-03-16 05:53:08,2026-03-16 05:53:16
9532,214,3,COMPLETED,13,2026-03-16 05:55:08,2026-03-16 05:55:21
9533,214,8,COMPLETED,11,2026-03-16 06:01:08,2026-03-16 06:01:19
9534,271,8,COMPLETED,11,2026-01-03 10:03:18,2026-01-03 10:03:29
9535,7,4,FAILED,8,2026-01-08 22:05:31,2026-01-08 22:05:39
9536,7,10,FAILED,8,2026-01-08 22:10:31,2026-01-08 22:10:39
9537,36,11,COMPLETED,8,2026-03-02 12:53:44,2026-03-02 12:53:52
9538,120,1,COMPLETED,15,2025-12-18 16:32:45,2025-12-18 16:33:00
9539,120,3,COMPLETED,4,2025-12-18 16:36:45,2025-12-18 16:36:49
9540,120,8,COMPLETED,10,2025-12-18 16:42:45,2025-12-18 16:42:55
9541,9,2,COMPLETED,4,2025-10-26 00:29:55,2025-10-26 00:29:59
9542,201,2,COMPLETED,5,2026-01-29 04:20:57,2026-01-29 04:21:02
9543,201,5,COMPLETED,11,2026-01-29 04:23:57,2026-01-29 04:24:08
9544,201,9,COMPLETED,5,2026-01-29 04:28:57,2026-01-29 04:29:02
9545,795,6,COMPLETED,8,2026-02-27 08:48:58,2026-02-27 08:49:06
9546,795,15,FAILED,14,2026-02-27 08:50:58,2026-02-27 08:51:12
9547,7,1,COMPLETED,9,2025-12-06 00:55:55,2025-12-06 00:56:04
9548,60,20,COMPLETED,6,2026-01-22 11:25:40,2026-01-22 11:25:46
9549,60,5,COMPLETED,13,2026-01-22 11:30:40,2026-01-22 11:30:53
9550,684,4,COMPLETED,12,2025-10-15 06:55:12,2025-10-15 06:55:24
9551,684,10,FAILED,11,2025-10-15 06:59:12,2025-10-15 06:59:23
9552,28,2,COMPLETED,5,2025-11-03 00:31:41,2025-11-03 00:31:46
9553,28,5,COMPLETED,4,2025-11-03 00:35:41,2025-11-03 00:35:45
9554,28,9,COMPLETED,9,2025-11-03 00:39:41,2025-11-03 00:39:50
9555,354,13,COMPLETED,9,2026-01-12 09:15:21,2026-01-12 09:15:30
9556,354,14,COMPLETED,4,2026-01-12 09:17:21,2026-01-12 09:17:25
9557,92,20,FAILED,12,2025-09-24 09:27:29,2025-09-24 09:27:41
9558,92,5,COMPLETED,13,2025-09-24 09:31:29,2025-09-24 09:31:42
9559,981,21,COMPLETED,12,2025-12-06 13:10:08,2025-12-06 13:10:20
9560,59,6,COMPLETED,10,2025-10-20 21:47:16,2025-10-20 21:47:26
9561,59,15,COMPLETED,5,2025-10-20 21:50:16,2025-10-20 21:50:21
9562,45,13,COMPLETED,5,2025-11-18 06:42:44,2025-11-18 06:42:49
9563,45,14,COMPLETED,11,2025-11-18 06:45:44,2025-11-18 06:45:55
9564,257,20,COMPLETED,5,2025-12-11 04:07:28,2025-12-11 04:07:33
9565,257,5,COMPLETED,13,2025-12-11 04:11:28,2025-12-11 04:11:41
9566,465,6,COMPLETED,7,2025-10-13 18:22:51,2025-10-13 18:22:58
9567,82,19,COMPLETED,9,2025-09-24 13:40:59,2025-09-24 13:41:08
9568,82,23,COMPLETED,12,2025-09-24 13:44:59,2025-09-24 13:45:11
9569,82,8,COMPLETED,13,2025-09-24 13:50:59,2025-09-24 13:51:12
9570,3,18,COMPLETED,8,2026-01-12 23:31:01,2026-01-12 23:31:09
9571,364,1,COMPLETED,12,2026-01-22 20:52:07,2026-01-22 20:52:19
9572,364,3,FAILED,8,2026-01-22 20:54:07,2026-01-22 20:54:15
9573,364,8,COMPLETED,10,2026-01-22 21:00:07,2026-01-22 21:00:17
9574,333,22,COMPLETED,7,2026-03-01 22:25:49,2026-03-01 22:25:56
9575,21,15,COMPLETED,10,2026-01-06 14:57:10,2026-01-06 14:57:20
9576,96,22,COMPLETED,11,2025-10-27 11:16:15,2025-10-27 11:16:26
9577,112,8,COMPLETED,8,2026-03-13 16:56:13,2026-03-13 16:56:21
9578,392,20,COMPLETED,6,2026-03-13 18:18:17,2026-03-13 18:18:23
9579,392,5,COMPLETED,4,2026-03-13 18:23:17,2026-03-13 18:23:21
9580,118,1,COMPLETED,11,2026-01-12 00:47:35,2026-01-12 00:47:46
9581,217,11,COMPLETED,7,2026-03-21 17:06:15,2026-03-21 17:06:22
9582,97,20,COMPLETED,6,2026-03-06 09:52:24,2026-03-06 09:52:30
9583,97,5,COMPLETED,8,2026-03-06 09:55:24,2026-03-06 09:55:32
9584,61,6,COMPLETED,9,2025-10-07 05:31:50,2025-10-07 05:31:59
9585,61,15,COMPLETED,13,2025-10-07 05:33:50,2025-10-07 05:34:03
9586,78,2,FAILED,12,2026-01-20 00:26:27,2026-01-20 00:26:39
9587,78,5,COMPLETED,5,2026-01-20 00:29:27,2026-01-20 00:29:32
9588,78,9,FAILED,14,2026-01-20 00:36:27,2026-01-20 00:36:41
9589,57,2,COMPLETED,6,2025-11-22 13:25:04,2025-11-22 13:25:10
9590,57,5,COMPLETED,11,2025-11-22 13:29:04,2025-11-22 13:29:15
9591,57,9,COMPLETED,11,2025-11-22 13:31:04,2025-11-22 13:31:15
9592,294,21,COMPLETED,6,2025-11-11 08:16:49,2025-11-11 08:16:55
9593,335,9,COMPLETED,5,2025-12-09 05:38:13,2025-12-09 05:38:18
9594,311,4,COMPLETED,12,2025-12-29 02:12:48,2025-12-29 02:13:00
9595,311,10,COMPLETED,7,2025-12-29 02:15:48,2025-12-29 02:15:55
9596,138,6,COMPLETED,7,2025-11-22 22:45:25,2025-11-22 22:45:32
9597,138,15,COMPLETED,13,2025-11-22 22:48:25,2025-11-22 22:48:38
9598,19,20,COMPLETED,12,2025-11-16 15:51:18,2025-11-16 15:51:30
9599,19,5,FAILED,13,2025-11-16 15:53:18,2025-11-16 15:53:31
9600,156,6,COMPLETED,12,2025-10-13 07:59:46,2025-10-13 07:59:58
9601,156,15,COMPLETED,7,2025-10-13 08:04:46,2025-10-13 08:04:53
9602,777,2,COMPLETED,8,2025-11-19 04:32:57,2025-11-19 04:33:05
9603,777,5,COMPLETED,5,2025-11-19 04:34:57,2025-11-19 04:35:02
9604,777,9,COMPLETED,10,2025-11-19 04:38:57,2025-11-19 04:39:07
9605,178,6,COMPLETED,5,2026-01-16 17:03:29,2026-01-16 17:03:34
9606,1083,13,COMPLETED,6,2026-02-01 22:39:56,2026-02-01 22:40:02
9607,1083,14,COMPLETED,6,2026-02-01 22:42:56,2026-02-01 22:43:02
9608,968,20,COMPLETED,4,2026-01-20 14:31:34,2026-01-20 14:31:38
9609,968,5,COMPLETED,9,2026-01-20 14:33:34,2026-01-20 14:33:43
9610,227,17,COMPLETED,13,2025-11-11 03:10:37,2025-11-11 03:10:50
9611,227,16,COMPLETED,4,2025-11-11 03:15:37,2025-11-11 03:15:41
9612,94,1,COMPLETED,15,2026-03-20 20:48:23,2026-03-20 20:48:38
9613,94,3,COMPLETED,11,2026-03-20 20:53:23,2026-03-20 20:53:34
9614,94,8,COMPLETED,3,2026-03-20 20:58:23,2026-03-20 20:58:26
9615,380,19,COMPLETED,5,2026-02-27 09:52:41,2026-02-27 09:52:46
9616,380,23,COMPLETED,12,2026-02-27 09:55:41,2026-02-27 09:55:53
9617,380,8,COMPLETED,14,2026-02-27 10:02:41,2026-02-27 10:02:55
9618,1194,6,COMPLETED,12,2025-11-26 18:23:01,2025-11-26 18:23:13
9619,195,17,COMPLETED,12,2025-11-13 13:08:01,2025-11-13 13:08:13
9620,195,16,COMPLETED,5,2025-11-13 13:10:01,2025-11-13 13:10:06
9621,203,19,FAILED,8,2025-11-05 12:20:10,2025-11-05 12:20:18
9622,203,23,COMPLETED,7,2025-11-05 12:23:10,2025-11-05 12:23:17
9623,203,8,COMPLETED,8,2025-11-05 12:28:10,2025-11-05 12:28:18
9624,33,6,COMPLETED,8,2026-02-08 03:11:27,2026-02-08 03:11:35
9625,33,15,FAILED,12,2026-02-08 03:15:27,2026-02-08 03:15:39
9626,644,4,COMPLETED,12,2025-09-18 11:09:58,2025-09-18 11:10:10
9627,644,10,COMPLETED,5,2025-09-18 11:12:58,2025-09-18 11:13:03
9628,17,17,FAILED,4,2026-01-24 04:18:47,2026-01-24 04:18:51
9629,17,16,COMPLETED,5,2026-01-24 04:20:47,2026-01-24 04:20:52
9630,407,13,COMPLETED,10,2025-10-02 08:21:22,2025-10-02 08:21:32
9631,407,14,FAILED,9,2025-10-02 08:23:22,2025-10-02 08:23:31
9632,60,19,COMPLETED,14,2025-12-30 08:13:22,2025-12-30 08:13:36
9633,60,23,COMPLETED,6,2025-12-30 08:18:22,2025-12-30 08:18:28
9634,60,8,COMPLETED,10,2025-12-30 08:23:22,2025-12-30 08:23:32
9635,113,9,COMPLETED,9,2025-10-07 02:25:51,2025-10-07 02:26:00
9636,199,19,COMPLETED,8,2026-01-25 12:04:26,2026-01-25 12:04:34
9637,199,23,COMPLETED,4,2026-01-25 12:09:26,2026-01-25 12:09:30
9638,199,8,COMPLETED,5,2026-01-25 12:12:26,2026-01-25 12:12:31
9639,110,19,COMPLETED,9,2025-12-27 14:32:46,2025-12-27 14:32:55
9640,110,23,COMPLETED,4,2025-12-27 14:34:46,2025-12-27 14:34:50
9641,110,8,COMPLETED,9,2025-12-27 14:42:46,2025-12-27 14:42:55
9642,19,22,COMPLETED,10,2025-12-21 22:27:30,2025-12-21 22:27:40
9643,246,15,COMPLETED,12,2025-12-04 08:17:19,2025-12-04 08:17:31
9644,92,2,COMPLETED,14,2026-02-13 13:44:52,2026-02-13 13:45:06
9645,92,5,COMPLETED,4,2026-02-13 13:48:52,2026-02-13 13:48:56
9646,92,9,COMPLETED,9,2026-02-13 13:52:52,2026-02-13 13:53:01
9647,348,8,COMPLETED,10,2025-10-13 08:13:44,2025-10-13 08:13:54
9648,980,2,COMPLETED,11,2025-12-06 11:40:35,2025-12-06 11:40:46
9649,980,5,COMPLETED,10,2025-12-06 11:45:35,2025-12-06 11:45:45
9650,980,9,COMPLETED,7,2025-12-06 11:50:35,2025-12-06 11:50:42
9651,518,23,COMPLETED,11,2025-11-12 08:42:21,2025-11-12 08:42:32
9652,48,21,COMPLETED,14,2025-11-05 08:52:00,2025-11-05 08:52:14
9653,277,15,COMPLETED,4,2025-11-29 13:55:43,2025-11-29 13:55:47
9654,307,4,COMPLETED,5,2026-03-11 20:35:42,2026-03-11 20:35:47
9655,307,10,COMPLETED,14,2026-03-11 20:40:42,2026-03-11 20:40:56
9656,367,25,COMPLETED,5,2026-02-01 05:24:00,2026-02-01 05:24:05
9657,279,8,FAILED,5,2025-11-15 17:11:00,2025-11-15 17:11:05
9658,614,1,COMPLETED,8,2025-10-20 20:28:50,2025-10-20 20:28:58
9659,614,3,COMPLETED,9,2025-10-20 20:33:50,2025-10-20 20:33:59
9660,614,8,COMPLETED,12,2025-10-20 20:38:50,2025-10-20 20:39:02
9661,114,19,COMPLETED,14,2026-01-22 07:27:00,2026-01-22 07:27:14
9662,114,23,COMPLETED,13,2026-01-22 07:29:00,2026-01-22 07:29:13
9663,114,8,FAILED,7,2026-01-22 07:35:00,2026-01-22 07:35:07
9664,266,4,COMPLETED,10,2026-02-27 16:50:43,2026-02-27 16:50:53
9665,266,10,COMPLETED,12,2026-02-27 16:53:43,2026-02-27 16:53:55
9666,6,19,COMPLETED,11,2025-12-10 21:55:22,2025-12-10 21:55:33
9667,6,23,COMPLETED,13,2025-12-10 21:59:22,2025-12-10 21:59:35
9668,6,8,COMPLETED,14,2025-12-10 22:01:22,2025-12-10 22:01:36
9669,6,4,COMPLETED,11,2025-11-27 16:55:33,2025-11-27 16:55:44
9670,6,10,COMPLETED,7,2025-11-27 16:57:33,2025-11-27 16:57:40
9671,564,19,COMPLETED,13,2026-01-15 02:25:38,2026-01-15 02:25:51
9672,327,6,COMPLETED,13,2026-03-06 09:24:13,2026-03-06 09:24:26
9673,327,15,FAILED,12,2026-03-06 09:29:13,2026-03-06 09:29:25
9674,629,17,COMPLETED,9,2026-02-13 09:44:06,2026-02-13 09:44:15
9675,629,16,COMPLETED,12,2026-02-13 09:48:06,2026-02-13 09:48:18
9676,338,17,COMPLETED,5,2025-12-12 22:48:36,2025-12-12 22:48:41
9677,338,16,COMPLETED,4,2025-12-12 22:50:36,2025-12-12 22:50:40
9678,356,17,COMPLETED,7,2026-03-22 19:11:17,2026-03-22 19:11:24
9679,356,16,COMPLETED,7,2026-03-22 19:16:17,2026-03-22 19:16:24
9680,116,7,COMPLETED,9,2026-03-07 20:22:04,2026-03-07 20:22:13
9681,27,12,COMPLETED,11,2025-12-02 10:06:31,2025-12-02 10:06:42
9682,60,4,COMPLETED,15,2026-02-04 04:06:23,2026-02-04 04:06:38
9683,60,10,COMPLETED,13,2026-02-04 04:09:23,2026-02-04 04:09:36
9684,353,1,COMPLETED,8,2026-03-20 18:11:34,2026-03-20 18:11:42
9685,353,3,COMPLETED,5,2026-03-20 18:16:34,2026-03-20 18:16:39
9686,353,8,COMPLETED,12,2026-03-20 18:19:34,2026-03-20 18:19:46
9687,861,20,COMPLETED,7,2025-12-28 17:00:55,2025-12-28 17:01:02
9688,861,5,COMPLETED,4,2025-12-28 17:02:55,2025-12-28 17:02:59
9689,92,12,COMPLETED,8,2026-02-23 18:52:41,2026-02-23 18:52:49
9690,120,6,COMPLETED,11,2025-10-31 15:13:53,2025-10-31 15:14:04
9691,723,21,FAILED,9,2026-03-04 03:35:28,2026-03-04 03:35:37
9692,368,1,COMPLETED,14,2026-03-21 01:35:07,2026-03-21 01:35:21
9693,368,3,FAILED,5,2026-03-21 01:40:07,2026-03-21 01:40:12
9694,368,8,COMPLETED,13,2026-03-21 01:43:07,2026-03-21 01:43:20
9695,52,2,FAILED,6,2025-10-09 22:09:31,2025-10-09 22:09:37
9696,52,5,FAILED,8,2025-10-09 22:12:31,2025-10-09 22:12:39
9697,52,9,COMPLETED,5,2025-10-09 22:19:31,2025-10-09 22:19:36
9698,50,19,COMPLETED,6,2026-02-17 16:56:44,2026-02-17 16:56:50
9699,50,23,COMPLETED,10,2026-02-17 17:00:44,2026-02-17 17:00:54
9700,50,8,COMPLETED,8,2026-02-17 17:00:44,2026-02-17 17:00:52
9701,941,20,COMPLETED,5,2026-02-16 01:11:06,2026-02-16 01:11:11
9702,941,5,FAILED,7,2026-02-16 01:16:06,2026-02-16 01:16:13
9703,27,11,COMPLETED,8,2026-03-24 14:49:43,2026-03-24 14:49:51
9704,1118,6,COMPLETED,10,2025-12-09 07:31:55,2025-12-09 07:32:05
9705,1118,15,FAILED,9,2025-12-09 07:36:55,2025-12-09 07:37:04
9706,222,1,COMPLETED,11,2025-10-25 21:31:55,2025-10-25 21:32:06
9707,38,2,COMPLETED,14,2025-12-10 15:32:53,2025-12-10 15:33:07
9708,38,5,COMPLETED,10,2025-12-10 15:36:53,2025-12-10 15:37:03
9709,38,9,COMPLETED,8,2025-12-10 15:38:53,2025-12-10 15:39:01
9710,10,3,COMPLETED,6,2026-02-02 02:49:32,2026-02-02 02:49:38
9711,547,13,COMPLETED,11,2025-11-16 15:42:03,2025-11-16 15:42:14
9712,547,14,COMPLETED,12,2025-11-16 15:46:03,2025-11-16 15:46:15
9713,68,6,COMPLETED,7,2026-02-04 11:10:17,2026-02-04 11:10:24
9714,68,15,COMPLETED,4,2026-02-04 11:13:17,2026-02-04 11:13:21
9715,6,1,COMPLETED,6,2025-11-21 03:43:55,2025-11-21 03:44:01
9716,464,4,FAILED,14,2026-01-23 04:40:25,2026-01-23 04:40:39
9717,464,10,COMPLETED,9,2026-01-23 04:43:25,2026-01-23 04:43:34
9718,118,24,COMPLETED,12,2026-01-30 20:28:18,2026-01-30 20:28:30
9719,339,2,COMPLETED,7,2025-12-16 09:30:27,2025-12-16 09:30:34
9720,345,17,COMPLETED,6,2026-01-21 04:36:25,2026-01-21 04:36:31
9721,345,16,COMPLETED,9,2026-01-21 04:38:25,2026-01-21 04:38:34
9722,111,6,COMPLETED,12,2026-03-20 20:10:42,2026-03-20 20:10:54
9723,111,15,FAILED,5,2026-03-20 20:13:42,2026-03-20 20:13:47
9724,146,6,COMPLETED,9,2026-02-10 08:19:03,2026-02-10 08:19:12
9725,146,15,FAILED,7,2026-02-10 08:23:03,2026-02-10 08:23:10
9726,248,24,FAILED,14,2026-01-22 17:35:18,2026-01-22 17:35:32
9727,10,19,COMPLETED,10,2025-09-18 16:07:23,2025-09-18 16:07:33
9728,10,23,COMPLETED,12,2025-09-18 16:11:23,2025-09-18 16:11:35
9729,10,8,COMPLETED,6,2025-09-18 16:17:23,2025-09-18 16:17:29
9730,34,19,COMPLETED,11,2025-12-29 17:36:28,2025-12-29 17:36:39
9731,272,3,FAILED,8,2026-03-16 18:24:17,2026-03-16 18:24:25
9732,587,17,COMPLETED,13,2026-02-26 08:11:10,2026-02-26 08:11:23
9733,587,16,COMPLETED,10,2026-02-26 08:14:10,2026-02-26 08:14:20
9734,372,14,COMPLETED,4,2025-11-11 02:52:30,2025-11-11 02:52:34
9735,61,17,COMPLETED,6,2026-02-15 10:13:11,2026-02-15 10:13:17
9736,60,8,COMPLETED,4,2025-10-02 22:06:50,2025-10-02 22:06:54
9737,206,6,COMPLETED,8,2026-02-26 09:55:46,2026-02-26 09:55:54
9738,206,15,COMPLETED,12,2026-02-26 09:59:46,2026-02-26 09:59:58
9739,135,22,COMPLETED,15,2026-02-16 17:20:52,2026-02-16 17:21:07
9740,658,25,COMPLETED,13,2026-02-27 17:54:40,2026-02-27 17:54:53
9741,297,22,COMPLETED,12,2026-02-16 06:48:29,2026-02-16 06:48:41
9742,673,1,COMPLETED,10,2025-12-25 19:01:40,2025-12-25 19:01:50
9743,673,3,COMPLETED,5,2025-12-25 19:04:40,2025-12-25 19:04:45
9744,673,8,COMPLETED,4,2025-12-25 19:05:40,2025-12-25 19:05:44
9745,361,17,COMPLETED,9,2026-02-02 10:23:53,2026-02-02 10:24:02
9746,361,16,FAILED,12,2026-02-02 10:28:53,2026-02-02 10:29:05
9747,350,12,COMPLETED,8,2026-03-22 12:34:28,2026-03-22 12:34:36
9748,55,19,COMPLETED,13,2026-03-20 06:39:05,2026-03-20 06:39:18
9749,245,19,COMPLETED,12,2025-12-15 21:35:15,2025-12-15 21:35:27
9750,245,23,FAILED,6,2025-12-15 21:38:15,2025-12-15 21:38:21
9751,245,8,FAILED,13,2025-12-15 21:39:15,2025-12-15 21:39:28
9752,516,19,COMPLETED,14,2026-03-31 16:54:53,2026-03-31 16:55:07
9753,516,23,FAILED,7,2026-03-31 16:57:53,2026-03-31 16:58:00
9754,516,8,COMPLETED,7,2026-03-31 17:02:53,2026-03-31 17:03:00
9755,317,19,COMPLETED,11,2025-11-06 13:00:28,2025-11-06 13:00:39
9756,317,23,COMPLETED,6,2025-11-06 13:05:28,2025-11-06 13:05:34
9757,317,8,COMPLETED,4,2025-11-06 13:08:28,2025-11-06 13:08:32
9758,300,20,COMPLETED,9,2026-01-19 11:32:41,2026-01-19 11:32:50
9759,99,4,COMPLETED,5,2026-01-23 22:31:52,2026-01-23 22:31:57
9760,99,10,COMPLETED,11,2026-01-23 22:36:52,2026-01-23 22:37:03
9761,40,13,COMPLETED,10,2026-01-23 22:58:37,2026-01-23 22:58:47
9762,40,14,COMPLETED,12,2026-01-23 23:01:37,2026-01-23 23:01:49
9763,3,2,COMPLETED,10,2026-02-21 15:41:43,2026-02-21 15:41:53
9764,3,5,FAILED,12,2026-02-21 15:44:43,2026-02-21 15:44:55
9765,3,9,COMPLETED,5,2026-02-21 15:51:43,2026-02-21 15:51:48
9766,255,13,COMPLETED,11,2026-02-11 11:31:44,2026-02-11 11:31:55
9767,364,1,COMPLETED,14,2025-09-09 14:12:36,2025-09-09 14:12:50
9768,364,3,COMPLETED,13,2025-09-09 14:15:36,2025-09-09 14:15:49
9769,364,8,COMPLETED,9,2025-09-09 14:16:36,2025-09-09 14:16:45
9770,277,8,COMPLETED,13,2025-11-04 16:20:41,2025-11-04 16:20:54
9771,276,4,COMPLETED,7,2026-01-22 01:31:09,2026-01-22 01:31:16
9772,276,10,COMPLETED,14,2026-01-22 01:35:09,2026-01-22 01:35:23
9773,1095,4,COMPLETED,15,2026-01-04 07:26:37,2026-01-04 07:26:52
9774,1095,10,COMPLETED,13,2026-01-04 07:28:37,2026-01-04 07:28:50
9775,55,12,COMPLETED,11,2025-11-07 04:05:21,2025-11-07 04:05:32
9776,97,10,COMPLETED,14,2026-03-12 07:10:15,2026-03-12 07:10:29
9777,3,8,COMPLETED,4,2026-02-08 05:02:28,2026-02-08 05:02:32
9778,195,21,FAILED,11,2026-03-06 19:52:27,2026-03-06 19:52:38
9779,443,4,COMPLETED,5,2025-12-27 04:36:31,2025-12-27 04:36:36
9780,331,6,FAILED,6,2025-12-17 21:29:43,2025-12-17 21:29:49
9781,331,15,FAILED,13,2025-12-17 21:34:43,2025-12-17 21:34:56
9782,803,6,COMPLETED,7,2025-10-16 03:47:13,2025-10-16 03:47:20
9783,803,15,COMPLETED,9,2025-10-16 03:50:13,2025-10-16 03:50:22
9784,334,2,COMPLETED,7,2026-01-13 04:58:00,2026-01-13 04:58:07
9785,655,2,COMPLETED,11,2025-10-16 20:19:47,2025-10-16 20:19:58
9786,655,5,FAILED,5,2025-10-16 20:21:47,2025-10-16 20:21:52
9787,655,9,FAILED,9,2025-10-16 20:23:47,2025-10-16 20:23:56
9788,38,20,COMPLETED,8,2025-11-17 10:09:52,2025-11-17 10:10:00
9789,38,5,COMPLETED,4,2025-11-17 10:13:52,2025-11-17 10:13:56
9790,550,3,FAILED,12,2026-03-20 23:19:30,2026-03-20 23:19:42
9791,32,6,COMPLETED,6,2026-01-30 09:42:09,2026-01-30 09:42:15
9792,32,15,COMPLETED,11,2026-01-30 09:44:09,2026-01-30 09:44:20
9793,1151,19,COMPLETED,9,2025-10-15 18:36:51,2025-10-15 18:37:00
9794,1151,23,COMPLETED,4,2025-10-15 18:41:51,2025-10-15 18:41:55
9795,1151,8,COMPLETED,6,2025-10-15 18:44:51,2025-10-15 18:44:57
9796,181,19,COMPLETED,6,2026-01-22 10:47:28,2026-01-22 10:47:34
9797,181,23,COMPLETED,7,2026-01-22 10:50:28,2026-01-22 10:50:35
9798,181,8,FAILED,5,2026-01-22 10:51:28,2026-01-22 10:51:33
9799,276,18,COMPLETED,10,2025-12-20 17:31:03,2025-12-20 17:31:13
9800,125,17,COMPLETED,12,2025-09-22 22:36:14,2025-09-22 22:36:26
9801,125,16,COMPLETED,10,2025-09-22 22:40:14,2025-09-22 22:40:24
9802,535,6,COMPLETED,13,2025-11-11 20:09:21,2025-11-11 20:09:34
9803,535,15,COMPLETED,3,2025-11-11 20:12:21,2025-11-11 20:12:24
9804,865,9,COMPLETED,9,2026-02-21 12:04:46,2026-02-21 12:04:55
9805,1058,14,COMPLETED,4,2025-12-26 22:49:22,2025-12-26 22:49:26
9806,277,10,COMPLETED,14,2026-02-06 01:15:37,2026-02-06 01:15:51
9807,354,6,COMPLETED,9,2026-01-05 14:22:26,2026-01-05 14:22:35
9808,20,2,COMPLETED,13,2026-03-14 06:05:17,2026-03-14 06:05:30
9809,20,5,COMPLETED,13,2026-03-14 06:10:17,2026-03-14 06:10:30
9810,20,9,COMPLETED,10,2026-03-14 06:13:17,2026-03-14 06:13:27
9811,1064,9,COMPLETED,5,2026-03-27 15:19:16,2026-03-27 15:19:21
9812,129,17,COMPLETED,8,2026-03-20 18:12:36,2026-03-20 18:12:44
9813,129,16,COMPLETED,12,2026-03-20 18:14:36,2026-03-20 18:14:48
9814,420,4,COMPLETED,8,2025-12-03 07:33:38,2025-12-03 07:33:46
9815,420,10,COMPLETED,12,2025-12-03 07:38:38,2025-12-03 07:38:50
9816,36,16,COMPLETED,10,2025-11-08 09:55:58,2025-11-08 09:56:08
9817,374,2,FAILED,6,2025-09-20 13:15:15,2025-09-20 13:15:21
9818,374,5,COMPLETED,7,2025-09-20 13:17:15,2025-09-20 13:17:22
9819,374,9,COMPLETED,12,2025-09-20 13:21:15,2025-09-20 13:21:27
9820,544,4,COMPLETED,8,2025-11-05 00:52:33,2025-11-05 00:52:41
9821,544,10,COMPLETED,14,2025-11-05 00:54:33,2025-11-05 00:54:47
9822,29,1,COMPLETED,12,2026-01-07 13:13:31,2026-01-07 13:13:43
9823,29,3,COMPLETED,3,2026-01-07 13:16:31,2026-01-07 13:16:34
9824,29,8,COMPLETED,6,2026-01-07 13:21:31,2026-01-07 13:21:37
9825,429,17,COMPLETED,12,2026-02-14 13:26:00,2026-02-14 13:26:12
9826,429,16,COMPLETED,4,2026-02-14 13:30:00,2026-02-14 13:30:04
9827,96,4,COMPLETED,13,2026-03-21 11:10:03,2026-03-21 11:10:16
9828,96,10,COMPLETED,8,2026-03-21 11:14:03,2026-03-21 11:14:11
9829,32,6,FAILED,12,2025-10-12 09:28:11,2025-10-12 09:28:23
9830,32,15,COMPLETED,7,2025-10-12 09:33:11,2025-10-12 09:33:18
9831,399,16,COMPLETED,8,2025-12-24 05:24:10,2025-12-24 05:24:18
9832,881,12,COMPLETED,9,2025-12-20 11:46:15,2025-12-20 11:46:24
9833,236,4,COMPLETED,13,2025-11-20 07:19:19,2025-11-20 07:19:32
9834,236,10,COMPLETED,15,2025-11-20 07:23:19,2025-11-20 07:23:34
9835,155,22,COMPLETED,8,2025-12-01 16:24:45,2025-12-01 16:24:53
9836,176,4,FAILED,5,2026-01-17 16:02:48,2026-01-17 16:02:53
9837,411,6,COMPLETED,4,2025-12-23 00:50:30,2025-12-23 00:50:34
9838,411,15,COMPLETED,6,2025-12-23 00:53:30,2025-12-23 00:53:36
9839,1037,9,COMPLETED,5,2026-02-21 08:03:02,2026-02-21 08:03:07
9840,20,1,COMPLETED,14,2026-02-14 03:40:25,2026-02-14 03:40:39
9841,20,3,COMPLETED,6,2026-02-14 03:45:25,2026-02-14 03:45:31
9842,20,8,COMPLETED,3,2026-02-14 03:44:25,2026-02-14 03:44:28
9843,384,4,COMPLETED,10,2026-01-26 11:44:42,2026-01-26 11:44:52
9844,762,1,COMPLETED,7,2025-10-11 01:02:50,2025-10-11 01:02:57
9845,16,2,COMPLETED,11,2025-11-03 17:06:27,2025-11-03 17:06:38
9846,16,5,COMPLETED,12,2025-11-03 17:09:27,2025-11-03 17:09:39
9847,16,9,COMPLETED,14,2025-11-03 17:10:27,2025-11-03 17:10:41
9848,864,19,COMPLETED,9,2026-02-08 15:10:27,2026-02-08 15:10:36
9849,87,6,FAILED,10,2025-12-03 18:41:06,2025-12-03 18:41:16
9850,87,15,COMPLETED,4,2025-12-03 18:44:06,2025-12-03 18:44:10
9851,563,20,COMPLETED,5,2026-02-15 04:06:07,2026-02-15 04:06:12
9852,563,5,COMPLETED,4,2026-02-15 04:09:07,2026-02-15 04:09:11
9853,69,1,FAILED,15,2026-02-21 11:44:45,2026-02-21 11:45:00
9854,69,3,COMPLETED,8,2026-02-21 11:49:45,2026-02-21 11:49:53
9855,69,8,COMPLETED,10,2026-02-21 11:48:45,2026-02-21 11:48:55
9856,369,6,COMPLETED,5,2025-11-10 07:08:31,2025-11-10 07:08:36
9857,369,15,COMPLETED,13,2025-11-10 07:12:31,2025-11-10 07:12:44
9858,70,6,COMPLETED,10,2026-03-09 11:57:31,2026-03-09 11:57:41
9859,70,15,FAILED,9,2026-03-09 12:01:31,2026-03-09 12:01:40
9860,497,2,COMPLETED,12,2025-11-12 01:53:09,2025-11-12 01:53:21
9861,497,5,COMPLETED,11,2025-11-12 01:57:09,2025-11-12 01:57:20
9862,497,9,COMPLETED,15,2025-11-12 01:57:09,2025-11-12 01:57:24
9863,78,2,COMPLETED,5,2026-03-25 02:14:47,2026-03-25 02:14:52
9864,78,5,COMPLETED,7,2026-03-25 02:18:47,2026-03-25 02:18:54
9865,78,9,COMPLETED,10,2026-03-25 02:24:47,2026-03-25 02:24:57
9866,117,6,COMPLETED,12,2026-03-07 14:37:13,2026-03-07 14:37:25
9867,117,15,COMPLETED,5,2026-03-07 14:42:13,2026-03-07 14:42:18
9868,332,4,COMPLETED,8,2025-11-07 06:55:11,2025-11-07 06:55:19
9869,20,4,COMPLETED,11,2025-12-09 01:58:14,2025-12-09 01:58:25
9870,20,10,COMPLETED,14,2025-12-09 02:01:14,2025-12-09 02:01:28
9871,54,1,COMPLETED,6,2025-09-27 17:20:15,2025-09-27 17:20:21
9872,54,3,COMPLETED,6,2025-09-27 17:23:15,2025-09-27 17:23:21
9873,54,8,COMPLETED,5,2025-09-27 17:30:15,2025-09-27 17:30:20
9874,231,6,COMPLETED,9,2025-09-29 19:38:05,2025-09-29 19:38:14
9875,231,15,COMPLETED,7,2025-09-29 19:42:05,2025-09-29 19:42:12
9876,10,1,FAILED,5,2025-10-11 00:24:08,2025-10-11 00:24:13
9877,10,3,FAILED,13,2025-10-11 00:28:08,2025-10-11 00:28:21
9878,10,8,COMPLETED,5,2025-10-11 00:32:08,2025-10-11 00:32:13
9879,526,9,COMPLETED,6,2026-01-20 11:59:28,2026-01-20 11:59:34
9880,239,24,COMPLETED,14,2026-02-24 11:27:50,2026-02-24 11:28:04
9881,168,2,FAILED,4,2025-11-18 01:54:21,2025-11-18 01:54:25
9882,168,5,COMPLETED,7,2025-11-18 01:57:21,2025-11-18 01:57:28
9883,168,9,COMPLETED,14,2025-11-18 02:04:21,2025-11-18 02:04:35
9884,66,4,COMPLETED,5,2026-03-06 02:12:18,2026-03-06 02:12:23
9885,66,10,COMPLETED,10,2026-03-06 02:16:18,2026-03-06 02:16:28
9886,59,14,COMPLETED,6,2026-01-02 23:24:19,2026-01-02 23:24:25
9887,515,4,FAILED,7,2026-02-19 13:07:49,2026-02-19 13:07:56
9888,515,10,COMPLETED,11,2026-02-19 13:11:49,2026-02-19 13:12:00
9889,256,6,COMPLETED,10,2025-12-17 03:38:34,2025-12-17 03:38:44
9890,256,15,FAILED,13,2025-12-17 03:40:34,2025-12-17 03:40:47
9891,78,1,COMPLETED,12,2025-11-13 21:53:10,2025-11-13 21:53:22
9892,78,3,COMPLETED,14,2025-11-13 21:56:10,2025-11-13 21:56:24
9893,78,8,COMPLETED,5,2025-11-13 21:57:10,2025-11-13 21:57:15
9894,603,2,COMPLETED,8,2025-12-19 20:30:04,2025-12-19 20:30:12
9895,603,5,COMPLETED,10,2025-12-19 20:32:04,2025-12-19 20:32:14
9896,603,9,COMPLETED,6,2025-12-19 20:36:04,2025-12-19 20:36:10
9897,1154,2,COMPLETED,11,2026-03-15 04:56:33,2026-03-15 04:56:44
9898,117,2,COMPLETED,9,2026-02-18 03:36:06,2026-02-18 03:36:15
9899,326,2,COMPLETED,4,2025-12-05 10:17:58,2025-12-05 10:18:02
9900,326,5,COMPLETED,11,2025-12-05 10:22:58,2025-12-05 10:23:09
9901,326,9,COMPLETED,7,2025-12-05 10:27:58,2025-12-05 10:28:05
9902,272,13,COMPLETED,5,2025-12-23 19:29:46,2025-12-23 19:29:51
9903,272,14,COMPLETED,9,2025-12-23 19:31:46,2025-12-23 19:31:55
9904,4,20,COMPLETED,3,2026-03-14 23:48:19,2026-03-14 23:48:22
9905,4,5,COMPLETED,10,2026-03-14 23:50:19,2026-03-14 23:50:29
9906,17,5,COMPLETED,11,2025-12-17 19:51:34,2025-12-17 19:51:45
9907,157,18,FAILED,12,2025-10-26 14:27:48,2025-10-26 14:28:00
9908,1012,1,COMPLETED,9,2026-03-28 22:53:13,2026-03-28 22:53:22
9909,12,16,COMPLETED,8,2025-11-05 12:30:26,2025-11-05 12:30:34
9910,330,13,COMPLETED,9,2025-09-13 11:39:20,2025-09-13 11:39:29
9911,330,14,COMPLETED,8,2025-09-13 11:43:20,2025-09-13 11:43:28
9912,174,18,FAILED,4,2025-09-23 20:56:35,2025-09-23 20:56:39
9913,99,18,COMPLETED,9,2026-03-04 18:56:48,2026-03-04 18:56:57
9914,72,6,COMPLETED,12,2025-10-12 16:32:49,2025-10-12 16:33:01
9915,72,15,COMPLETED,4,2025-10-12 16:36:49,2025-10-12 16:36:53
9916,166,19,COMPLETED,15,2025-10-14 21:38:10,2025-10-14 21:38:25
9917,166,23,COMPLETED,12,2025-10-14 21:40:10,2025-10-14 21:40:22
9918,166,8,COMPLETED,13,2025-10-14 21:44:10,2025-10-14 21:44:23
9919,295,21,COMPLETED,12,2026-01-17 02:56:43,2026-01-17 02:56:55
9920,45,6,COMPLETED,6,2025-12-28 07:51:43,2025-12-28 07:51:49
9921,45,15,COMPLETED,10,2025-12-28 07:55:43,2025-12-28 07:55:53
9922,157,1,COMPLETED,9,2026-03-24 22:09:39,2026-03-24 22:09:48
9923,157,3,COMPLETED,10,2026-03-24 22:13:39,2026-03-24 22:13:49
9924,157,8,COMPLETED,3,2026-03-24 22:15:39,2026-03-24 22:15:42
9925,1,21,COMPLETED,9,2025-11-24 12:49:21,2025-11-24 12:49:30
9926,203,13,COMPLETED,12,2026-01-23 14:33:00,2026-01-23 14:33:12
9927,203,14,COMPLETED,11,2026-01-23 14:35:00,2026-01-23 14:35:11
9928,400,1,COMPLETED,5,2026-01-20 07:56:08,2026-01-20 07:56:13
9929,400,3,COMPLETED,12,2026-01-20 07:58:08,2026-01-20 07:58:20
9930,400,8,COMPLETED,5,2026-01-20 08:00:08,2026-01-20 08:00:13
9931,1026,17,COMPLETED,14,2025-12-11 18:09:50,2025-12-11 18:10:04
9932,1026,16,COMPLETED,12,2025-12-11 18:14:50,2025-12-11 18:15:02
9933,5,2,FAILED,10,2025-10-03 03:26:57,2025-10-03 03:27:07
9934,5,5,COMPLETED,6,2025-10-03 03:30:57,2025-10-03 03:31:03
9935,5,9,FAILED,8,2025-10-03 03:34:57,2025-10-03 03:35:05
9936,10,24,FAILED,14,2026-02-25 10:41:34,2026-02-25 10:41:48
9937,32,18,COMPLETED,6,2026-03-28 08:12:40,2026-03-28 08:12:46
9938,820,6,COMPLETED,8,2026-01-23 09:37:52,2026-01-23 09:38:00
9939,820,15,COMPLETED,11,2026-01-23 09:42:52,2026-01-23 09:43:03
9940,95,1,COMPLETED,12,2026-01-21 21:08:41,2026-01-21 21:08:53
9941,95,3,COMPLETED,12,2026-01-21 21:11:41,2026-01-21 21:11:53
9942,95,8,COMPLETED,5,2026-01-21 21:16:41,2026-01-21 21:16:46
9943,280,22,COMPLETED,6,2026-02-26 20:37:06,2026-02-26 20:37:12
9944,831,13,COMPLETED,7,2026-02-04 10:47:18,2026-02-04 10:47:25
9945,831,14,COMPLETED,3,2026-02-04 10:52:18,2026-02-04 10:52:21
9946,46,7,COMPLETED,7,2025-10-17 05:51:27,2025-10-17 05:51:34
9947,171,7,COMPLETED,7,2026-03-31 08:42:01,2026-03-31 08:42:08
9948,320,18,COMPLETED,7,2026-03-24 10:41:10,2026-03-24 10:41:17
9949,362,6,COMPLETED,12,2026-02-27 04:20:34,2026-02-27 04:20:46
9950,362,15,COMPLETED,13,2026-02-27 04:24:34,2026-02-27 04:24:47
9951,1184,7,COMPLETED,4,2026-01-01 20:42:37,2026-01-01 20:42:41
9952,270,16,COMPLETED,10,2026-01-29 07:46:22,2026-01-29 07:46:32
9953,272,1,COMPLETED,7,2025-12-28 06:13:09,2025-12-28 06:13:16
9954,272,3,COMPLETED,10,2025-12-28 06:16:09,2025-12-28 06:16:19
9955,272,8,COMPLETED,9,2025-12-28 06:23:09,2025-12-28 06:23:18
9956,46,24,COMPLETED,13,2025-12-14 11:35:28,2025-12-14 11:35:41
9957,517,13,FAILED,7,2025-11-27 20:37:56,2025-11-27 20:38:03
9958,517,14,FAILED,8,2025-11-27 20:40:56,2025-11-27 20:41:04
9959,178,25,COMPLETED,6,2026-01-22 10:12:21,2026-01-22 10:12:27
9960,120,20,COMPLETED,10,2025-11-22 14:19:08,2025-11-22 14:19:18
9961,120,5,FAILED,13,2025-11-22 14:21:08,2025-11-22 14:21:21
9962,25,15,COMPLETED,9,2026-02-01 17:11:58,2026-02-01 17:12:07
9963,76,19,COMPLETED,10,2026-01-06 03:52:05,2026-01-06 03:52:15
9964,254,19,COMPLETED,14,2025-10-12 02:38:42,2025-10-12 02:38:56
9965,254,23,COMPLETED,9,2025-10-12 02:42:42,2025-10-12 02:42:51
9966,254,8,COMPLETED,8,2025-10-12 02:42:42,2025-10-12 02:42:50
9967,1072,2,COMPLETED,4,2025-12-11 22:26:54,2025-12-11 22:26:58
9968,1072,5,COMPLETED,12,2025-12-11 22:30:54,2025-12-11 22:31:06
9969,1072,9,COMPLETED,7,2025-12-11 22:34:54,2025-12-11 22:35:01
9970,52,23,COMPLETED,11,2025-11-20 21:59:32,2025-11-20 21:59:43
9971,218,13,COMPLETED,5,2025-10-24 17:37:01,2025-10-24 17:37:06
9972,218,14,COMPLETED,9,2025-10-24 17:40:01,2025-10-24 17:40:10
9973,197,12,COMPLETED,11,2025-10-21 02:00:24,2025-10-21 02:00:35
9974,206,13,COMPLETED,4,2026-01-31 19:26:58,2026-01-31 19:27:02
9975,206,14,COMPLETED,7,2026-01-31 19:31:58,2026-01-31 19:32:05
9976,14,17,COMPLETED,4,2026-03-08 07:43:37,2026-03-08 07:43:41
9977,181,2,FAILED,11,2026-03-04 00:41:19,2026-03-04 00:41:30
9978,181,5,COMPLETED,7,2026-03-04 00:43:19,2026-03-04 00:43:26
9979,181,9,COMPLETED,10,2026-03-04 00:47:19,2026-03-04 00:47:29
9980,20,9,COMPLETED,8,2025-12-05 09:27:30,2025-12-05 09:27:38
9981,367,4,FAILED,10,2026-02-19 21:15:42,2026-02-19 21:15:52
9982,367,10,COMPLETED,6,2026-02-19 21:19:42,2026-02-19 21:19:48
9983,660,19,COMPLETED,10,2025-10-16 06:50:28,2025-10-16 06:50:38
9984,443,6,COMPLETED,12,2025-12-02 00:34:59,2025-12-02 00:35:11
9985,443,15,COMPLETED,8,2025-12-02 00:37:59,2025-12-02 00:38:07
9986,709,19,COMPLETED,12,2026-02-13 03:29:20,2026-02-13 03:29:32
9987,709,23,FAILED,3,2026-02-13 03:33:20,2026-02-13 03:33:23
9988,709,8,COMPLETED,13,2026-02-13 03:35:20,2026-02-13 03:35:33
9989,158,19,COMPLETED,13,2026-03-07 08:19:41,2026-03-07 08:19:54
9990,343,6,COMPLETED,13,2026-02-11 06:23:52,2026-02-11 06:24:05
9991,343,15,FAILED,10,2026-02-11 06:27:52,2026-02-11 06:28:02
9992,76,14,COMPLETED,12,2026-02-21 13:05:32,2026-02-21 13:05:44
9993,352,2,COMPLETED,3,2025-11-29 16:01:07,2025-11-29 16:01:10
9994,352,5,COMPLETED,13,2025-11-29 16:06:07,2025-11-29 16:06:20
9995,352,9,COMPLETED,13,2025-11-29 16:05:07,2025-11-29 16:05:20
9996,251,5,COMPLETED,12,2025-09-03 08:00:38,2025-09-03 08:00:50
9997,17,6,FAILED,6,2026-01-30 17:35:37,2026-01-30 17:35:43
9998,17,15,COMPLETED,5,2026-01-30 17:37:37,2026-01-30 17:37:42
9999,905,1,COMPLETED,6,2026-03-15 14:49:17,2026-03-15 14:49:23
10000,905,3,COMPLETED,12,2026-03-15 14:51:17,2026-03-15 14:51:29
